candidate_id,area,crop_path,image_id,captured_at,year,lat,lon,compass_angle,is_pano,creator_username,source_url,license,n_panels_detected,height_native,n_views,ocr_status,ocr_text,ocr_conf
venice_mar_vista/777309779811373_0,venice_mar_vista,crops/venice_mar_vista/777309779811373_0.jpg,777309779811373,2018-03-05T16:28:08.296000+00:00,2018,33.988337393465,-118.45225549624,199.06652832031,False,iandees,https://www.mapillary.com/app/?pKey=777309779811373,CC BY-SA 4.0,3,1203,1,unknown,411,0.567
venice_mar_vista/1206161959833599_0,venice_mar_vista,crops/venice_mar_vista/1206161959833599_0.jpg,1206161959833599,2018-03-26T17:14:59+00:00,2018,33.991081999972,-118.46573159997,105.1,False,fta,https://www.mapillary.com/app/?pKey=1206161959833599,CC BY-SA 4.0,2,806,1,unknown,NUMBER | 616,0.998
venice_mar_vista/505127724256622_0,venice_mar_vista,crops/venice_mar_vista/505127724256622_0.jpg,505127724256622,2016-10-22T00:16:21.529000+00:00,2016,34.014953808203,-118.44225837842,6.1129903793335,False,jopparn,https://www.mapillary.com/app/?pKey=505127724256622,CC BY-SA 4.0,3,754,1,parking,2AM To 6AM | VEHICLES OVER | 7'HIGH OR 22'LONG | CALESHFOR INFORMATION | EXCLIT BY PLRMIT | LAMC B0694 | 4 | HOUR | PARKING | 8AM To 6 PM | DAILY,0.943
venice_mar_vista/193726975900898_0,venice_mar_vista,crops/venice_mar_vista/193726975900898_0.jpg,193726975900898,2016-10-22T00:16:22.523000+00:00,2016,34.014901226473,-118.44222487221,5.4570951461792,False,jopparn,https://www.mapillary.com/app/?pKey=193726975900898,CC BY-SA 4.0,1,609,2,unknown,USE,1.0
venice_mar_vista/267740035033633_0,venice_mar_vista,crops/venice_mar_vista/267740035033633_0.jpg,267740035033633,2016-03-15T17:58:14.810000+00:00,2016,33.990893,-118.464701,201.4094,False,jesolem,https://www.mapillary.com/app/?pKey=267740035033633,CC BY-SA 4.0,1,549,1,unknown,P | A | R | K,0.999
venice_mar_vista/1514585342206324_0,venice_mar_vista,crops/venice_mar_vista/1514585342206324_0.jpg,1514585342206324,2019-12-22T22:37:19.493000+00:00,2019,33.990550392191,-118.47276133839,334.54632568359,False,peterneubauer,https://www.mapillary.com/app/?pKey=1514585342206324,CC BY-SA 4.0,4,568,1,parking,HIAY | PASSENGER | LOADING ONLY | 6:30=91 | 130v=4m | PARKING | 91:30,0.855
venice_mar_vista/461273131840888_0,venice_mar_vista,crops/venice_mar_vista/461273131840888_0.jpg,461273131840888,2016-03-15T23:20:32.533000+00:00,2016,33.990254,-118.467259,44.2934,False,sarawabreus,https://www.mapillary.com/app/?pKey=461273131840888,CC BY-SA 4.0,2,522,1,parking,AM6AM | VEHICLES OVER | T HIGH OR 22' LONG | 12NOON2PM,0.945
venice_mar_vista/1469015956825025_0,venice_mar_vista,crops/venice_mar_vista/1469015956825025_0.jpg,1469015956825025,2016-03-15T17:58:02.323000+00:00,2016,33.991064,-118.46458,211.3015,False,jesolem,https://www.mapillary.com/app/?pKey=1469015956825025,CC BY-SA 4.0,2,547,1,unknown,WE C1 | AT 9 | EVER | PUBLIC | a,0.864
venice_mar_vista/512182189977426_0,venice_mar_vista,crops/venice_mar_vista/512182189977426_0.jpg,512182189977426,2016-10-22T00:26:45.487000+00:00,2016,33.992701269003,-118.46372578174,14.033899307251,False,jopparn,https://www.mapillary.com/app/?pKey=512182189977426,CC BY-SA 4.0,2,510,1,parking,2AM06AM | T HIGH OR 22 LONG | VEHICLES OVER | WESNCSDAT,0.885
venice_mar_vista/804237330502296_0,venice_mar_vista,crops/venice_mar_vista/804237330502296_0.jpg,804237330502296,2016-03-17T16:37:20.374000+00:00,2016,33.995564,-118.474269,215.9913,False,sarawabreus,https://www.mapillary.com/app/?pKey=804237330502296,CC BY-SA 4.0,4,460,1,parking,2AM=6AM | 8AM=10AM,0.955
venice_mar_vista/774343803225900_0,venice_mar_vista,crops/venice_mar_vista/774343803225900_0.jpg,774343803225900,2016-03-15T19:33:28.115000+00:00,2016,33.992383,-118.464851,25.94666,False,sarawabreus,https://www.mapillary.com/app/?pKey=774343803225900,CC BY-SA 4.0,2,504,1,parking,9AM=1lAM,0.82
venice_mar_vista/540898340244104_0,venice_mar_vista,crops/venice_mar_vista/540898340244104_0.jpg,540898340244104,2016-03-15T19:32:54.069000+00:00,2016,33.991047,-118.465476,283.2918,False,sarawabreus,https://www.mapillary.com/app/?pKey=540898340244104,CC BY-SA 4.0,3,438,1,unknown,LOT NU | 616,0.987
venice_mar_vista/1530328888371425_0,venice_mar_vista,crops/venice_mar_vista/1530328888371425_0.jpg,1530328888371425,2026-08-11T16:03:20.713000+00:00,2026,33.9868485721,-118.4301356002,99.559461509963,True,beddy,https://www.mapillary.com/app/?pKey=1530328888371425,CC BY-SA 4.0,3,433,1,unknown,15 | MPH,0.992
venice_mar_vista/1469015956825025_1,venice_mar_vista,crops/venice_mar_vista/1469015956825025_1.jpg,1469015956825025,2016-03-15T17:58:02.323000+00:00,2016,33.991064,-118.46458,211.3015,False,jesolem,https://www.mapillary.com/app/?pKey=1469015956825025,CC BY-SA 4.0,1,545,1,unknown,DALYT,0.669
venice_mar_vista/161944032518945_0,venice_mar_vista,crops/venice_mar_vista/161944032518945_0.jpg,161944032518945,2016-03-17T16:35:53.279000+00:00,2016,33.998191,-118.473822,204.88,False,sarawabreus,https://www.mapillary.com/app/?pKey=161944032518945,CC BY-SA 4.0,5,417,1,parking,R | 2AM 6AM | R | PARKING,0.976
venice_mar_vista/279265100576088_0,venice_mar_vista,crops/venice_mar_vista/279265100576088_0.jpg,279265100576088,2016-03-17T15:32:15.018000+00:00,2016,33.990563,-118.463484,136.5501,False,sarawabreus,https://www.mapillary.com/app/?pKey=279265100576088,CC BY-SA 4.0,2,413,1,unknown,P | A | R | LAMUMBER | 617,0.949
venice_mar_vista/147915430673950_0,venice_mar_vista,crops/venice_mar_vista/147915430673950_0.jpg,147915430673950,2016-03-17T16:35:11.314000+00:00,2016,33.999258,-118.471766,203.4838,False,sarawabreus,https://www.mapillary.com/app/?pKey=147915430673950,CC BY-SA 4.0,3,411,1,parking,R | 2AM | 6AM | R | 2 | PARKING,0.919
venice_mar_vista/146302254131600_0,venice_mar_vista,crops/venice_mar_vista/146302254131600_0.jpg,146302254131600,2016-10-22T00:17:01.504000+00:00,2016,34.014532302241,-118.4425587954,337.38738536835,False,jopparn,https://www.mapillary.com/app/?pKey=146302254131600,CC BY-SA 4.0,1,367,1,unknown,IMIT,1.0
venice_mar_vista/204408477937156_0,venice_mar_vista,crops/venice_mar_vista/204408477937156_0.jpg,204408477937156,2016-03-13T20:52:31.923000+00:00,2016,33.998949,-118.472419,51.78076,False,jesolem,https://www.mapillary.com/app/?pKey=204408477937156,CC BY-SA 4.0,5,375,1,parking,2AM6AM | THICLES | 8AM=10AM,0.93
venice_mar_vista/814045982549669_0,venice_mar_vista,crops/venice_mar_vista/814045982549669_0.jpg,814045982549669,2016-03-17T16:35:29.293000+00:00,2016,33.998927,-118.472407,203.53,False,sarawabreus,https://www.mapillary.com/app/?pKey=814045982549669,CC BY-SA 4.0,4,359,1,parking,R | R | 2AM6AM,0.981
venice_mar_vista/908991449865052_0,venice_mar_vista,crops/venice_mar_vista/908991449865052_0.jpg,908991449865052,2016-03-16T20:41:04.077000+00:00,2016,33.989622,-118.46334,63.03418,False,jesolem,https://www.mapillary.com/app/?pKey=908991449865052,CC BY-SA 4.0,4,384,1,parking,4HOUR | PARKING | 8A6PM,0.873
venice_mar_vista/4041472355909769_0,venice_mar_vista,crops/venice_mar_vista/4041472355909769_0.jpg,4041472355909769,2016-03-15T19:32:52.057000+00:00,2016,33.991021,-118.465374,279.9883,False,sarawabreus,https://www.mapillary.com/app/?pKey=4041472355909769,CC BY-SA 4.0,2,351,1,parking,R | R | 2AM | 6AM,0.986
venice_mar_vista/265620658606407_0,venice_mar_vista,crops/venice_mar_vista/265620658606407_0.jpg,265620658606407,2016-03-17T16:35:51.267000+00:00,2016,33.998332,-118.473558,206.179,False,sarawabreus,https://www.mapillary.com/app/?pKey=265620658606407,CC BY-SA 4.0,3,351,1,parking,NO | HOUR | PARKING | 15 | PARKING,0.96
venice_mar_vista/825902754947519_0,venice_mar_vista,crops/venice_mar_vista/825902754947519_0.jpg,825902754947519,2016-10-22T00:39:36.492000+00:00,2016,33.986848844187,-118.45572996779,15.159691810608,False,jopparn,https://www.mapillary.com/app/?pKey=825902754947519,CC BY-SA 4.0,2,361,1,parking,2AM6AM | VEMICLES OVEN | HICH OK 22 LONG | 730930 | nase,0.809
venice_mar_vista/758601211686822_0,venice_mar_vista,crops/venice_mar_vista/758601211686822_0.jpg,758601211686822,2016-10-22T00:37:10.508000+00:00,2016,33.987327399151,-118.46540304855,14.017057418823,False,jopparn,https://www.mapillary.com/app/?pKey=758601211686822,CC BY-SA 4.0,2,349,1,unknown,veiicc | OVER 6.00025,0.835
venice_mar_vista/453566719275867_0,venice_mar_vista,crops/venice_mar_vista/453566719275867_0.jpg,453566719275867,2017-06-15T10:22:55+00:00,2017,34.009843055556,-118.45619138889,93.632967510564,False,mly_la,https://www.mapillary.com/app/?pKey=453566719275867,CC BY-SA 4.0,4,368,1,parking,7AM109AM | 3P.M06.M.,0.759
venice_mar_vista/191041919402103_0,venice_mar_vista,crops/venice_mar_vista/191041919402103_0.jpg,191041919402103,2016-03-15T19:26:48.478000+00:00,2016,33.990836,-118.464654,44.22546,False,sarawabreus,https://www.mapillary.com/app/?pKey=191041919402103,CC BY-SA 4.0,1,300,1,parking,WE CLOSE | AT 9PM | EVERYDAY | PUBLIC VALET | P,0.973
venice_mar_vista/460587748527714_0,venice_mar_vista,crops/venice_mar_vista/460587748527714_0.jpg,460587748527714,2016-03-16T22:29:16.155000+00:00,2016,33.986859,-118.465377,154.5138,False,jesolem,https://www.mapillary.com/app/?pKey=460587748527714,CC BY-SA 4.0,2,317,2,unknown,15 | MPB,0.892
venice_mar_vista/499440097905867_0,venice_mar_vista,crops/venice_mar_vista/499440097905867_0.jpg,499440097905867,2016-03-17T18:44:12.120000+00:00,2016,33.994411,-118.476382,224.9249,False,jesolem,https://www.mapillary.com/app/?pKey=499440097905867,CC BY-SA 4.0,2,304,1,parking,2AM | 6AM | 10AM=12NOGR,0.945
venice_mar_vista/212359257082060_0,venice_mar_vista,crops/venice_mar_vista/212359257082060_0.jpg,212359257082060,2017-06-14T10:37:10+00:00,2017,33.998336388889,-118.47358,146.85403585144,False,mly_la,https://www.mapillary.com/app/?pKey=212359257082060,CC BY-SA 4.0,5,319,1,parking,2AM | 6AM | 8AN=10AN | PARKING | 8AM 6P | VEHICLES | CVE,0.862
venice_mar_vista/168256785223802_1,venice_mar_vista,crops/venice_mar_vista/168256785223802_1.jpg,168256785223802,2019-12-22T22:35:53.931000+00:00,2019,33.989736865921,-118.47299637952,62.773986816406,False,peterneubauer,https://www.mapillary.com/app/?pKey=168256785223802,CC BY-SA 4.0,1,299,1,parking,NO | PARKING,0.943
venice_mar_vista/1965116367537534_0,venice_mar_vista,crops/venice_mar_vista/1965116367537534_0.jpg,1965116367537534,2026-08-11T16:09:04.855000+00:00,2026,33.995224128933,-118.43806084937,55.424267650816,True,beddy,https://www.mapillary.com/app/?pKey=1965116367537534,CC BY-SA 4.0,1,301,1,unknown,SHARE,0.928
venice_mar_vista/393969638254290_0,venice_mar_vista,crops/venice_mar_vista/393969638254290_0.jpg,393969638254290,2016-03-17T16:36:31.280000+00:00,2016,33.997562,-118.475006,204.3999,False,sarawabreus,https://www.mapillary.com/app/?pKey=393969638254290,CC BY-SA 4.0,3,289,1,unknown,R | R | R,0.976
venice_mar_vista/1110537086140299_0,venice_mar_vista,crops/venice_mar_vista/1110537086140299_0.jpg,1110537086140299,2016-10-22T00:39:14.516000+00:00,2016,33.98738992988,-118.45762818267,7.2862396240234,False,jopparn,https://www.mapillary.com/app/?pKey=1110537086140299,CC BY-SA 4.0,2,304,1,parking,2AM=6AM,0.893
venice_mar_vista/148095643878083_0,venice_mar_vista,crops/venice_mar_vista/148095643878083_0.jpg,148095643878083,2016-10-22T00:21:48.534000+00:00,2016,34.002834989562,-118.45728805214,9.6250782012939,False,jopparn,https://www.mapillary.com/app/?pKey=148095643878083,CC BY-SA 4.0,2,320,1,parking,WATEH | IFN3Pm,0.788
venice_mar_vista/2543536842622410_0,venice_mar_vista,crops/venice_mar_vista/2543536842622410_0.jpg,2543536842622410,2016-03-16T20:40:53.104000+00:00,2016,33.990132,-118.464131,37.68726,False,jesolem,https://www.mapillary.com/app/?pKey=2543536842622410,CC BY-SA 4.0,3,280,1,parking,ARKING | R,0.968
venice_mar_vista/782422666045696_0,venice_mar_vista,crops/venice_mar_vista/782422666045696_0.jpg,782422666045696,2016-03-17T16:37:28.404000+00:00,2016,33.995177,-118.475007,216.4205,False,sarawabreus,https://www.mapillary.com/app/?pKey=782422666045696,CC BY-SA 4.0,2,283,1,unknown,3 | R,0.944
venice_mar_vista/1217471962016115_0,venice_mar_vista,crops/venice_mar_vista/1217471962016115_0.jpg,1217471962016115,2016-03-15T00:59:32.969000+00:00,2016,33.998986,-118.47191,129.9302,False,jesolem,https://www.mapillary.com/app/?pKey=1217471962016115,CC BY-SA 4.0,2,276,1,unknown,R,0.981
venice_mar_vista/2662651274033887_0,venice_mar_vista,crops/venice_mar_vista/2662651274033887_0.jpg,2662651274033887,2018-07-11T22:52:12.952000+00:00,2018,33.995596964484,-118.47465506116,324.25411987305,False,lvl5,https://www.mapillary.com/app/?pKey=2662651274033887,CC BY-SA 4.0,3,281,1,parking,R | 2AM≤6AM,0.948
venice_mar_vista/469091747740454_0,venice_mar_vista,crops/venice_mar_vista/469091747740454_0.jpg,469091747740454,2016-03-17T15:36:59.257000+00:00,2016,33.993186,-118.464276,48.81543,False,sarawabreus,https://www.mapillary.com/app/?pKey=469091747740454,CC BY-SA 4.0,2,271,1,parking,R | 2AM | R,0.991
venice_mar_vista/247547723768525_0,venice_mar_vista,crops/venice_mar_vista/247547723768525_0.jpg,247547723768525,2016-03-17T15:33:30.985000+00:00,2016,33.991805,-118.468412,142.1187,False,sarawabreus,https://www.mapillary.com/app/?pKey=247547723768525,CC BY-SA 4.0,1,272,1,parking,2AM6AM | VEHICLES OVER | HIGH OR 22 LONG,0.985
venice_mar_vista/465793894683051_0,venice_mar_vista,crops/venice_mar_vista/465793894683051_0.jpg,465793894683051,2016-03-15T23:20:14.504000+00:00,2016,33.990123,-118.467968,81.75189,False,sarawabreus,https://www.mapillary.com/app/?pKey=465793894683051,CC BY-SA 4.0,2,278,1,parking,R | 2AM6AM | R,0.944
venice_mar_vista/383873666086475_0,venice_mar_vista,crops/venice_mar_vista/383873666086475_0.jpg,383873666086475,2016-03-17T15:32:11.013000+00:00,2016,33.990549,-118.463386,134.503,False,sarawabreus,https://www.mapillary.com/app/?pKey=383873666086475,CC BY-SA 4.0,2,306,1,unknown,P | R | 617,0.791
venice_mar_vista/1958164560989146_0,venice_mar_vista,crops/venice_mar_vista/1958164560989146_0.jpg,1958164560989146,2016-03-15T00:59:15.968000+00:00,2016,33.998795,-118.472668,49.30359,False,jesolem,https://www.mapillary.com/app/?pKey=1958164560989146,CC BY-SA 4.0,3,266,1,parking,R | 2AM 6AM | R,0.974
venice_mar_vista/1102351943582893_0,venice_mar_vista,crops/venice_mar_vista/1102351943582893_0.jpg,1102351943582893,2016-03-17T15:37:05.244000+00:00,2016,33.993613,-118.463979,50.96289,False,sarawabreus,https://www.mapillary.com/app/?pKey=1102351943582893,CC BY-SA 4.0,2,276,1,parking,R | 2AM | 6AM,0.92
venice_mar_vista/305790891063900_0,venice_mar_vista,crops/venice_mar_vista/305790891063900_0.jpg,305790891063900,2016-03-17T16:35:09.276000+00:00,2016,33.999291,-118.471705,203.4838,False,sarawabreus,https://www.mapillary.com/app/?pKey=305790891063900,CC BY-SA 4.0,3,274,1,unknown,R | R | 2,0.896
venice_mar_vista/3312570288845379_0,venice_mar_vista,crops/venice_mar_vista/3312570288845379_0.jpg,3312570288845379,2016-03-15T17:11:14.073000+00:00,2016,33.996865,-118.478456,338.2101,False,sarawabreus,https://www.mapillary.com/app/?pKey=3312570288845379,CC BY-SA 4.0,2,274,1,parking,e | THOUR | PARKING,0.896
venice_mar_vista/284114173336197_0,venice_mar_vista,crops/venice_mar_vista/284114173336197_0.jpg,284114173336197,2016-03-17T15:32:13.015000+00:00,2016,33.99056,-118.463464,136.5501,False,sarawabreus,https://www.mapillary.com/app/?pKey=284114173336197,CC BY-SA 4.0,1,270,1,unknown,P | A | R | LUMBER,0.91
venice_mar_vista/768585117144930_0,venice_mar_vista,crops/venice_mar_vista/768585117144930_0.jpg,768585117144930,1970-01-01T00:00:00+00:00,1970,33.986620214286,-118.47331691071,328.12353515625,False,bicivan,https://www.mapillary.com/app/?pKey=768585117144930,CC BY-SA 4.0,1,252,1,unknown,Henna | Tattoos,0.999
venice_mar_vista/905807009964287_1,venice_mar_vista,crops/venice_mar_vista/905807009964287_1.jpg,905807009964287,2017-06-14T10:37:49+00:00,2017,33.999405,-118.47156138889,147.45813821091,False,mly_la,https://www.mapillary.com/app/?pKey=905807009964287,CC BY-SA 4.0,4,277,1,parking,2AM=6AM | 8AM-10AM | 1 | 2HOUR | PARING | 8AM6PM,0.859
venice_mar_vista/902988830535306_0,venice_mar_vista,crops/venice_mar_vista/902988830535306_0.jpg,902988830535306,2014-01-23T22:34:59+00:00,2014,33.985331666667,-118.464711,136.8824,False,jesolem,https://www.mapillary.com/app/?pKey=902988830535306,CC BY-SA 4.0,1,243,2,unknown,WARNING | VENICE CANALS | NEIGHBORHOOD WATCH | We report all suspicious | persons and activities | to Law Enforcement,0.987
venice_mar_vista/934204124037541_0,venice_mar_vista,crops/venice_mar_vista/934204124037541_0.jpg,934204124037541,2016-03-15T01:00:25.966000+00:00,2016,33.996218,-118.469456,143.7818,False,jesolem,https://www.mapillary.com/app/?pKey=934204124037541,CC BY-SA 4.0,2,244,1,unknown,R | R,0.978
venice_mar_vista/491680592073831_0,venice_mar_vista,crops/venice_mar_vista/491680592073831_0.jpg,491680592073831,2016-03-15T17:58:09.811000+00:00,2016,33.990964,-118.464648,218.4415,False,jesolem,https://www.mapillary.com/app/?pKey=491680592073831,CC BY-SA 4.0,1,267,1,unknown,A | R | 亿,0.836
venice_mar_vista/311835976992044_0,venice_mar_vista,crops/venice_mar_vista/311835976992044_0.jpg,311835976992044,2016-03-17T16:37:24.400000+00:00,2016,33.995365,-118.474644,216.6134,False,sarawabreus,https://www.mapillary.com/app/?pKey=311835976992044,CC BY-SA 4.0,1,248,1,parking,2AM= 6AM | VEHICLES OVER | T HICH OR 22 LONG,0.91
venice_mar_vista/863270997590410_0,venice_mar_vista,crops/venice_mar_vista/863270997590410_0.jpg,863270997590410,2016-03-17T15:32:57.012000+00:00,2016,33.991113,-118.465736,135.4745,False,sarawabreus,https://www.mapillary.com/app/?pKey=863270997590410,CC BY-SA 4.0,2,244,1,parking,R | 2AM | 6AM | R,0.929
venice_mar_vista/257205522431691_0,venice_mar_vista,crops/venice_mar_vista/257205522431691_0.jpg,257205522431691,2016-03-17T00:09:30.215000+00:00,2016,33.99798,-118.474205,44.52942,False,jesolem,https://www.mapillary.com/app/?pKey=257205522431691,CC BY-SA 4.0,1,259,1,unknown,P | P | G | N,0.819
venice_mar_vista/475393653794472_0,venice_mar_vista,crops/venice_mar_vista/475393653794472_0.jpg,475393653794472,2017-06-14T10:36:54+00:00,2017,33.998061388889,-118.47409138889,57.858618087747,False,mly_la,https://www.mapillary.com/app/?pKey=475393653794472,CC BY-SA 4.0,6,247,1,parking,PRR | R | 2AM6AM | R | 11 | PARKING | R,0.881
venice_mar_vista/238146391278071_0,venice_mar_vista,crops/venice_mar_vista/238146391278071_0.jpg,238146391278071,2016-03-17T15:32:17.016000+00:00,2016,33.990568,-118.463522,136.5501,False,sarawabreus,https://www.mapillary.com/app/?pKey=238146391278071,CC BY-SA 4.0,1,236,1,parking,2AM6AM | VEHICLES OVER | HOR 22 LON,0.924
venice_mar_vista/736714616995884_0,venice_mar_vista,crops/venice_mar_vista/736714616995884_0.jpg,736714616995884,2016-03-13T20:29:06.912000+00:00,2016,33.992333,-118.473322,114.3561,False,jesolem,https://www.mapillary.com/app/?pKey=736714616995884,CC BY-SA 4.0,3,230,1,unknown,AHEA | R,0.946
venice_mar_vista/1153460238416840_0,venice_mar_vista,crops/venice_mar_vista/1153460238416840_0.jpg,1153460238416840,2016-03-15T19:26:46.468000+00:00,2016,33.990804,-118.464676,44.22546,False,sarawabreus,https://www.mapillary.com/app/?pKey=1153460238416840,CC BY-SA 4.0,1,222,1,parking,WECLOSE | AT9PM | EVERYDAY | PURLIC VALET | P,0.99
venice_mar_vista/1582292036096741_0,venice_mar_vista,crops/venice_mar_vista/1582292036096741_0.jpg,1582292036096741,2025-11-18T17:38:54.101000+00:00,2025,33.986227646867,-118.46189703907,85.379618419919,True,beddy,https://www.mapillary.com/app/?pKey=1582292036096741,CC BY-SA 4.0,2,244,1,unknown,R | DIP | EL,0.858
venice_mar_vista/3996829440623366_0,venice_mar_vista,crops/venice_mar_vista/3996829440623366_0.jpg,3996829440623366,2026-04-30T12:04:04.019000+00:00,2026,33.987013406786,-118.45579248696,42.732290063835,True,beddy,https://www.mapillary.com/app/?pKey=3996829440623366,CC BY-SA 4.0,3,285,1,unknown,P | R | c,0.657
venice_mar_vista/469504270786804_0,venice_mar_vista,crops/venice_mar_vista/469504270786804_0.jpg,469504270786804,2018-07-11T22:52:30.530000+00:00,2018,33.996722284642,-118.47579197898,320.06326293945,False,lvl5,https://www.mapillary.com/app/?pKey=469504270786804,CC BY-SA 4.0,3,218,1,unknown,R | R | R,0.987
venice_mar_vista/3908848795858388_0,venice_mar_vista,crops/venice_mar_vista/3908848795858388_0.jpg,3908848795858388,2016-03-17T15:39:17.632000+00:00,2016,33.99915,-118.46253,29.2738,False,sarawabreus,https://www.mapillary.com/app/?pKey=3908848795858388,CC BY-SA 4.0,2,234,1,parking,P | NO PARKING | 2AM 6AM,0.883
venice_mar_vista/1429550350770712_0,venice_mar_vista,crops/venice_mar_vista/1429550350770712_0.jpg,1429550350770712,2016-03-17T18:41:58.116000+00:00,2016,33.991033,-118.467331,289.3607,False,jesolem,https://www.mapillary.com/app/?pKey=1429550350770712,CC BY-SA 4.0,2,219,1,parking,2HOUR | PARKING,0.972
venice_mar_vista/491142185562736_0,venice_mar_vista,crops/venice_mar_vista/491142185562736_0.jpg,491142185562736,2017-06-15T09:30:22+00:00,2017,34.012565,-118.46701805556,49.0025425282,False,mly_la,https://www.mapillary.com/app/?pKey=491142185562736,CC BY-SA 4.0,1,213,1,unknown,TUMES | DANCE SUPPLIES,0.999
venice_mar_vista/1108461082972777_1,venice_mar_vista,crops/venice_mar_vista/1108461082972777_1.jpg,1108461082972777,2018-03-05T16:28:46.814000+00:00,2018,33.987948598392,-118.4583663808,176.96087646484,False,iandees,https://www.mapillary.com/app/?pKey=1108461082972777,CC BY-SA 4.0,1,244,1,parking,2AM=6AM | 1,0.773
venice_mar_vista/132498515476246_0,venice_mar_vista,crops/venice_mar_vista/132498515476246_0.jpg,132498515476246,2016-03-17T00:22:15.738000+00:00,2016,33.991126,-118.465813,90.78497,False,jesolem,https://www.mapillary.com/app/?pKey=132498515476246,CC BY-SA 4.0,2,211,1,parking,R | R | 2AM,0.968
venice_mar_vista/262142672272790_0,venice_mar_vista,crops/venice_mar_vista/262142672272790_0.jpg,262142672272790,2015-09-10T20:32:04.953000+00:00,2015,33.987399,-118.472797,236.5123,False,canadarunner,https://www.mapillary.com/app/?pKey=262142672272790,CC BY-SA 4.0,2,206,1,parking,PUBLIC | PARKING | Rental | PAY HERE,0.99
venice_mar_vista/1108461082972777_0,venice_mar_vista,crops/venice_mar_vista/1108461082972777_0.jpg,1108461082972777,2018-03-05T16:28:46.814000+00:00,2018,33.987948598392,-118.4583663808,176.96087646484,False,iandees,https://www.mapillary.com/app/?pKey=1108461082972777,CC BY-SA 4.0,1,199,2,unknown,USE | CROSSWALK,1.0
venice_mar_vista/4433629793331514_0,venice_mar_vista,crops/venice_mar_vista/4433629793331514_0.jpg,4433629793331514,2017-06-14T12:09:19+00:00,2017,34.015,-118.46248138889,53.723582339276,False,mly_la,https://www.mapillary.com/app/?pKey=4433629793331514,CC BY-SA 4.0,3,268,1,unknown,@,0.613
venice_mar_vista/782422666045696_1,venice_mar_vista,crops/venice_mar_vista/782422666045696_1.jpg,782422666045696,2016-03-17T16:37:28.404000+00:00,2016,33.995177,-118.475007,216.4205,False,sarawabreus,https://www.mapillary.com/app/?pKey=782422666045696,CC BY-SA 4.0,2,198,1,unknown,R | R,0.995
venice_mar_vista/1202192573547585_0,venice_mar_vista,crops/venice_mar_vista/1202192573547585_0.jpg,1202192573547585,2019-05-18T19:17:11.762000+00:00,2019,34.010623069483,-118.42142059819,235.79833984375,False,worace,https://www.mapillary.com/app/?pKey=1202192573547585,CC BY-SA 4.0,2,202,1,unknown,R | R,0.95
venice_mar_vista/1027636887767249_0,venice_mar_vista,crops/venice_mar_vista/1027636887767249_0.jpg,1027636887767249,2018-09-13T22:10:27.040000+00:00,2018,34.014705473606,-118.47841088976,57.993103027344,False,lvl5,https://www.mapillary.com/app/?pKey=1027636887767249,CC BY-SA 4.0,2,264,1,unknown,四,0.604
venice_mar_vista/159540312672112_0,venice_mar_vista,crops/venice_mar_vista/159540312672112_0.jpg,159540312672112,2016-03-17T15:48:19.292000+00:00,2016,33.992976,-118.452948,293.9885,False,sarawabreus,https://www.mapillary.com/app/?pKey=159540312672112,CC BY-SA 4.0,2,218,1,parking,R | 2AM56AN,0.824
venice_mar_vista/293908892394940_0,venice_mar_vista,crops/venice_mar_vista/293908892394940_0.jpg,293908892394940,2016-03-16T22:29:04.152000+00:00,2016,33.986887,-118.46584,74.96313,False,jesolem,https://www.mapillary.com/app/?pKey=293908892394940,CC BY-SA 4.0,1,206,1,parking,BO | 2AM6AM | VEHICLES OVER | T HCH OR 22 LONG,0.848
venice_mar_vista/524185515249522_0,venice_mar_vista,crops/venice_mar_vista/524185515249522_0.jpg,524185515249522,2017-06-14T10:37:24+00:00,2017,33.998573055556,-118.47312805556,58.905849917233,False,mly_la,https://www.mapillary.com/app/?pKey=524185515249522,CC BY-SA 4.0,2,187,2,parking,E | R | 2AM6AM,0.979
venice_mar_vista/310640707186139_0,venice_mar_vista,crops/venice_mar_vista/310640707186139_0.jpg,310640707186139,2017-06-15T10:22:12+00:00,2017,34.012351388889,-118.45955305556,235.05062081593,False,mly_la,https://www.mapillary.com/app/?pKey=310640707186139,CC BY-SA 4.0,2,186,1,unknown,SPÉED | 25 | NO | TIME,0.965
venice_mar_vista/740136283347450_0,venice_mar_vista,crops/venice_mar_vista/740136283347450_0.jpg,740136283347450,2016-03-15T17:58:04.808000+00:00,2016,33.991037,-118.464598,202.1997,False,jesolem,https://www.mapillary.com/app/?pKey=740136283347450,CC BY-SA 4.0,2,228,2,unknown,1,0.691
venice_mar_vista/218130989680509_0,venice_mar_vista,crops/venice_mar_vista/218130989680509_0.jpg,218130989680509,2016-03-17T15:32:01.004000+00:00,2016,33.990426,-118.462382,124.8546,False,sarawabreus,https://www.mapillary.com/app/?pKey=218130989680509,CC BY-SA 4.0,1,184,1,unknown,R,0.973
venice_mar_vista/3035169776754704_0,venice_mar_vista,crops/venice_mar_vista/3035169776754704_0.jpg,3035169776754704,2017-06-14T13:39:45+00:00,2017,34.007313055556,-118.47696638889,134.65740900606,False,mly_la,https://www.mapillary.com/app/?pKey=3035169776754704,CC BY-SA 4.0,3,180,2,unknown,TO | SOUTH | TRÚCK | ROUTE | 2,0.994
venice_mar_vista/4466870713342369_0,venice_mar_vista,crops/venice_mar_vista/4466870713342369_0.jpg,4466870713342369,2015-09-10T20:24:36.958000+00:00,2015,33.999636,-118.441864,240.8083,False,canadarunner,https://www.mapillary.com/app/?pKey=4466870713342369,CC BY-SA 4.0,1,201,1,unknown,HAーR,0.838
venice_mar_vista/471716663887094_0,venice_mar_vista,crops/venice_mar_vista/471716663887094_0.jpg,471716663887094,2016-10-22T00:38:41.492000+00:00,2016,33.987890334894,-118.45876547931,13.717321395874,False,jopparn,https://www.mapillary.com/app/?pKey=471716663887094,CC BY-SA 4.0,3,532,1,unknown,,0.0
venice_mar_vista/446326039797408_0,venice_mar_vista,crops/venice_mar_vista/446326039797408_0.jpg,446326039797408,2014-01-23T22:45:06+00:00,2014,33.98505125,-118.467009,141.1312,False,jesolem,https://www.mapillary.com/app/?pKey=446326039797408,CC BY-SA 4.0,2,182,1,unknown,3 | K,0.956
venice_mar_vista/298951178543689_0,venice_mar_vista,crops/venice_mar_vista/298951178543689_0.jpg,298951178543689,2016-03-17T15:48:23.271000+00:00,2016,33.993135,-118.453295,291.8746,False,sarawabreus,https://www.mapillary.com/app/?pKey=298951178543689,CC BY-SA 4.0,1,177,1,parking,R | 6AM,0.997
venice_mar_vista/754518515209646_0,venice_mar_vista,crops/venice_mar_vista/754518515209646_0.jpg,754518515209646,2016-03-15T01:00:49.966000+00:00,2016,33.995035,-118.46854,141.5237,False,jesolem,https://www.mapillary.com/app/?pKey=754518515209646,CC BY-SA 4.0,2,206,1,unknown,@,0.776
venice_mar_vista/2821192524764881_0,venice_mar_vista,crops/venice_mar_vista/2821192524764881_0.jpg,2821192524764881,2018-03-06T15:38:48.037000+00:00,2018,33.985299333133,-118.45696720602,323.34869384766,False,iandees,https://www.mapillary.com/app/?pKey=2821192524764881,CC BY-SA 4.0,1,524,1,unknown,,0.0
venice_mar_vista/3864475740339062_0,venice_mar_vista,crops/venice_mar_vista/3864475740339062_0.jpg,3864475740339062,2016-03-15T19:24:16.745000+00:00,2016,33.992181,-118.472462,113.0214,False,sarawabreus,https://www.mapillary.com/app/?pKey=3864475740339062,CC BY-SA 4.0,1,244,1,unknown,A,0.572
venice_mar_vista/593029201672317_0,venice_mar_vista,crops/venice_mar_vista/593029201672317_0.jpg,593029201672317,2016-03-13T20:30:26.938000+00:00,2016,33.990792,-118.466679,122.0664,False,jesolem,https://www.mapillary.com/app/?pKey=593029201672317,CC BY-SA 4.0,2,188,1,parking,2 | PARKING | 84-6,0.888
venice_mar_vista/216661623188049_0,venice_mar_vista,crops/venice_mar_vista/216661623188049_0.jpg,216661623188049,2016-03-15T23:23:57.508000+00:00,2016,33.990619,-118.464783,23.7196,False,sarawabreus,https://www.mapillary.com/app/?pKey=216661623188049,CC BY-SA 4.0,4,516,1,unknown,,0.0
venice_mar_vista/852153172036303_0,venice_mar_vista,crops/venice_mar_vista/852153172036303_0.jpg,852153172036303,2016-03-13T20:52:52.906000+00:00,2016,33.999627,-118.47113,51.64001,False,jesolem,https://www.mapillary.com/app/?pKey=852153172036303,CC BY-SA 4.0,2,195,1,parking,8AM-10AM | 2HOUR | PARKING | 6PM,0.818
venice_mar_vista/1388870049836330_0,venice_mar_vista,crops/venice_mar_vista/1388870049836330_0.jpg,1388870049836330,2026-08-06T15:43:43.558000+00:00,2026,33.994474395499,-118.42783983024,85.803303772247,True,beddy,https://www.mapillary.com/app/?pKey=1388870049836330,CC BY-SA 4.0,1,178,1,parking,R | 2AMR6AM,0.936
venice_mar_vista/466060234480409_0,venice_mar_vista,crops/venice_mar_vista/466060234480409_0.jpg,466060234480409,2016-03-15T19:29:53.497000+00:00,2016,33.99356,-118.461471,40.34058,False,sarawabreus,https://www.mapillary.com/app/?pKey=466060234480409,CC BY-SA 4.0,1,167,1,unknown,NO,0.984
venice_mar_vista/1550335881998193_0,venice_mar_vista,crops/venice_mar_vista/1550335881998193_0.jpg,1550335881998193,2019-12-22T22:35:47.090000+00:00,2019,33.989696535897,-118.47309222564,48.875854492188,False,peterneubauer,https://www.mapillary.com/app/?pKey=1550335881998193,CC BY-SA 4.0,2,173,1,unknown,AHÊAD,0.922
venice_mar_vista/879221662634187_0,venice_mar_vista,crops/venice_mar_vista/879221662634187_0.jpg,879221662634187,2016-10-22T20:59:41.328000+00:00,2016,33.985218874172,-118.45274137122,23.32648563385,False,jopparn,https://www.mapillary.com/app/?pKey=879221662634187,CC BY-SA 4.0,1,198,1,unknown,05,0.737
venice_mar_vista/1460612354274451_0,venice_mar_vista,crops/venice_mar_vista/1460612354274451_0.jpg,1460612354274451,2017-06-14T13:48:14+00:00,2017,34.009006388889,-118.47957305556,327.711368872,False,mly_la,https://www.mapillary.com/app/?pKey=1460612354274451,CC BY-SA 4.0,3,168,1,unknown,ROAD | R,0.925
venice_mar_vista/2171495536325706_0,venice_mar_vista,crops/venice_mar_vista/2171495536325706_0.jpg,2171495536325706,2016-03-13T20:53:51.869000+00:00,2016,34.001194,-118.469468,342.4069,False,jesolem,https://www.mapillary.com/app/?pKey=2171495536325706,CC BY-SA 4.0,2,161,1,parking,EXCEPT FOR | ELECTRIC | VEHICLE | CHARGING | 2HOUR | MAXIMUM,0.973
venice_mar_vista/276230177572629_0,venice_mar_vista,crops/venice_mar_vista/276230177572629_0.jpg,276230177572629,2018-07-12T17:01:34.170000+00:00,2018,34.007308435814,-118.47694195977,134.296875,False,lvl5,https://www.mapillary.com/app/?pKey=276230177572629,CC BY-SA 4.0,2,156,1,unknown,TO | SOUTH | TRUCK,0.976
venice_mar_vista/816655825639379_0,venice_mar_vista,crops/venice_mar_vista/816655825639379_0.jpg,816655825639379,2017-06-14T13:48:35+00:00,2017,34.009083055556,-118.47916638889,217.51253914236,False,mly_la,https://www.mapillary.com/app/?pKey=816655825639379,CC BY-SA 4.0,1,217,1,unknown,A37,0.555
venice_mar_vista/294939142275180_0,venice_mar_vista,crops/venice_mar_vista/294939142275180_0.jpg,294939142275180,2017-09-18T18:01:06+00:00,2017,34.007925992369,-118.47760602491,0.0,False,canadarunner,https://www.mapillary.com/app/?pKey=294939142275180,CC BY-SA 4.0,1,196,1,unknown,E30,0.665
venice_mar_vista/842457653147014_0,venice_mar_vista,crops/venice_mar_vista/842457653147014_0.jpg,842457653147014,2016-10-22T20:59:42.340000+00:00,2016,33.985193329504,-118.45257120216,22.171635627747,False,jopparn,https://www.mapillary.com/app/?pKey=842457653147014,CC BY-SA 4.0,2,453,1,unknown,,0.0
venice_mar_vista/279265100576088_1,venice_mar_vista,crops/venice_mar_vista/279265100576088_1.jpg,279265100576088,2016-03-17T15:32:15.018000+00:00,2016,33.990563,-118.463484,136.5501,False,sarawabreus,https://www.mapillary.com/app/?pKey=279265100576088,CC BY-SA 4.0,1,165,3,parking,R | 2AM=6A,0.865
venice_mar_vista/611542226473788_0,venice_mar_vista,crops/venice_mar_vista/611542226473788_0.jpg,611542226473788,2017-06-15T09:30:17+00:00,2017,34.012561388889,-118.46686638889,320.13146073218,False,mly_la,https://www.mapillary.com/app/?pKey=611542226473788,CC BY-SA 4.0,1,149,1,unknown,TO REQUEST | GREEN | WAIT | ON,0.998
venice_mar_vista/141112507997835_0,venice_mar_vista,crops/venice_mar_vista/141112507997835_0.jpg,141112507997835,2017-06-14T14:23:38+00:00,2017,34.014598055556,-118.478535,57.674548929944,False,mly_la,https://www.mapillary.com/app/?pKey=141112507997835,CC BY-SA 4.0,1,152,1,unknown,00,0.963
venice_mar_vista/914504462723522_0,venice_mar_vista,crops/venice_mar_vista/914504462723522_0.jpg,914504462723522,2016-10-22T00:22:08.566000+00:00,2016,34.001687803246,-118.45636494894,6.2760334014893,False,jopparn,https://www.mapillary.com/app/?pKey=914504462723522,CC BY-SA 4.0,1,184,1,unknown,-3PK,0.706
venice_mar_vista/3817537685024091_0,venice_mar_vista,crops/venice_mar_vista/3817537685024091_0.jpg,3817537685024091,2017-06-14T13:39:25+00:00,2017,34.009103055556,-118.47915472222,132.78165054342,False,mly_la,https://www.mapillary.com/app/?pKey=3817537685024091,CC BY-SA 4.0,1,149,5,unknown,IT | CLICK | OR | TICKET | MINIMUMS142,0.986
venice_mar_vista/154105559908715_0,venice_mar_vista,crops/venice_mar_vista/154105559908715_0.jpg,154105559908715,2017-06-14T10:20:13+00:00,2017,34.009311388889,-118.47923305556,43.73415306494,False,mly_la,https://www.mapillary.com/app/?pKey=154105559908715,CC BY-SA 4.0,2,194,1,unknown,一,0.62
venice_mar_vista/317834719890649_0,venice_mar_vista,crops/venice_mar_vista/317834719890649_0.jpg,317834719890649,2020-01-14T20:10:54.973000+00:00,2020,34.013230494482,-118.42592225577,242.01416015625,False,edmond1,https://www.mapillary.com/app/?pKey=317834719890649,CC BY-SA 4.0,1,157,1,unknown,R,0.865
venice_mar_vista/1854732358036456_0,venice_mar_vista,crops/venice_mar_vista/1854732358036456_0.jpg,1854732358036456,2016-10-22T19:05:16.228000+00:00,2016,33.995381674005,-118.43800445678,342.3226556778,False,jopparn,https://www.mapillary.com/app/?pKey=1854732358036456,CC BY-SA 4.0,1,151,1,unknown,OVER 6.000 LBS,0.923
venice_mar_vista/2962816024042893_1,venice_mar_vista,crops/venice_mar_vista/2962816024042893_1.jpg,2962816024042893,2016-03-16T20:40:46.108000+00:00,2016,33.990321,-118.464664,262.9428,False,jesolem,https://www.mapillary.com/app/?pKey=2962816024042893,CC BY-SA 4.0,2,186,1,unknown,美面,0.645
venice_mar_vista/28481482784821610_0,venice_mar_vista,crops/venice_mar_vista/28481482784821610_0.jpg,28481482784821610,2026-08-11T15:57:07.525000+00:00,2026,33.989391942648,-118.42505360486,238.8228062794,True,beddy,https://www.mapillary.com/app/?pKey=28481482784821610,CC BY-SA 4.0,1,164,1,unknown,H,0.801
venice_mar_vista/442073253593790_0,venice_mar_vista,crops/venice_mar_vista/442073253593790_0.jpg,442073253593790,2018-07-16T18:13:06.070000+00:00,2018,33.997342012919,-118.47996045923,326.42733764648,False,lvl5,https://www.mapillary.com/app/?pKey=442073253593790,CC BY-SA 4.0,1,142,1,parking,Beach Parking | Main Street,1.0
venice_mar_vista/1852913221546534_0,venice_mar_vista,crops/venice_mar_vista/1852913221546534_0.jpg,1852913221546534,2016-03-17T15:49:37.508000+00:00,2016,33.991995,-118.4545,304.617,False,sarawabreus,https://www.mapillary.com/app/?pKey=1852913221546534,CC BY-SA 4.0,1,143,1,parking,R | 8AM | 10AM,0.988
venice_mar_vista/131475202269463_1,venice_mar_vista,crops/venice_mar_vista/131475202269463_1.jpg,131475202269463,2018-03-26T17:15:47+00:00,2018,33.9908949,-118.464956,107.1,False,fta,https://www.mapillary.com/app/?pKey=131475202269463,CC BY-SA 4.0,2,207,1,unknown,@,0.53
venice_mar_vista/243224834143674_1,venice_mar_vista,crops/venice_mar_vista/243224834143674_1.jpg,243224834143674,2018-03-05T16:29:22.264000+00:00,2018,33.988043050905,-118.46034908974,201.341796875,False,iandees,https://www.mapillary.com/app/?pKey=243224834143674,CC BY-SA 4.0,1,143,1,unknown,OVER 6.000 LBS,0.983
venice_mar_vista/472937080609382_0,venice_mar_vista,crops/venice_mar_vista/472937080609382_0.jpg,472937080609382,2016-03-15T01:02:55.968000+00:00,2016,33.992593,-118.464764,27.98309,False,jesolem,https://www.mapillary.com/app/?pKey=472937080609382,CC BY-SA 4.0,1,155,1,parking,R | 9AM | I1AM,0.871
venice_mar_vista/133179845408770_0,venice_mar_vista,crops/venice_mar_vista/133179845408770_0.jpg,133179845408770,2011-08-09T17:04:16+00:00,2011,33.988376388889,-118.47113166667,212.25,False,mberardozzi,https://www.mapillary.com/app/?pKey=133179845408770,CC BY-SA 4.0,1,141,1,unknown,E,0.992
venice_mar_vista/922367151678920_0,venice_mar_vista,crops/venice_mar_vista/922367151678920_0.jpg,922367151678920,2016-10-22T20:59:40.332000+00:00,2016,33.985236532013,-118.45291429483,22.440870285034,False,jopparn,https://www.mapillary.com/app/?pKey=922367151678920,CC BY-SA 4.0,2,418,1,unknown,,0.0
venice_mar_vista/520206725677765_0,venice_mar_vista,crops/venice_mar_vista/520206725677765_0.jpg,520206725677765,2016-03-13T20:51:30.913000+00:00,2016,33.997668,-118.475239,137.7711,False,jesolem,https://www.mapillary.com/app/?pKey=520206725677765,CC BY-SA 4.0,1,165,1,unknown,R,0.761
venice_mar_vista/298308361670922_0,venice_mar_vista,crops/venice_mar_vista/298308361670922_0.jpg,298308361670922,2016-03-13T20:51:43.893000+00:00,2016,33.997593,-118.475035,57.24512,False,jesolem,https://www.mapillary.com/app/?pKey=298308361670922,CC BY-SA 4.0,1,143,1,parking,R | 10AM | 8AM,0.951
venice_mar_vista/778114552865530_0,venice_mar_vista,crops/venice_mar_vista/778114552865530_0.jpg,778114552865530,2018-08-19T18:55:26.372000+00:00,2018,33.985245197524,-118.45246680284,100.83463287354,False,lvl5,https://www.mapillary.com/app/?pKey=778114552865530,CC BY-SA 4.0,2,413,1,unknown,,0.0
venice_mar_vista/298490085263955_0,venice_mar_vista,crops/venice_mar_vista/298490085263955_0.jpg,298490085263955,2017-06-15T09:32:11+00:00,2017,34.013214722222,-118.46573638889,189.04281352996,False,mly_la,https://www.mapillary.com/app/?pKey=298490085263955,CC BY-SA 4.0,2,179,1,unknown,E,0.656
venice_mar_vista/508763667148327_0,venice_mar_vista,crops/venice_mar_vista/508763667148327_0.jpg,508763667148327,2016-03-17T15:50:13.504000+00:00,2016,33.991382,-118.456162,298.5411,False,sarawabreus,https://www.mapillary.com/app/?pKey=508763667148327,CC BY-SA 4.0,1,141,1,unknown,R,0.957
venice_mar_vista/1243828616019742_0,venice_mar_vista,crops/venice_mar_vista/1243828616019742_0.jpg,1243828616019742,2019-12-22T22:35:26.831000+00:00,2019,33.989547911578,-118.47333943417,64.750122070312,False,peterneubauer,https://www.mapillary.com/app/?pKey=1243828616019742,CC BY-SA 4.0,1,165,1,unknown,10A12NOON | ETSREETN,0.742
venice_mar_vista/191726579334542_0,venice_mar_vista,crops/venice_mar_vista/191726579334542_0.jpg,191726579334542,2016-03-15T17:11:16.057000+00:00,2016,33.997038,-118.478625,337.193,False,sarawabreus,https://www.mapillary.com/app/?pKey=191726579334542,CC BY-SA 4.0,1,137,1,unknown,PAY HERE,0.994
venice_mar_vista/1819977288167292_0,venice_mar_vista,crops/venice_mar_vista/1819977288167292_0.jpg,1819977288167292,2018-03-05T16:28:18.692000+00:00,2018,33.988382524975,-118.4537858774,176.91296386719,False,iandees,https://www.mapillary.com/app/?pKey=1819977288167292,CC BY-SA 4.0,2,403,1,unknown,,0.0
venice_mar_vista/817022855890503_0,venice_mar_vista,crops/venice_mar_vista/817022855890503_0.jpg,817022855890503,2017-06-14T13:19:06+00:00,2017,34.01457,-118.47295972222,143.6001112049,False,mly_la,https://www.mapillary.com/app/?pKey=817022855890503,CC BY-SA 4.0,2,175,1,unknown,NOR5,0.646
venice_mar_vista/1416797245326362_1,venice_mar_vista,crops/venice_mar_vista/1416797245326362_1.jpg,1416797245326362,2017-06-14T12:08:27+00:00,2017,34.011153055556,-118.4691,144.69212520585,False,mly_la,https://www.mapillary.com/app/?pKey=1416797245326362,CC BY-SA 4.0,2,132,1,unknown,25,0.998
venice_mar_vista/509000343566989_0,venice_mar_vista,crops/venice_mar_vista/509000343566989_0.jpg,509000343566989,2017-06-14T13:39:31+00:00,2017,34.008459722222,-118.47834472222,224.19450503379,False,mly_la,https://www.mapillary.com/app/?pKey=509000343566989,CC BY-SA 4.0,1,132,1,parking,CASH | For | Your | GOLD | NOW!,0.999
venice_mar_vista/532796604399203_0,venice_mar_vista,crops/venice_mar_vista/532796604399203_0.jpg,532796604399203,2017-06-14T11:33:10+00:00,2017,34.005058055556,-118.46799972222,341.95249424247,False,mly_la,https://www.mapillary.com/app/?pKey=532796604399203,CC BY-SA 4.0,1,131,1,unknown,NO | OUTLET,1.0
venice_mar_vista/308118550917597_0,venice_mar_vista,crops/venice_mar_vista/308118550917597_0.jpg,308118550917597,2018-08-19T18:28:18.840000+00:00,2018,33.988457176641,-118.42301530902,214.01126098633,False,lvl5,https://www.mapillary.com/app/?pKey=308118550917597,CC BY-SA 4.0,2,131,1,unknown,R | R,0.989
venice_mar_vista/116090027181101_0,venice_mar_vista,crops/venice_mar_vista/116090027181101_0.jpg,116090027181101,2016-03-17T00:20:35.747000+00:00,2016,33.99149,-118.467184,92.10791,False,jesolem,https://www.mapillary.com/app/?pKey=116090027181101,CC BY-SA 4.0,2,169,1,parking,R | 2AM | TR,0.653
venice_mar_vista/531291478034699_0,venice_mar_vista,crops/venice_mar_vista/531291478034699_0.jpg,531291478034699,2017-06-15T10:30:28+00:00,2017,34.01472,-118.46549805556,325.00974626759,False,mly_la,https://www.mapillary.com/app/?pKey=531291478034699,CC BY-SA 4.0,2,147,1,unknown,一一,0.819
venice_mar_vista/297061308558916_0,venice_mar_vista,crops/venice_mar_vista/297061308558916_0.jpg,297061308558916,2016-03-15T19:28:50.521000+00:00,2016,33.992215,-118.463674,47.7561,False,sarawabreus,https://www.mapillary.com/app/?pKey=297061308558916,CC BY-SA 4.0,1,133,1,unknown,R,0.922
venice_mar_vista/301403921397286_0,venice_mar_vista,crops/venice_mar_vista/301403921397286_0.jpg,301403921397286,2016-03-15T17:57:29.664000+00:00,2016,33.991494,-118.46432,217.1293,False,jesolem,https://www.mapillary.com/app/?pKey=301403921397286,CC BY-SA 4.0,1,182,1,unknown,JAM,0.53
venice_mar_vista/165151988760110_0,venice_mar_vista,crops/venice_mar_vista/165151988760110_0.jpg,165151988760110,2016-10-22T00:21:25.516000+00:00,2016,34.004280356938,-118.45838130919,6.5966367721558,False,jopparn,https://www.mapillary.com/app/?pKey=165151988760110,CC BY-SA 4.0,1,172,1,parking,1PK=3Pm,0.587
venice_mar_vista/218539559621217_0,venice_mar_vista,crops/venice_mar_vista/218539559621217_0.jpg,218539559621217,2016-03-15T01:02:41.962000+00:00,2016,33.992006,-118.465183,30.61292,False,jesolem,https://www.mapillary.com/app/?pKey=218539559621217,CC BY-SA 4.0,1,132,1,parking,R | 9AM1 | 11AM,0.904
venice_mar_vista/2981318138823805_0,venice_mar_vista,crops/venice_mar_vista/2981318138823805_0.jpg,2981318138823805,2017-06-14T13:13:52+00:00,2017,34.014418055556,-118.47911805556,328.5893703179,False,mly_la,https://www.mapillary.com/app/?pKey=2981318138823805,CC BY-SA 4.0,1,123,1,unknown,TRUCK | ROUTE,1.0
venice_mar_vista/915513419017710_0,venice_mar_vista,crops/venice_mar_vista/915513419017710_0.jpg,915513419017710,2017-06-14T13:29:44+00:00,2017,34.014461388889,-118.478995,57.645029604165,False,mly_la,https://www.mapillary.com/app/?pKey=915513419017710,CC BY-SA 4.0,2,367,1,unknown,,0.0
venice_mar_vista/2080222342119362_0,venice_mar_vista,crops/venice_mar_vista/2080222342119362_0.jpg,2080222342119362,2014-01-23T20:32:21+00:00,2014,33.993174,-118.479197,97.53333,False,gyllen,https://www.mapillary.com/app/?pKey=2080222342119362,CC BY-SA 4.0,1,163,1,unknown,日,0.613
venice_mar_vista/776771532981555_0,venice_mar_vista,crops/venice_mar_vista/776771532981555_0.jpg,776771532981555,2016-03-15T19:35:09.129000+00:00,2016,33.991772,-118.463984,36.35974,False,sarawabreus,https://www.mapillary.com/app/?pKey=776771532981555,CC BY-SA 4.0,1,121,1,unknown,R,0.994
venice_mar_vista/216238709877591_0,venice_mar_vista,crops/venice_mar_vista/216238709877591_0.jpg,216238709877591,2017-06-15T10:24:28+00:00,2017,34.014868055556,-118.46152638889,70.864341732897,False,mly_la,https://www.mapillary.com/app/?pKey=216238709877591,CC BY-SA 4.0,1,132,1,parking,TOW AWAY | NOSTOPRING | 3 | NOPRCN | 10Ax-32,0.849
venice_mar_vista/135144331960830_0,venice_mar_vista,crops/venice_mar_vista/135144331960830_0.jpg,135144331960830,2017-06-15T10:29:56+00:00,2017,34.014805,-118.46416138889,325.17152789537,False,mly_la,https://www.mapillary.com/app/?pKey=135144331960830,CC BY-SA 4.0,2,123,1,unknown,BUMP | MPH,0.953
venice_mar_vista/2948110392136675_0,venice_mar_vista,crops/venice_mar_vista/2948110392136675_0.jpg,2948110392136675,2016-03-16T22:28:36.153000+00:00,2016,33.985579,-118.467951,75.34314,False,jesolem,https://www.mapillary.com/app/?pKey=2948110392136675,CC BY-SA 4.0,2,161,1,unknown,LDNEY,0.597
venice_mar_vista/212622567332570_0,venice_mar_vista,crops/venice_mar_vista/212622567332570_0.jpg,212622567332570,2017-06-14T11:39:00+00:00,2017,34.009658055556,-118.45723638889,215.93262860619,False,mly_la,https://www.mapillary.com/app/?pKey=212622567332570,CC BY-SA 4.0,2,351,1,unknown,,0.0
venice_mar_vista/1003777379329953_0,venice_mar_vista,crops/venice_mar_vista/1003777379329953_0.jpg,1003777379329953,2026-08-11T16:46:38.771000+00:00,2026,33.990969850732,-118.4211307819,62.610915805733,True,beddy,https://www.mapillary.com/app/?pKey=1003777379329953,CC BY-SA 4.0,1,167,1,unknown,Q,0.551
venice_mar_vista/507817997022016_0,venice_mar_vista,crops/venice_mar_vista/507817997022016_0.jpg,507817997022016,2017-06-14T11:25:18+00:00,2017,34.014183055556,-118.46386305556,147.37500000242,False,mly_la,https://www.mapillary.com/app/?pKey=507817997022016,CC BY-SA 4.0,1,121,1,unknown,TO REQUEST | GREEN | WAIT | ON.O%O,0.928
venice_mar_vista/138357874875933_0,venice_mar_vista,crops/venice_mar_vista/138357874875933_0.jpg,138357874875933,2016-03-17T15:37:35.249000+00:00,2016,33.995132,-118.462931,50.11658,False,sarawabreus,https://www.mapillary.com/app/?pKey=138357874875933,CC BY-SA 4.0,1,125,1,unknown,R,0.871
venice_mar_vista/943149823113474_0,venice_mar_vista,crops/venice_mar_vista/943149823113474_0.jpg,943149823113474,2018-08-19T18:28:15.708000+00:00,2018,33.988941625225,-118.4226219964,214.01303100586,False,lvl5,https://www.mapillary.com/app/?pKey=943149823113474,CC BY-SA 4.0,2,115,1,unknown,R | R,0.979
venice_mar_vista/5403296246410083_0,venice_mar_vista,crops/venice_mar_vista/5403296246410083_0.jpg,5403296246410083,2017-06-14T10:37:17+00:00,2017,33.998428055556,-118.47339638889,237.97669102033,False,mly_la,https://www.mapillary.com/app/?pKey=5403296246410083,CC BY-SA 4.0,3,133,1,unknown,R | R | @,0.782
venice_mar_vista/309446234033959_0,venice_mar_vista,crops/venice_mar_vista/309446234033959_0.jpg,309446234033959,2016-03-17T15:49:57.495000+00:00,2016,33.991401,-118.455622,208.3078,False,sarawabreus,https://www.mapillary.com/app/?pKey=309446234033959,CC BY-SA 4.0,1,126,1,parking,R | BAM | 10AM,0.845
venice_mar_vista/558720365312213_0,venice_mar_vista,crops/venice_mar_vista/558720365312213_0.jpg,558720365312213,2018-07-19T15:09:22.532000+00:00,2018,33.985313500995,-118.45251339637,283.99453735352,False,lvl5,https://www.mapillary.com/app/?pKey=558720365312213,CC BY-SA 4.0,1,136,3,unknown,R,0.736
venice_mar_vista/875081690111762_0,venice_mar_vista,crops/venice_mar_vista/875081690111762_0.jpg,875081690111762,2018-07-23T15:29:23.067000+00:00,2018,34.014381119573,-118.44162255779,327.67990112305,False,lvl5,https://www.mapillary.com/app/?pKey=875081690111762,CC BY-SA 4.0,3,136,1,unknown,le,0.727
venice_mar_vista/161908645856595_0,venice_mar_vista,crops/venice_mar_vista/161908645856595_0.jpg,161908645856595,2016-03-16T22:34:02.081000+00:00,2016,33.985417,-118.467399,319.6689,False,jesolem,https://www.mapillary.com/app/?pKey=161908645856595,CC BY-SA 4.0,1,116,1,parking,NO | PARKING | 30AM-1030,0.937
venice_mar_vista/1794061700767495_0,venice_mar_vista,crops/venice_mar_vista/1794061700767495_0.jpg,1794061700767495,2017-06-14T12:17:06+00:00,2017,34.010305,-118.46845638889,54.476796598748,False,mly_la,https://www.mapillary.com/app/?pKey=1794061700767495,CC BY-SA 4.0,2,157,1,unknown,江,0.547
venice_mar_vista/323475365783213_0,venice_mar_vista,crops/venice_mar_vista/323475365783213_0.jpg,323475365783213,2017-06-14T10:11:23+00:00,2017,34.011736388889,-118.47160138889,51.020643880421,False,mly_la,https://www.mapillary.com/app/?pKey=323475365783213,CC BY-SA 4.0,2,162,1,unknown,80P,0.517
venice_mar_vista/2563667250605800_0,venice_mar_vista,crops/venice_mar_vista/2563667250605800_0.jpg,2563667250605800,2017-06-15T10:23:41+00:00,2017,34.012871388889,-118.45992305556,325.36487638555,False,mly_la,https://www.mapillary.com/app/?pKey=2563667250605800,CC BY-SA 4.0,2,328,1,unknown,,0.0
venice_mar_vista/2080222342119362_1,venice_mar_vista,crops/venice_mar_vista/2080222342119362_1.jpg,2080222342119362,2014-01-23T20:32:21+00:00,2014,33.993174,-118.479197,97.53333,False,gyllen,https://www.mapillary.com/app/?pKey=2080222342119362,CC BY-SA 4.0,1,109,1,unknown,Phoenix | House,1.0
venice_mar_vista/1368044311418443_0,venice_mar_vista,crops/venice_mar_vista/1368044311418443_0.jpg,1368044311418443,2026-08-11T16:29:47.597000+00:00,2026,33.987968463321,-118.43757595845,146.62211221107,True,beddy,https://www.mapillary.com/app/?pKey=1368044311418443,CC BY-SA 4.0,2,325,1,unknown,,0.0
venice_mar_vista/2534084780393668_0,venice_mar_vista,crops/venice_mar_vista/2534084780393668_0.jpg,2534084780393668,2026-08-11T16:46:38.604000+00:00,2026,33.990929970824,-118.42118303698,36.419221932049,True,beddy,https://www.mapillary.com/app/?pKey=2534084780393668,CC BY-SA 4.0,2,323,1,unknown,,0.0
venice_mar_vista/879463005935269_0,venice_mar_vista,crops/venice_mar_vista/879463005935269_0.jpg,879463005935269,2016-03-13T20:53:28.885000+00:00,2016,34.000797,-118.469182,336.4756,False,jesolem,https://www.mapillary.com/app/?pKey=879463005935269,CC BY-SA 4.0,1,147,1,unknown,UD,0.596
venice_mar_vista/533073801233454_0,venice_mar_vista,crops/venice_mar_vista/533073801233454_0.jpg,533073801233454,2018-07-23T15:29:35.519000+00:00,2018,34.014760699443,-118.44190410224,328.0078125,False,lvl5,https://www.mapillary.com/app/?pKey=533073801233454,CC BY-SA 4.0,1,108,1,unknown,Y,0.998
venice_mar_vista/295650298687476_0,venice_mar_vista,crops/venice_mar_vista/295650298687476_0.jpg,295650298687476,2016-03-13T20:29:51.934000+00:00,2016,33.991426,-118.469172,121.2614,False,jesolem,https://www.mapillary.com/app/?pKey=295650298687476,CC BY-SA 4.0,1,114,1,parking,2HOUR | PARKING | 8AM6PM,0.909
venice_mar_vista/190289242916424_0,venice_mar_vista,crops/venice_mar_vista/190289242916424_0.jpg,190289242916424,2017-06-14T13:29:36+00:00,2017,34.014711388889,-118.47850138889,146.5846186666,False,mly_la,https://www.mapillary.com/app/?pKey=190289242916424,CC BY-SA 4.0,2,319,1,unknown,,0.0
venice_mar_vista/490626568802992_0,venice_mar_vista,crops/venice_mar_vista/490626568802992_0.jpg,490626568802992,2017-06-14T14:23:27+00:00,2017,34.013963055556,-118.47965305556,147.97197885588,False,mly_la,https://www.mapillary.com/app/?pKey=490626568802992,CC BY-SA 4.0,1,108,1,unknown,NAIT,0.979
venice_mar_vista/290150845939692_0,venice_mar_vista,crops/venice_mar_vista/290150845939692_0.jpg,290150845939692,2016-03-15T17:11:18.068000+00:00,2016,33.997198,-118.478778,338.2852,False,sarawabreus,https://www.mapillary.com/app/?pKey=290150845939692,CC BY-SA 4.0,1,315,1,unknown,,0.0
venice_mar_vista/485785502660653_0,venice_mar_vista,crops/venice_mar_vista/485785502660653_0.jpg,485785502660653,2016-03-16T22:35:27.309000+00:00,2016,33.986523,-118.471279,319.8843,False,jesolem,https://www.mapillary.com/app/?pKey=485785502660653,CC BY-SA 4.0,1,105,1,parking,PUBLIC | PARKING,1.0
venice_mar_vista/1089998750023097_0,venice_mar_vista,crops/venice_mar_vista/1089998750023097_0.jpg,1089998750023097,2026-08-11T16:03:38.497000+00:00,2026,33.993716044777,-118.43652197552,312.32570948409,True,beddy,https://www.mapillary.com/app/?pKey=1089998750023097,CC BY-SA 4.0,2,312,1,unknown,,0.0
venice_mar_vista/2852529441687847_0,venice_mar_vista,crops/venice_mar_vista/2852529441687847_0.jpg,2852529441687847,2017-06-14T13:19:16+00:00,2017,34.014916388889,-118.472375,56.268233198923,False,mly_la,https://www.mapillary.com/app/?pKey=2852529441687847,CC BY-SA 4.0,2,104,1,unknown,BUMP,0.999
venice_mar_vista/1700177031276416_0,venice_mar_vista,crops/venice_mar_vista/1700177031276416_0.jpg,1700177031276416,2026-08-11T16:09:07.958000+00:00,2026,33.994143041631,-118.43580544003,134.63384803333,True,beddy,https://www.mapillary.com/app/?pKey=1700177031276416,CC BY-SA 4.0,2,309,1,unknown,,0.0
venice_mar_vista/161908645856595_1,venice_mar_vista,crops/venice_mar_vista/161908645856595_1.jpg,161908645856595,2016-03-16T22:34:02.081000+00:00,2016,33.985417,-118.467399,319.6689,False,jesolem,https://www.mapillary.com/app/?pKey=161908645856595,CC BY-SA 4.0,1,103,2,parking,NO | PARKING,0.992
venice_mar_vista/905807009964287_0,venice_mar_vista,crops/venice_mar_vista/905807009964287_0.jpg,905807009964287,2017-06-14T10:37:49+00:00,2017,33.999405,-118.47156138889,147.45813821091,False,mly_la,https://www.mapillary.com/app/?pKey=905807009964287,CC BY-SA 4.0,1,113,1,unknown,Wlbe Fomily Cinic | EMPLOYEE & VOLUNTEER | TRUKNG ON | UNAUTHORILEO | MEHICLES WILLBE | LE | .&'S,0.849
venice_mar_vista/246039407276028_0,venice_mar_vista,crops/venice_mar_vista/246039407276028_0.jpg,246039407276028,2018-08-19T16:33:39.151000+00:00,2018,33.996765205565,-118.42063860804,308.17782592773,False,lvl5,https://www.mapillary.com/app/?pKey=246039407276028,CC BY-SA 4.0,1,101,1,unknown,R,0.994
venice_mar_vista/2821192524764881_1,venice_mar_vista,crops/venice_mar_vista/2821192524764881_1.jpg,2821192524764881,2018-03-06T15:38:48.037000+00:00,2018,33.985299333133,-118.45696720602,323.34869384766,False,iandees,https://www.mapillary.com/app/?pKey=2821192524764881,CC BY-SA 4.0,1,298,1,unknown,,0.0
venice_mar_vista/269450258220109_1,venice_mar_vista,crops/venice_mar_vista/269450258220109_1.jpg,269450258220109,2016-03-16T22:35:34.315000+00:00,2016,33.986954,-118.471618,317.8625,False,jesolem,https://www.mapillary.com/app/?pKey=269450258220109,CC BY-SA 4.0,1,99,1,unknown,LIC | ING,0.999
venice_mar_vista/1007755980052916_0,venice_mar_vista,crops/venice_mar_vista/1007755980052916_0.jpg,1007755980052916,2016-03-15T17:57:57.316000+00:00,2016,33.991123,-118.464544,200.0253,False,jesolem,https://www.mapillary.com/app/?pKey=1007755980052916,CC BY-SA 4.0,1,297,1,unknown,,0.0
venice_mar_vista/363553165074880_0,venice_mar_vista,crops/venice_mar_vista/363553165074880_0.jpg,363553165074880,2017-06-14T13:15:29+00:00,2017,34.010261388889,-118.47809638889,225.5073506528,False,mly_la,https://www.mapillary.com/app/?pKey=363553165074880,CC BY-SA 4.0,3,296,1,unknown,,0.0
venice_mar_vista/771692103737697_0,venice_mar_vista,crops/venice_mar_vista/771692103737697_0.jpg,771692103737697,2016-03-16T22:29:20.150000+00:00,2016,33.986739,-118.465282,154.7803,False,jesolem,https://www.mapillary.com/app/?pKey=771692103737697,CC BY-SA 4.0,1,112,1,unknown,1,0.811
venice_mar_vista/257205522431691_1,venice_mar_vista,crops/venice_mar_vista/257205522431691_1.jpg,257205522431691,2016-03-17T00:09:30.215000+00:00,2016,33.99798,-118.474205,44.52942,False,jesolem,https://www.mapillary.com/app/?pKey=257205522431691,CC BY-SA 4.0,4,294,1,unknown,,0.0
venice_mar_vista/515197339652388_0,venice_mar_vista,crops/venice_mar_vista/515197339652388_0.jpg,515197339652388,2017-06-14T11:19:46+00:00,2017,34.004173055556,-118.47557472222,223.46455597744,False,mly_la,https://www.mapillary.com/app/?pKey=515197339652388,CC BY-SA 4.0,1,105,1,unknown,OVER3TONS,0.884
venice_mar_vista/357009072436410_0,venice_mar_vista,crops/venice_mar_vista/357009072436410_0.jpg,357009072436410,2017-06-15T09:32:12+00:00,2017,34.013214722222,-118.46575305556,297.64871522963,False,mly_la,https://www.mapillary.com/app/?pKey=357009072436410,CC BY-SA 4.0,2,281,1,unknown,,0.0
venice_mar_vista/578490776472301_0,venice_mar_vista,crops/venice_mar_vista/578490776472301_0.jpg,578490776472301,1970-01-01T00:00:00+00:00,1970,33.99195587414,-118.47803213274,262.3671875,False,bicivan,https://www.mapillary.com/app/?pKey=578490776472301,CC BY-SA 4.0,2,281,1,unknown,,0.0
venice_mar_vista/4191401070979391_1,venice_mar_vista,crops/venice_mar_vista/4191401070979391_1.jpg,4191401070979391,2017-06-14T13:29:36+00:00,2017,34.014775,-118.47838138889,236.98265355926,False,mly_la,https://www.mapillary.com/app/?pKey=4191401070979391,CC BY-SA 4.0,2,112,1,unknown,S,0.745
venice_mar_vista/269450258220109_0,venice_mar_vista,crops/venice_mar_vista/269450258220109_0.jpg,269450258220109,2016-03-16T22:35:34.315000+00:00,2016,33.986954,-118.471618,317.8625,False,jesolem,https://www.mapillary.com/app/?pKey=269450258220109,CC BY-SA 4.0,1,127,1,unknown,13=,0.595
venice_mar_vista/2663820910575809_0,venice_mar_vista,crops/venice_mar_vista/2663820910575809_0.jpg,2663820910575809,2017-06-14T11:30:56+00:00,2017,34.0063,-118.46587805556,309.38353586048,False,mly_la,https://www.mapillary.com/app/?pKey=2663820910575809,CC BY-SA 4.0,1,93,1,unknown,NO | OUTLET,0.99
venice_mar_vista/273953124470745_0,venice_mar_vista,crops/venice_mar_vista/273953124470745_0.jpg,273953124470745,2017-06-14T10:12:22+00:00,2017,34.009725,-118.47163,325.71178890841,False,mly_la,https://www.mapillary.com/app/?pKey=273953124470745,CC BY-SA 4.0,1,90,1,parking,NO STOPPING | ANY TIME,0.976
venice_mar_vista/1148532155663468_0,venice_mar_vista,crops/venice_mar_vista/1148532155663468_0.jpg,1148532155663468,2016-03-17T15:38:05.249000+00:00,2016,33.99665,-118.461875,54.63812,False,sarawabreus,https://www.mapillary.com/app/?pKey=1148532155663468,CC BY-SA 4.0,1,131,1,unknown,X,0.507
venice_mar_vista/897861224401380_0,venice_mar_vista,crops/venice_mar_vista/897861224401380_0.jpg,897861224401380,2017-06-14T11:30:21+00:00,2017,34.006469722222,-118.46594638889,144.95266521369,False,mly_la,https://www.mapillary.com/app/?pKey=897861224401380,CC BY-SA 4.0,1,88,1,parking,NOSTOPPING | ANY TIME,0.999
venice_mar_vista/318750306306157_0,venice_mar_vista,crops/venice_mar_vista/318750306306157_0.jpg,318750306306157,2016-10-22T00:39:19.488000+00:00,2016,33.987226061313,-118.45727447945,15.330034255981,False,jopparn,https://www.mapillary.com/app/?pKey=318750306306157,CC BY-SA 4.0,2,262,1,unknown,,0.0
venice_mar_vista/159100719409016_0,venice_mar_vista,crops/venice_mar_vista/159100719409016_0.jpg,159100719409016,2017-06-14T13:29:41+00:00,2017,34.014446388889,-118.47898638889,148.50563350566,False,mly_la,https://www.mapillary.com/app/?pKey=159100719409016,CC BY-SA 4.0,2,262,1,unknown,,0.0
venice_mar_vista/304138191243479_0,venice_mar_vista,crops/venice_mar_vista/304138191243479_0.jpg,304138191243479,2017-06-14T12:31:14+00:00,2017,34.007435,-118.46924472222,143.60242028048,False,mly_la,https://www.mapillary.com/app/?pKey=304138191243479,CC BY-SA 4.0,1,89,1,unknown,R | MONDAY,0.959
venice_mar_vista/754518515209646_1,venice_mar_vista,crops/venice_mar_vista/754518515209646_1.jpg,754518515209646,2016-03-15T01:00:49.966000+00:00,2016,33.995035,-118.46854,141.5237,False,jesolem,https://www.mapillary.com/app/?pKey=754518515209646,CC BY-SA 4.0,1,101,1,unknown,STCPI,0.787
venice_mar_vista/1239445706556319_0,venice_mar_vista,crops/venice_mar_vista/1239445706556319_0.jpg,1239445706556319,2018-09-13T22:07:30.310000+00:00,2018,34.007951281736,-118.47751892457,314.4059753418,False,lvl5,https://www.mapillary.com/app/?pKey=1239445706556319,CC BY-SA 4.0,1,102,1,unknown,NO | 2,0.776
venice_mar_vista/525033381996702_0,venice_mar_vista,crops/venice_mar_vista/525033381996702_0.jpg,525033381996702,2018-09-13T22:07:36.584000+00:00,2018,34.008426984478,-118.47809830556,314.44299316406,False,lvl5,https://www.mapillary.com/app/?pKey=525033381996702,CC BY-SA 4.0,1,100,1,unknown,HO Pae | 2,0.774
venice_mar_vista/2028133094494098_0,venice_mar_vista,crops/venice_mar_vista/2028133094494098_0.jpg,2028133094494098,2026-08-11T16:09:10.928000+00:00,2026,33.992252657286,-118.43347358853,133.18411655634,True,beddy,https://www.mapillary.com/app/?pKey=2028133094494098,CC BY-SA 4.0,1,253,1,unknown,,0.0
venice_mar_vista/4230183633688136_0,venice_mar_vista,crops/venice_mar_vista/4230183633688136_0.jpg,4230183633688136,2018-07-12T13:48:44.993000+00:00,2018,33.997706590927,-118.42134698206,82.656074523926,False,lvl5,https://www.mapillary.com/app/?pKey=4230183633688136,CC BY-SA 4.0,1,112,1,unknown,7,0.63
venice_mar_vista/188968409765763_0,venice_mar_vista,crops/venice_mar_vista/188968409765763_0.jpg,188968409765763,2018-09-13T22:10:21.629000+00:00,2018,34.014366755053,-118.47906170411,56.341148376465,False,lvl5,https://www.mapillary.com/app/?pKey=188968409765763,CC BY-SA 4.0,2,251,1,unknown,,0.0
venice_mar_vista/4173810915995202_0,venice_mar_vista,crops/venice_mar_vista/4173810915995202_0.jpg,4173810915995202,2018-07-11T22:30:17.744000+00:00,2018,33.993668352,-118.47707462827,145.546875,False,lvl5,https://www.mapillary.com/app/?pKey=4173810915995202,CC BY-SA 4.0,1,83,2,parking,TOW-AWAY | NOSTOPPING | 8,0.996
venice_mar_vista/177917914103249_0,venice_mar_vista,crops/venice_mar_vista/177917914103249_0.jpg,177917914103249,2017-06-14T11:06:15+00:00,2017,33.999206388889,-118.47964138889,140.33969392403,False,mly_la,https://www.mapillary.com/app/?pKey=177917914103249,CC BY-SA 4.0,1,83,1,unknown,R,0.992
venice_mar_vista/544223390319792_0,venice_mar_vista,crops/venice_mar_vista/544223390319792_0.jpg,544223390319792,2017-06-15T10:22:26+00:00,2017,34.011121388889,-118.45849305556,145.71520944514,False,mly_la,https://www.mapillary.com/app/?pKey=544223390319792,CC BY-SA 4.0,1,87,1,parking,STOPPING | ANY TIME,0.889
venice_mar_vista/2808975082698321_0,venice_mar_vista,crops/venice_mar_vista/2808975082698321_0.jpg,2808975082698321,2016-10-22T00:26:29.492000+00:00,2016,33.993203004492,-118.4642759682,336.66795921326,False,jopparn,https://www.mapillary.com/app/?pKey=2808975082698321,CC BY-SA 4.0,1,242,1,unknown,,0.0
venice_mar_vista/261086912365970_0,venice_mar_vista,crops/venice_mar_vista/261086912365970_0.jpg,261086912365970,2016-03-17T00:07:32.225000+00:00,2016,33.999989,-118.477561,117.5895,False,jesolem,https://www.mapillary.com/app/?pKey=261086912365970,CC BY-SA 4.0,1,106,1,unknown,国,0.638
venice_mar_vista/302964844719125_0,venice_mar_vista,crops/venice_mar_vista/302964844719125_0.jpg,302964844719125,2017-06-15T10:40:02+00:00,2017,34.014625,-118.47861138889,315.37263759807,False,mly_la,https://www.mapillary.com/app/?pKey=302964844719125,CC BY-SA 4.0,2,240,1,unknown,,0.0
venice_mar_vista/2995843177354723_0,venice_mar_vista,crops/venice_mar_vista/2995843177354723_0.jpg,2995843177354723,2020-01-12T20:08:27.255000+00:00,2020,33.985069,-118.454776,240.6796875,False,cfwarren3,https://www.mapillary.com/app/?pKey=2995843177354723,CC BY-SA 4.0,2,238,1,unknown,,0.0
venice_mar_vista/147609067264452_0,venice_mar_vista,crops/venice_mar_vista/147609067264452_0.jpg,147609067264452,2016-03-17T18:44:22.115000+00:00,2016,33.994038,-118.477059,233.5172,False,jesolem,https://www.mapillary.com/app/?pKey=147609067264452,CC BY-SA 4.0,2,238,1,unknown,,0.0
venice_mar_vista/112020207597392_0,venice_mar_vista,crops/venice_mar_vista/112020207597392_0.jpg,112020207597392,2016-03-15T19:24:22.748000+00:00,2016,33.992041,-118.47176,114.1265,False,sarawabreus,https://www.mapillary.com/app/?pKey=112020207597392,CC BY-SA 4.0,3,236,1,unknown,,0.0
venice_mar_vista/3005753103042022_0,venice_mar_vista,crops/venice_mar_vista/3005753103042022_0.jpg,3005753103042022,2016-03-15T17:57:27.169000+00:00,2016,33.991511,-118.464279,217.559,False,jesolem,https://www.mapillary.com/app/?pKey=3005753103042022,CC BY-SA 4.0,1,116,1,unknown,O,0.518
venice_mar_vista/791787234792600_0,venice_mar_vista,crops/venice_mar_vista/791787234792600_0.jpg,791787234792600,2017-06-14T10:12:23+00:00,2017,34.009656388889,-118.47175138889,325.20089227268,False,mly_la,https://www.mapillary.com/app/?pKey=791787234792600,CC BY-SA 4.0,2,232,1,unknown,,0.0
venice_mar_vista/283578883247467_0,venice_mar_vista,crops/venice_mar_vista/283578883247467_0.jpg,283578883247467,2017-06-14T11:51:02+00:00,2017,34.009176388889,-118.46337305556,18.525860834615,False,mly_la,https://www.mapillary.com/app/?pKey=283578883247467,CC BY-SA 4.0,1,232,1,unknown,,0.0
venice_mar_vista/1877679409048338_0,venice_mar_vista,crops/venice_mar_vista/1877679409048338_0.jpg,1877679409048338,2017-06-15T10:22:43+00:00,2017,34.009713055556,-118.45730638889,128.54254991754,False,mly_la,https://www.mapillary.com/app/?pKey=1877679409048338,CC BY-SA 4.0,1,95,1,unknown,K,0.71
venice_mar_vista/2962816024042893_0,venice_mar_vista,crops/venice_mar_vista/2962816024042893_0.jpg,2962816024042893,2016-03-16T20:40:46.108000+00:00,2016,33.990321,-118.464664,262.9428,False,jesolem,https://www.mapillary.com/app/?pKey=2962816024042893,CC BY-SA 4.0,1,230,1,unknown,,0.0
venice_mar_vista/1031025653065094_0,venice_mar_vista,crops/venice_mar_vista/1031025653065094_0.jpg,1031025653065094,2026-08-12T15:27:26.974000+00:00,2026,33.99162302074,-118.4573686961,57.968926063962,True,beddy,https://www.mapillary.com/app/?pKey=1031025653065094,CC BY-SA 4.0,1,228,1,unknown,,0.0
venice_mar_vista/1038946702060553_0,venice_mar_vista,crops/venice_mar_vista/1038946702060553_0.jpg,1038946702060553,2026-08-05T13:37:02.055000+00:00,2026,33.988358686755,-118.42000104745,149.32619607551,True,beddy,https://www.mapillary.com/app/?pKey=1038946702060553,CC BY-SA 4.0,1,228,1,unknown,,0.0
venice_mar_vista/1469015956825025_2,venice_mar_vista,crops/venice_mar_vista/1469015956825025_2.jpg,1469015956825025,2016-03-15T17:58:02.323000+00:00,2016,33.991064,-118.46458,211.3015,False,jesolem,https://www.mapillary.com/app/?pKey=1469015956825025,CC BY-SA 4.0,2,227,1,unknown,,0.0
venice_mar_vista/130840175744384_0,venice_mar_vista,crops/venice_mar_vista/130840175744384_0.jpg,130840175744384,2016-03-17T18:44:06.124000+00:00,2016,33.994273,-118.476063,316.4065,False,jesolem,https://www.mapillary.com/app/?pKey=130840175744384,CC BY-SA 4.0,1,227,1,unknown,,0.0
venice_mar_vista/1189579621503390_0,venice_mar_vista,crops/venice_mar_vista/1189579621503390_0.jpg,1189579621503390,2017-06-14T14:23:35+00:00,2017,34.014321388889,-118.47901638889,146.65312320858,False,mly_la,https://www.mapillary.com/app/?pKey=1189579621503390,CC BY-SA 4.0,1,89,1,unknown,NOPRING | NONMED-E | 6,0.773
venice_mar_vista/785878878729168_1,venice_mar_vista,crops/venice_mar_vista/785878878729168_1.jpg,785878878729168,2017-06-14T10:36:51+00:00,2017,33.997913055556,-118.47436638889,55.67673415825,False,mly_la,https://www.mapillary.com/app/?pKey=785878878729168,CC BY-SA 4.0,1,88,1,unknown,D,0.78
venice_mar_vista/508734840307622_0,venice_mar_vista,crops/venice_mar_vista/508734840307622_0.jpg,508734840307622,2018-08-19T18:55:23.587000+00:00,2018,33.985297454162,-118.45277728454,96.575019836426,False,lvl5,https://www.mapillary.com/app/?pKey=508734840307622,CC BY-SA 4.0,2,224,1,unknown,,0.0
venice_mar_vista/309688727195428_0,venice_mar_vista,crops/venice_mar_vista/309688727195428_0.jpg,309688727195428,2017-06-15T09:17:59+00:00,2017,34.011208055556,-118.46836305556,319.66391029448,False,mly_la,https://www.mapillary.com/app/?pKey=309688727195428,CC BY-SA 4.0,1,80,1,unknown,@,0.902
venice_mar_vista/2948110392136675_1,venice_mar_vista,crops/venice_mar_vista/2948110392136675_1.jpg,2948110392136675,2016-03-16T22:28:36.153000+00:00,2016,33.985579,-118.467951,75.34314,False,jesolem,https://www.mapillary.com/app/?pKey=2948110392136675,CC BY-SA 4.0,1,99,1,unknown,LD,0.622
venice_mar_vista/826370228232881_0,venice_mar_vista,crops/venice_mar_vista/826370228232881_0.jpg,826370228232881,2017-06-14T11:33:39+00:00,2017,34.00591,-118.46880638889,53.570484582066,False,mly_la,https://www.mapillary.com/app/?pKey=826370228232881,CC BY-SA 4.0,1,74,1,unknown,R | THURSDAY,0.997
venice_mar_vista/489654415615769_0,venice_mar_vista,crops/venice_mar_vista/489654415615769_0.jpg,489654415615769,1970-01-01T00:00:00+00:00,1970,33.989814421412,-118.47624003831,355.68939208984,False,bicivan,https://www.mapillary.com/app/?pKey=489654415615769,CC BY-SA 4.0,2,218,1,unknown,,0.0
venice_mar_vista/317531269781894_0,venice_mar_vista,crops/venice_mar_vista/317531269781894_0.jpg,317531269781894,2018-08-19T16:33:47.863000+00:00,2018,33.997467965946,-118.42165526076,305.15051269531,False,lvl5,https://www.mapillary.com/app/?pKey=317531269781894,CC BY-SA 4.0,1,74,1,unknown,RIGHT LAN | MUST,0.968
venice_mar_vista/1011595262580699_1,venice_mar_vista,crops/venice_mar_vista/1011595262580699_1.jpg,1011595262580699,2017-06-14T10:10:44+00:00,2017,34.013409722222,-118.47335305556,225.58991294357,False,mly_la,https://www.mapillary.com/app/?pKey=1011595262580699,CC BY-SA 4.0,2,96,1,unknown,80,0.626
venice_mar_vista/895538177952719_0,venice_mar_vista,crops/venice_mar_vista/895538177952719_0.jpg,895538177952719,2016-10-22T00:39:31.502000+00:00,2016,33.986977145551,-118.45627442692,13.281072616577,False,jopparn,https://www.mapillary.com/app/?pKey=895538177952719,CC BY-SA 4.0,2,216,1,unknown,,0.0
venice_mar_vista/289407052865142_0,venice_mar_vista,crops/venice_mar_vista/289407052865142_0.jpg,289407052865142,2019-12-22T22:36:33.114000+00:00,2019,33.990052976923,-118.47269212256,26.942260742188,False,peterneubauer,https://www.mapillary.com/app/?pKey=289407052865142,CC BY-SA 4.0,1,216,1,unknown,,0.0
venice_mar_vista/337133788022308_1,venice_mar_vista,crops/venice_mar_vista/337133788022308_1.jpg,337133788022308,2018-03-05T16:28:45.780000+00:00,2018,33.987960194406,-118.45831065664,163.92749023438,False,iandees,https://www.mapillary.com/app/?pKey=337133788022308,CC BY-SA 4.0,1,216,1,unknown,,0.0
venice_mar_vista/1206161959833599_1,venice_mar_vista,crops/venice_mar_vista/1206161959833599_1.jpg,1206161959833599,2018-03-26T17:14:59+00:00,2018,33.991081999972,-118.46573159997,105.1,False,fta,https://www.mapillary.com/app/?pKey=1206161959833599,CC BY-SA 4.0,2,212,1,unknown,,0.0
venice_mar_vista/2789373384660810_0,venice_mar_vista,crops/venice_mar_vista/2789373384660810_0.jpg,2789373384660810,2017-06-14T11:29:00+00:00,2017,34.006536388889,-118.46271972222,261.27245319484,False,mly_la,https://www.mapillary.com/app/?pKey=2789373384660810,CC BY-SA 4.0,1,70,2,unknown,NO | OUTLET,0.997
venice_mar_vista/876938566199927_0,venice_mar_vista,crops/venice_mar_vista/876938566199927_0.jpg,876938566199927,2016-03-16T20:29:39.726000+00:00,2016,34.005007,-118.479652,68.12817,False,sarawabreus,https://www.mapillary.com/app/?pKey=876938566199927,CC BY-SA 4.0,1,210,1,unknown,,0.0
venice_mar_vista/1094609601046047_0,venice_mar_vista,crops/venice_mar_vista/1094609601046047_0.jpg,1094609601046047,2017-06-15T10:39:27+00:00,2017,34.014191388889,-118.47969472222,47.533912550952,False,mly_la,https://www.mapillary.com/app/?pKey=1094609601046047,CC BY-SA 4.0,1,70,1,unknown,Pico,1.0
venice_mar_vista/1675994969268737_0,venice_mar_vista,crops/venice_mar_vista/1675994969268737_0.jpg,1675994969268737,2016-03-15T00:59:47.982000+00:00,2016,33.998,-118.470924,139.4449,False,jesolem,https://www.mapillary.com/app/?pKey=1675994969268737,CC BY-SA 4.0,2,207,1,unknown,,0.0
venice_mar_vista/835733533708103_0,venice_mar_vista,crops/venice_mar_vista/835733533708103_0.jpg,835733533708103,1970-01-01T00:00:00+00:00,1970,33.992704940464,-118.47876583451,317.63458251953,False,bicivan,https://www.mapillary.com/app/?pKey=835733533708103,CC BY-SA 4.0,1,206,1,unknown,,0.0
venice_mar_vista/305195064539414_0,venice_mar_vista,crops/venice_mar_vista/305195064539414_0.jpg,305195064539414,2017-06-14T13:48:31+00:00,2017,34.009108055556,-118.47931638889,163.2173746874,False,mly_la,https://www.mapillary.com/app/?pKey=305195064539414,CC BY-SA 4.0,1,206,1,unknown,,0.0
venice_mar_vista/364647168290984_0,venice_mar_vista,crops/venice_mar_vista/364647168290984_0.jpg,364647168290984,2016-03-15T23:23:55.488000+00:00,2016,33.990516,-118.464827,21.35083,False,sarawabreus,https://www.mapillary.com/app/?pKey=364647168290984,CC BY-SA 4.0,1,205,1,unknown,,0.0
venice_mar_vista/2552520478540501_0,venice_mar_vista,crops/venice_mar_vista/2552520478540501_0.jpg,2552520478540501,2026-08-05T14:18:57.793000+00:00,2026,33.990488968463,-118.42164176248,214.68343654664,True,beddy,https://www.mapillary.com/app/?pKey=2552520478540501,CC BY-SA 4.0,1,204,1,unknown,,0.0
venice_mar_vista/494964384885268_0,venice_mar_vista,crops/venice_mar_vista/494964384885268_0.jpg,494964384885268,2016-03-15T23:23:53.505000+00:00,2016,33.990446,-118.464855,21.35083,False,sarawabreus,https://www.mapillary.com/app/?pKey=494964384885268,CC BY-SA 4.0,2,204,1,unknown,,0.0
venice_mar_vista/234356918457708_0,venice_mar_vista,crops/venice_mar_vista/234356918457708_0.jpg,234356918457708,1970-01-01T00:00:00+00:00,1970,33.993747406897,-118.4797164069,320.33795166016,False,bicivan,https://www.mapillary.com/app/?pKey=234356918457708,CC BY-SA 4.0,1,204,1,unknown,,0.0
venice_mar_vista/1375020209533463_0,venice_mar_vista,crops/venice_mar_vista/1375020209533463_0.jpg,1375020209533463,2017-06-14T11:42:31+00:00,2017,34.007949722222,-118.46588305556,341.59355628978,False,mly_la,https://www.mapillary.com/app/?pKey=1375020209533463,CC BY-SA 4.0,1,204,1,unknown,,0.0
venice_mar_vista/218638989599581_0,venice_mar_vista,crops/venice_mar_vista/218638989599581_0.jpg,218638989599581,2016-10-22T00:25:57.513000+00:00,2016,33.994835836614,-118.46314350738,339.70094108582,False,jopparn,https://www.mapillary.com/app/?pKey=218638989599581,CC BY-SA 4.0,2,203,1,unknown,,0.0
venice_mar_vista/900413753854328_0,venice_mar_vista,crops/venice_mar_vista/900413753854328_0.jpg,900413753854328,2014-01-23T20:46:01+00:00,2014,33.985686,-118.472645,354.0401,False,gyllen,https://www.mapillary.com/app/?pKey=900413753854328,CC BY-SA 4.0,2,202,1,unknown,,0.0
venice_mar_vista/169128445105182_0,venice_mar_vista,crops/venice_mar_vista/169128445105182_0.jpg,169128445105182,2017-06-15T10:22:58+00:00,2017,34.009898055556,-118.456145,203.55880782228,False,mly_la,https://www.mapillary.com/app/?pKey=169128445105182,CC BY-SA 4.0,3,201,1,unknown,,0.0
venice_mar_vista/302964844719125_1,venice_mar_vista,crops/venice_mar_vista/302964844719125_1.jpg,302964844719125,2017-06-15T10:40:02+00:00,2017,34.014625,-118.47861138889,315.37263759807,False,mly_la,https://www.mapillary.com/app/?pKey=302964844719125,CC BY-SA 4.0,1,68,1,unknown,HILL,0.974
venice_mar_vista/233327791888145_0,venice_mar_vista,crops/venice_mar_vista/233327791888145_0.jpg,233327791888145,2018-07-11T18:17:47.876000+00:00,2018,33.994166365684,-118.42487968212,313.5065612793,False,lvl5,https://www.mapillary.com/app/?pKey=233327791888145,CC BY-SA 4.0,1,68,1,unknown,R,0.959
venice_mar_vista/1159154364551555_0,venice_mar_vista,crops/venice_mar_vista/1159154364551555_0.jpg,1159154364551555,2017-06-14T13:48:18+00:00,2017,34.009106388889,-118.47935138889,347.71216749425,False,mly_la,https://www.mapillary.com/app/?pKey=1159154364551555,CC BY-SA 4.0,1,66,2,unknown,Sale,0.999
venice_mar_vista/314069403661225_0,venice_mar_vista,crops/venice_mar_vista/314069403661225_0.jpg,314069403661225,2018-09-13T22:10:26.739000+00:00,2018,34.014685793337,-118.47844845465,58.0078125,False,lvl5,https://www.mapillary.com/app/?pKey=314069403661225,CC BY-SA 4.0,2,197,1,unknown,,0.0
venice_mar_vista/2249168055616648_0,venice_mar_vista,crops/venice_mar_vista/2249168055616648_0.jpg,2249168055616648,2026-05-01T14:48:09.936000+00:00,2026,33.986105665722,-118.44897381687,16.422620794868,True,beddy,https://www.mapillary.com/app/?pKey=2249168055616648,CC BY-SA 4.0,1,196,1,unknown,,0.0
venice_mar_vista/293533712256430_0,venice_mar_vista,crops/venice_mar_vista/293533712256430_0.jpg,293533712256430,2020-01-12T20:08:11.168000+00:00,2020,33.985296,-118.452237,285.27282714844,False,cfwarren3,https://www.mapillary.com/app/?pKey=293533712256430,CC BY-SA 4.0,1,196,1,unknown,,0.0
venice_mar_vista/820708198568414_0,venice_mar_vista,crops/venice_mar_vista/820708198568414_0.jpg,820708198568414,2018-09-13T21:59:34.293000+00:00,2018,33.992786325669,-118.4501021287,306.50207519531,False,lvl5,https://www.mapillary.com/app/?pKey=820708198568414,CC BY-SA 4.0,1,96,1,unknown,精记,0.513
venice_mar_vista/194148185889938_0,venice_mar_vista,crops/venice_mar_vista/194148185889938_0.jpg,194148185889938,2018-09-12T23:41:01.446000+00:00,2018,33.985119871994,-118.44289852703,327.46176147461,False,lvl5,https://www.mapillary.com/app/?pKey=194148185889938,CC BY-SA 4.0,1,89,1,unknown,DW,0.586
venice_mar_vista/467963194423469_0,venice_mar_vista,crops/venice_mar_vista/467963194423469_0.jpg,467963194423469,2016-10-22T00:41:09.521000+00:00,2016,33.986384268428,-118.45524794023,334.44562721252,False,jopparn,https://www.mapillary.com/app/?pKey=467963194423469,CC BY-SA 4.0,2,193,1,unknown,,0.0
venice_mar_vista/3028658080791357_0,venice_mar_vista,crops/venice_mar_vista/3028658080791357_0.jpg,3028658080791357,2017-06-15T09:32:36+00:00,2017,34.012565,-118.46686472222,65.875793840083,False,mly_la,https://www.mapillary.com/app/?pKey=3028658080791357,CC BY-SA 4.0,1,64,1,unknown,big | blue | snq,0.997
venice_mar_vista/303524387947184_0,venice_mar_vista,crops/venice_mar_vista/303524387947184_0.jpg,303524387947184,2016-10-22T19:11:26.611000+00:00,2016,33.98636526481,-118.45516570185,341.88701343536,False,jopparn,https://www.mapillary.com/app/?pKey=303524387947184,CC BY-SA 4.0,2,192,1,unknown,,0.0
venice_mar_vista/1125237424619280_0,venice_mar_vista,crops/venice_mar_vista/1125237424619280_0.jpg,1125237424619280,2017-06-14T10:37:33+00:00,2017,33.998973055556,-118.47238,146.02350372179,False,mly_la,https://www.mapillary.com/app/?pKey=1125237424619280,CC BY-SA 4.0,5,191,1,unknown,,0.0
venice_mar_vista/3999232250213635_0,venice_mar_vista,crops/venice_mar_vista/3999232250213635_0.jpg,3999232250213635,2026-08-11T16:03:40.766000+00:00,2026,33.995079315037,-118.43808443523,338.17437009235,True,beddy,https://www.mapillary.com/app/?pKey=3999232250213635,CC BY-SA 4.0,1,190,1,unknown,,0.0
venice_mar_vista/481860616565657_0,venice_mar_vista,crops/venice_mar_vista/481860616565657_0.jpg,481860616565657,2016-03-17T16:37:32.403000+00:00,2016,33.995027,-118.475297,217.7096,False,sarawabreus,https://www.mapillary.com/app/?pKey=481860616565657,CC BY-SA 4.0,2,189,1,unknown,,0.0
venice_mar_vista/299370125008753_0,venice_mar_vista,crops/venice_mar_vista/299370125008753_0.jpg,299370125008753,2017-06-14T11:40:02+00:00,2017,34.008496388889,-118.46095305556,320.34281327021,False,mly_la,https://www.mapillary.com/app/?pKey=299370125008753,CC BY-SA 4.0,1,80,1,unknown,28,0.679
venice_mar_vista/798120497482143_0,venice_mar_vista,crops/venice_mar_vista/798120497482143_0.jpg,798120497482143,2017-06-15T10:23:32+00:00,2017,34.011983055556,-118.45916972222,324.91295347,False,mly_la,https://www.mapillary.com/app/?pKey=798120497482143,CC BY-SA 4.0,2,188,1,unknown,,0.0
venice_mar_vista/465597471334085_0,venice_mar_vista,crops/venice_mar_vista/465597471334085_0.jpg,465597471334085,2016-03-17T15:36:55.260000+00:00,2016,33.992974,-118.464434,47.93579,False,sarawabreus,https://www.mapillary.com/app/?pKey=465597471334085,CC BY-SA 4.0,1,188,1,unknown,,0.0
venice_mar_vista/325952722293035_0,venice_mar_vista,crops/venice_mar_vista/325952722293035_0.jpg,325952722293035,2017-06-14T10:32:50+00:00,2017,33.996941388889,-118.47983972222,304.35285364942,False,mly_la,https://www.mapillary.com/app/?pKey=325952722293035,CC BY-SA 4.0,1,62,1,unknown,R,0.998
venice_mar_vista/815751745992130_0,venice_mar_vista,crops/venice_mar_vista/815751745992130_0.jpg,815751745992130,2017-06-14T10:38:02+00:00,2017,33.999858055556,-118.47073138889,237.62376872131,False,mly_la,https://www.mapillary.com/app/?pKey=815751745992130,CC BY-SA 4.0,3,186,1,unknown,,0.0
venice_mar_vista/794599244802725_0,venice_mar_vista,crops/venice_mar_vista/794599244802725_0.jpg,794599244802725,2017-06-14T11:27:21+00:00,2017,34.008166388889,-118.45959638889,233.74885954126,False,mly_la,https://www.mapillary.com/app/?pKey=794599244802725,CC BY-SA 4.0,1,75,1,parking,NO | PARKINE | 日,0.741
venice_mar_vista/1007514233119434_0,venice_mar_vista,crops/venice_mar_vista/1007514233119434_0.jpg,1007514233119434,2016-03-16T22:29:24.152000+00:00,2016,33.986619,-118.465176,150.3798,False,jesolem,https://www.mapillary.com/app/?pKey=1007514233119434,CC BY-SA 4.0,1,184,1,unknown,,0.0
venice_mar_vista/473586920560545_0,venice_mar_vista,crops/venice_mar_vista/473586920560545_0.jpg,473586920560545,2017-06-14T12:22:32+00:00,2017,34.009695,-118.47169638889,325.09295058715,False,mly_la,https://www.mapillary.com/app/?pKey=473586920560545,CC BY-SA 4.0,3,183,1,unknown,,0.0
venice_mar_vista/929069437868764_0,venice_mar_vista,crops/venice_mar_vista/929069437868764_0.jpg,929069437868764,2016-03-17T18:42:40.121000+00:00,2016,33.992006,-118.471171,280.7839,False,jesolem,https://www.mapillary.com/app/?pKey=929069437868764,CC BY-SA 4.0,2,183,1,unknown,,0.0
venice_mar_vista/1011595262580699_0,venice_mar_vista,crops/venice_mar_vista/1011595262580699_0.jpg,1011595262580699,2017-06-14T10:10:44+00:00,2017,34.013409722222,-118.47335305556,225.58991294357,False,mly_la,https://www.mapillary.com/app/?pKey=1011595262580699,CC BY-SA 4.0,2,182,1,unknown,,0.0
venice_mar_vista/826521154947730_0,venice_mar_vista,crops/venice_mar_vista/826521154947730_0.jpg,826521154947730,2017-06-14T11:14:58+00:00,2017,34.005079722222,-118.47926,237.13598166212,False,mly_la,https://www.mapillary.com/app/?pKey=826521154947730,CC BY-SA 4.0,1,182,1,unknown,,0.0
venice_mar_vista/477211620182044_0,venice_mar_vista,crops/venice_mar_vista/477211620182044_0.jpg,477211620182044,2017-06-15T09:18:04+00:00,2017,34.011385,-118.46851138889,72.387379415545,False,mly_la,https://www.mapillary.com/app/?pKey=477211620182044,CC BY-SA 4.0,2,180,1,unknown,,0.0
venice_mar_vista/518081342650686_0,venice_mar_vista,crops/venice_mar_vista/518081342650686_0.jpg,518081342650686,2018-07-12T13:47:18.294000+00:00,2018,33.991382060519,-118.42050853419,33.041938781738,False,lvl5,https://www.mapillary.com/app/?pKey=518081342650686,CC BY-SA 4.0,1,180,1,unknown,,0.0
venice_mar_vista/4137341816327393_0,venice_mar_vista,crops/venice_mar_vista/4137341816327393_0.jpg,4137341816327393,2016-10-22T00:16:59.497000+00:00,2016,34.014615611635,-118.4423969686,338.45753002167,False,jopparn,https://www.mapillary.com/app/?pKey=4137341816327393,CC BY-SA 4.0,1,179,1,unknown,,0.0
venice_mar_vista/4191401070979391_0,venice_mar_vista,crops/venice_mar_vista/4191401070979391_0.jpg,4191401070979391,2017-06-14T13:29:36+00:00,2017,34.014775,-118.47838138889,236.98265355926,False,mly_la,https://www.mapillary.com/app/?pKey=4191401070979391,CC BY-SA 4.0,1,60,2,unknown,HILL,0.994
venice_mar_vista/179743007457882_0,venice_mar_vista,crops/venice_mar_vista/179743007457882_0.jpg,179743007457882,2018-07-23T15:24:58.492000+00:00,2018,33.998711018137,-118.4297405396,327.47793579102,False,lvl5,https://www.mapillary.com/app/?pKey=179743007457882,CC BY-SA 4.0,1,72,1,unknown,口,0.732
venice_mar_vista/958833351525571_0,venice_mar_vista,crops/venice_mar_vista/958833351525571_0.jpg,958833351525571,2017-06-15T10:30:25+00:00,2017,34.014319722222,-118.46519305556,146.59698075644,False,mly_la,https://www.mapillary.com/app/?pKey=958833351525571,CC BY-SA 4.0,2,176,1,unknown,,0.0
venice_mar_vista/611542226473788_1,venice_mar_vista,crops/venice_mar_vista/611542226473788_1.jpg,611542226473788,2017-06-15T09:30:17+00:00,2017,34.012561388889,-118.46686638889,320.13146073218,False,mly_la,https://www.mapillary.com/app/?pKey=611542226473788,CC BY-SA 4.0,1,176,1,unknown,,0.0
venice_mar_vista/524185515249522_1,venice_mar_vista,crops/venice_mar_vista/524185515249522_1.jpg,524185515249522,2017-06-14T10:37:24+00:00,2017,33.998573055556,-118.47312805556,58.905849917233,False,mly_la,https://www.mapillary.com/app/?pKey=524185515249522,CC BY-SA 4.0,4,175,1,unknown,,0.0
venice_mar_vista/1566627030387729_0,venice_mar_vista,crops/venice_mar_vista/1566627030387729_0.jpg,1566627030387729,2017-06-14T13:48:23+00:00,2017,34.009099722222,-118.47932805556,71.788593417186,False,mly_la,https://www.mapillary.com/app/?pKey=1566627030387729,CC BY-SA 4.0,1,174,2,unknown,,0.0
venice_mar_vista/222902029238446_0,venice_mar_vista,crops/venice_mar_vista/222902029238446_0.jpg,222902029238446,2017-09-18T18:13:12+00:00,2017,33.995015420033,-118.45476619996,0.0,False,canadarunner,https://www.mapillary.com/app/?pKey=222902029238446,CC BY-SA 4.0,2,173,1,unknown,,0.0
venice_mar_vista/1106848073168975_0,venice_mar_vista,crops/venice_mar_vista/1106848073168975_0.jpg,1106848073168975,2016-03-15T17:57:49.823000+00:00,2016,33.991237,-118.464479,209.9615,False,jesolem,https://www.mapillary.com/app/?pKey=1106848073168975,CC BY-SA 4.0,1,173,1,unknown,,0.0
venice_mar_vista/306187981158148_0,venice_mar_vista,crops/venice_mar_vista/306187981158148_0.jpg,306187981158148,2018-07-12T17:17:13.147000+00:00,2018,33.99463711468,-118.47597987216,239.74946594238,False,lvl5,https://www.mapillary.com/app/?pKey=306187981158148,CC BY-SA 4.0,1,59,1,unknown,TOP,0.972
venice_mar_vista/1472499394907726_0,venice_mar_vista,crops/venice_mar_vista/1472499394907726_0.jpg,1472499394907726,2026-08-12T15:19:11.735000+00:00,2026,33.986296251448,-118.45547763321,232.46780646167,True,beddy,https://www.mapillary.com/app/?pKey=1472499394907726,CC BY-SA 4.0,1,172,1,unknown,,0.0
venice_mar_vista/2906085112967957_1,venice_mar_vista,crops/venice_mar_vista/2906085112967957_1.jpg,2906085112967957,2017-06-14T11:52:02+00:00,2017,34.009621388889,-118.46400472222,140.98595275756,False,mly_la,https://www.mapillary.com/app/?pKey=2906085112967957,CC BY-SA 4.0,2,171,1,unknown,,0.0
venice_mar_vista/819706022293787_0,venice_mar_vista,crops/venice_mar_vista/819706022293787_0.jpg,819706022293787,2017-09-18T18:09:06+00:00,2017,33.996359500035,-118.45755060004,0.0,False,canadarunner,https://www.mapillary.com/app/?pKey=819706022293787,CC BY-SA 4.0,1,171,1,unknown,,0.0
venice_mar_vista/117179757058375_0,venice_mar_vista,crops/venice_mar_vista/117179757058375_0.jpg,117179757058375,2017-06-15T10:29:52+00:00,2017,34.01488,-118.46421138889,56.774093215583,False,mly_la,https://www.mapillary.com/app/?pKey=117179757058375,CC BY-SA 4.0,2,170,1,unknown,,0.0
venice_mar_vista/2833694213612937_0,venice_mar_vista,crops/venice_mar_vista/2833694213612937_0.jpg,2833694213612937,2017-06-14T11:02:36+00:00,2017,34.003536388889,-118.47528638889,324.86764074841,False,mly_la,https://www.mapillary.com/app/?pKey=2833694213612937,CC BY-SA 4.0,1,84,1,unknown,e,0.506
venice_mar_vista/265009875373014_0,venice_mar_vista,crops/venice_mar_vista/265009875373014_0.jpg,265009875373014,2017-06-14T12:24:35+00:00,2017,34.005073055556,-118.47331972222,53.135361730572,False,mly_la,https://www.mapillary.com/app/?pKey=265009875373014,CC BY-SA 4.0,1,58,1,parking,TOWAWAY | NO | PARKING,0.953
venice_mar_vista/2964705727146343_1,venice_mar_vista,crops/venice_mar_vista/2964705727146343_1.jpg,2964705727146343,2018-08-19T16:33:56.856000+00:00,2018,33.99776068597,-118.42146797388,83.72354888916,False,lvl5,https://www.mapillary.com/app/?pKey=2964705727146343,CC BY-SA 4.0,1,69,1,unknown,日,0.711
venice_mar_vista/295538565551673_0,venice_mar_vista,crops/venice_mar_vista/295538565551673_0.jpg,295538565551673,2018-08-19T16:34:03.825000+00:00,2018,33.99786830119,-118.42051925842,81.705123901367,False,lvl5,https://www.mapillary.com/app/?pKey=295538565551673,CC BY-SA 4.0,3,167,2,unknown,,0.0
venice_mar_vista/228134102447568_0,venice_mar_vista,crops/venice_mar_vista/228134102447568_0.jpg,228134102447568,2017-09-18T18:13:01+00:00,2017,33.995253197442,-118.45528342999,0.0,False,canadarunner,https://www.mapillary.com/app/?pKey=228134102447568,CC BY-SA 4.0,2,167,1,unknown,,0.0
venice_mar_vista/324884045722210_0,venice_mar_vista,crops/venice_mar_vista/324884045722210_0.jpg,324884045722210,2017-06-14T14:23:34+00:00,2017,34.01434,-118.47900305556,54.854245412809,False,mly_la,https://www.mapillary.com/app/?pKey=324884045722210,CC BY-SA 4.0,2,167,1,unknown,,0.0
venice_mar_vista/295116428771205_0,venice_mar_vista,crops/venice_mar_vista/295116428771205_0.jpg,295116428771205,2016-03-17T00:07:35.214000+00:00,2016,33.999926,-118.477499,116.9028,False,jesolem,https://www.mapillary.com/app/?pKey=295116428771205,CC BY-SA 4.0,1,166,2,unknown,,0.0
venice_mar_vista/167130698629873_0,venice_mar_vista,crops/venice_mar_vista/167130698629873_0.jpg,167130698629873,2017-06-14T12:37:40+00:00,2017,34.006851388889,-118.46506472222,44.330354949783,False,mly_la,https://www.mapillary.com/app/?pKey=167130698629873,CC BY-SA 4.0,1,166,1,unknown,,0.0
venice_mar_vista/514424590137192_0,venice_mar_vista,crops/venice_mar_vista/514424590137192_0.jpg,514424590137192,2017-06-14T13:48:18+00:00,2017,34.009096388889,-118.47933472222,71.788594074066,False,mly_la,https://www.mapillary.com/app/?pKey=514424590137192,CC BY-SA 4.0,1,164,1,unknown,,0.0
venice_mar_vista/1035269322660868_0,venice_mar_vista,crops/venice_mar_vista/1035269322660868_0.jpg,1035269322660868,2026-08-05T13:37:01.888000+00:00,2026,33.988497737879,-118.42008103821,162.46321582305,True,beddy,https://www.mapillary.com/app/?pKey=1035269322660868,CC BY-SA 4.0,1,164,1,unknown,,0.0
venice_mar_vista/1603873443139127_0,venice_mar_vista,crops/venice_mar_vista/1603873443139127_0.jpg,1603873443139127,2018-09-13T22:07:23.908000+00:00,2018,34.007537103561,-118.47702679308,317.39642333984,False,lvl5,https://www.mapillary.com/app/?pKey=1603873443139127,CC BY-SA 4.0,1,82,1,unknown,日,0.501
venice_mar_vista/314330516910490_0,venice_mar_vista,crops/venice_mar_vista/314330516910490_0.jpg,314330516910490,2018-07-12T13:48:29.872000+00:00,2018,33.997019835063,-118.42101495883,308.20983886719,False,lvl5,https://www.mapillary.com/app/?pKey=314330516910490,CC BY-SA 4.0,1,78,1,unknown,鱼,0.55
venice_mar_vista/1372720536438139_0,venice_mar_vista,crops/venice_mar_vista/1372720536438139_0.jpg,1372720536438139,2018-08-19T18:26:22.099000+00:00,2018,33.996357175438,-118.42017420512,128.17364501953,False,lvl5,https://www.mapillary.com/app/?pKey=1372720536438139,CC BY-SA 4.0,1,70,1,unknown,AREA,0.663
venice_mar_vista/2794792734106041_0,venice_mar_vista,crops/venice_mar_vista/2794792734106041_0.jpg,2794792734106041,2016-03-17T00:09:05.182000+00:00,2016,33.997644,-118.475211,109.0327,False,jesolem,https://www.mapillary.com/app/?pKey=2794792734106041,CC BY-SA 4.0,1,162,1,unknown,,0.0
venice_mar_vista/2964705727146343_0,venice_mar_vista,crops/venice_mar_vista/2964705727146343_0.jpg,2964705727146343,2018-08-19T16:33:56.856000+00:00,2018,33.99776068597,-118.42146797388,83.72354888916,False,lvl5,https://www.mapillary.com/app/?pKey=2964705727146343,CC BY-SA 4.0,2,161,1,unknown,,0.0
venice_mar_vista/135374381958339_0,venice_mar_vista,crops/venice_mar_vista/135374381958339_0.jpg,135374381958339,1970-01-01T00:00:00+00:00,1970,33.98964699595,-118.47607741295,322.76361083984,False,bicivan,https://www.mapillary.com/app/?pKey=135374381958339,CC BY-SA 4.0,1,161,1,unknown,,0.0
venice_mar_vista/2860976597450188_0,venice_mar_vista,crops/venice_mar_vista/2860976597450188_0.jpg,2860976597450188,2018-08-19T16:32:01.016000+00:00,2018,33.986959694774,-118.42417179889,33.885810852051,False,lvl5,https://www.mapillary.com/app/?pKey=2860976597450188,CC BY-SA 4.0,2,158,1,unknown,,0.0
venice_mar_vista/310343990476615_0,venice_mar_vista,crops/venice_mar_vista/310343990476615_0.jpg,310343990476615,2017-06-14T10:48:45+00:00,2017,33.999279722222,-118.47792805556,48.939223997174,False,mly_la,https://www.mapillary.com/app/?pKey=310343990476615,CC BY-SA 4.0,1,62,1,unknown,@,0.762
venice_mar_vista/490839008734449_0,venice_mar_vista,crops/venice_mar_vista/490839008734449_0.jpg,490839008734449,2017-06-14T12:28:12+00:00,2017,34.014008055556,-118.47937805556,138.07693450447,False,mly_la,https://www.mapillary.com/app/?pKey=490839008734449,CC BY-SA 4.0,2,157,1,unknown,,0.0
venice_mar_vista/317681166399212_0,venice_mar_vista,crops/venice_mar_vista/317681166399212_0.jpg,317681166399212,2017-06-14T13:09:15+00:00,2017,34.012319722222,-118.46951472222,321.2350369466,False,mly_la,https://www.mapillary.com/app/?pKey=317681166399212,CC BY-SA 4.0,1,157,1,unknown,,0.0
venice_mar_vista/446326039797408_1,venice_mar_vista,crops/venice_mar_vista/446326039797408_1.jpg,446326039797408,2014-01-23T22:45:06+00:00,2014,33.98505125,-118.467009,141.1312,False,jesolem,https://www.mapillary.com/app/?pKey=446326039797408,CC BY-SA 4.0,2,157,1,unknown,,0.0
venice_mar_vista/1007755980052916_2,venice_mar_vista,crops/venice_mar_vista/1007755980052916_2.jpg,1007755980052916,2016-03-15T17:57:57.316000+00:00,2016,33.991123,-118.464544,200.0253,False,jesolem,https://www.mapillary.com/app/?pKey=1007755980052916,CC BY-SA 4.0,2,157,1,unknown,,0.0
venice_mar_vista/1469015956825025_4,venice_mar_vista,crops/venice_mar_vista/1469015956825025_4.jpg,1469015956825025,2016-03-15T17:58:02.323000+00:00,2016,33.991064,-118.46458,211.3015,False,jesolem,https://www.mapillary.com/app/?pKey=1469015956825025,CC BY-SA 4.0,1,157,1,unknown,,0.0
venice_mar_vista/193275025957463_0,venice_mar_vista,crops/venice_mar_vista/193275025957463_0.jpg,193275025957463,2017-06-14T13:10:48+00:00,2017,34.014375,-118.47157305556,146.51600298196,False,mly_la,https://www.mapillary.com/app/?pKey=193275025957463,CC BY-SA 4.0,2,156,1,unknown,,0.0
venice_mar_vista/798906761054635_0,venice_mar_vista,crops/venice_mar_vista/798906761054635_0.jpg,798906761054635,1970-01-01T00:00:00+00:00,1970,33.992665635028,-118.47872318004,312.13201904297,False,bicivan,https://www.mapillary.com/app/?pKey=798906761054635,CC BY-SA 4.0,1,155,1,unknown,,0.0
venice_mar_vista/6117636561595470_0,venice_mar_vista,crops/venice_mar_vista/6117636561595470_0.jpg,6117636561595470,2017-06-14T13:21:44+00:00,2017,34.013268055556,-118.47718305556,55.418617797073,False,mly_la,https://www.mapillary.com/app/?pKey=6117636561595470,CC BY-SA 4.0,3,155,1,unknown,,0.0
venice_mar_vista/580620416431946_0,venice_mar_vista,crops/venice_mar_vista/580620416431946_0.jpg,580620416431946,2018-06-14T18:26:36.267000+00:00,2018,34.009243955873,-118.47928127325,133.68789672852,False,lvl5,https://www.mapillary.com/app/?pKey=580620416431946,CC BY-SA 4.0,1,69,1,unknown,K,0.617
venice_mar_vista/316692729826298_0,venice_mar_vista,crops/venice_mar_vista/316692729826298_0.jpg,316692729826298,2017-06-15T10:24:30+00:00,2017,34.014895,-118.46155638889,359.99999812028,False,mly_la,https://www.mapillary.com/app/?pKey=316692729826298,CC BY-SA 4.0,2,154,1,unknown,,0.0
venice_mar_vista/3963973633678639_0,venice_mar_vista,crops/venice_mar_vista/3963973633678639_0.jpg,3963973633678639,2017-06-14T10:11:03+00:00,2017,34.012616388889,-118.47253305556,225.90608887571,False,mly_la,https://www.mapillary.com/app/?pKey=3963973633678639,CC BY-SA 4.0,1,69,1,unknown,10,0.607
venice_mar_vista/141688601252271_0,venice_mar_vista,crops/venice_mar_vista/141688601252271_0.jpg,141688601252271,2017-06-14T11:01:53+00:00,2017,34.005088055556,-118.47411638889,238.90391578229,False,mly_la,https://www.mapillary.com/app/?pKey=141688601252271,CC BY-SA 4.0,1,66,1,unknown,4 | OVER 3TONS,0.654
venice_mar_vista/365909194812670_0,venice_mar_vista,crops/venice_mar_vista/365909194812670_0.jpg,365909194812670,2014-01-23T20:32:20+00:00,2014,33.993174,-118.479197,116.3719,False,gyllen,https://www.mapillary.com/app/?pKey=365909194812670,CC BY-SA 4.0,1,152,1,unknown,,0.0
venice_mar_vista/468974204315523_0,venice_mar_vista,crops/venice_mar_vista/468974204315523_0.jpg,468974204315523,2016-03-17T16:35:49.275000+00:00,2016,33.99837,-118.473487,204.6493,False,sarawabreus,https://www.mapillary.com/app/?pKey=468974204315523,CC BY-SA 4.0,1,151,1,unknown,,0.0
venice_mar_vista/478324470110152_0,venice_mar_vista,crops/venice_mar_vista/478324470110152_0.jpg,478324470110152,2018-09-13T22:07:33.279000+00:00,2018,34.008156388299,-118.4777724943,313.84725952148,False,lvl5,https://www.mapillary.com/app/?pKey=478324470110152,CC BY-SA 4.0,1,71,1,unknown,日,0.553
venice_mar_vista/273718864488777_0,venice_mar_vista,crops/venice_mar_vista/273718864488777_0.jpg,273718864488777,2018-09-12T23:44:11.411000+00:00,2018,33.992187059858,-118.44921502054,319.75695800781,False,lvl5,https://www.mapillary.com/app/?pKey=273718864488777,CC BY-SA 4.0,1,150,1,unknown,,0.0
venice_mar_vista/501422141039875_0,venice_mar_vista,crops/venice_mar_vista/501422141039875_0.jpg,501422141039875,2016-03-16T20:43:34.203000+00:00,2016,33.987942,-118.45262,234.399,False,jesolem,https://www.mapillary.com/app/?pKey=501422141039875,CC BY-SA 4.0,1,148,1,unknown,,0.0
venice_mar_vista/490168539074809_0,venice_mar_vista,crops/venice_mar_vista/490168539074809_0.jpg,490168539074809,2018-03-26T17:19:09+00:00,2018,33.990381599972,-118.45990879997,59.1,False,fta,https://www.mapillary.com/app/?pKey=490168539074809,CC BY-SA 4.0,1,148,1,unknown,,0.0
venice_mar_vista/510787099940931_0,venice_mar_vista,crops/venice_mar_vista/510787099940931_0.jpg,510787099940931,2017-06-15T10:23:10+00:00,2017,34.009701388889,-118.456995,190.84872753314,False,mly_la,https://www.mapillary.com/app/?pKey=510787099940931,CC BY-SA 4.0,2,148,1,unknown,,0.0
venice_mar_vista/207465897700729_0,venice_mar_vista,crops/venice_mar_vista/207465897700729_0.jpg,207465897700729,2018-09-13T22:07:23.606000+00:00,2018,34.007514574162,-118.47700147915,317.18405151367,False,lvl5,https://www.mapillary.com/app/?pKey=207465897700729,CC BY-SA 4.0,1,71,1,unknown,图,0.534
venice_mar_vista/1164757737298609_0,venice_mar_vista,crops/venice_mar_vista/1164757737298609_0.jpg,1164757737298609,2018-07-11T22:48:27.428000+00:00,2018,33.987499666846,-118.46790810981,268.91525268555,False,lvl5,https://www.mapillary.com/app/?pKey=1164757737298609,CC BY-SA 4.0,3,145,1,unknown,,0.0
venice_mar_vista/539816277015809_0,venice_mar_vista,crops/venice_mar_vista/539816277015809_0.jpg,539816277015809,2018-08-19T16:33:47.548000+00:00,2018,33.997447614112,-118.42162614523,305.87652587891,False,lvl5,https://www.mapillary.com/app/?pKey=539816277015809,CC BY-SA 4.0,1,62,2,unknown,山 | MUST,0.659
venice_mar_vista/2016385041842960_0,venice_mar_vista,crops/venice_mar_vista/2016385041842960_0.jpg,2016385041842960,2018-07-16T18:13:06.968000+00:00,2018,33.997378855666,-118.47999259785,324.2174987793,False,lvl5,https://www.mapillary.com/app/?pKey=2016385041842960,CC BY-SA 4.0,1,63,2,unknown,国,0.643
venice_mar_vista/298100035109218_0,venice_mar_vista,crops/venice_mar_vista/298100035109218_0.jpg,298100035109218,2017-06-14T13:08:56+00:00,2017,34.013419722222,-118.47065305556,138.45296740138,False,mly_la,https://www.mapillary.com/app/?pKey=298100035109218,CC BY-SA 4.0,2,144,1,unknown,,0.0
venice_mar_vista/365225838226449_0,venice_mar_vista,crops/venice_mar_vista/365225838226449_0.jpg,365225838226449,2017-06-14T12:23:02+00:00,2017,34.007628055556,-118.47522138889,319.07319540603,False,mly_la,https://www.mapillary.com/app/?pKey=365225838226449,CC BY-SA 4.0,2,143,1,unknown,,0.0
venice_mar_vista/2569916303303654_0,venice_mar_vista,crops/venice_mar_vista/2569916303303654_0.jpg,2569916303303654,2014-01-23T20:41:26+00:00,2014,33.986815,-118.475435,319.6098,False,gyllen,https://www.mapillary.com/app/?pKey=2569916303303654,CC BY-SA 4.0,2,142,1,unknown,,0.0
venice_mar_vista/257837939518531_0,venice_mar_vista,crops/venice_mar_vista/257837939518531_0.jpg,257837939518531,2018-07-23T15:27:29.939000+00:00,2018,34.003931749332,-118.43371318201,327.96517944336,False,lvl5,https://www.mapillary.com/app/?pKey=257837939518531,CC BY-SA 4.0,2,141,1,unknown,,0.0
venice_mar_vista/301907451608306_0,venice_mar_vista,crops/venice_mar_vista/301907451608306_0.jpg,301907451608306,2016-03-17T15:40:26.575000+00:00,2016,33.999922,-118.459602,302.2775,False,sarawabreus,https://www.mapillary.com/app/?pKey=301907451608306,CC BY-SA 4.0,1,141,1,unknown,,0.0
venice_mar_vista/1127521784427701_0,venice_mar_vista,crops/venice_mar_vista/1127521784427701_0.jpg,1127521784427701,2016-03-16T22:29:42.384000+00:00,2016,33.986239,-118.464853,152.6453,False,jesolem,https://www.mapillary.com/app/?pKey=1127521784427701,CC BY-SA 4.0,1,140,1,unknown,,0.0
venice_mar_vista/518087719199691_1,venice_mar_vista,crops/venice_mar_vista/518087719199691_1.jpg,518087719199691,2018-08-19T16:33:37.989000+00:00,2018,33.996673649824,-118.4204918145,308.17211914062,False,lvl5,https://www.mapillary.com/app/?pKey=518087719199691,CC BY-SA 4.0,1,60,2,unknown,2,0.659
venice_mar_vista/3864475740339062_1,venice_mar_vista,crops/venice_mar_vista/3864475740339062_1.jpg,3864475740339062,2016-03-15T19:24:16.745000+00:00,2016,33.992181,-118.472462,113.0214,False,sarawabreus,https://www.mapillary.com/app/?pKey=3864475740339062,CC BY-SA 4.0,1,140,1,unknown,,0.0
venice_mar_vista/307377420796466_0,venice_mar_vista,crops/venice_mar_vista/307377420796466_0.jpg,307377420796466,2017-06-14T10:47:38+00:00,2017,33.998158055556,-118.47976638889,211.09400973019,False,mly_la,https://www.mapillary.com/app/?pKey=307377420796466,CC BY-SA 4.0,2,139,1,unknown,,0.0
venice_mar_vista/2768263756819430_0,venice_mar_vista,crops/venice_mar_vista/2768263756819430_0.jpg,2768263756819430,2018-09-12T23:44:22.180000+00:00,2018,33.993050250732,-118.45049933938,302.21670532227,False,lvl5,https://www.mapillary.com/app/?pKey=2768263756819430,CC BY-SA 4.0,1,138,1,unknown,,0.0
venice_mar_vista/785878878729168_0,venice_mar_vista,crops/venice_mar_vista/785878878729168_0.jpg,785878878729168,2017-06-14T10:36:51+00:00,2017,33.997913055556,-118.47436638889,55.67673415825,False,mly_la,https://www.mapillary.com/app/?pKey=785878878729168,CC BY-SA 4.0,2,138,1,unknown,,0.0
venice_mar_vista/131475202269463_0,venice_mar_vista,crops/venice_mar_vista/131475202269463_0.jpg,131475202269463,2018-03-26T17:15:47+00:00,2018,33.9908949,-118.464956,107.1,False,fta,https://www.mapillary.com/app/?pKey=131475202269463,CC BY-SA 4.0,1,138,1,unknown,,0.0
venice_mar_vista/1188600184929517_0,venice_mar_vista,crops/venice_mar_vista/1188600184929517_0.jpg,1188600184929517,2017-06-14T11:47:37+00:00,2017,34.010931388889,-118.46324,59.077251193876,False,mly_la,https://www.mapillary.com/app/?pKey=1188600184929517,CC BY-SA 4.0,1,57,1,unknown,7 | 日,0.707
venice_mar_vista/843792556208675_0,venice_mar_vista,crops/venice_mar_vista/843792556208675_0.jpg,843792556208675,2017-06-15T10:22:09+00:00,2017,34.0127,-118.459825,54.847264176752,False,mly_la,https://www.mapillary.com/app/?pKey=843792556208675,CC BY-SA 4.0,2,136,1,unknown,,0.0
venice_mar_vista/745202582827616_0,venice_mar_vista,crops/venice_mar_vista/745202582827616_0.jpg,745202582827616,2018-08-19T16:34:03.525000+00:00,2018,33.9978630348,-118.42056541161,82.757080078125,False,lvl5,https://www.mapillary.com/app/?pKey=745202582827616,CC BY-SA 4.0,3,135,1,unknown,,0.0
venice_mar_vista/295538565551673_1,venice_mar_vista,crops/venice_mar_vista/295538565551673_1.jpg,295538565551673,2018-08-19T16:34:03.825000+00:00,2018,33.99786830119,-118.42051925842,81.705123901367,False,lvl5,https://www.mapillary.com/app/?pKey=295538565551673,CC BY-SA 4.0,2,135,2,unknown,,0.0
venice_mar_vista/2902608953315994_0,venice_mar_vista,crops/venice_mar_vista/2902608953315994_0.jpg,2902608953315994,2018-07-12T17:01:33.872000+00:00,2018,34.007328682772,-118.47696671246,134.296875,False,lvl5,https://www.mapillary.com/app/?pKey=2902608953315994,CC BY-SA 4.0,2,135,1,unknown,,0.0
venice_mar_vista/2959390560873167_0,venice_mar_vista,crops/venice_mar_vista/2959390560873167_0.jpg,2959390560873167,2017-06-14T13:55:42+00:00,2017,34.005338055556,-118.47999472222,317.80133871567,False,mly_la,https://www.mapillary.com/app/?pKey=2959390560873167,CC BY-SA 4.0,2,135,1,unknown,,0.0
venice_mar_vista/205696814450323_0,venice_mar_vista,crops/venice_mar_vista/205696814450323_0.jpg,205696814450323,2017-06-14T13:15:18+00:00,2017,34.010606388889,-118.47846305556,231.94321643965,False,mly_la,https://www.mapillary.com/app/?pKey=205696814450323,CC BY-SA 4.0,2,134,1,unknown,,0.0
venice_mar_vista/1172612106523837_0,venice_mar_vista,crops/venice_mar_vista/1172612106523837_0.jpg,1172612106523837,2017-06-14T12:03:22+00:00,2017,34.004981388889,-118.47148805556,322.40478382807,False,mly_la,https://www.mapillary.com/app/?pKey=1172612106523837,CC BY-SA 4.0,1,133,1,unknown,,0.0
venice_mar_vista/245753623680624_0,venice_mar_vista,crops/venice_mar_vista/245753623680624_0.jpg,245753623680624,2017-06-14T10:20:12+00:00,2017,34.009234722222,-118.47913638889,43.734127218578,False,mly_la,https://www.mapillary.com/app/?pKey=245753623680624,CC BY-SA 4.0,2,132,1,unknown,,0.0
venice_mar_vista/756308625077328_0,venice_mar_vista,crops/venice_mar_vista/756308625077328_0.jpg,756308625077328,2014-01-23T20:31:24+00:00,2014,33.993876,-118.479784,8.873444,False,gyllen,https://www.mapillary.com/app/?pKey=756308625077328,CC BY-SA 4.0,1,132,1,unknown,,0.0
venice_mar_vista/239409124607037_0,venice_mar_vista,crops/venice_mar_vista/239409124607037_0.jpg,239409124607037,2018-08-19T18:37:04.286000+00:00,2018,33.985023720775,-118.4548779975,240.41415405273,False,lvl5,https://www.mapillary.com/app/?pKey=239409124607037,CC BY-SA 4.0,1,65,1,unknown,e,0.507
venice_mar_vista/288530679664487_0,venice_mar_vista,crops/venice_mar_vista/288530679664487_0.jpg,288530679664487,2016-03-15T19:24:28.748000+00:00,2016,33.991881,-118.470991,115.0882,False,sarawabreus,https://www.mapillary.com/app/?pKey=288530679664487,CC BY-SA 4.0,1,131,1,unknown,,0.0
venice_mar_vista/471716663887094_1,venice_mar_vista,crops/venice_mar_vista/471716663887094_1.jpg,471716663887094,2016-10-22T00:38:41.492000+00:00,2016,33.987890334894,-118.45876547931,13.717321395874,False,jopparn,https://www.mapillary.com/app/?pKey=471716663887094,CC BY-SA 4.0,1,131,1,unknown,,0.0
venice_mar_vista/471466260757626_0,venice_mar_vista,crops/venice_mar_vista/471466260757626_0.jpg,471466260757626,2016-03-16T17:12:23.744000+00:00,2016,33.99699,-118.460366,24.45306,False,sarawabreus,https://www.mapillary.com/app/?pKey=471466260757626,CC BY-SA 4.0,1,131,1,unknown,,0.0
venice_mar_vista/128993929224511_0,venice_mar_vista,crops/venice_mar_vista/128993929224511_0.jpg,128993929224511,2017-06-14T13:25:15+00:00,2017,34.013854722222,-118.47779,51.191070012929,False,mly_la,https://www.mapillary.com/app/?pKey=128993929224511,CC BY-SA 4.0,2,131,1,unknown,,0.0
venice_mar_vista/140596931339558_0,venice_mar_vista,crops/venice_mar_vista/140596931339558_0.jpg,140596931339558,2018-09-12T23:51:09.879000+00:00,2018,34.009553654184,-118.47951858034,314.296875,False,lvl5,https://www.mapillary.com/app/?pKey=140596931339558,CC BY-SA 4.0,1,131,1,unknown,,0.0
venice_mar_vista/800878933926153_0,venice_mar_vista,crops/venice_mar_vista/800878933926153_0.jpg,800878933926153,2018-07-23T15:24:34.639000+00:00,2018,33.997955393409,-118.42914872968,327.40298461914,False,lvl5,https://www.mapillary.com/app/?pKey=800878933926153,CC BY-SA 4.0,1,131,1,unknown,,0.0
venice_mar_vista/946394779527550_0,venice_mar_vista,crops/venice_mar_vista/946394779527550_0.jpg,946394779527550,2014-01-23T20:25:13+00:00,2014,33.993666,-118.479964,88.10339,False,jesolem,https://www.mapillary.com/app/?pKey=946394779527550,CC BY-SA 4.0,1,130,1,unknown,,0.0
venice_mar_vista/1450834868631301_0,venice_mar_vista,crops/venice_mar_vista/1450834868631301_0.jpg,1450834868631301,2017-06-14T11:55:59+00:00,2017,34.012891388889,-118.45998472222,324.10147454171,False,mly_la,https://www.mapillary.com/app/?pKey=1450834868631301,CC BY-SA 4.0,2,130,1,unknown,,0.0
venice_mar_vista/153980463341840_1,venice_mar_vista,crops/venice_mar_vista/153980463341840_1.jpg,153980463341840,2017-06-14T10:48:23+00:00,2017,33.998495,-118.47907138889,136.54679271852,False,mly_la,https://www.mapillary.com/app/?pKey=153980463341840,CC BY-SA 4.0,2,129,1,unknown,,0.0
venice_mar_vista/842026706658671_0,venice_mar_vista,crops/venice_mar_vista/842026706658671_0.jpg,842026706658671,2017-06-14T11:17:37+00:00,2017,34.003109722222,-118.47250805556,133.61458872274,False,mly_la,https://www.mapillary.com/app/?pKey=842026706658671,CC BY-SA 4.0,1,129,1,unknown,,0.0
venice_mar_vista/200920278512484_0,venice_mar_vista,crops/venice_mar_vista/200920278512484_0.jpg,200920278512484,2016-03-17T15:52:43.640000+00:00,2016,33.994786,-118.463132,311.7953,False,sarawabreus,https://www.mapillary.com/app/?pKey=200920278512484,CC BY-SA 4.0,1,129,1,unknown,,0.0
venice_mar_vista/903591197159976_0,venice_mar_vista,crops/venice_mar_vista/903591197159976_0.jpg,903591197159976,1970-01-01T00:00:00+00:00,1970,33.9901012071,-118.47644616568,326.44342041016,False,bicivan,https://www.mapillary.com/app/?pKey=903591197159976,CC BY-SA 4.0,1,129,1,unknown,,0.0
venice_mar_vista/3893888477368373_0,venice_mar_vista,crops/venice_mar_vista/3893888477368373_0.jpg,3893888477368373,2016-03-15T00:58:54.971000+00:00,2016,33.998109,-118.473974,50.37561,False,jesolem,https://www.mapillary.com/app/?pKey=3893888477368373,CC BY-SA 4.0,2,129,1,unknown,,0.0
venice_mar_vista/3995322797248786_0,venice_mar_vista,crops/venice_mar_vista/3995322797248786_0.jpg,3995322797248786,2016-03-15T00:58:03.967000+00:00,2016,33.9966,-118.476877,54.74805,False,jesolem,https://www.mapillary.com/app/?pKey=3995322797248786,CC BY-SA 4.0,1,129,1,unknown,,0.0
venice_mar_vista/141952547958421_0,venice_mar_vista,crops/venice_mar_vista/141952547958421_0.jpg,141952547958421,2018-08-19T18:55:22.783000+00:00,2018,33.985306298943,-118.45286701658,95.568176269531,False,lvl5,https://www.mapillary.com/app/?pKey=141952547958421,CC BY-SA 4.0,2,128,1,unknown,,0.0
venice_mar_vista/132498515476246_1,venice_mar_vista,crops/venice_mar_vista/132498515476246_1.jpg,132498515476246,2016-03-17T00:22:15.738000+00:00,2016,33.991126,-118.465813,90.78497,False,jesolem,https://www.mapillary.com/app/?pKey=132498515476246,CC BY-SA 4.0,1,127,1,unknown,,0.0
venice_mar_vista/822686078338647_0,venice_mar_vista,crops/venice_mar_vista/822686078338647_0.jpg,822686078338647,2017-06-14T13:55:42+00:00,2017,34.005321388889,-118.47998138889,48.542196549288,False,mly_la,https://www.mapillary.com/app/?pKey=822686078338647,CC BY-SA 4.0,2,127,1,unknown,,0.0
venice_mar_vista/505256067499930_0,venice_mar_vista,crops/venice_mar_vista/505256067499930_0.jpg,505256067499930,2017-06-15T09:29:45+00:00,2017,34.014604722222,-118.46328472222,325.16156555719,False,mly_la,https://www.mapillary.com/app/?pKey=505256067499930,CC BY-SA 4.0,2,127,1,unknown,,0.0
venice_mar_vista/509054753790942_0,venice_mar_vista,crops/venice_mar_vista/509054753790942_0.jpg,509054753790942,2017-06-14T13:29:37+00:00,2017,34.014721388889,-118.47850138889,327.34364420172,False,mly_la,https://www.mapillary.com/app/?pKey=509054753790942,CC BY-SA 4.0,1,127,1,unknown,,0.0
venice_mar_vista/734327017264621_0,venice_mar_vista,crops/venice_mar_vista/734327017264621_0.jpg,734327017264621,2014-01-23T20:39:43+00:00,2014,33.987176,-118.473958,30.85696,False,gyllen,https://www.mapillary.com/app/?pKey=734327017264621,CC BY-SA 4.0,1,126,1,unknown,,0.0
venice_mar_vista/318115763216434_0,venice_mar_vista,crops/venice_mar_vista/318115763216434_0.jpg,318115763216434,2018-09-12T23:44:19.150000+00:00,2018,33.992851878093,-118.45012347759,306.29992675781,False,lvl5,https://www.mapillary.com/app/?pKey=318115763216434,CC BY-SA 4.0,1,126,1,unknown,,0.0
venice_mar_vista/249258860282840_0,venice_mar_vista,crops/venice_mar_vista/249258860282840_0.jpg,249258860282840,2016-03-16T17:11:43.760000+00:00,2016,33.994473,-118.462103,17.56104,False,sarawabreus,https://www.mapillary.com/app/?pKey=249258860282840,CC BY-SA 4.0,1,125,1,unknown,,0.0
venice_mar_vista/2923393574643678_0,venice_mar_vista,crops/venice_mar_vista/2923393574643678_0.jpg,2923393574643678,2016-03-17T18:44:59.129000+00:00,2016,33.996966,-118.479572,327.8796,False,jesolem,https://www.mapillary.com/app/?pKey=2923393574643678,CC BY-SA 4.0,1,124,1,unknown,,0.0
venice_mar_vista/512092906487663_0,venice_mar_vista,crops/venice_mar_vista/512092906487663_0.jpg,512092906487663,2017-06-14T14:23:39+00:00,2017,34.014666388889,-118.47840472222,56.101470803005,False,mly_la,https://www.mapillary.com/app/?pKey=512092906487663,CC BY-SA 4.0,2,124,1,unknown,,0.0
venice_mar_vista/789107191745801_0,venice_mar_vista,crops/venice_mar_vista/789107191745801_0.jpg,789107191745801,2017-06-14T10:36:43+00:00,2017,33.997595,-118.47496972222,147.80778562856,False,mly_la,https://www.mapillary.com/app/?pKey=789107191745801,CC BY-SA 4.0,1,61,1,unknown,2,0.502
venice_mar_vista/494964384885268_1,venice_mar_vista,crops/venice_mar_vista/494964384885268_1.jpg,494964384885268,2016-03-15T23:23:53.505000+00:00,2016,33.990446,-118.464855,21.35083,False,sarawabreus,https://www.mapillary.com/app/?pKey=494964384885268,CC BY-SA 4.0,1,123,1,unknown,,0.0
venice_mar_vista/2927919837487022_0,venice_mar_vista,crops/venice_mar_vista/2927919837487022_0.jpg,2927919837487022,2016-03-17T16:37:22.402000+00:00,2016,33.99546,-118.474464,217.1885,False,sarawabreus,https://www.mapillary.com/app/?pKey=2927919837487022,CC BY-SA 4.0,1,123,1,unknown,,0.0
venice_mar_vista/463071214989096_0,venice_mar_vista,crops/venice_mar_vista/463071214989096_0.jpg,463071214989096,2014-01-23T20:40:41+00:00,2014,33.986749,-118.474942,287.7144,False,gyllen,https://www.mapillary.com/app/?pKey=463071214989096,CC BY-SA 4.0,2,123,1,unknown,,0.0
venice_mar_vista/132403122203247_0,venice_mar_vista,crops/venice_mar_vista/132403122203247_0.jpg,132403122203247,2014-01-23T22:44:33+00:00,2014,33.985347,-118.46744,56.0127,False,jesolem,https://www.mapillary.com/app/?pKey=132403122203247,CC BY-SA 4.0,1,123,1,unknown,,0.0
venice_mar_vista/842661026327269_0,venice_mar_vista,crops/venice_mar_vista/842661026327269_0.jpg,842661026327269,2014-01-23T20:28:32+00:00,2014,33.987494,-118.475273,159.8577,False,jesolem,https://www.mapillary.com/app/?pKey=842661026327269,CC BY-SA 4.0,1,123,1,unknown,,0.0
venice_mar_vista/291450646038242_0,venice_mar_vista,crops/venice_mar_vista/291450646038242_0.jpg,291450646038242,2014-01-23T20:39:41+00:00,2014,33.987168,-118.473956,77.77197,False,gyllen,https://www.mapillary.com/app/?pKey=291450646038242,CC BY-SA 4.0,1,123,1,unknown,,0.0
venice_mar_vista/1340137276371324_0,venice_mar_vista,crops/venice_mar_vista/1340137276371324_0.jpg,1340137276371324,2016-03-17T00:06:56.208000+00:00,2016,34.001551,-118.479101,116.5677,False,jesolem,https://www.mapillary.com/app/?pKey=1340137276371324,CC BY-SA 4.0,1,122,1,unknown,,0.0
venice_mar_vista/308264097518638_0,venice_mar_vista,crops/venice_mar_vista/308264097518638_0.jpg,308264097518638,2018-08-19T16:33:56.449000+00:00,2018,33.997750123374,-118.42151309101,83.72354888916,False,lvl5,https://www.mapillary.com/app/?pKey=308264097518638,CC BY-SA 4.0,2,121,1,unknown,,0.0
venice_mar_vista/2961389627479158_0,venice_mar_vista,crops/venice_mar_vista/2961389627479158_0.jpg,2961389627479158,2016-03-16T22:34:21.095000+00:00,2016,33.985981,-118.467822,328.6267,False,jesolem,https://www.mapillary.com/app/?pKey=2961389627479158,CC BY-SA 4.0,1,121,1,unknown,,0.0
venice_mar_vista/801793953876087_0,venice_mar_vista,crops/venice_mar_vista/801793953876087_0.jpg,801793953876087,2018-08-19T18:28:19.409000+00:00,2018,33.988367681479,-118.42308578999,214.03096008301,False,lvl5,https://www.mapillary.com/app/?pKey=801793953876087,CC BY-SA 4.0,2,120,1,unknown,,0.0
venice_mar_vista/768695240685431_0,venice_mar_vista,crops/venice_mar_vista/768695240685431_0.jpg,768695240685431,2017-06-14T13:48:11+00:00,2017,34.008871388889,-118.47976805556,53.489035487688,False,mly_la,https://www.mapillary.com/app/?pKey=768695240685431,CC BY-SA 4.0,2,120,1,unknown,,0.0
venice_mar_vista/4263599213661301_0,venice_mar_vista,crops/venice_mar_vista/4263599213661301_0.jpg,4263599213661301,2018-09-13T22:10:20.695000+00:00,2018,34.014309080639,-118.47916833429,56.219146728516,False,lvl5,https://www.mapillary.com/app/?pKey=4263599213661301,CC BY-SA 4.0,2,119,1,unknown,,0.0
venice_mar_vista/395504941756801_0,venice_mar_vista,crops/venice_mar_vista/395504941756801_0.jpg,395504941756801,2017-06-15T10:29:53+00:00,2017,34.014823055556,-118.46416638889,56.645528666804,False,mly_la,https://www.mapillary.com/app/?pKey=395504941756801,CC BY-SA 4.0,2,119,1,unknown,,0.0
venice_mar_vista/302027278084206_0,venice_mar_vista,crops/venice_mar_vista/302027278084206_0.jpg,302027278084206,2016-03-13T20:53:25.911000+00:00,2016,34.000722,-118.469162,6.693359,False,jesolem,https://www.mapillary.com/app/?pKey=302027278084206,CC BY-SA 4.0,1,119,1,unknown,,0.0
venice_mar_vista/477759640217774_0,venice_mar_vista,crops/venice_mar_vista/477759640217774_0.jpg,477759640217774,1970-01-01T00:00:00+00:00,1970,33.98694453914,-118.47360792368,323.60845947266,False,bicivan,https://www.mapillary.com/app/?pKey=477759640217774,CC BY-SA 4.0,1,119,1,unknown,,0.0
venice_mar_vista/985663985573618_0,venice_mar_vista,crops/venice_mar_vista/985663985573618_0.jpg,985663985573618,1970-01-01T00:00:00+00:00,1970,33.992890969646,-118.47892767678,15.449157714844,False,bicivan,https://www.mapillary.com/app/?pKey=985663985573618,CC BY-SA 4.0,1,119,1,unknown,,0.0
venice_mar_vista/485375035918141_0,venice_mar_vista,crops/venice_mar_vista/485375035918141_0.jpg,485375035918141,2014-01-23T20:39:41+00:00,2014,33.987176,-118.473958,63.80148,False,gyllen,https://www.mapillary.com/app/?pKey=485375035918141,CC BY-SA 4.0,1,118,1,unknown,,0.0
venice_mar_vista/513870989646787_0,venice_mar_vista,crops/venice_mar_vista/513870989646787_0.jpg,513870989646787,2016-03-16T22:38:09.314000+00:00,2016,33.992372,-118.475978,319.5981,False,jesolem,https://www.mapillary.com/app/?pKey=513870989646787,CC BY-SA 4.0,1,117,1,unknown,,0.0
venice_mar_vista/799225907375226_0,venice_mar_vista,crops/venice_mar_vista/799225907375226_0.jpg,799225907375226,2017-06-15T10:40:03+00:00,2017,34.01467,-118.47855638889,291.33453459591,False,mly_la,https://www.mapillary.com/app/?pKey=799225907375226,CC BY-SA 4.0,2,117,1,unknown,,0.0
venice_mar_vista/1924231701075605_0,venice_mar_vista,crops/venice_mar_vista/1924231701075605_0.jpg,1924231701075605,2018-08-18T02:12:06.802000+00:00,2018,33.994890103608,-118.42883870147,352.82174682617,False,lvl5,https://www.mapillary.com/app/?pKey=1924231701075605,CC BY-SA 4.0,1,116,1,unknown,,0.0
venice_mar_vista/895346767990226_0,venice_mar_vista,crops/venice_mar_vista/895346767990226_0.jpg,895346767990226,2017-06-15T10:21:46+00:00,2017,34.014814722222,-118.46156,248.82808820161,False,mly_la,https://www.mapillary.com/app/?pKey=895346767990226,CC BY-SA 4.0,2,115,1,unknown,,0.0
venice_mar_vista/2974488252879512_0,venice_mar_vista,crops/venice_mar_vista/2974488252879512_0.jpg,2974488252879512,2017-06-14T14:23:38+00:00,2017,34.014506388889,-118.47867472222,146.89073674551,False,mly_la,https://www.mapillary.com/app/?pKey=2974488252879512,CC BY-SA 4.0,1,115,1,unknown,,0.0
venice_mar_vista/225626059573217_1,venice_mar_vista,crops/venice_mar_vista/225626059573217_1.jpg,225626059573217,2018-07-19T15:09:21.968000+00:00,2018,33.985292981725,-118.45241224888,285.18246459961,False,lvl5,https://www.mapillary.com/app/?pKey=225626059573217,CC BY-SA 4.0,1,115,1,unknown,,0.0
venice_mar_vista/524580842041354_0,venice_mar_vista,crops/venice_mar_vista/524580842041354_0.jpg,524580842041354,2017-06-15T09:32:09+00:00,2017,34.013283055556,-118.46576638889,155.67076127641,False,mly_la,https://www.mapillary.com/app/?pKey=524580842041354,CC BY-SA 4.0,2,114,1,unknown,,0.0
venice_mar_vista/874113613170934_0,venice_mar_vista,crops/venice_mar_vista/874113613170934_0.jpg,874113613170934,2017-06-14T13:09:51+00:00,2017,34.011943055556,-118.471745,49.660855658832,False,mly_la,https://www.mapillary.com/app/?pKey=874113613170934,CC BY-SA 4.0,1,114,1,unknown,,0.0
venice_mar_vista/906011936887225_0,venice_mar_vista,crops/venice_mar_vista/906011936887225_0.jpg,906011936887225,2014-01-23T20:39:42+00:00,2014,33.987176,-118.473958,52.51837,False,gyllen,https://www.mapillary.com/app/?pKey=906011936887225,CC BY-SA 4.0,1,114,1,unknown,,0.0
venice_mar_vista/1861527734006578_0,venice_mar_vista,crops/venice_mar_vista/1861527734006578_0.jpg,1861527734006578,2018-09-13T22:07:50.694000+00:00,2018,34.009549715543,-118.47949660622,314.052734375,False,lvl5,https://www.mapillary.com/app/?pKey=1861527734006578,CC BY-SA 4.0,1,113,1,unknown,,0.0
venice_mar_vista/1950178591787013_0,venice_mar_vista,crops/venice_mar_vista/1950178591787013_0.jpg,1950178591787013,2018-07-12T13:47:11.305000+00:00,2018,33.990341365679,-118.42135248139,34.197113037109,False,lvl5,https://www.mapillary.com/app/?pKey=1950178591787013,CC BY-SA 4.0,2,112,1,unknown,,0.0
venice_mar_vista/794362151499175_1,venice_mar_vista,crops/venice_mar_vista/794362151499175_1.jpg,794362151499175,2017-06-15T10:40:06+00:00,2017,34.014646388889,-118.47855305556,208.13654977552,False,mly_la,https://www.mapillary.com/app/?pKey=794362151499175,CC BY-SA 4.0,2,112,1,unknown,,0.0
venice_mar_vista/1681912725530961_0,venice_mar_vista,crops/venice_mar_vista/1681912725530961_0.jpg,1681912725530961,2017-06-14T11:51:57+00:00,2017,34.009938055556,-118.46432638889,230.9606749206,False,mly_la,https://www.mapillary.com/app/?pKey=1681912725530961,CC BY-SA 4.0,2,111,1,unknown,,0.0
venice_mar_vista/2540014622973474_0,venice_mar_vista,crops/venice_mar_vista/2540014622973474_0.jpg,2540014622973474,2018-09-13T22:07:27.107000+00:00,2018,34.007752653571,-118.47727828488,315.62686157227,False,lvl5,https://www.mapillary.com/app/?pKey=2540014622973474,CC BY-SA 4.0,1,111,1,unknown,,0.0
venice_mar_vista/1069479943541988_0,venice_mar_vista,crops/venice_mar_vista/1069479943541988_0.jpg,1069479943541988,2019-01-05T22:58:56.093000+00:00,2019,33.987113315163,-118.44458132115,322.96102905273,False,lvl5,https://www.mapillary.com/app/?pKey=1069479943541988,CC BY-SA 4.0,1,111,1,unknown,,0.0
venice_mar_vista/1446742609006818_0,venice_mar_vista,crops/venice_mar_vista/1446742609006818_0.jpg,1446742609006818,2016-03-15T17:59:17.305000+00:00,2016,33.990983,-118.465681,271.3964,False,jesolem,https://www.mapillary.com/app/?pKey=1446742609006818,CC BY-SA 4.0,1,111,1,unknown,,0.0
venice_mar_vista/533073801233454_1,venice_mar_vista,crops/venice_mar_vista/533073801233454_1.jpg,533073801233454,2018-07-23T15:29:35.519000+00:00,2018,34.014760699443,-118.44190410224,328.0078125,False,lvl5,https://www.mapillary.com/app/?pKey=533073801233454,CC BY-SA 4.0,2,110,1,unknown,,0.0
venice_mar_vista/491616195523651_0,venice_mar_vista,crops/venice_mar_vista/491616195523651_0.jpg,491616195523651,2017-06-14T11:38:33+00:00,2017,34.012164722222,-118.45934472222,145.25536588106,False,mly_la,https://www.mapillary.com/app/?pKey=491616195523651,CC BY-SA 4.0,2,109,1,unknown,,0.0
venice_mar_vista/303312538178951_0,venice_mar_vista,crops/venice_mar_vista/303312538178951_0.jpg,303312538178951,2018-08-18T02:07:53.585000+00:00,2018,33.991813270218,-118.42190627072,313.29913330078,False,lvl5,https://www.mapillary.com/app/?pKey=303312538178951,CC BY-SA 4.0,1,109,1,unknown,,0.0
venice_mar_vista/771450253560306_0,venice_mar_vista,crops/venice_mar_vista/771450253560306_0.jpg,771450253560306,2018-08-19T18:26:22.841000+00:00,2018,33.996293709013,-118.42007070699,128.17242431641,False,lvl5,https://www.mapillary.com/app/?pKey=771450253560306,CC BY-SA 4.0,1,109,1,unknown,,0.0
venice_mar_vista/267740035033633_1,venice_mar_vista,crops/venice_mar_vista/267740035033633_1.jpg,267740035033633,2016-03-15T17:58:14.810000+00:00,2016,33.990893,-118.464701,201.4094,False,jesolem,https://www.mapillary.com/app/?pKey=267740035033633,CC BY-SA 4.0,1,109,1,unknown,,0.0
venice_mar_vista/262160422314928_0,venice_mar_vista,crops/venice_mar_vista/262160422314928_0.jpg,262160422314928,2017-06-14T11:06:56+00:00,2017,33.99915,-118.47822138889,241.89109331368,False,mly_la,https://www.mapillary.com/app/?pKey=262160422314928,CC BY-SA 4.0,2,109,1,unknown,,0.0
venice_mar_vista/148539500554410_0,venice_mar_vista,crops/venice_mar_vista/148539500554410_0.jpg,148539500554410,2017-06-14T10:12:29+00:00,2017,34.009458055556,-118.47207305556,55.798640752196,False,mly_la,https://www.mapillary.com/app/?pKey=148539500554410,CC BY-SA 4.0,1,109,1,unknown,,0.0
venice_mar_vista/1931665907010084_0,venice_mar_vista,crops/venice_mar_vista/1931665907010084_0.jpg,1931665907010084,2018-07-12T17:01:33.262000+00:00,2018,34.007374857846,-118.47702666084,134.296875,False,lvl5,https://www.mapillary.com/app/?pKey=1931665907010084,CC BY-SA 4.0,2,108,1,unknown,,0.0
venice_mar_vista/155312686593923_0,venice_mar_vista,crops/venice_mar_vista/155312686593923_0.jpg,155312686593923,2016-03-15T01:03:04.969000+00:00,2016,33.992947,-118.464514,30.68237,False,jesolem,https://www.mapillary.com/app/?pKey=155312686593923,CC BY-SA 4.0,1,108,1,unknown,,0.0
venice_mar_vista/490264265356108_0,venice_mar_vista,crops/venice_mar_vista/490264265356108_0.jpg,490264265356108,2017-06-14T10:10:52+00:00,2017,34.013329722222,-118.47324638889,317.87812018219,False,mly_la,https://www.mapillary.com/app/?pKey=490264265356108,CC BY-SA 4.0,2,107,1,unknown,,0.0
venice_mar_vista/3789997544388170_0,venice_mar_vista,crops/venice_mar_vista/3789997544388170_0.jpg,3789997544388170,2017-06-14T13:05:47+00:00,2017,34.010258055556,-118.47649305556,324.98997916009,False,mly_la,https://www.mapillary.com/app/?pKey=3789997544388170,CC BY-SA 4.0,2,107,1,unknown,,0.0
venice_mar_vista/310879827115222_0,venice_mar_vista,crops/venice_mar_vista/310879827115222_0.jpg,310879827115222,2017-06-14T10:50:31+00:00,2017,34.003396388889,-118.471955,329.86242048529,False,mly_la,https://www.mapillary.com/app/?pKey=310879827115222,CC BY-SA 4.0,1,107,1,unknown,,0.0
venice_mar_vista/2234576950009046_0,venice_mar_vista,crops/venice_mar_vista/2234576950009046_0.jpg,2234576950009046,2016-03-16T20:40:48.096000+00:00,2016,33.99028,-118.46451,41.64081,False,jesolem,https://www.mapillary.com/app/?pKey=2234576950009046,CC BY-SA 4.0,1,106,1,unknown,,0.0
venice_mar_vista/542635307161249_0,venice_mar_vista,crops/venice_mar_vista/542635307161249_0.jpg,542635307161249,2018-07-11T18:21:01.833000+00:00,2018,34.006116838273,-118.43536880292,327.77310180664,False,lvl5,https://www.mapillary.com/app/?pKey=542635307161249,CC BY-SA 4.0,1,106,1,unknown,,0.0
venice_mar_vista/296510138695022_0,venice_mar_vista,crops/venice_mar_vista/296510138695022_0.jpg,296510138695022,2016-03-15T17:57:54.838000+00:00,2016,33.991165,-118.464523,217.4436,False,jesolem,https://www.mapillary.com/app/?pKey=296510138695022,CC BY-SA 4.0,1,106,1,unknown,,0.0
venice_mar_vista/198707255227698_0,venice_mar_vista,crops/venice_mar_vista/198707255227698_0.jpg,198707255227698,2017-06-14T13:09:18+00:00,2017,34.012169722222,-118.46943,30.829676431893,False,mly_la,https://www.mapillary.com/app/?pKey=198707255227698,CC BY-SA 4.0,2,106,1,unknown,,0.0
venice_mar_vista/160039526039425_0,venice_mar_vista,crops/venice_mar_vista/160039526039425_0.jpg,160039526039425,2017-06-14T12:18:01+00:00,2017,34.012573055556,-118.46457138889,322.02405152258,False,mly_la,https://www.mapillary.com/app/?pKey=160039526039425,CC BY-SA 4.0,1,106,1,unknown,,0.0
venice_mar_vista/203678558010606_0,venice_mar_vista,crops/venice_mar_vista/203678558010606_0.jpg,203678558010606,2017-06-14T10:58:45+00:00,2017,34.002821388889,-118.47641138889,250.10594944156,False,mly_la,https://www.mapillary.com/app/?pKey=203678558010606,CC BY-SA 4.0,1,106,1,unknown,,0.0
venice_mar_vista/1109776619490422_0,venice_mar_vista,crops/venice_mar_vista/1109776619490422_0.jpg,1109776619490422,2017-06-14T10:34:26+00:00,2017,33.995591388889,-118.47877305556,144.87013298813,False,mly_la,https://www.mapillary.com/app/?pKey=1109776619490422,CC BY-SA 4.0,1,105,1,unknown,,0.0
venice_mar_vista/1249671568821112_0,venice_mar_vista,crops/venice_mar_vista/1249671568821112_0.jpg,1249671568821112,2017-06-15T10:30:27+00:00,2017,34.014423055556,-118.46527638889,146.26809843265,False,mly_la,https://www.mapillary.com/app/?pKey=1249671568821112,CC BY-SA 4.0,2,105,1,unknown,,0.0
venice_mar_vista/331046445333241_0,venice_mar_vista,crops/venice_mar_vista/331046445333241_0.jpg,331046445333241,2018-08-19T16:32:20.117000+00:00,2018,33.989966769928,-118.42172110936,34.255210876465,False,lvl5,https://www.mapillary.com/app/?pKey=331046445333241,CC BY-SA 4.0,2,105,1,unknown,,0.0
venice_mar_vista/1199598740513484_0,venice_mar_vista,crops/venice_mar_vista/1199598740513484_0.jpg,1199598740513484,2017-06-14T12:32:31+00:00,2017,34.011875,-118.47164638889,318.33092666639,False,mly_la,https://www.mapillary.com/app/?pKey=1199598740513484,CC BY-SA 4.0,1,105,1,unknown,,0.0
venice_mar_vista/288948412892572_0,venice_mar_vista,crops/venice_mar_vista/288948412892572_0.jpg,288948412892572,2018-08-19T16:32:26.115000+00:00,2018,33.990808799008,-118.42101122735,34.176208496094,False,lvl5,https://www.mapillary.com/app/?pKey=288948412892572,CC BY-SA 4.0,1,105,1,unknown,,0.0
venice_mar_vista/372239251088936_0,venice_mar_vista,crops/venice_mar_vista/372239251088936_0.jpg,372239251088936,2018-07-11T18:19:20.894000+00:00,2018,34.002144701642,-118.43235096671,327.65625,False,lvl5,https://www.mapillary.com/app/?pKey=372239251088936,CC BY-SA 4.0,1,104,1,unknown,,0.0
venice_mar_vista/755695661981937_0,venice_mar_vista,crops/venice_mar_vista/755695661981937_0.jpg,755695661981937,2016-03-13T20:50:39.906000+00:00,2016,33.999122,-118.476644,135.005,False,jesolem,https://www.mapillary.com/app/?pKey=755695661981937,CC BY-SA 4.0,1,103,1,unknown,,0.0
venice_mar_vista/516690729343287_0,venice_mar_vista,crops/venice_mar_vista/516690729343287_0.jpg,516690729343287,2016-03-13T20:38:22.923000+00:00,2016,33.996063,-118.476523,317.0648,False,jesolem,https://www.mapillary.com/app/?pKey=516690729343287,CC BY-SA 4.0,1,103,1,unknown,,0.0
venice_mar_vista/272219211001984_0,venice_mar_vista,crops/venice_mar_vista/272219211001984_0.jpg,272219211001984,2018-07-19T15:11:18.276000+00:00,2018,33.985242456584,-118.45276996055,98.608283996582,False,lvl5,https://www.mapillary.com/app/?pKey=272219211001984,CC BY-SA 4.0,2,102,1,unknown,,0.0
venice_mar_vista/740651259932664_0,venice_mar_vista,crops/venice_mar_vista/740651259932664_0.jpg,740651259932664,2017-06-14T11:19:50+00:00,2017,34.004173055556,-118.47556,143.45886426181,False,mly_la,https://www.mapillary.com/app/?pKey=740651259932664,CC BY-SA 4.0,1,102,1,unknown,,0.0
venice_mar_vista/2794792734106041_1,venice_mar_vista,crops/venice_mar_vista/2794792734106041_1.jpg,2794792734106041,2016-03-17T00:09:05.182000+00:00,2016,33.997644,-118.475211,109.0327,False,jesolem,https://www.mapillary.com/app/?pKey=2794792734106041,CC BY-SA 4.0,1,101,1,unknown,,0.0
venice_mar_vista/3856856351099665_0,venice_mar_vista,crops/venice_mar_vista/3856856351099665_0.jpg,3856856351099665,2014-01-23T20:46:48+00:00,2014,33.985193,-118.472244,129.2685,False,gyllen,https://www.mapillary.com/app/?pKey=3856856351099665,CC BY-SA 4.0,1,101,1,unknown,,0.0
venice_mar_vista/1698107860376311_0,venice_mar_vista,crops/venice_mar_vista/1698107860376311_0.jpg,1698107860376311,2018-07-12T17:17:20.999000+00:00,2018,33.994566366391,-118.47614129635,239.76379394531,False,lvl5,https://www.mapillary.com/app/?pKey=1698107860376311,CC BY-SA 4.0,2,101,1,unknown,,0.0
venice_mar_vista/1102628573579664_0,venice_mar_vista,crops/venice_mar_vista/1102628573579664_0.jpg,1102628573579664,2017-06-14T10:48:06+00:00,2017,33.998094722222,-118.47971305556,40.747029130734,False,mly_la,https://www.mapillary.com/app/?pKey=1102628573579664,CC BY-SA 4.0,2,101,1,unknown,,0.0
venice_mar_vista/2838485349802011_0,venice_mar_vista,crops/venice_mar_vista/2838485349802011_0.jpg,2838485349802011,2016-03-16T22:29:41.395000+00:00,2016,33.986267,-118.464878,151.7769,False,jesolem,https://www.mapillary.com/app/?pKey=2838485349802011,CC BY-SA 4.0,1,100,1,unknown,,0.0
venice_mar_vista/1106848073168975_1,venice_mar_vista,crops/venice_mar_vista/1106848073168975_1.jpg,1106848073168975,2016-03-15T17:57:49.823000+00:00,2016,33.991237,-118.464479,209.9615,False,jesolem,https://www.mapillary.com/app/?pKey=1106848073168975,CC BY-SA 4.0,1,100,1,unknown,,0.0
venice_mar_vista/499440097905867_1,venice_mar_vista,crops/venice_mar_vista/499440097905867_1.jpg,499440097905867,2016-03-17T18:44:12.120000+00:00,2016,33.994411,-118.476382,224.9249,False,jesolem,https://www.mapillary.com/app/?pKey=499440097905867,CC BY-SA 4.0,1,100,1,unknown,,0.0
venice_mar_vista/213445923543096_0,venice_mar_vista,crops/venice_mar_vista/213445923543096_0.jpg,213445923543096,2014-01-23T20:38:14+00:00,2014,33.988351,-118.474958,9.439026,False,gyllen,https://www.mapillary.com/app/?pKey=213445923543096,CC BY-SA 4.0,1,99,1,unknown,,0.0
venice_mar_vista/1134139857105719_0,venice_mar_vista,crops/venice_mar_vista/1134139857105719_0.jpg,1134139857105719,2014-01-23T20:38:39+00:00,2014,33.988074,-118.47477,25.1459,False,gyllen,https://www.mapillary.com/app/?pKey=1134139857105719,CC BY-SA 4.0,1,99,1,unknown,,0.0
venice_mar_vista/879463005935269_1,venice_mar_vista,crops/venice_mar_vista/879463005935269_1.jpg,879463005935269,2016-03-13T20:53:28.885000+00:00,2016,34.000797,-118.469182,336.4756,False,jesolem,https://www.mapillary.com/app/?pKey=879463005935269,CC BY-SA 4.0,1,99,1,unknown,,0.0
venice_mar_vista/315522537031798_0,venice_mar_vista,crops/venice_mar_vista/315522537031798_0.jpg,315522537031798,2018-07-23T15:28:50.104000+00:00,2018,34.012992694135,-118.44057833236,327.69314575195,False,lvl5,https://www.mapillary.com/app/?pKey=315522537031798,CC BY-SA 4.0,2,99,1,unknown,,0.0
venice_mar_vista/3966112593471443_1,venice_mar_vista,crops/venice_mar_vista/3966112593471443_1.jpg,3966112593471443,2017-06-14T12:28:02+00:00,2017,34.013558055556,-118.47899638889,231.00232505399,False,mly_la,https://www.mapillary.com/app/?pKey=3966112593471443,CC BY-SA 4.0,1,98,1,unknown,,0.0
venice_mar_vista/1677017822508604_0,venice_mar_vista,crops/venice_mar_vista/1677017822508604_0.jpg,1677017822508604,2018-07-11T22:50:39.971000+00:00,2018,33.9932105172,-118.47494710501,322.734375,False,lvl5,https://www.mapillary.com/app/?pKey=1677017822508604,CC BY-SA 4.0,2,97,1,unknown,,0.0
venice_mar_vista/294856765417628_0,venice_mar_vista,crops/venice_mar_vista/294856765417628_0.jpg,294856765417628,2016-03-13T20:25:06.928000+00:00,2016,33.996645,-118.47828,157.1117,False,jesolem,https://www.mapillary.com/app/?pKey=294856765417628,CC BY-SA 4.0,1,97,1,unknown,,0.0
venice_mar_vista/865174537401292_1,venice_mar_vista,crops/venice_mar_vista/865174537401292_1.jpg,865174537401292,2017-06-14T11:29:04+00:00,2017,34.006571388889,-118.46272305556,162.54487040685,False,mly_la,https://www.mapillary.com/app/?pKey=865174537401292,CC BY-SA 4.0,2,97,1,unknown,,0.0
venice_mar_vista/4466870713342369_1,venice_mar_vista,crops/venice_mar_vista/4466870713342369_1.jpg,4466870713342369,2015-09-10T20:24:36.958000+00:00,2015,33.999636,-118.441864,240.8083,False,canadarunner,https://www.mapillary.com/app/?pKey=4466870713342369,CC BY-SA 4.0,1,96,1,unknown,,0.0
venice_mar_vista/829922064618854_0,venice_mar_vista,crops/venice_mar_vista/829922064618854_0.jpg,829922064618854,2015-09-10T22:55:22.787000+00:00,2015,34.004468,-118.431919,54.68121,False,canadarunner,https://www.mapillary.com/app/?pKey=829922064618854,CC BY-SA 4.0,1,96,1,unknown,,0.0
venice_mar_vista/823788508234511_0,venice_mar_vista,crops/venice_mar_vista/823788508234511_0.jpg,823788508234511,2016-03-15T01:01:02.961000+00:00,2016,33.994493,-118.468118,135.2608,False,jesolem,https://www.mapillary.com/app/?pKey=823788508234511,CC BY-SA 4.0,1,96,1,unknown,,0.0
venice_mar_vista/559362711715679_0,venice_mar_vista,crops/venice_mar_vista/559362711715679_0.jpg,559362711715679,2017-06-14T13:02:26+00:00,2017,34.008084722222,-118.47639305556,325.57265033228,False,mly_la,https://www.mapillary.com/app/?pKey=559362711715679,CC BY-SA 4.0,2,96,1,unknown,,0.0
venice_mar_vista/141025501335992_0,venice_mar_vista,crops/venice_mar_vista/141025501335992_0.jpg,141025501335992,2017-06-14T10:36:40+00:00,2017,33.997513055556,-118.47511805556,146.99694721325,False,mly_la,https://www.mapillary.com/app/?pKey=141025501335992,CC BY-SA 4.0,1,96,1,unknown,,0.0
venice_mar_vista/1269288476861375_0,venice_mar_vista,crops/venice_mar_vista/1269288476861375_0.jpg,1269288476861375,2017-06-14T12:01:53+00:00,2017,34.00368,-118.47031472222,336.0027589089,False,mly_la,https://www.mapillary.com/app/?pKey=1269288476861375,CC BY-SA 4.0,1,95,1,unknown,,0.0
venice_mar_vista/225626059573217_0,venice_mar_vista,crops/venice_mar_vista/225626059573217_0.jpg,225626059573217,2018-07-19T15:09:21.968000+00:00,2018,33.985292981725,-118.45241224888,285.18246459961,False,lvl5,https://www.mapillary.com/app/?pKey=225626059573217,CC BY-SA 4.0,1,95,1,unknown,,0.0
venice_mar_vista/470890790881755_0,venice_mar_vista,crops/venice_mar_vista/470890790881755_0.jpg,470890790881755,2017-06-14T11:03:44+00:00,2017,34.00108,-118.478995,318.98218709323,False,mly_la,https://www.mapillary.com/app/?pKey=470890790881755,CC BY-SA 4.0,1,95,1,unknown,,0.0
venice_mar_vista/536943903982098_0,venice_mar_vista,crops/venice_mar_vista/536943903982098_0.jpg,536943903982098,2017-06-15T10:40:07+00:00,2017,34.014863055556,-118.47861805556,223.34753266605,False,mly_la,https://www.mapillary.com/app/?pKey=536943903982098,CC BY-SA 4.0,2,94,1,unknown,,0.0
venice_mar_vista/1605139539670811_0,venice_mar_vista,crops/venice_mar_vista/1605139539670811_0.jpg,1605139539670811,2017-06-14T13:09:49+00:00,2017,34.011863055556,-118.47166805556,53.130966020078,False,mly_la,https://www.mapillary.com/app/?pKey=1605139539670811,CC BY-SA 4.0,1,94,1,unknown,,0.0
venice_mar_vista/1900972523384402_0,venice_mar_vista,crops/venice_mar_vista/1900972523384402_0.jpg,1900972523384402,2017-06-14T11:17:30+00:00,2017,34.003291388889,-118.47209305556,56.552330758186,False,mly_la,https://www.mapillary.com/app/?pKey=1900972523384402,CC BY-SA 4.0,1,94,1,unknown,,0.0
venice_mar_vista/521073159266749_0,venice_mar_vista,crops/venice_mar_vista/521073159266749_0.jpg,521073159266749,2017-06-14T10:41:11+00:00,2017,34.005698055556,-118.47466638889,312.13644325442,False,mly_la,https://www.mapillary.com/app/?pKey=521073159266749,CC BY-SA 4.0,2,94,1,unknown,,0.0
venice_mar_vista/288685866239504_0,venice_mar_vista,crops/venice_mar_vista/288685866239504_0.jpg,288685866239504,2017-06-15T10:39:55+00:00,2017,34.014308055556,-118.47915138889,55.570637819772,False,mly_la,https://www.mapillary.com/app/?pKey=288685866239504,CC BY-SA 4.0,1,93,1,unknown,,0.0
venice_mar_vista/857273288335472_0,venice_mar_vista,crops/venice_mar_vista/857273288335472_0.jpg,857273288335472,2017-06-14T12:13:15+00:00,2017,34.01261,-118.46250472222,321.72006248487,False,mly_la,https://www.mapillary.com/app/?pKey=857273288335472,CC BY-SA 4.0,1,93,1,unknown,,0.0
venice_mar_vista/371641737475521_0,venice_mar_vista,crops/venice_mar_vista/371641737475521_0.jpg,371641737475521,2017-06-14T10:39:44+00:00,2017,34.001556388889,-118.46815138889,30.078876143185,False,mly_la,https://www.mapillary.com/app/?pKey=371641737475521,CC BY-SA 4.0,1,93,1,unknown,,0.0
venice_mar_vista/455359805535899_0,venice_mar_vista,crops/venice_mar_vista/455359805535899_0.jpg,455359805535899,2017-06-15T09:18:31+00:00,2017,34.012233055556,-118.46719472222,138.88847581666,False,mly_la,https://www.mapillary.com/app/?pKey=455359805535899,CC BY-SA 4.0,1,92,1,unknown,,0.0
venice_mar_vista/336586894820367_0,venice_mar_vista,crops/venice_mar_vista/336586894820367_0.jpg,336586894820367,2018-07-11T18:17:34.041000+00:00,2018,33.992671435193,-118.4229484886,313.2421875,False,lvl5,https://www.mapillary.com/app/?pKey=336586894820367,CC BY-SA 4.0,1,92,1,unknown,,0.0
venice_mar_vista/189179696367236_0,venice_mar_vista,crops/venice_mar_vista/189179696367236_0.jpg,189179696367236,2017-06-15T10:24:00+00:00,2017,34.014841388889,-118.461525,76.035620741885,False,mly_la,https://www.mapillary.com/app/?pKey=189179696367236,CC BY-SA 4.0,1,92,1,unknown,,0.0
venice_mar_vista/5538271826246395_0,venice_mar_vista,crops/venice_mar_vista/5538271826246395_0.jpg,5538271826246395,2017-06-14T12:21:46+00:00,2017,34.01315,-118.46577805556,55.350640974402,False,mly_la,https://www.mapillary.com/app/?pKey=5538271826246395,CC BY-SA 4.0,2,91,1,unknown,,0.0
venice_mar_vista/940916636740873_0,venice_mar_vista,crops/venice_mar_vista/940916636740873_0.jpg,940916636740873,2017-06-14T13:08:15+00:00,2017,34.013278055556,-118.47314972222,146.35210264986,False,mly_la,https://www.mapillary.com/app/?pKey=940916636740873,CC BY-SA 4.0,2,91,1,unknown,,0.0
venice_mar_vista/287910023012306_0,venice_mar_vista,crops/venice_mar_vista/287910023012306_0.jpg,287910023012306,2018-07-12T17:01:29.359000+00:00,2018,34.007695627362,-118.47742384148,134.87596130371,False,lvl5,https://www.mapillary.com/app/?pKey=287910023012306,CC BY-SA 4.0,1,91,1,unknown,,0.0
venice_mar_vista/794392841462584_0,venice_mar_vista,crops/venice_mar_vista/794392841462584_0.jpg,794392841462584,2017-06-15T09:18:16+00:00,2017,34.011478055556,-118.46848472222,227.13911516896,False,mly_la,https://www.mapillary.com/app/?pKey=794392841462584,CC BY-SA 4.0,2,90,1,unknown,,0.0
venice_mar_vista/264958175322523_0,venice_mar_vista,crops/venice_mar_vista/264958175322523_0.jpg,264958175322523,2017-06-14T12:29:16+00:00,2017,34.01328,-118.47575472222,319.59982538558,False,mly_la,https://www.mapillary.com/app/?pKey=264958175322523,CC BY-SA 4.0,2,90,1,unknown,,0.0
venice_mar_vista/207376037694138_0,venice_mar_vista,crops/venice_mar_vista/207376037694138_0.jpg,207376037694138,2018-07-14T23:14:01.509000+00:00,2018,33.985021247047,-118.45485532798,240.01184082031,False,lvl5,https://www.mapillary.com/app/?pKey=207376037694138,CC BY-SA 4.0,2,89,1,unknown,,0.0
venice_mar_vista/938243990297532_0,venice_mar_vista,crops/venice_mar_vista/938243990297532_0.jpg,938243990297532,2018-08-19T16:31:49.364000+00:00,2018,33.985089956512,-118.42563831068,33.087429046631,False,lvl5,https://www.mapillary.com/app/?pKey=938243990297532,CC BY-SA 4.0,2,89,1,unknown,,0.0
venice_mar_vista/1580824392123853_0,venice_mar_vista,crops/venice_mar_vista/1580824392123853_0.jpg,1580824392123853,2017-06-14T13:02:50+00:00,2017,34.008236388889,-118.47782638889,162.93241382966,False,mly_la,https://www.mapillary.com/app/?pKey=1580824392123853,CC BY-SA 4.0,1,89,1,unknown,,0.0
venice_mar_vista/546926933314584_0,venice_mar_vista,crops/venice_mar_vista/546926933314584_0.jpg,546926933314584,2018-07-23T15:29:38.743000+00:00,2018,34.014965453288,-118.44206106664,327.39477539062,False,lvl5,https://www.mapillary.com/app/?pKey=546926933314584,CC BY-SA 4.0,1,89,3,unknown,,0.0
venice_mar_vista/190689062891784_0,venice_mar_vista,crops/venice_mar_vista/190689062891784_0.jpg,190689062891784,2017-06-14T10:50:26+00:00,2017,34.00328,-118.47215805556,57.113218157531,False,mly_la,https://www.mapillary.com/app/?pKey=190689062891784,CC BY-SA 4.0,1,88,1,unknown,,0.0
venice_mar_vista/179793507222281_0,venice_mar_vista,crops/venice_mar_vista/179793507222281_0.jpg,179793507222281,2017-06-14T13:25:09+00:00,2017,34.013629722222,-118.47828472222,325.41844334342,False,mly_la,https://www.mapillary.com/app/?pKey=179793507222281,CC BY-SA 4.0,1,88,1,unknown,,0.0
venice_mar_vista/2421770607966416_0,venice_mar_vista,crops/venice_mar_vista/2421770607966416_0.jpg,2421770607966416,2018-09-12T23:51:09.377000+00:00,2018,34.009503048352,-118.47945577526,314.296875,False,lvl5,https://www.mapillary.com/app/?pKey=2421770607966416,CC BY-SA 4.0,1,88,1,unknown,,0.0
venice_mar_vista/910509389510210_0,venice_mar_vista,crops/venice_mar_vista/910509389510210_0.jpg,910509389510210,2018-08-19T18:28:28.945000+00:00,2018,33.98696464465,-118.42419342186,213.88427734375,False,lvl5,https://www.mapillary.com/app/?pKey=910509389510210,CC BY-SA 4.0,2,87,1,unknown,,0.0
venice_mar_vista/449553812809080_0,venice_mar_vista,crops/venice_mar_vista/449553812809080_0.jpg,449553812809080,2017-06-14T12:18:08+00:00,2017,34.012695,-118.46436805556,324.72226500513,False,mly_la,https://www.mapillary.com/app/?pKey=449553812809080,CC BY-SA 4.0,1,87,1,unknown,,0.0
venice_mar_vista/453566719275867_1,venice_mar_vista,crops/venice_mar_vista/453566719275867_1.jpg,453566719275867,2017-06-15T10:22:55+00:00,2017,34.009843055556,-118.45619138889,93.632967510564,False,mly_la,https://www.mapillary.com/app/?pKey=453566719275867,CC BY-SA 4.0,1,86,1,unknown,,0.0
venice_mar_vista/2971475356461709_0,venice_mar_vista,crops/venice_mar_vista/2971475356461709_0.jpg,2971475356461709,2018-09-13T22:05:12.655000+00:00,2018,34.002384991433,-118.46996560288,300.9375,False,lvl5,https://www.mapillary.com/app/?pKey=2971475356461709,CC BY-SA 4.0,1,85,1,unknown,,0.0
venice_mar_vista/4061322557286305_0,venice_mar_vista,crops/venice_mar_vista/4061322557286305_0.jpg,4061322557286305,2017-06-15T10:30:20+00:00,2017,34.014256388889,-118.46510305556,53.929459034765,False,mly_la,https://www.mapillary.com/app/?pKey=4061322557286305,CC BY-SA 4.0,1,85,1,unknown,,0.0
venice_mar_vista/763213971228948_0,venice_mar_vista,crops/venice_mar_vista/763213971228948_0.jpg,763213971228948,2018-08-19T18:36:41.300000+00:00,2018,33.985029982206,-118.45140924298,287.75180053711,False,lvl5,https://www.mapillary.com/app/?pKey=763213971228948,CC BY-SA 4.0,1,84,1,unknown,,0.0
venice_mar_vista/171117351580091_0,venice_mar_vista,crops/venice_mar_vista/171117351580091_0.jpg,171117351580091,2017-06-14T13:05:18+00:00,2017,34.011341388889,-118.47463138889,145.57162558123,False,mly_la,https://www.mapillary.com/app/?pKey=171117351580091,CC BY-SA 4.0,1,84,1,unknown,,0.0
venice_mar_vista/157766359623314_0,venice_mar_vista,crops/venice_mar_vista/157766359623314_0.jpg,157766359623314,2017-06-14T10:38:07+00:00,2017,34.000346388889,-118.46979138889,57.246013702249,False,mly_la,https://www.mapillary.com/app/?pKey=157766359623314,CC BY-SA 4.0,1,83,1,unknown,,0.0
venice_mar_vista/4311309825593873_0,venice_mar_vista,crops/venice_mar_vista/4311309825593873_0.jpg,4311309825593873,2018-09-13T22:05:27.168000+00:00,2018,34.003653445611,-118.47190775185,310.078125,False,lvl5,https://www.mapillary.com/app/?pKey=4311309825593873,CC BY-SA 4.0,1,83,1,unknown,,0.0
venice_mar_vista/3189237011302855_0,venice_mar_vista,crops/venice_mar_vista/3189237011302855_0.jpg,3189237011302855,2017-06-14T13:05:26+00:00,2017,34.01098,-118.47526305556,324.2181955468,False,mly_la,https://www.mapillary.com/app/?pKey=3189237011302855,CC BY-SA 4.0,1,83,1,unknown,,0.0
venice_mar_vista/513002076545925_0,venice_mar_vista,crops/venice_mar_vista/513002076545925_0.jpg,513002076545925,2017-06-14T13:48:16+00:00,2017,34.009076388889,-118.47944,335.77051544058,False,mly_la,https://www.mapillary.com/app/?pKey=513002076545925,CC BY-SA 4.0,1,82,1,unknown,,0.0
venice_mar_vista/478451386829058_0,venice_mar_vista,crops/venice_mar_vista/478451386829058_0.jpg,478451386829058,2017-06-14T12:01:18+00:00,2017,34.005693055556,-118.47107472222,140.98760001057,False,mly_la,https://www.mapillary.com/app/?pKey=478451386829058,CC BY-SA 4.0,1,82,1,unknown,,0.0
venice_mar_vista/1165038187275154_0,venice_mar_vista,crops/venice_mar_vista/1165038187275154_0.jpg,1165038187275154,2017-06-14T10:11:21+00:00,2017,34.011853055556,-118.47172305556,48.679346543683,False,mly_la,https://www.mapillary.com/app/?pKey=1165038187275154,CC BY-SA 4.0,1,81,1,unknown,,0.0
venice_mar_vista/830430114345970_0,venice_mar_vista,crops/venice_mar_vista/830430114345970_0.jpg,830430114345970,2018-09-12T23:50:56.510000+00:00,2018,34.008164951265,-118.47779932388,314.46832275391,False,lvl5,https://www.mapillary.com/app/?pKey=830430114345970,CC BY-SA 4.0,1,80,1,unknown,,0.0
venice_mar_vista/894827957746897_0,venice_mar_vista,crops/venice_mar_vista/894827957746897_0.jpg,894827957746897,2017-06-14T10:51:44+00:00,2017,34.003019722222,-118.47458972222,144.99225470832,False,mly_la,https://www.mapillary.com/app/?pKey=894827957746897,CC BY-SA 4.0,2,79,1,unknown,,0.0
venice_mar_vista/1159154364551555_1,venice_mar_vista,crops/venice_mar_vista/1159154364551555_1.jpg,1159154364551555,2017-06-14T13:48:18+00:00,2017,34.009106388889,-118.47935138889,347.71216749425,False,mly_la,https://www.mapillary.com/app/?pKey=1159154364551555,CC BY-SA 4.0,1,79,2,unknown,,0.0
venice_mar_vista/2962536763960560_0,venice_mar_vista,crops/venice_mar_vista/2962536763960560_0.jpg,2962536763960560,2018-07-11T18:18:24.984000+00:00,2018,33.997889966126,-118.42910581112,327.65081787109,False,lvl5,https://www.mapillary.com/app/?pKey=2962536763960560,CC BY-SA 4.0,1,78,1,unknown,,0.0
venice_mar_vista/2866677073599724_1,venice_mar_vista,crops/venice_mar_vista/2866677073599724_1.jpg,2866677073599724,2018-08-19T18:36:50.070000+00:00,2018,33.98532403023,-118.45260817603,283.11129760742,False,lvl5,https://www.mapillary.com/app/?pKey=2866677073599724,CC BY-SA 4.0,1,78,1,unknown,,0.0
venice_mar_vista/496469324808905_0,venice_mar_vista,crops/venice_mar_vista/496469324808905_0.jpg,496469324808905,2018-07-14T23:13:36.944000+00:00,2018,33.985034403113,-118.45138280945,287.75234985352,False,lvl5,https://www.mapillary.com/app/?pKey=496469324808905,CC BY-SA 4.0,1,78,1,unknown,,0.0
venice_mar_vista/163643425702370_0,venice_mar_vista,crops/venice_mar_vista/163643425702370_0.jpg,163643425702370,2018-09-12T23:42:14.219000+00:00,2018,33.988453330747,-118.4457734042,323.4375,False,lvl5,https://www.mapillary.com/app/?pKey=163643425702370,CC BY-SA 4.0,1,77,1,unknown,,0.0
venice_mar_vista/273718864488777_1,venice_mar_vista,crops/venice_mar_vista/273718864488777_1.jpg,273718864488777,2018-09-12T23:44:11.411000+00:00,2018,33.992187059858,-118.44921502054,319.75695800781,False,lvl5,https://www.mapillary.com/app/?pKey=273718864488777,CC BY-SA 4.0,2,75,1,unknown,,0.0
venice_mar_vista/2166590000139303_0,venice_mar_vista,crops/venice_mar_vista/2166590000139303_0.jpg,2166590000139303,2017-06-14T11:03:45+00:00,2017,34.001003055556,-118.479055,138.20773099809,False,mly_la,https://www.mapillary.com/app/?pKey=2166590000139303,CC BY-SA 4.0,1,75,1,unknown,,0.0
venice_mar_vista/4602182259798007_0,venice_mar_vista,crops/venice_mar_vista/4602182259798007_0.jpg,4602182259798007,2017-06-14T10:34:56+00:00,2017,33.995626388889,-118.47870138889,249.47789240194,False,mly_la,https://www.mapillary.com/app/?pKey=4602182259798007,CC BY-SA 4.0,1,75,1,unknown,,0.0
venice_mar_vista/308558467519891_0,venice_mar_vista,crops/venice_mar_vista/308558467519891_0.jpg,308558467519891,2018-08-19T18:27:59.560000+00:00,2018,33.990978636098,-118.42098781304,215.22715759277,False,lvl5,https://www.mapillary.com/app/?pKey=308558467519891,CC BY-SA 4.0,1,75,1,unknown,,0.0
venice_mar_vista/796987610970365_0,venice_mar_vista,crops/venice_mar_vista/796987610970365_0.jpg,796987610970365,2018-07-11T18:17:33.708000+00:00,2018,33.992636099554,-118.42290448306,313.2421875,False,lvl5,https://www.mapillary.com/app/?pKey=796987610970365,CC BY-SA 4.0,1,74,1,unknown,,0.0
venice_mar_vista/349084656711440_2,venice_mar_vista,crops/venice_mar_vista/349084656711440_2.jpg,349084656711440,2018-07-11T18:21:14.475000+00:00,2018,34.007582584094,-118.43649706598,327.48922729492,False,lvl5,https://www.mapillary.com/app/?pKey=349084656711440,CC BY-SA 4.0,1,74,1,unknown,,0.0
venice_mar_vista/349084656711440_0,venice_mar_vista,crops/venice_mar_vista/349084656711440_0.jpg,349084656711440,2018-07-11T18:21:14.475000+00:00,2018,34.007582584094,-118.43649706598,327.48922729492,False,lvl5,https://www.mapillary.com/app/?pKey=349084656711440,CC BY-SA 4.0,1,74,1,unknown,,0.0
venice_mar_vista/1603158633216164_0,venice_mar_vista,crops/venice_mar_vista/1603158633216164_0.jpg,1603158633216164,2018-09-13T21:59:32.724000+00:00,2018,33.992724059872,-118.45000080312,307.71398925781,False,lvl5,https://www.mapillary.com/app/?pKey=1603158633216164,CC BY-SA 4.0,1,73,1,unknown,,0.0
venice_mar_vista/1184202958669715_0,venice_mar_vista,crops/venice_mar_vista/1184202958669715_0.jpg,1184202958669715,2018-09-12T23:44:24.322000+00:00,2018,33.993171917596,-118.45076063706,301.52734375,False,lvl5,https://www.mapillary.com/app/?pKey=1184202958669715,CC BY-SA 4.0,1,72,1,unknown,,0.0
venice_mar_vista/2985111845057529_0,venice_mar_vista,crops/venice_mar_vista/2985111845057529_0.jpg,2985111845057529,2018-07-12T17:01:08.214000+00:00,2018,34.009276483473,-118.47937637305,134.57522583008,False,lvl5,https://www.mapillary.com/app/?pKey=2985111845057529,CC BY-SA 4.0,1,71,1,unknown,,0.0
venice_mar_vista/241693494376840_0,venice_mar_vista,crops/venice_mar_vista/241693494376840_0.jpg,241693494376840,2017-06-14T10:20:14+00:00,2017,34.009388055556,-118.47932972222,44.953010507777,False,mly_la,https://www.mapillary.com/app/?pKey=241693494376840,CC BY-SA 4.0,1,71,1,unknown,,0.0
venice_mar_vista/214687800154046_0,venice_mar_vista,crops/venice_mar_vista/214687800154046_0.jpg,214687800154046,2017-06-14T13:55:42+00:00,2017,34.005306388889,-118.47998,228.81278456674,False,mly_la,https://www.mapillary.com/app/?pKey=214687800154046,CC BY-SA 4.0,1,71,1,unknown,,0.0
venice_mar_vista/2544385352352036_0,venice_mar_vista,crops/venice_mar_vista/2544385352352036_0.jpg,2544385352352036,2018-07-12T17:01:32.368000+00:00,2018,34.007446594687,-118.47711701419,134.296875,False,lvl5,https://www.mapillary.com/app/?pKey=2544385352352036,CC BY-SA 4.0,1,71,1,unknown,,0.0
venice_mar_vista/182701516961616_0,venice_mar_vista,crops/venice_mar_vista/182701516961616_0.jpg,182701516961616,2018-09-13T22:07:49.794000+00:00,2018,34.009476813832,-118.4794088659,314.22454833984,False,lvl5,https://www.mapillary.com/app/?pKey=182701516961616,CC BY-SA 4.0,1,71,1,unknown,,0.0
venice_mar_vista/919513398811901_0,venice_mar_vista,crops/venice_mar_vista/919513398811901_0.jpg,919513398811901,2017-06-14T11:55:28+00:00,2017,34.014475,-118.45724805556,324.28076801284,False,mly_la,https://www.mapillary.com/app/?pKey=919513398811901,CC BY-SA 4.0,1,71,1,unknown,,0.0
venice_mar_vista/296230125537385_0,venice_mar_vista,crops/venice_mar_vista/296230125537385_0.jpg,296230125537385,2018-08-19T18:28:42.601000+00:00,2018,33.985319332943,-118.42550952937,211.98718261719,False,lvl5,https://www.mapillary.com/app/?pKey=296230125537385,CC BY-SA 4.0,1,71,1,unknown,,0.0
venice_mar_vista/198591558766233_0,venice_mar_vista,crops/venice_mar_vista/198591558766233_0.jpg,198591558766233,2017-06-14T10:37:08+00:00,2017,33.998296388889,-118.47366305556,238.90594778182,False,mly_la,https://www.mapillary.com/app/?pKey=198591558766233,CC BY-SA 4.0,1,70,1,unknown,,0.0
venice_mar_vista/467769614512457_0,venice_mar_vista,crops/venice_mar_vista/467769614512457_0.jpg,467769614512457,2018-09-13T22:02:47.330000+00:00,2018,33.996790409256,-118.45834491441,300.35348510742,False,lvl5,https://www.mapillary.com/app/?pKey=467769614512457,CC BY-SA 4.0,1,70,1,unknown,,0.0
venice_mar_vista/460034755254370_0,venice_mar_vista,crops/venice_mar_vista/460034755254370_0.jpg,460034755254370,2017-06-14T14:23:41+00:00,2017,34.014508055556,-118.47868138889,237.55101742441,False,mly_la,https://www.mapillary.com/app/?pKey=460034755254370,CC BY-SA 4.0,1,70,1,unknown,,0.0
venice_mar_vista/190289242916424_1,venice_mar_vista,crops/venice_mar_vista/190289242916424_1.jpg,190289242916424,2017-06-14T13:29:36+00:00,2017,34.014711388889,-118.47850138889,146.5846186666,False,mly_la,https://www.mapillary.com/app/?pKey=190289242916424,CC BY-SA 4.0,1,70,1,unknown,,0.0
venice_mar_vista/1239445706556319_1,venice_mar_vista,crops/venice_mar_vista/1239445706556319_1.jpg,1239445706556319,2018-09-13T22:07:30.310000+00:00,2018,34.007951281736,-118.47751892457,314.4059753418,False,lvl5,https://www.mapillary.com/app/?pKey=1239445706556319,CC BY-SA 4.0,1,70,1,unknown,,0.0
venice_mar_vista/281065500332014_0,venice_mar_vista,crops/venice_mar_vista/281065500332014_0.jpg,281065500332014,2017-06-15T10:26:27+00:00,2017,34.014946388889,-118.46288638889,225.82395412174,False,mly_la,https://www.mapillary.com/app/?pKey=281065500332014,CC BY-SA 4.0,1,70,1,unknown,,0.0
venice_mar_vista/218864646849175_0,venice_mar_vista,crops/venice_mar_vista/218864646849175_0.jpg,218864646849175,2018-06-14T18:26:23.505000+00:00,2018,34.009683315652,-118.47981868208,133.2421875,False,lvl5,https://www.mapillary.com/app/?pKey=218864646849175,CC BY-SA 4.0,1,70,1,unknown,,0.0
venice_mar_vista/508734840307622_1,venice_mar_vista,crops/venice_mar_vista/508734840307622_1.jpg,508734840307622,2018-08-19T18:55:23.587000+00:00,2018,33.985297454162,-118.45277728454,96.575019836426,False,lvl5,https://www.mapillary.com/app/?pKey=508734840307622,CC BY-SA 4.0,1,70,1,unknown,,0.0
venice_mar_vista/479324193404248_0,venice_mar_vista,crops/venice_mar_vista/479324193404248_0.jpg,479324193404248,2017-06-14T10:51:56+00:00,2017,34.002663055556,-118.47522305556,54.321324393111,False,mly_la,https://www.mapillary.com/app/?pKey=479324193404248,CC BY-SA 4.0,1,69,1,unknown,,0.0
venice_mar_vista/291237849201068_0,venice_mar_vista,crops/venice_mar_vista/291237849201068_0.jpg,291237849201068,2017-06-14T10:48:29+00:00,2017,33.998831388889,-118.47861472222,50.565749935957,False,mly_la,https://www.mapillary.com/app/?pKey=291237849201068,CC BY-SA 4.0,1,69,1,unknown,,0.0
venice_mar_vista/446816993074920_0,venice_mar_vista,crops/venice_mar_vista/446816993074920_0.jpg,446816993074920,2017-06-14T13:24:55+00:00,2017,34.013366388889,-118.47898305556,344.00392114096,False,mly_la,https://www.mapillary.com/app/?pKey=446816993074920,CC BY-SA 4.0,1,69,2,unknown,,0.0
venice_mar_vista/349084656711440_1,venice_mar_vista,crops/venice_mar_vista/349084656711440_1.jpg,349084656711440,2018-07-11T18:21:14.475000+00:00,2018,34.007582584094,-118.43649706598,327.48922729492,False,lvl5,https://www.mapillary.com/app/?pKey=349084656711440,CC BY-SA 4.0,1,69,1,unknown,,0.0
venice_mar_vista/179289274051497_0,venice_mar_vista,crops/venice_mar_vista/179289274051497_0.jpg,179289274051497,2017-06-14T12:02:38+00:00,2017,34.003891388889,-118.47181,322.81857186043,False,mly_la,https://www.mapillary.com/app/?pKey=179289274051497,CC BY-SA 4.0,1,69,1,unknown,,0.0
venice_mar_vista/213368467045588_0,venice_mar_vista,crops/venice_mar_vista/213368467045588_0.jpg,213368467045588,2018-09-12T23:44:27.694000+00:00,2018,33.993355385169,-118.45116165703,300.44961547852,False,lvl5,https://www.mapillary.com/app/?pKey=213368467045588,CC BY-SA 4.0,1,69,1,unknown,,0.0
venice_mar_vista/1931665907010084_1,venice_mar_vista,crops/venice_mar_vista/1931665907010084_1.jpg,1931665907010084,2018-07-12T17:01:33.262000+00:00,2018,34.007374857846,-118.47702666084,134.296875,False,lvl5,https://www.mapillary.com/app/?pKey=1931665907010084,CC BY-SA 4.0,1,68,1,unknown,,0.0
venice_mar_vista/794362151499175_0,venice_mar_vista,crops/venice_mar_vista/794362151499175_0.jpg,794362151499175,2017-06-15T10:40:06+00:00,2017,34.014646388889,-118.47855305556,208.13654977552,False,mly_la,https://www.mapillary.com/app/?pKey=794362151499175,CC BY-SA 4.0,1,68,2,unknown,,0.0
venice_mar_vista/313795976848164_0,venice_mar_vista,crops/venice_mar_vista/313795976848164_0.jpg,313795976848164,2017-06-14T12:24:12+00:00,2017,34.004128055556,-118.47258638889,69.636972996805,False,mly_la,https://www.mapillary.com/app/?pKey=313795976848164,CC BY-SA 4.0,1,68,1,unknown,,0.0
venice_mar_vista/372071530748854_0,venice_mar_vista,crops/venice_mar_vista/372071530748854_0.jpg,372071530748854,2017-06-15T10:40:00+00:00,2017,34.014376388889,-118.47902,236.04554055363,False,mly_la,https://www.mapillary.com/app/?pKey=372071530748854,CC BY-SA 4.0,1,68,1,unknown,,0.0
venice_mar_vista/170828341617014_0,venice_mar_vista,crops/venice_mar_vista/170828341617014_0.jpg,170828341617014,2017-06-14T10:34:53+00:00,2017,33.995625,-118.478695,147.17965572946,False,mly_la,https://www.mapillary.com/app/?pKey=170828341617014,CC BY-SA 4.0,1,67,1,unknown,,0.0
venice_mar_vista/586826222753270_0,venice_mar_vista,crops/venice_mar_vista/586826222753270_0.jpg,586826222753270,2018-07-23T15:23:39.459000+00:00,2018,33.992659487239,-118.42288431034,313.40365600586,False,lvl5,https://www.mapillary.com/app/?pKey=586826222753270,CC BY-SA 4.0,1,67,1,unknown,,0.0
venice_mar_vista/459431341818841_0,venice_mar_vista,crops/venice_mar_vista/459431341818841_0.jpg,459431341818841,2017-06-14T10:36:43+00:00,2017,33.997601388889,-118.47496,59.016914695136,False,mly_la,https://www.mapillary.com/app/?pKey=459431341818841,CC BY-SA 4.0,1,67,1,unknown,,0.0
venice_mar_vista/215235987228607_0,venice_mar_vista,crops/venice_mar_vista/215235987228607_0.jpg,215235987228607,2018-06-14T18:26:32.693000+00:00,2018,34.009507878799,-118.47959857507,133.72956848145,False,lvl5,https://www.mapillary.com/app/?pKey=215235987228607,CC BY-SA 4.0,1,67,1,unknown,,0.0
venice_mar_vista/525033381996702_1,venice_mar_vista,crops/venice_mar_vista/525033381996702_1.jpg,525033381996702,2018-09-13T22:07:36.584000+00:00,2018,34.008426984478,-118.47809830556,314.44299316406,False,lvl5,https://www.mapillary.com/app/?pKey=525033381996702,CC BY-SA 4.0,1,66,1,unknown,,0.0
venice_mar_vista/188968409765763_1,venice_mar_vista,crops/venice_mar_vista/188968409765763_1.jpg,188968409765763,2018-09-13T22:10:21.629000+00:00,2018,34.014366755053,-118.47906170411,56.341148376465,False,lvl5,https://www.mapillary.com/app/?pKey=188968409765763,CC BY-SA 4.0,1,65,1,unknown,,0.0
venice_mar_vista/477172023556347_0,venice_mar_vista,crops/venice_mar_vista/477172023556347_0.jpg,477172023556347,2017-06-14T12:00:15+00:00,2017,34.005903055556,-118.47012805556,263.12164468795,False,mly_la,https://www.mapillary.com/app/?pKey=477172023556347,CC BY-SA 4.0,1,65,1,unknown,,0.0
venice_mar_vista/911214702829579_0,venice_mar_vista,crops/venice_mar_vista/911214702829579_0.jpg,911214702829579,2018-07-23T15:28:03.231000+00:00,2018,34.008000050434,-118.43680821649,326.6015625,False,lvl5,https://www.mapillary.com/app/?pKey=911214702829579,CC BY-SA 4.0,1,65,1,unknown,,0.0
venice_mar_vista/1109776619490422_1,venice_mar_vista,crops/venice_mar_vista/1109776619490422_1.jpg,1109776619490422,2017-06-14T10:34:26+00:00,2017,33.995591388889,-118.47877305556,144.87013298813,False,mly_la,https://www.mapillary.com/app/?pKey=1109776619490422,CC BY-SA 4.0,1,65,1,unknown,,0.0
venice_mar_vista/466579471315470_0,venice_mar_vista,crops/venice_mar_vista/466579471315470_0.jpg,466579471315470,2018-07-12T17:01:07.913000+00:00,2018,34.009297965394,-118.47940299639,134.61601257324,False,lvl5,https://www.mapillary.com/app/?pKey=466579471315470,CC BY-SA 4.0,1,65,1,unknown,,0.0
venice_mar_vista/453566719275867_2,venice_mar_vista,crops/venice_mar_vista/453566719275867_2.jpg,453566719275867,2017-06-15T10:22:55+00:00,2017,34.009843055556,-118.45619138889,93.632967510564,False,mly_la,https://www.mapillary.com/app/?pKey=453566719275867,CC BY-SA 4.0,1,64,1,unknown,,0.0
venice_mar_vista/530846898074213_0,venice_mar_vista,crops/venice_mar_vista/530846898074213_0.jpg,530846898074213,2018-07-11T22:49:52.844000+00:00,2018,33.989894230618,-118.47247584028,328.59613037109,False,lvl5,https://www.mapillary.com/app/?pKey=530846898074213,CC BY-SA 4.0,1,64,1,unknown,,0.0
venice_mar_vista/962641457644928_0,venice_mar_vista,crops/venice_mar_vista/962641457644928_0.jpg,962641457644928,2018-07-23T15:27:28.467000+00:00,2018,34.003792843629,-118.43360676813,327.3046875,False,lvl5,https://www.mapillary.com/app/?pKey=962641457644928,CC BY-SA 4.0,1,64,1,unknown,,0.0
venice_mar_vista/270037284819954_0,venice_mar_vista,crops/venice_mar_vista/270037284819954_0.jpg,270037284819954,2017-06-14T11:51:43+00:00,2017,34.009804722222,-118.46527138889,145.27748079983,False,mly_la,https://www.mapillary.com/app/?pKey=270037284819954,CC BY-SA 4.0,1,64,1,unknown,,0.0
venice_mar_vista/299547691660894_0,venice_mar_vista,crops/venice_mar_vista/299547691660894_0.jpg,299547691660894,2018-07-12T17:01:02.584000+00:00,2018,34.009648959485,-118.47982951145,134.85191345215,False,lvl5,https://www.mapillary.com/app/?pKey=299547691660894,CC BY-SA 4.0,1,64,1,unknown,,0.0
venice_mar_vista/1475131182842085_0,venice_mar_vista,crops/venice_mar_vista/1475131182842085_0.jpg,1475131182842085,2018-07-19T15:09:34.883000+00:00,2018,33.985041876134,-118.45477207417,243.68925476074,False,lvl5,https://www.mapillary.com/app/?pKey=1475131182842085,CC BY-SA 4.0,1,64,1,unknown,,0.0
venice_mar_vista/213459103619715_0,venice_mar_vista,crops/venice_mar_vista/213459103619715_0.jpg,213459103619715,2017-06-14T10:34:56+00:00,2017,33.995691388889,-118.47856138889,147.95763217038,False,mly_la,https://www.mapillary.com/app/?pKey=213459103619715,CC BY-SA 4.0,1,63,1,unknown,,0.0
venice_mar_vista/390288345485186_0,venice_mar_vista,crops/venice_mar_vista/390288345485186_0.jpg,390288345485186,2018-09-13T22:07:32.984000+00:00,2018,34.008134469557,-118.47774529443,313.93991088867,False,lvl5,https://www.mapillary.com/app/?pKey=390288345485186,CC BY-SA 4.0,1,63,1,unknown,,0.0
venice_mar_vista/139864204852377_0,venice_mar_vista,crops/venice_mar_vista/139864204852377_0.jpg,139864204852377,2018-09-12T23:50:56.005000+00:00,2018,34.008113999206,-118.4777379277,314.64569091797,False,lvl5,https://www.mapillary.com/app/?pKey=139864204852377,CC BY-SA 4.0,1,63,1,unknown,,0.0
venice_mar_vista/175029471165598_0,venice_mar_vista,crops/venice_mar_vista/175029471165598_0.jpg,175029471165598,2017-06-14T12:24:12+00:00,2017,34.004136388889,-118.47259305556,351.42526373638,False,mly_la,https://www.mapillary.com/app/?pKey=175029471165598,CC BY-SA 4.0,1,62,1,unknown,,0.0
venice_mar_vista/308264097518638_1,venice_mar_vista,crops/venice_mar_vista/308264097518638_1.jpg,308264097518638,2018-08-19T16:33:56.449000+00:00,2018,33.997750123374,-118.42151309101,83.72354888916,False,lvl5,https://www.mapillary.com/app/?pKey=308264097518638,CC BY-SA 4.0,1,62,1,unknown,,0.0
venice_mar_vista/922294528610100_0,venice_mar_vista,crops/venice_mar_vista/922294528610100_0.jpg,922294528610100,2018-07-12T13:46:49.693000+00:00,2018,33.98714851956,-118.42397976415,33.886371612549,False,lvl5,https://www.mapillary.com/app/?pKey=922294528610100,CC BY-SA 4.0,1,62,1,unknown,,0.0
venice_mar_vista/452594196044099_1,venice_mar_vista,crops/venice_mar_vista/452594196044099_1.jpg,452594196044099,2017-06-14T13:07:26+00:00,2017,34.01126,-118.47659138889,54.989603830563,False,mly_la,https://www.mapillary.com/app/?pKey=452594196044099,CC BY-SA 4.0,1,62,1,unknown,,0.0
venice_mar_vista/170828341617014_1,venice_mar_vista,crops/venice_mar_vista/170828341617014_1.jpg,170828341617014,2017-06-14T10:34:53+00:00,2017,33.995625,-118.478695,147.17965572946,False,mly_la,https://www.mapillary.com/app/?pKey=170828341617014,CC BY-SA 4.0,1,61,1,unknown,,0.0
venice_mar_vista/384397912809822_0,venice_mar_vista,crops/venice_mar_vista/384397912809822_0.jpg,384397912809822,2018-08-19T18:26:08.701000+00:00,2018,33.997418709086,-118.42182181645,128.72036743164,False,lvl5,https://www.mapillary.com/app/?pKey=384397912809822,CC BY-SA 4.0,1,61,1,unknown,,0.0
venice_mar_vista/510956896760539_0,venice_mar_vista,crops/venice_mar_vista/510956896760539_0.jpg,510956896760539,2017-06-14T10:11:21+00:00,2017,34.011896388889,-118.47177138889,138.39073349767,False,mly_la,https://www.mapillary.com/app/?pKey=510956896760539,CC BY-SA 4.0,1,61,1,unknown,,0.0
venice_mar_vista/464192371313972_0,venice_mar_vista,crops/venice_mar_vista/464192371313972_0.jpg,464192371313972,2017-06-14T13:05:42+00:00,2017,34.010558055556,-118.47599972222,234.34815504127,False,mly_la,https://www.mapillary.com/app/?pKey=464192371313972,CC BY-SA 4.0,1,61,1,unknown,,0.0
venice_mar_vista/825192008015883_0,venice_mar_vista,crops/venice_mar_vista/825192008015883_0.jpg,825192008015883,2018-07-23T15:23:22.405000+00:00,2018,33.991094273568,-118.42090452355,312.890625,False,lvl5,https://www.mapillary.com/app/?pKey=825192008015883,CC BY-SA 4.0,1,61,1,unknown,,0.0
venice_mar_vista/921219282001258_0,venice_mar_vista,crops/venice_mar_vista/921219282001258_0.jpg,921219282001258,2018-09-13T21:58:38.509000+00:00,2018,33.990951146401,-118.44822783136,322.72787475586,False,lvl5,https://www.mapillary.com/app/?pKey=921219282001258,CC BY-SA 4.0,1,61,1,unknown,,0.0
venice_mar_vista/253584129916997_0,venice_mar_vista,crops/venice_mar_vista/253584129916997_0.jpg,253584129916997,2018-06-14T18:26:34.861000+00:00,2018,34.009361313835,-118.47942279043,133.9453125,False,lvl5,https://www.mapillary.com/app/?pKey=253584129916997,CC BY-SA 4.0,1,61,1,unknown,,0.0
venice_mar_vista/2985111845057529_1,venice_mar_vista,crops/venice_mar_vista/2985111845057529_1.jpg,2985111845057529,2018-07-12T17:01:08.214000+00:00,2018,34.009276483473,-118.47937637305,134.57522583008,False,lvl5,https://www.mapillary.com/app/?pKey=2985111845057529,CC BY-SA 4.0,1,60,1,unknown,,0.0
venice_mar_vista/953473128722033_0,venice_mar_vista,crops/venice_mar_vista/953473128722033_0.jpg,953473128722033,2017-06-14T13:06:40+00:00,2017,34.009496388889,-118.47938805556,58.583363782965,False,mly_la,https://www.mapillary.com/app/?pKey=953473128722033,CC BY-SA 4.0,1,60,1,unknown,,0.0
venice_mar_vista/208534040852083_0,venice_mar_vista,crops/venice_mar_vista/208534040852083_0.jpg,208534040852083,2017-06-15T09:18:24+00:00,2017,34.011761388889,-118.46803638889,236.43523409698,False,mly_la,https://www.mapillary.com/app/?pKey=208534040852083,CC BY-SA 4.0,1,60,1,unknown,,0.0
venice_mar_vista/973292166824398_0,venice_mar_vista,crops/venice_mar_vista/973292166824398_0.jpg,973292166824398,2017-06-14T10:11:24+00:00,2017,34.011899722222,-118.47178305556,320.34391630872,False,mly_la,https://www.mapillary.com/app/?pKey=973292166824398,CC BY-SA 4.0,1,60,1,unknown,,0.0
venice_mar_vista/2961653180738279_0,venice_mar_vista,crops/venice_mar_vista/2961653180738279_0.jpg,2961653180738279,2018-07-11T22:49:54.979000+00:00,2018,33.990147704472,-118.47265131943,332.25372314453,False,lvl5,https://www.mapillary.com/app/?pKey=2961653180738279,CC BY-SA 4.0,1,60,1,unknown,,0.0
venice_mar_vista/869688353616478_0,venice_mar_vista,crops/venice_mar_vista/869688353616478_0.jpg,869688353616478,2018-07-11T22:52:45.337000+00:00,2018,33.997135647851,-118.47622292131,318.01702880859,False,lvl5,https://www.mapillary.com/app/?pKey=869688353616478,CC BY-SA 4.0,1,60,1,unknown,,0.0
venice_mar_vista/145294894184713_0,venice_mar_vista,crops/venice_mar_vista/145294894184713_0.jpg,145294894184713,2018-07-11T22:53:04.578000+00:00,2018,33.998420090375,-118.47749752363,322.40612792969,False,lvl5,https://www.mapillary.com/app/?pKey=145294894184713,CC BY-SA 4.0,1,60,1,unknown,,0.0
venice_mar_vista/4602182259798007_1,venice_mar_vista,crops/venice_mar_vista/4602182259798007_1.jpg,4602182259798007,2017-06-14T10:34:56+00:00,2017,33.995626388889,-118.47870138889,249.47789240194,False,mly_la,https://www.mapillary.com/app/?pKey=4602182259798007,CC BY-SA 4.0,1,60,1,unknown,,0.0
venice_mar_vista/1456679078064902_0,venice_mar_vista,crops/venice_mar_vista/1456679078064902_0.jpg,1456679078064902,2018-06-14T18:26:22.438000+00:00,2018,34.009716533796,-118.47985981886,133.43966674805,False,lvl5,https://www.mapillary.com/app/?pKey=1456679078064902,CC BY-SA 4.0,1,60,1,unknown,,0.0
venice_mar_vista/1488315974844656_0,venice_mar_vista,crops/venice_mar_vista/1488315974844656_0.jpg,1488315974844656,2018-09-13T22:05:31.205000+00:00,2018,34.004043739951,-118.47244990612,311.20516967773,False,lvl5,https://www.mapillary.com/app/?pKey=1488315974844656,CC BY-SA 4.0,1,60,1,unknown,,0.0
venice_mar_vista/366390731416985_0,venice_mar_vista,crops/venice_mar_vista/366390731416985_0.jpg,366390731416985,2017-06-14T11:20:21+00:00,2017,34.005803055556,-118.47708138889,56.287676238492,False,mly_la,https://www.mapillary.com/app/?pKey=366390731416985,CC BY-SA 4.0,1,60,1,unknown,,0.0
venice_mar_vista/2595729510550679_0,venice_mar_vista,crops/venice_mar_vista/2595729510550679_0.jpg,2595729510550679,2017-06-15T10:24:00+00:00,2017,34.014814722222,-118.461535,254.18761397352,False,mly_la,https://www.mapillary.com/app/?pKey=2595729510550679,CC BY-SA 4.0,1,60,1,unknown,,0.0
venice_mar_vista/298429771939929_0,venice_mar_vista,crops/venice_mar_vista/298429771939929_0.jpg,298429771939929,2017-06-14T10:51:21+00:00,2017,34.00385,-118.47317138889,54.77805857611,False,mly_la,https://www.mapillary.com/app/?pKey=298429771939929,CC BY-SA 4.0,1,60,1,unknown,,0.0
venice_mar_vista/379054570109130_1,venice_mar_vista,crops/venice_mar_vista/379054570109130_1.jpg,379054570109130,2018-07-12T17:01:08.819000+00:00,2018,34.009233629708,-118.47932229266,134.36264038086,False,lvl5,https://www.mapillary.com/app/?pKey=379054570109130,CC BY-SA 4.0,1,59,1,unknown,,0.0
venice_mar_vista/753868355262630_1,venice_mar_vista,crops/venice_mar_vista/753868355262630_1.jpg,753868355262630,2017-06-14T13:39:34+00:00,2017,34.008273055556,-118.478115,136.10152719108,False,mly_la,https://www.mapillary.com/app/?pKey=753868355262630,CC BY-SA 4.0,1,59,1,unknown,,0.0
venice_mar_vista/126571002791077_0,venice_mar_vista,crops/venice_mar_vista/126571002791077_0.jpg,126571002791077,2018-09-12T23:45:38.956000+00:00,2018,33.994302241158,-118.45317918031,300.92202758789,False,lvl5,https://www.mapillary.com/app/?pKey=126571002791077,CC BY-SA 4.0,1,59,1,unknown,,0.0
venice_mar_vista/1255116384952194_0,venice_mar_vista,crops/venice_mar_vista/1255116384952194_0.jpg,1255116384952194,2018-07-19T15:09:20.999000+00:00,2018,33.985253908905,-118.45223711342,287.22665405273,False,lvl5,https://www.mapillary.com/app/?pKey=1255116384952194,CC BY-SA 4.0,1,59,1,unknown,,0.0
venice_mar_vista/2840085962925106_0,venice_mar_vista,crops/venice_mar_vista/2840085962925106_0.jpg,2840085962925106,2017-06-14T10:37:56+00:00,2017,33.999743055556,-118.47092638889,146.87382065156,False,mly_la,https://www.mapillary.com/app/?pKey=2840085962925106,CC BY-SA 4.0,1,59,1,unknown,,0.0
venice_mar_vista/257301859414190_0,venice_mar_vista,crops/venice_mar_vista/257301859414190_0.jpg,257301859414190,2018-07-11T22:31:18.203000+00:00,2018,33.992126275606,-118.47585070012,146.29931640625,False,lvl5,https://www.mapillary.com/app/?pKey=257301859414190,CC BY-SA 4.0,1,59,1,unknown,,0.0
venice_mar_vista/336455004573628_0,venice_mar_vista,crops/venice_mar_vista/336455004573628_0.jpg,336455004573628,2018-09-12T23:42:14.824000+00:00,2018,33.988518200182,-118.44583809633,323.4375,False,lvl5,https://www.mapillary.com/app/?pKey=336455004573628,CC BY-SA 4.0,1,59,1,unknown,,0.0
venice_mar_vista/5518777018197134_0,venice_mar_vista,crops/venice_mar_vista/5518777018197134_0.jpg,5518777018197134,2018-09-12T23:43:55.929000+00:00,2018,33.990555690107,-118.44786849734,324.69598388672,False,lvl5,https://www.mapillary.com/app/?pKey=5518777018197134,CC BY-SA 4.0,1,59,1,unknown,,0.0
venice_mar_vista/1199598740513484_1,venice_mar_vista,crops/venice_mar_vista/1199598740513484_1.jpg,1199598740513484,2017-06-14T12:32:31+00:00,2017,34.011875,-118.47164638889,318.33092666639,False,mly_la,https://www.mapillary.com/app/?pKey=1199598740513484,CC BY-SA 4.0,1,59,1,unknown,,0.0
venice_mar_vista/530846898074213_1,venice_mar_vista,crops/venice_mar_vista/530846898074213_1.jpg,530846898074213,2018-07-11T22:49:52.844000+00:00,2018,33.989894230618,-118.47247584028,328.59613037109,False,lvl5,https://www.mapillary.com/app/?pKey=530846898074213,CC BY-SA 4.0,1,59,1,unknown,,0.0
venice_mar_vista/308814894244815_0,venice_mar_vista,crops/venice_mar_vista/308814894244815_0.jpg,308814894244815,2018-08-18T02:16:20.579000+00:00,2018,34.004842533418,-118.43443069917,327.3046875,False,lvl5,https://www.mapillary.com/app/?pKey=308814894244815,CC BY-SA 4.0,1,59,1,unknown,,0.0
venice_mar_vista/1191037838002224_0,venice_mar_vista,crops/venice_mar_vista/1191037838002224_0.jpg,1191037838002224,2017-06-14T12:00:15+00:00,2017,34.005895,-118.47011138889,165.18242040094,False,mly_la,https://www.mapillary.com/app/?pKey=1191037838002224,CC BY-SA 4.0,1,59,1,unknown,,0.0
venice_mar_vista/170421988306162_0,venice_mar_vista,crops/venice_mar_vista/170421988306162_0.jpg,170421988306162,2017-06-14T12:13:37+00:00,2017,34.011776388889,-118.46388138889,233.80894317764,False,mly_la,https://www.mapillary.com/app/?pKey=170421988306162,CC BY-SA 4.0,1,59,1,unknown,,0.0
venice_mar_vista/236362118372720_0,venice_mar_vista,crops/venice_mar_vista/236362118372720_0.jpg,236362118372720,2018-07-19T15:11:23.341000+00:00,2018,33.985068698405,-118.45197789321,106.995262146,False,lvl5,https://www.mapillary.com/app/?pKey=236362118372720,CC BY-SA 4.0,1,59,1,unknown,,0.0
venice_mar_vista/314522236912265_0,venice_mar_vista,crops/venice_mar_vista/314522236912265_0.jpg,314522236912265,2018-09-13T22:07:23.007000+00:00,2018,34.007469839639,-118.47695121564,316.7624206543,False,lvl5,https://www.mapillary.com/app/?pKey=314522236912265,CC BY-SA 4.0,1,59,1,unknown,,0.0
venice_mar_vista/212485687307417_0,venice_mar_vista,crops/venice_mar_vista/212485687307417_0.jpg,212485687307417,2017-06-14T12:06:25+00:00,2017,34.00618,-118.47519472222,312.46823404839,False,mly_la,https://www.mapillary.com/app/?pKey=212485687307417,CC BY-SA 4.0,1,59,1,unknown,,0.0
venice_mar_vista/386350626222489_0,venice_mar_vista,crops/venice_mar_vista/386350626222489_0.jpg,386350626222489,2018-07-11T18:20:34.145000+00:00,2018,34.00342150281,-118.43331856417,327.65625,False,lvl5,https://www.mapillary.com/app/?pKey=386350626222489,CC BY-SA 4.0,1,59,1,unknown,,0.0
venice_mar_vista/2985111845057529_2,venice_mar_vista,crops/venice_mar_vista/2985111845057529_2.jpg,2985111845057529,2018-07-12T17:01:08.214000+00:00,2018,34.009276483473,-118.47937637305,134.57522583008,False,lvl5,https://www.mapillary.com/app/?pKey=2985111845057529,CC BY-SA 4.0,1,58,1,unknown,,0.0
venice_mar_vista/1255116384952194_1,venice_mar_vista,crops/venice_mar_vista/1255116384952194_1.jpg,1255116384952194,2018-07-19T15:09:20.999000+00:00,2018,33.985253908905,-118.45223711342,287.22665405273,False,lvl5,https://www.mapillary.com/app/?pKey=1255116384952194,CC BY-SA 4.0,1,58,1,unknown,,0.0
venice_mar_vista/525336491959077_0,venice_mar_vista,crops/venice_mar_vista/525336491959077_0.jpg,525336491959077,2017-06-14T13:08:18+00:00,2017,34.013374722222,-118.47297805556,323.6612318141,False,mly_la,https://www.mapillary.com/app/?pKey=525336491959077,CC BY-SA 4.0,1,58,1,unknown,,0.0
venice_mar_vista/1196561770767368_0,venice_mar_vista,crops/venice_mar_vista/1196561770767368_0.jpg,1196561770767368,2018-09-12T23:51:08.479000+00:00,2018,34.009412809791,-118.47933890439,314.47909545898,False,lvl5,https://www.mapillary.com/app/?pKey=1196561770767368,CC BY-SA 4.0,1,58,1,unknown,,0.0
venice_mar_vista/3966112593471443_0,venice_mar_vista,crops/venice_mar_vista/3966112593471443_0.jpg,3966112593471443,2017-06-14T12:28:02+00:00,2017,34.013558055556,-118.47899638889,231.00232505399,False,mly_la,https://www.mapillary.com/app/?pKey=3966112593471443,CC BY-SA 4.0,1,58,1,unknown,,0.0
venice_mar_vista/507503463942824_0,venice_mar_vista,crops/venice_mar_vista/507503463942824_0.jpg,507503463942824,2017-06-14T12:36:24+00:00,2017,34.011515,-118.46866972222,51.790843568621,False,mly_la,https://www.mapillary.com/app/?pKey=507503463942824,CC BY-SA 4.0,1,58,1,unknown,,0.0
venice_mar_vista/840399719896714_0,venice_mar_vista,crops/venice_mar_vista/840399719896714_0.jpg,840399719896714,2018-08-19T18:28:20.710000+00:00,2018,33.988163668795,-118.4232455071,213.9270324707,False,lvl5,https://www.mapillary.com/app/?pKey=840399719896714,CC BY-SA 4.0,1,57,1,unknown,,0.0
venice_mar_vista/510956896760539_1,venice_mar_vista,crops/venice_mar_vista/510956896760539_1.jpg,510956896760539,2017-06-14T10:11:21+00:00,2017,34.011896388889,-118.47177138889,138.39073349767,False,mly_la,https://www.mapillary.com/app/?pKey=510956896760539,CC BY-SA 4.0,1,57,1,unknown,,0.0
venice_mar_vista/1190734801377917_0,venice_mar_vista,crops/venice_mar_vista/1190734801377917_0.jpg,1190734801377917,2017-06-14T12:21:17+00:00,2017,34.014698055556,-118.46310805556,235.19189088868,False,mly_la,https://www.mapillary.com/app/?pKey=1190734801377917,CC BY-SA 4.0,1,57,1,unknown,,0.0
venice_mar_vista/989569525228112_0,venice_mar_vista,crops/venice_mar_vista/989569525228112_0.jpg,989569525228112,2017-06-14T10:41:21+00:00,2017,34.006308055556,-118.47548305556,221.94978890032,False,mly_la,https://www.mapillary.com/app/?pKey=989569525228112,CC BY-SA 4.0,1,57,1,unknown,,0.0
venice_mar_vista/374443023893622_0,venice_mar_vista,crops/venice_mar_vista/374443023893622_0.jpg,374443023893622,2017-06-14T11:52:39+00:00,2017,34.010356388889,-118.46214472222,55.711517632871,False,mly_la,https://www.mapillary.com/app/?pKey=374443023893622,CC BY-SA 4.0,1,57,1,unknown,,0.0
venice_mar_vista/308118550917597_1,venice_mar_vista,crops/venice_mar_vista/308118550917597_1.jpg,308118550917597,2018-08-19T18:28:18.840000+00:00,2018,33.988457176641,-118.42301530902,214.01126098633,False,lvl5,https://www.mapillary.com/app/?pKey=308118550917597,CC BY-SA 4.0,1,57,1,unknown,,0.0
venice_mar_vista/234812695213994_0,venice_mar_vista,crops/venice_mar_vista/234812695213994_0.jpg,234812695213994,2018-07-11T18:22:10.232000+00:00,2018,34.014673767674,-118.44187259695,328.27770996094,False,lvl5,https://www.mapillary.com/app/?pKey=234812695213994,CC BY-SA 4.0,1,57,1,unknown,,0.0
venice_mar_vista/218578159697834_0,venice_mar_vista,crops/venice_mar_vista/218578159697834_0.jpg,218578159697834,2017-06-14T13:48:11+00:00,2017,34.008873055556,-118.47979305556,322.48748011232,False,mly_la,https://www.mapillary.com/app/?pKey=218578159697834,CC BY-SA 4.0,1,57,1,unknown,,0.0
venice_mar_vista/382809630116072_0,venice_mar_vista,crops/venice_mar_vista/382809630116072_0.jpg,382809630116072,2018-07-23T15:27:44.361000+00:00,2018,34.005604912771,-118.4349894945,327.3046875,False,lvl5,https://www.mapillary.com/app/?pKey=382809630116072,CC BY-SA 4.0,1,57,1,unknown,,0.0
