candidate_id,area,crop_path,image_id,captured_at,year,lat,lon,compass_angle,is_pano,creator_username,source_url,license,n_panels_detected,height_native,n_views,ocr_status,ocr_text,ocr_conf
downtown/459990738639597_0,downtown,crops/downtown/459990738639597_0.jpg,459990738639597,2015-10-06T12:06:41.060000+00:00,2015,34.05481297,-118.24606831,233.15533828735,False,matikin9,https://www.mapillary.com/app/?pKey=459990738639597,CC BY-SA 4.0,2,1650,1,unknown,LINe | L | A | D | O | T | 0-0 | LADOT,0.919
downtown/808126956777751_0,downtown,crops/downtown/808126956777751_0.jpg,808126956777751,2017-07-29T21:32:47.937000+00:00,2017,34.054066816574,-118.24403558428,109.45330810547,False,lucilleforshort,https://www.mapillary.com/app/?pKey=808126956777751,CC BY-SA 4.0,3,1389,2,parking,PLEASLEASH | AND CLEANU | PLEASE CLEAN UP | AFTER YOUR PET | Dog Waste Bags,0.965
downtown/467429901154153_0,downtown,crops/downtown/467429901154153_0.jpg,467429901154153,2015-10-12T13:22:07.177000+00:00,2015,34.05090564,-118.24448754,128.84799098969,False,matikin9,https://www.mapillary.com/app/?pKey=467429901154153,CC BY-SA 4.0,4,1247,1,parking,MINUTE | 8AM | 8PM | END | ROAD WORK | TOW-AWAY | TEMPORARY | NO | PARKING | 6AM FRIDAY TC | 6AM MONDAY | TOW-AWAY | TEMPORARY | NOPARKING | ANY TIME | ROL | (866)99-C | PATROL | :01 | EMERG,0.961
downtown/262072012282498_0,downtown,crops/downtown/262072012282498_0.jpg,262072012282498,2016-11-16T16:15:15+00:00,2016,34.05498061798,-118.24584122758,42.046985475351,False,chrisbeddow,https://www.mapillary.com/app/?pKey=262072012282498,CC BY-SA 4.0,2,1206,1,unknown,~ | P,0.778
downtown/831182604259365_0,downtown,crops/downtown/831182604259365_0.jpg,831182604259365,2015-10-12T13:22:05.059000+00:00,2015,34.05091879,-118.24450452,133.49503612518,False,matikin9,https://www.mapillary.com/app/?pKey=831182604259365,CC BY-SA 4.0,4,740,1,parking,OFM | ND | WORK | -AWAY | JORARY | PARKING | RIDAYTO | MONDAY | AWAY | ORARY | ARKING | TIME,0.977
downtown/450050762723133_0,downtown,crops/downtown/450050762723133_0.jpg,450050762723133,2015-10-06T12:11:33.034000+00:00,2015,34.05309694,-118.24759144,235.9421710968,False,matikin9,https://www.mapillary.com/app/?pKey=450050762723133,CC BY-SA 4.0,2,594,1,unknown,DETOUR,1.0
downtown/494917368627113_0,downtown,crops/downtown/494917368627113_0.jpg,494917368627113,2020-01-24T20:42:33.227000+00:00,2020,34.048732,-118.248088,130.06985473633,False,turne514,https://www.mapillary.com/app/?pKey=494917368627113,CC BY-SA 4.0,2,621,1,parking,3AM5AM | OINTHE | STREET CLEANING | NIGHTLY | NOSTOPPING | 7AMAM | 4PM 1o 6PM | EXCEPT SATURDAY & SUNDAY | 2 | PARKING | HOUR | GA6 | 4PM | 8AM | SATURDAY | 6PM= | 8PM | 8PM | 1O,0.919
downtown/470217334091689_0,downtown,crops/downtown/470217334091689_0.jpg,470217334091689,2016-05-31T23:06:36.817000+00:00,2016,34.049953,-118.249942,109.9091,False,moeizlack,https://www.mapillary.com/app/?pKey=470217334091689,CC BY-SA 4.0,1,561,2,parking,NOSTOPPING | 7AM 10 9AM | 4PM 10 6PM | EXCEPT SATURDAY & SUNDAY | 2 | HOUR | PARKING | 8AM | 8PM,0.95
downtown/1178406835970596_0,downtown,crops/downtown/1178406835970596_0.jpg,1178406835970596,2020-09-24T20:36:32.010000+00:00,2020,34.0468212,-118.2570419,217.5138092041,False,ekaxi,https://www.mapillary.com/app/?pKey=1178406835970596,CC BY-SA 4.0,1,501,1,unknown,LAZ | PA | RK | 725 | S.GRAND,0.996
downtown/217301226506186_0,downtown,crops/downtown/217301226506186_0.jpg,217301226506186,2015-10-12T12:11:56.433000+00:00,2015,34.05004165,-118.24292899,295.16793823242,False,matikin9,https://www.mapillary.com/app/?pKey=217301226506186,CC BY-SA 4.0,3,516,1,parking,ELECTRIC | VEHICLE | WELL | CHARGING | STATION | AWAY | STOPPING | ANY | TIEE,0.916
downtown/487950375893013_0,downtown,crops/downtown/487950375893013_0.jpg,487950375893013,2016-11-16T16:15:07+00:00,2016,34.054876430923,-118.2459501085,42.046985475351,False,chrisbeddow,https://www.mapillary.com/app/?pKey=487950375893013,CC BY-SA 4.0,1,490,5,parking,Public | Each | Parking | →,0.989
downtown/226526995589854_0,downtown,crops/downtown/226526995589854_0.jpg,226526995589854,2020-06-29T15:54:23.096000+00:00,2020,34.042605,-118.25749166667,36.714077141183,False,ekaxi,https://www.mapillary.com/app/?pKey=226526995589854,CC BY-SA 4.0,2,492,1,parking,NOSTOPPING | 4PM106PM | CXCEPT SAT A SUN | 4 | PARKING | HOUR | 8AM | 8AM | ATH | 4PM | 6PM | PARKING,0.959
downtown/786896305554778_0,downtown,crops/downtown/786896305554778_0.jpg,786896305554778,2017-07-29T21:32:46.857000+00:00,2017,34.053996516234,-118.24402282246,92.051239013672,False,lucilleforshort,https://www.mapillary.com/app/?pKey=786896305554778,CC BY-SA 4.0,1,490,2,parking,PLEASE CLEAN UP | AFTERYOUR PET | Dog Waste Ba,0.954
downtown/370078370990580_0,downtown,crops/downtown/370078370990580_0.jpg,370078370990580,2015-10-12T13:21:58.672000+00:00,2015,34.05095724,-118.2445528,126.64578342438,False,matikin9,https://www.mapillary.com/app/?pKey=370078370990580,CC BY-SA 4.0,4,442,3,unknown,堂 | 15,0.962
downtown/326641155541339_0,downtown,crops/downtown/326641155541339_0.jpg,326641155541339,2020-09-24T20:07:49.979000+00:00,2020,34.047941299999,-118.2526553,218.3165435791,False,ekaxi,https://www.mapillary.com/app/?pKey=326641155541339,CC BY-SA 4.0,3,432,1,parking,OSTOPPING | ANY TIME | TOW-AWAY | STOPPING | SIGHTSEEING | BUS ZONE,0.994
downtown/135902105408917_0,downtown,crops/downtown/135902105408917_0.jpg,135902105408917,2021-08-30T19:17:09.510000+00:00,2021,34.037880332074,-118.25625011882,303.04274413234,False,etunell,https://www.mapillary.com/app/?pKey=135902105408917,CC BY-SA 4.0,2,419,1,unknown,SHARE | THE | ROAD,1.0
downtown/751701222188979_0,downtown,crops/downtown/751701222188979_0.jpg,751701222188979,2020-06-30T15:41:51.659000+00:00,2020,34.047583333333,-118.25680833333,209.16232801105,False,ekaxi,https://www.mapillary.com/app/?pKey=751701222188979,CC BY-SA 4.0,2,389,1,parking,TOW-AWAY | NO STOPPING | ANY | TIME | NO | LEFT TURN | MAY USE | TURN BOX,0.968
downtown/1167968463666572_1,downtown,crops/downtown/1167968463666572_1.jpg,1167968463666572,2016-11-16T16:15:06+00:00,2016,34.054860505307,-118.24595907714,42.046985475351,False,chrisbeddow,https://www.mapillary.com/app/?pKey=1167968463666572,CC BY-SA 4.0,1,372,1,parking,$3.50 | Each 15 Minutes | $20.00 | Maximum | $10.00 | Flat Rate | After 4:30 PM | No In & Out With Same Ticket,0.987
downtown/225000128963849_0,downtown,crops/downtown/225000128963849_0.jpg,225000128963849,2020-01-24T20:49:48.198000+00:00,2020,34.046941,-118.245439,122.11154174805,False,turne514,https://www.mapillary.com/app/?pKey=225000128963849,CC BY-SA 4.0,3,368,1,parking,TOW-AWAY | NO STOPPING | 9PM=6AM | NO STOPPING | 4PM6PM | 2 | HOUR | PARKING | 8AM4PM,0.972
downtown/523296789078161_0,downtown,crops/downtown/523296789078161_0.jpg,523296789078161,2015-10-12T13:22:00.788000+00:00,2015,34.05094467,-118.24453542,128.75939750671,False,matikin9,https://www.mapillary.com/app/?pKey=523296789078161,CC BY-SA 4.0,3,406,1,unknown,ROA | 101,0.817
downtown/1174450019659670_0,downtown,crops/downtown/1174450019659670_0.jpg,1174450019659670,2020-01-24T20:43:12.172000+00:00,2020,34.049335,-118.246098,39.128021240234,False,turne514,https://www.mapillary.com/app/?pKey=1174450019659670,CC BY-SA 4.0,2,371,1,unknown,ON RED,0.933
downtown/346020050267913_0,downtown,crops/downtown/346020050267913_0.jpg,346020050267913,2020-06-29T14:54:58.371000+00:00,2020,34.045162103401,-118.25518727757,232.74652609312,False,ekaxi,https://www.mapillary.com/app/?pKey=346020050267913,CC BY-SA 4.0,1,369,1,parking,"Public | Parking | 737 S. Hill St. | Parking Rates | 0 | $3,00 | $12 | ATE | 00 P.M. | Ea.15 Min | MAXIMUM | S | 400 | 7 | 00 | Flat Rate | After 4 pm | All Day | Saturday | T AM-7 PM, Mlooday-Fridny | Hours",0.938
downtown/397653001945453_0,downtown,crops/downtown/397653001945453_0.jpg,397653001945453,2021-08-30T20:03:28.510000+00:00,2021,34.039867428375,-118.25355737837,50.731530702116,False,etunell,https://www.mapillary.com/app/?pKey=397653001945453,CC BY-SA 4.0,2,348,1,unknown,9th | St | 300 E,0.975
downtown/1422725714728475_0,downtown,crops/downtown/1422725714728475_0.jpg,1422725714728475,2020-09-24T21:29:53.013000+00:00,2020,34.0430975,-118.2536026,306.51739501953,False,ekaxi,https://www.mapillary.com/app/?pKey=1422725714728475,CC BY-SA 4.0,3,355,1,parking,THRU | ERAFFIC | MERGE | RIGHT | 6 | 7PM,0.945
downtown/2659475661018527_0,downtown,crops/downtown/2659475661018527_0.jpg,2659475661018527,2020-06-29T15:54:18.068000+00:00,2020,34.042415,-118.257655,35.94381581218,False,ekaxi,https://www.mapillary.com/app/?pKey=2659475661018527,CC BY-SA 4.0,1,339,5,parking,PARKING | SPECIAL | MONTHLY | PARKING | MONTHLY | PARKING | $150. | PARK & LOCK,0.987
downtown/139668408112732_0,downtown,crops/downtown/139668408112732_0.jpg,139668408112732,2020-09-24T21:19:11.982000+00:00,2020,34.0435832,-118.2579503,127.02978515625,False,ekaxi,https://www.mapillary.com/app/?pKey=139668408112732,CC BY-SA 4.0,1,349,1,parking,OSTOPPING | 9AM | 7PM | PARKING | 8AM | 3 | 8PM | 2W-,0.922
downtown/463972328051434_0,downtown,crops/downtown/463972328051434_0.jpg,463972328051434,2015-10-06T12:13:20.390000+00:00,2015,34.05209346,-118.24864959,238.98610591888,False,matikin9,https://www.mapillary.com/app/?pKey=463972328051434,CC BY-SA 4.0,1,332,1,parking,ENTER HERE | PUBLIC | PARKING | $5 | FLAT | RATE | AFTER | 4 P.M.,0.982
downtown/786896305554778_1,downtown,crops/downtown/786896305554778_1.jpg,786896305554778,2017-07-29T21:32:46.857000+00:00,2017,34.053996516234,-118.24402282246,92.051239013672,False,lucilleforshort,https://www.mapillary.com/app/?pKey=786896305554778,CC BY-SA 4.0,1,331,4,unknown,PLEASLEASH | ANDCLEANUP,0.985
downtown/143972677696968_0,downtown,crops/downtown/143972677696968_0.jpg,143972677696968,2017-04-09T14:18:59+00:00,2017,34.053118055556,-118.245005,146.69667467248,False,wsp_us,https://www.mapillary.com/app/?pKey=143972677696968,CC BY-SA 4.0,3,393,1,parking,Ino | NOSTOPING | 7A8291m | 8 | 8x,0.739
downtown/2826962650890368_0,downtown,crops/downtown/2826962650890368_0.jpg,2826962650890368,2020-06-30T16:13:17.008000+00:00,2020,34.047146666667,-118.25716166667,207.01674563226,False,ekaxi,https://www.mapillary.com/app/?pKey=2826962650890368,CC BY-SA 4.0,1,320,1,unknown,LAZ | PARK | 725 | LGRAND,0.986
downtown/2557366461232639_0,downtown,crops/downtown/2557366461232639_0.jpg,2557366461232639,2020-06-29T15:32:33.155000+00:00,2020,34.04748,-118.25650666667,211.07313614105,False,ekaxi,https://www.mapillary.com/app/?pKey=2557366461232639,CC BY-SA 4.0,2,315,1,parking,TOW-AWAY | NOSTOPPING | ANY | Y TIME | LEFT TURN | MAY USE | TURN BOX,0.992
downtown/1388052531595340_0,downtown,crops/downtown/1388052531595340_0.jpg,1388052531595340,2016-11-16T16:10:17.792000+00:00,2016,34.053256528244,-118.2475580252,47.319945274726,False,chrisbeddow,https://www.mapillary.com/app/?pKey=1388052531595340,CC BY-SA 4.0,1,320,2,parking,TOW-AWAY | NOSTOPPING | TIME | ANY | COMML | E | 419,0.935
downtown/342427060602841_0,downtown,crops/downtown/342427060602841_0.jpg,342427060602841,2021-05-14T21:50:02.675000+00:00,2021,34.043931961506,-118.25294537729,215.66622706888,False,etunell,https://www.mapillary.com/app/?pKey=342427060602841,CC BY-SA 4.0,2,309,1,parking,ONE | NO STOPPING | ANY TIME,0.985
downtown/775401849782831_0,downtown,crops/downtown/775401849782831_0.jpg,775401849782831,2017-04-30T13:57:30+00:00,2017,34.047193055556,-118.22679638889,95.185320846167,False,mly_la,https://www.mapillary.com/app/?pKey=775401849782831,CC BY-SA 4.0,3,320,1,unknown,PHOTO | ENFORCED,0.933
downtown/262072012282498_1,downtown,crops/downtown/262072012282498_1.jpg,262072012282498,2016-11-16T16:15:15+00:00,2016,34.05498061798,-118.24584122758,42.046985475351,False,chrisbeddow,https://www.mapillary.com/app/?pKey=262072012282498,CC BY-SA 4.0,2,290,2,parking,TOW-AWAY | TEMPORARY | NOSTOPPING | 4AM to 6PM,0.992
downtown/480222786367306_0,downtown,crops/downtown/480222786367306_0.jpg,480222786367306,2017-04-09T14:01:55+00:00,2017,34.047488055556,-118.25657638889,317.12703518692,False,wsp_us,https://www.mapillary.com/app/?pKey=480222786367306,CC BY-SA 4.0,1,346,1,unknown,AOMAD,0.719
downtown/923304261577175_0,downtown,crops/downtown/923304261577175_0.jpg,923304261577175,2020-09-24T20:25:32.925000+00:00,2020,34.046739400002,-118.25702020202,231.73789978027,False,ekaxi,https://www.mapillary.com/app/?pKey=923304261577175,CC BY-SA 4.0,1,280,1,unknown,OAD | ORK,0.994
downtown/526297575407325_0,downtown,crops/downtown/526297575407325_0.jpg,526297575407325,2021-04-23T21:47:19.299000+00:00,2021,34.03970332494,-118.25252507946,0.0,False,etunell,https://www.mapillary.com/app/?pKey=526297575407325,CC BY-SA 4.0,1,281,1,parking,2HOUR | PARKING | 8AM6PM,0.99
downtown/157514626346539_0,downtown,crops/downtown/157514626346539_0.jpg,157514626346539,2020-07-01T16:55:59.104000+00:00,2020,34.04264057994,-118.25743871394,34.995819091797,False,fcarneyibi,https://www.mapillary.com/app/?pKey=157514626346539,CC BY-SA 4.0,2,291,1,parking,NOSTOPPING | 4PM6PM | TSTARA | 4PARKING | HOUR | 8AM | 8AM | 6PH | 4PM,0.915
downtown/377577240337944_0,downtown,crops/downtown/377577240337944_0.jpg,377577240337944,2020-10-18T21:31:52.358000+00:00,2020,34.046457899998,-118.2513392,133.77697753906,False,ekaxi,https://www.mapillary.com/app/?pKey=377577240337944,CC BY-SA 4.0,2,285,1,parking,PARKING | 2AN5AM | HTI | ROUR | PARKING | 8AN=8P,0.914
downtown/265876368608742_0,downtown,crops/downtown/265876368608742_0.jpg,265876368608742,2020-10-18T21:31:53.335000+00:00,2020,34.0464512,-118.2513308,137.29614257812,False,ekaxi,https://www.mapillary.com/app/?pKey=265876368608742,CC BY-SA 4.0,2,280,1,parking,PARKING | 2AM105AM | NIGHTLY | ROUR | PARKING | 8AM=8PM,0.932
downtown/779294719617148_0,downtown,crops/downtown/779294719617148_0.jpg,779294719617148,2020-07-01T16:24:55.166000+00:00,2020,34.045120908925,-118.25530413692,70.181335449219,False,fcarneyibi,https://www.mapillary.com/app/?pKey=779294719617148,CC BY-SA 4.0,3,268,2,parking,RATES | 00 | 00 | HOURS,0.987
downtown/374461167195986_0,downtown,crops/downtown/374461167195986_0.jpg,374461167195986,2017-04-09T12:05:34+00:00,2017,34.048373055556,-118.24769305556,223.81100732049,False,wsp_us,https://www.mapillary.com/app/?pKey=374461167195986,CC BY-SA 4.0,3,273,1,parking,R | NOSTOPPING | 2PARKIN | 8,0.951
downtown/1181762412243832_0,downtown,crops/downtown/1181762412243832_0.jpg,1181762412243832,2016-05-31T23:05:48.831000+00:00,2016,34.050356,-118.250451,117.947,False,moeizlack,https://www.mapillary.com/app/?pKey=1181762412243832,CC BY-SA 4.0,2,268,1,parking,ROAD | NARROWS | 4PM-7PM,0.971
downtown/1204816633309537_0,downtown,crops/downtown/1204816633309537_0.jpg,1204816633309537,2017-04-09T14:42:27+00:00,2017,34.044119722222,-118.25787472222,306.60820341752,False,mly_la,https://www.mapillary.com/app/?pKey=1204816633309537,CC BY-SA 4.0,3,256,2,unknown,TOWERS | RESTAURANTS | BARS | '5 | 5 | OPEN,0.999
downtown/465572821176971_0,downtown,crops/downtown/465572821176971_0.jpg,465572821176971,2020-07-01T17:17:45.091000+00:00,2020,34.04357132053,-118.25797647859,125.95666503906,False,fcarneyibi,https://www.mapillary.com/app/?pKey=465572821176971,CC BY-SA 4.0,1,264,1,parking,NOSTOPPING | 199AM | 7PM | PARKING | HOUR | 9AM | 8AM- | 3PM | 8PM,0.944
downtown/377325516886405_0,downtown,crops/downtown/377325516886405_0.jpg,377325516886405,2017-04-09T14:08:13+00:00,2017,34.046721388889,-118.25722805556,306.93810900368,False,wsp_us,https://www.mapillary.com/app/?pKey=377325516886405,CC BY-SA 4.0,1,283,1,unknown,P | ARKY | 75,0.846
downtown/207186354298023_0,downtown,crops/downtown/207186354298023_0.jpg,207186354298023,2015-10-25T15:39:44.320000+00:00,2015,34.03899557,-118.24928544,348.84302901269,False,omaru,https://www.mapillary.com/app/?pKey=207186354298023,CC BY-SA 4.0,2,255,1,parking,PARKING | SPECIAL | MONTHLY | PARKING | MONTHLY | PADKING | S | 2 | PAF | CK,0.966
downtown/247298853842104_0,downtown,crops/downtown/247298853842104_0.jpg,247298853842104,2017-04-09T14:08:12+00:00,2017,34.046829722222,-118.25714805556,301.46144544681,False,wsp_us,https://www.mapillary.com/app/?pKey=247298853842104,CC BY-SA 4.0,1,272,3,unknown,P | ARKY | 725 | 10H0,0.866
downtown/313125156861014_0,downtown,crops/downtown/313125156861014_0.jpg,313125156861014,2016-07-09T00:32:06.568000+00:00,2016,34.052843,-118.247175,301.776,False,jschleuss,https://www.mapillary.com/app/?pKey=313125156861014,CC BY-SA 4.0,1,313,1,unknown,NING | 10430,0.678
downtown/2917401318545560_0,downtown,crops/downtown/2917401318545560_0.jpg,2917401318545560,2020-06-30T16:13:11.476000+00:00,2020,34.047196666667,-118.25712833333,210.6187646863,False,ekaxi,https://www.mapillary.com/app/?pKey=2917401318545560,CC BY-SA 4.0,1,258,2,unknown,LAZ | P | A | R | K | 725 | LOMAND,0.931
downtown/534483957717355_0,downtown,crops/downtown/534483957717355_0.jpg,534483957717355,2017-04-09T14:42:26+00:00,2017,34.0442,-118.25780138889,218.7569440496,False,mly_la,https://www.mapillary.com/app/?pKey=534483957717355,CC BY-SA 4.0,3,249,1,parking,SFFICE TOWER | BARS | OPEN | PARKING,0.967
downtown/425468502507426_0,downtown,crops/downtown/425468502507426_0.jpg,425468502507426,2021-08-30T19:43:28.509000+00:00,2021,34.038408575132,-118.25387057394,41.386997518156,False,etunell,https://www.mapillary.com/app/?pKey=425468502507426,CC BY-SA 4.0,1,246,1,parking,P | PUBLIC | PARKING | 424.333.1869,0.985
downtown/454986002263519_0,downtown,crops/downtown/454986002263519_0.jpg,454986002263519,2015-10-30T23:03:10.080000+00:00,2015,34.049441,-118.251675,60.77393,False,moeizlack,https://www.mapillary.com/app/?pKey=454986002263519,CC BY-SA 4.0,2,249,1,parking,PASSENGER | LOADING ONLY | 7PM02AM | 5 MINUTE LIMIT,0.946
downtown/929351387609354_0,downtown,crops/downtown/929351387609354_0.jpg,929351387609354,2020-10-18T21:31:51.301000+00:00,2020,34.046470699997,-118.2513575,130.03924560547,False,ekaxi,https://www.mapillary.com/app/?pKey=929351387609354,CC BY-SA 4.0,2,240,1,parking,PARKING | PARKING,1.0
downtown/797736144240126_0,downtown,crops/downtown/797736144240126_0.jpg,797736144240126,2017-04-09T12:51:28+00:00,2017,34.052236388889,-118.24856138889,126.55001882923,False,wsp_us,https://www.mapillary.com/app/?pKey=797736144240126,CC BY-SA 4.0,1,244,1,unknown,ELETRIC | VEHCLE | CHARGING | STATION,0.967
downtown/189295839703874_1,downtown,crops/downtown/189295839703874_1.jpg,189295839703874,2015-10-25T15:26:35.297000+00:00,2015,34.04767389,-118.22505784,287.08502023497,False,omaru,https://www.mapillary.com/app/?pKey=189295839703874,CC BY-SA 4.0,2,267,1,unknown,十,0.837
downtown/459417278468111_0,downtown,crops/downtown/459417278468111_0.jpg,459417278468111,2017-04-09T13:37:18+00:00,2017,34.054464722222,-118.24476638889,213.41430628973,False,mly_la,https://www.mapillary.com/app/?pKey=459417278468111,CC BY-SA 4.0,1,240,1,unknown,THRU | TRAFFIC | MERGE | LEFT,0.985
downtown/826980218221233_0,downtown,crops/downtown/826980218221233_0.jpg,826980218221233,2017-04-09T14:15:51+00:00,2017,34.053206388889,-118.24799638889,230.14341968515,False,wsp_us,https://www.mapillary.com/app/?pKey=826980218221233,CC BY-SA 4.0,3,240,1,parking,7AM7PM | Hill,0.985
downtown/293874318944536_0,downtown,crops/downtown/293874318944536_0.jpg,293874318944536,2015-10-30T23:05:57.997000+00:00,2015,34.049827,-118.249864,124.0347,False,moeizlack,https://www.mapillary.com/app/?pKey=293874318944536,CC BY-SA 4.0,1,251,1,unknown,NOSOPING,0.913
downtown/166392772053194_0,downtown,crops/downtown/166392772053194_0.jpg,166392772053194,2017-04-09T13:51:27+00:00,2017,34.052666388889,-118.25167638889,213.1172949902,False,mly_la,https://www.mapillary.com/app/?pKey=166392772053194,CC BY-SA 4.0,2,231,1,unknown,M | 378 | 442 | 487 | 489 | BUS,0.972
downtown/318554203008089_0,downtown,crops/downtown/318554203008089_0.jpg,318554203008089,2020-06-30T16:12:56.942000+00:00,2020,34.047881666667,-118.25653333333,212.91580480187,False,ekaxi,https://www.mapillary.com/app/?pKey=318554203008089,CC BY-SA 4.0,2,232,1,parking,TOW-AWAY | NOSTOPPING | ANY TIME | LETT TURN | MAY USE | TURN BOX,0.967
downtown/181414420758429_0,downtown,crops/downtown/181414420758429_0.jpg,181414420758429,2021-08-30T19:35:13.573000+00:00,2021,34.039265454481,-118.25301788572,225.48109706307,False,etunell,https://www.mapillary.com/app/?pKey=181414420758429,CC BY-SA 4.0,1,234,1,parking,DAY SHADE | PUBLIC | PARKING | MOHLY PARKING & | STHOOMS AVAILABI,0.95
downtown/780697822597851_0,downtown,crops/downtown/780697822597851_0.jpg,780697822597851,2020-09-24T21:07:17.108000+00:00,2020,34.046317900001,-118.2516142,127.64556884766,False,ekaxi,https://www.mapillary.com/app/?pKey=780697822597851,CC BY-SA 4.0,1,233,1,parking,NOSTOPPING | 7AM107PM | 2P | HOUR | PARKING | 8AM8PM,0.935
downtown/817951425551937_0,downtown,crops/downtown/817951425551937_0.jpg,817951425551937,2021-08-30T19:58:28.513000+00:00,2021,34.038398236226,-118.25388049483,41.915190582467,False,etunell,https://www.mapillary.com/app/?pKey=817951425551937,CC BY-SA 4.0,1,226,2,parking,P | PUBLIC | PARKING | 424323.1569,0.97
downtown/1388052531595340_2,downtown,crops/downtown/1388052531595340_2.jpg,1388052531595340,2016-11-16T16:10:17.792000+00:00,2016,34.053256528244,-118.2475580252,47.319945274726,False,chrisbeddow,https://www.mapillary.com/app/?pKey=1388052531595340,CC BY-SA 4.0,2,252,1,unknown,NOTICK | MABDE VER,0.811
downtown/758341778161446_0,downtown,crops/downtown/758341778161446_0.jpg,758341778161446,2020-01-24T20:42:41.164000+00:00,2020,34.048338,-118.247436,126.37838745117,False,turne514,https://www.mapillary.com/app/?pKey=758341778161446,CC BY-SA 4.0,1,219,2,unknown,ON RED,0.996
downtown/770139240361272_1,downtown,crops/downtown/770139240361272_1.jpg,770139240361272,2020-09-24T20:33:57.850000+00:00,2020,34.050102199998,-118.2538166,294.56796264648,False,ekaxi,https://www.mapillary.com/app/?pKey=770139240361272,CC BY-SA 4.0,2,237,1,unknown,ONE MAY,0.875
downtown/1367380123633335_0,downtown,crops/downtown/1367380123633335_0.jpg,1367380123633335,2016-11-16T16:15:14+00:00,2016,34.054967039296,-118.24585639883,42.046985475351,False,chrisbeddow,https://www.mapillary.com/app/?pKey=1367380123633335,CC BY-SA 4.0,2,220,1,parking,TOW-AWAY | NO STOPPING,0.981
downtown/234501815173289_0,downtown,crops/downtown/234501815173289_0.jpg,234501815173289,2021-05-14T21:50:27.403000+00:00,2021,34.043438094452,-118.25322223236,0.0,False,etunell,https://www.mapillary.com/app/?pKey=234501815173289,CC BY-SA 4.0,1,230,1,unknown,LARGE DIWG RATIO | RESTAURANT FOR LEASE | 310-887-6226 | Le Shapirs,0.899
downtown/189295839703874_0,downtown,crops/downtown/189295839703874_0.jpg,189295839703874,2015-10-25T15:26:35.297000+00:00,2015,34.04767389,-118.22505784,287.08502023497,False,omaru,https://www.mapillary.com/app/?pKey=189295839703874,CC BY-SA 4.0,1,255,1,unknown,St | Ist,0.762
downtown/1555545638110973_0,downtown,crops/downtown/1555545638110973_0.jpg,1555545638110973,2020-10-18T20:48:30.295000+00:00,2020,34.044994899999,-118.2531909,127.80996704102,False,ekaxi,https://www.mapillary.com/app/?pKey=1555545638110973,CC BY-SA 4.0,2,231,1,unknown,blueLA,0.888
downtown/4251181728266893_0,downtown,crops/downtown/4251181728266893_0.jpg,4251181728266893,2015-10-08T15:54:44.020000+00:00,2015,34.051285,-118.253359,241.5131,False,ahealthydesign,https://www.mapillary.com/app/?pKey=4251181728266893,CC BY-SA 4.0,3,638,1,unknown,,0.0
downtown/865197924343973_0,downtown,crops/downtown/865197924343973_0.jpg,865197924343973,2020-06-29T15:27:12.825000+00:00,2020,34.043961666667,-118.25274333333,0.0,False,ekaxi,https://www.mapillary.com/app/?pKey=865197924343973,CC BY-SA 4.0,2,230,1,parking,LTOVE | NOSTOPPING | ANY TIME,0.886
downtown/496052688202658_0,downtown,crops/downtown/496052688202658_0.jpg,496052688202658,2015-10-25T15:39:46.335000+00:00,2015,34.03916919,-118.24938638,344.93254556205,False,omaru,https://www.mapillary.com/app/?pKey=496052688202658,CC BY-SA 4.0,1,215,1,parking,PARKING | CONETOD | FLOWER | MARKET | vin | 3. | FLAT | RATE | 107 | AFTER | AP.M. | ce | PARK& LOCK | 21 | 13) | -196,0.953
downtown/207186354298023_1,downtown,crops/downtown/207186354298023_1.jpg,207186354298023,2015-10-25T15:39:44.320000+00:00,2015,34.03899557,-118.24928544,348.84302901269,False,omaru,https://www.mapillary.com/app/?pKey=207186354298023,CC BY-SA 4.0,1,209,1,parking,PARKING | FLAT | RATE | FLAT | RATE | PARK & LOCK,0.989
downtown/500795057945123_0,downtown,crops/downtown/500795057945123_0.jpg,500795057945123,2017-10-11T19:59:40+00:00,2017,34.052637859427,-118.24485722429,146.40231323242,True,jschleuss,https://www.mapillary.com/app/?pKey=500795057945123,CC BY-SA 4.0,1,205,1,unknown,30 | 40 | 45 | 330,0.999
downtown/1047365429350967_0,downtown,crops/downtown/1047365429350967_0.jpg,1047365429350967,2021-08-30T19:44:30.505000+00:00,2021,34.041091016752,-118.25140468587,33.238988792568,False,etunell,https://www.mapillary.com/app/?pKey=1047365429350967,CC BY-SA 4.0,1,238,1,unknown,STVATE | LAW | TO,0.786
downtown/191750649449818_0,downtown,crops/downtown/191750649449818_0.jpg,191750649449818,2017-04-09T12:38:09+00:00,2017,34.044505,-118.24479305556,199.55545985635,False,mly_la,https://www.mapillary.com/app/?pKey=191750649449818,CC BY-SA 4.0,3,253,1,parking,1 | NOSSTOPPNG | ANY TIME,0.707
downtown/5518372181571139_0,downtown,crops/downtown/5518372181571139_0.jpg,5518372181571139,2017-04-09T12:48:55+00:00,2017,34.048203055556,-118.25224638889,118.34825349363,False,wsp_us,https://www.mapillary.com/app/?pKey=5518372181571139,CC BY-SA 4.0,2,208,1,parking,TOW-AWAY | NOSTOPPING | TEMPORARY | 6AM1PM | FRIDAY ONLY,0.969
downtown/1606582023707704_0,downtown,crops/downtown/1606582023707704_0.jpg,1606582023707704,2024-06-06T17:23:40.553000+00:00,2024,34.041283922834,-118.23185317541,221.74494273165,False,inlandurbanist,https://www.mapillary.com/app/?pKey=1606582023707704,CC BY-SA 4.0,1,207,1,unknown,GENLY,0.952
downtown/1371637456540460_0,downtown,crops/downtown/1371637456540460_0.jpg,1371637456540460,2017-04-09T14:42:26+00:00,2017,34.044023055556,-118.25798638889,128.56669936523,False,wsp_us,https://www.mapillary.com/app/?pKey=1371637456540460,CC BY-SA 4.0,1,222,1,parking,CAREER | TRAINING | CALAELA | UITATHLAEDUIDTLA,0.852
downtown/307843450865450_0,downtown,crops/downtown/307843450865450_0.jpg,307843450865450,2017-04-09T14:31:10+00:00,2017,34.036286388889,-118.24046138889,42.969335407235,False,wsp_us,https://www.mapillary.com/app/?pKey=307843450865450,CC BY-SA 4.0,3,210,1,parking,TOW-WAY | NO | PARKING | 5AN | PARKING | HOUR | 42m,0.919
downtown/1971898089616938_0,downtown,crops/downtown/1971898089616938_0.jpg,1971898089616938,2017-04-09T12:50:13+00:00,2017,34.049611388889,-118.25092,118.91487209948,False,wsp_us,https://www.mapillary.com/app/?pKey=1971898089616938,CC BY-SA 4.0,2,198,1,parking,ATHENA | PARKING | CONVENIENT TO | STATE BUILDING | PERCH AND Mrs. FISH,0.97
downtown/1104696180019445_0,downtown,crops/downtown/1104696180019445_0.jpg,1104696180019445,2021-05-14T21:41:39.634000+00:00,2021,34.042251517578,-118.25393208329,51.698866793982,False,etunell,https://www.mapillary.com/app/?pKey=1104696180019445,CC BY-SA 4.0,3,210,1,unknown,ROP | R,0.859
downtown/307471040965815_0,downtown,crops/downtown/307471040965815_0.jpg,307471040965815,2018-10-06T01:06:12.972000+00:00,2018,34.054149222513,-118.25293640068,310.93194580078,False,lvl5,https://www.mapillary.com/app/?pKey=307471040965815,CC BY-SA 4.0,3,190,1,unknown,MERGE,0.998
downtown/173683087868821_0,downtown,crops/downtown/173683087868821_0.jpg,173683087868821,2015-10-08T15:55:44.064000+00:00,2015,34.050539,-118.253818,230.187,False,ahealthydesign,https://www.mapillary.com/app/?pKey=173683087868821,CC BY-SA 4.0,2,565,1,unknown,,0.0
downtown/579426299919051_0,downtown,crops/downtown/579426299919051_0.jpg,579426299919051,2021-08-30T19:35:19.510000+00:00,2021,34.03888550115,-118.25343115571,221.44086112645,False,etunell,https://www.mapillary.com/app/?pKey=579426299919051,CC BY-SA 4.0,1,188,1,parking,PUBLIC | PARKING,1.0
downtown/165858882025409_0,downtown,crops/downtown/165858882025409_0.jpg,165858882025409,2017-04-09T12:48:54+00:00,2017,34.048148055556,-118.25231138889,134.39832370286,False,wsp_us,https://www.mapillary.com/app/?pKey=165858882025409,CC BY-SA 4.0,1,196,1,parking,ENTRANCE | OE | PUBLIC | PARKING | JEWELRY DISTRICT | S | S | 15 | 10) | SAT.& SUN,0.936
downtown/349853739829743_0,downtown,crops/downtown/349853739829743_0.jpg,349853739829743,2021-05-14T22:06:37.521000+00:00,2021,34.038613482828,-118.25374796368,0.0,False,etunell,https://www.mapillary.com/app/?pKey=349853739829743,CC BY-SA 4.0,1,188,1,parking,TOW AWAY | NO | STOPPING | BUS | ZONE,0.994
downtown/1978113992342304_0,downtown,crops/downtown/1978113992342304_0.jpg,1978113992342304,2017-04-09T12:51:29+00:00,2017,34.052331388889,-118.24847638889,128.04304328889,False,wsp_us,https://www.mapillary.com/app/?pKey=1978113992342304,CC BY-SA 4.0,1,208,1,parking,ENTRANCE | PUBLIC | PARKING | AONG FEOLON IRGD,0.845
downtown/329728521995902_0,downtown,crops/downtown/329728521995902_0.jpg,329728521995902,2020-09-24T20:17:40.961000+00:00,2020,34.0506468,-118.2501171,37.562438964844,False,ekaxi,https://www.mapillary.com/app/?pKey=329728521995902,CC BY-SA 4.0,1,200,1,unknown,CA | CLE | 12,0.892
downtown/513684219731888_0,downtown,crops/downtown/513684219731888_0.jpg,513684219731888,2021-08-30T19:35:25.548000+00:00,2021,34.038548568028,-118.25381500727,219.09108627639,False,etunell,https://www.mapillary.com/app/?pKey=513684219731888,CC BY-SA 4.0,1,188,1,parking,TOWAWAY | NO | STOPPING | 8US | ZONE,0.974
downtown/730772154258020_0,downtown,crops/downtown/730772154258020_0.jpg,730772154258020,2017-04-30T13:51:44+00:00,2017,34.047571388889,-118.22596472222,184.26746199425,False,mly_la,https://www.mapillary.com/app/?pKey=730772154258020,CC BY-SA 4.0,1,185,2,unknown,LL | PHOTO | ENFORCED,0.997
downtown/272771454563688_0,downtown,crops/downtown/272771454563688_0.jpg,272771454563688,2017-04-09T14:26:33+00:00,2017,34.053536388889,-118.238035,273.09752715832,False,wsp_us,https://www.mapillary.com/app/?pKey=272771454563688,CC BY-SA 4.0,3,195,1,parking,SPEED | LIMIT | 35 | NSON | TOW-ANAY | ANY TINE,0.898
downtown/514704566218466_0,downtown,crops/downtown/514704566218466_0.jpg,514704566218466,2015-01-23T21:26:40+00:00,2015,34.038378,-118.234531,232.7935,False,mpmckenna8,https://www.mapillary.com/app/?pKey=514704566218466,CC BY-SA 4.0,1,191,1,parking,TOW-AWAY | NO STORPING | 8PM7AM,0.916
downtown/923763548479250_0,downtown,crops/downtown/923763548479250_0.jpg,923763548479250,2020-06-29T15:45:44.998000+00:00,2020,34.047958333333,-118.257955,301.50037945991,False,ekaxi,https://www.mapillary.com/app/?pKey=923763548479250,CC BY-SA 4.0,1,226,1,unknown,0品,0.687
downtown/793665124612187_0,downtown,crops/downtown/793665124612187_0.jpg,793665124612187,2020-07-01T16:24:57.070000+00:00,2020,34.04511895701,-118.25530044309,213.29612731934,False,fcarneyibi,https://www.mapillary.com/app/?pKey=793665124612187,CC BY-SA 4.0,1,183,1,parking,PARKING | 3.00 | 7.00 | AFTER | MONTMLY,0.96
downtown/993667541170109_0,downtown,crops/downtown/993667541170109_0.jpg,993667541170109,2018-12-28T21:12:13.941000+00:00,2018,34.044007753326,-118.23967103102,3.1725325584412,False,lvl5,https://www.mapillary.com/app/?pKey=993667541170109,CC BY-SA 4.0,2,197,1,unknown,1,0.851
downtown/1321431661606461_1,downtown,crops/downtown/1321431661606461_1.jpg,1321431661606461,2017-04-09T13:59:47+00:00,2017,34.050896388889,-118.25327805556,312.06684370033,False,wsp_us,https://www.mapillary.com/app/?pKey=1321431661606461,CC BY-SA 4.0,3,193,1,unknown,NOPAENNG,0.872
downtown/3040982612791926_0,downtown,crops/downtown/3040982612791926_0.jpg,3040982612791926,2017-07-19T07:24:03+00:00,2017,34.050915,-118.249865,306.82476143928,False,mly_la,https://www.mapillary.com/app/?pKey=3040982612791926,CC BY-SA 4.0,3,184,1,unknown,4th st,0.936
downtown/754624475237408_0,downtown,crops/downtown/754624475237408_0.jpg,754624475237408,2017-04-09T14:15:52+00:00,2017,34.05317,-118.24795972222,224.96773272744,False,wsp_us,https://www.mapillary.com/app/?pKey=754624475237408,CC BY-SA 4.0,3,192,1,unknown,72x=7M | Hill,0.858
downtown/1191616357964802_0,downtown,crops/downtown/1191616357964802_0.jpg,1191616357964802,2017-04-09T12:14:14+00:00,2017,34.050788055556,-118.247625,29.716433826528,False,wsp_us,https://www.mapillary.com/app/?pKey=1191616357964802,CC BY-SA 4.0,1,173,2,parking,PARAGON | PARKING,1.0
downtown/1176600496187147_0,downtown,crops/downtown/1176600496187147_0.jpg,1176600496187147,2017-07-19T07:25:23+00:00,2017,34.048198055556,-118.25238305556,35.48710865666,False,mly_la,https://www.mapillary.com/app/?pKey=1176600496187147,CC BY-SA 4.0,1,173,1,parking,ENTRANCE | PUBLIC | PARKING | JEWELRY DISTRICT,0.996
downtown/748359119168671_0,downtown,crops/downtown/748359119168671_0.jpg,748359119168671,2020-06-30T15:56:41.025000+00:00,2020,34.050116666667,-118.253985,298.63421836248,False,ekaxi,https://www.mapillary.com/app/?pKey=748359119168671,CC BY-SA 4.0,1,177,1,parking,TOW-AWAY | NO STOPPING | ANY | TIME,0.959
downtown/183745326984525_0,downtown,crops/downtown/183745326984525_0.jpg,183745326984525,2020-09-24T21:29:17.968000+00:00,2020,34.042633,-118.2534122,50.522918701172,False,ekaxi,https://www.mapillary.com/app/?pKey=183745326984525,CC BY-SA 4.0,1,172,5,unknown,ON RED,0.998
downtown/405840734125517_0,downtown,crops/downtown/405840734125517_0.jpg,405840734125517,2016-03-04T23:09:34.675000+00:00,2016,34.052631,-118.247006,211.6654,False,jschleuss,https://www.mapillary.com/app/?pKey=405840734125517,CC BY-SA 4.0,2,170,3,unknown,DETOUR,1.0
downtown/793408727946725_0,downtown,crops/downtown/793408727946725_0.jpg,793408727946725,2015-10-12T12:14:59.748000+00:00,2015,34.05100247,-118.24434748,235.24237442017,False,matikin9,https://www.mapillary.com/app/?pKey=793408727946725,CC BY-SA 4.0,4,503,1,unknown,,0.0
downtown/941451233282178_0,downtown,crops/downtown/941451233282178_0.jpg,941451233282178,2020-01-23T21:34:35.244000+00:00,2020,34.035114,-118.255586,124.90087890625,False,turne514,https://www.mapillary.com/app/?pKey=941451233282178,CC BY-SA 4.0,2,498,1,unknown,,0.0
downtown/729045841096604_0,downtown,crops/downtown/729045841096604_0.jpg,729045841096604,2015-10-12T12:11:54.329000+00:00,2015,34.05002289,-118.24292922,290.70736312866,False,matikin9,https://www.mapillary.com/app/?pKey=729045841096604,CC BY-SA 4.0,2,189,1,unknown,IUN | NO,0.81
downtown/1134343570366745_0,downtown,crops/downtown/1134343570366745_0.jpg,1134343570366745,2017-04-09T16:15:52+00:00,2017,34.041005,-118.25111472222,44.354602180211,False,mly_la,https://www.mapillary.com/app/?pKey=1134343570366745,CC BY-SA 4.0,1,165,1,unknown,PARK | HERE,1.0
downtown/147390487357097_0,downtown,crops/downtown/147390487357097_0.jpg,147390487357097,2017-04-09T14:16:07+00:00,2017,34.052491388889,-118.24692805556,216.83870693285,False,wsp_us,https://www.mapillary.com/app/?pKey=147390487357097,CC BY-SA 4.0,2,166,1,unknown,DETOURD | DETOUR,0.971
downtown/308649800911310_0,downtown,crops/downtown/308649800911310_0.jpg,308649800911310,2021-04-23T21:30:55.931000+00:00,2021,34.042654081532,-118.25756225206,219.49061584473,False,jasonhphung,https://www.mapillary.com/app/?pKey=308649800911310,CC BY-SA 4.0,1,167,1,parking,4HOUR | PARKING | BAM8PM,0.936
downtown/1143383169506763_0,downtown,crops/downtown/1143383169506763_0.jpg,1143383169506763,2020-09-24T20:44:54.906000+00:00,2020,34.049187299999,-118.2566299,223.51782226562,False,ekaxi,https://www.mapillary.com/app/?pKey=1143383169506763,CC BY-SA 4.0,1,162,1,parking,HOUR | PARKING | 8AM | TCAK,0.965
downtown/919247271968215_0,downtown,crops/downtown/919247271968215_0.jpg,919247271968215,2020-09-24T20:33:59.024000+00:00,2020,34.050115100002,-118.2538505,274.98809814453,False,ekaxi,https://www.mapillary.com/app/?pKey=919247271968215,CC BY-SA 4.0,1,158,1,unknown,ON RED,0.995
downtown/222257639287452_0,downtown,crops/downtown/222257639287452_0.jpg,222257639287452,2020-01-24T20:37:43.166000+00:00,2020,34.05028,-118.250461,126.56094360352,False,turne514,https://www.mapillary.com/app/?pKey=222257639287452,CC BY-SA 4.0,1,167,1,parking,4PM=7PM | DCOT SA,0.911
downtown/1185539521892722_0,downtown,crops/downtown/1185539521892722_0.jpg,1185539521892722,2020-06-30T15:59:17.597000+00:00,2020,34.049141666667,-118.25690666667,211.85757702944,False,ekaxi,https://www.mapillary.com/app/?pKey=1185539521892722,CC BY-SA 4.0,1,230,1,unknown,O一,0.524
downtown/729112801103365_0,downtown,crops/downtown/729112801103365_0.jpg,729112801103365,2017-04-09T12:13:20+00:00,2017,34.050623055556,-118.24751805556,83.695960481934,False,wsp_us,https://www.mapillary.com/app/?pKey=729112801103365,CC BY-SA 4.0,1,156,1,unknown,Cathedr | THRU | TRAFFIC | MERGE | LEFT,1.0
downtown/885276492051711_0,downtown,crops/downtown/885276492051711_0.jpg,885276492051711,2015-10-12T13:21:17.804000+00:00,2015,34.05111103,-118.24434776,108.0080165863,False,matikin9,https://www.mapillary.com/app/?pKey=885276492051711,CC BY-SA 4.0,1,158,1,unknown,-NO | TRESPASS | VICLATO | WILL B | PROSECU,0.972
downtown/570152087762596_0,downtown,crops/downtown/570152087762596_0.jpg,570152087762596,2021-08-30T20:03:04.522000+00:00,2021,34.039001042158,-118.25476325186,48.846537096753,False,etunell,https://www.mapillary.com/app/?pKey=570152087762596,CC BY-SA 4.0,1,165,1,parking,2PARKING | IlAM | 8AM | 6PM | 6pu,0.902
downtown/264650305392705_0,downtown,crops/downtown/264650305392705_0.jpg,264650305392705,2020-06-29T14:55:01.697000+00:00,2020,34.045114424199,-118.25526572424,242.71040527154,False,ekaxi,https://www.mapillary.com/app/?pKey=264650305392705,CC BY-SA 4.0,1,156,1,parking,9AM | 4,0.986
downtown/494186948450710_0,downtown,crops/downtown/494186948450710_0.jpg,494186948450710,2017-04-09T12:12:58+00:00,2017,34.050018055556,-118.24661805556,127.364204079,False,mly_la,https://www.mapillary.com/app/?pKey=494186948450710,CC BY-SA 4.0,1,156,1,parking,ENTRANCE | PUBLIC | PARKING | PARK | CONVENENT TO | RONALD REAGAN BLDG. | WASHINGTON BLDG.,0.955
downtown/789224168687052_0,downtown,crops/downtown/789224168687052_0.jpg,789224168687052,2017-05-12T13:33:29+00:00,2017,34.041534722222,-118.23203305556,304.71414934027,False,mly_la,https://www.mapillary.com/app/?pKey=789224168687052,CC BY-SA 4.0,1,152,2,parking,PRIVATE | PARKING LOT | AUTHORIZED | VEHICLES | ONLY,0.99
downtown/514559319679159_0,downtown,crops/downtown/514559319679159_0.jpg,514559319679159,2016-01-30T21:56:38.227000+00:00,2016,34.049252,-118.232248,158.0086,False,gyllen,https://www.mapillary.com/app/?pKey=514559319679159,CC BY-SA 4.0,2,154,1,unknown,STOF,0.969
downtown/183745326984525_1,downtown,crops/downtown/183745326984525_1.jpg,183745326984525,2020-09-24T21:29:17.968000+00:00,2020,34.042633,-118.2534122,50.522918701172,False,ekaxi,https://www.mapillary.com/app/?pKey=183745326984525,CC BY-SA 4.0,1,150,4,unknown,SIGNAL,1.0
downtown/228091802069435_0,downtown,crops/downtown/228091802069435_0.jpg,228091802069435,2020-09-24T20:40:22.967000+00:00,2020,34.0449655,-118.2571347,104.43572998047,False,ekaxi,https://www.mapillary.com/app/?pKey=228091802069435,CC BY-SA 4.0,1,152,5,unknown,ON RED,0.975
downtown/314415506786787_0,downtown,crops/downtown/314415506786787_0.jpg,314415506786787,2016-11-16T16:15:01+00:00,2016,34.054805231313,-118.24601541284,42.046985475351,False,chrisbeddow,https://www.mapillary.com/app/?pKey=314415506786787,CC BY-SA 4.0,1,158,1,parking,$3.50 | Each 15 Minutes | $20.00 | Maxlmum | $10.00 | Flat Rale | Ater 4:30 PM,0.913
downtown/187137513254945_0,downtown,crops/downtown/187137513254945_0.jpg,187137513254945,2017-04-09T13:37:16+00:00,2017,34.054506388889,-118.24477972222,306.93558199731,False,wsp_us,https://www.mapillary.com/app/?pKey=187137513254945,CC BY-SA 4.0,2,153,1,parking,RIGHT LANE | MUST | TURN RIGHT | NOSTOPPING | 3HIE,0.953
downtown/530448101315116_0,downtown,crops/downtown/530448101315116_0.jpg,530448101315116,2017-07-19T07:27:29+00:00,2017,34.045103055556,-118.25530305556,31.518100345199,False,mly_la,https://www.mapillary.com/app/?pKey=530448101315116,CC BY-SA 4.0,1,148,1,unknown,Gil's,0.99
downtown/482038649543658_0,downtown,crops/downtown/482038649543658_0.jpg,482038649543658,2017-04-09T15:08:35+00:00,2017,34.053908055556,-118.24372472222,307.52026623766,False,wsp_us,https://www.mapillary.com/app/?pKey=482038649543658,CC BY-SA 4.0,1,166,1,unknown,中,0.826
downtown/837494263512282_0,downtown,crops/downtown/837494263512282_0.jpg,837494263512282,2018-11-30T18:50:09.273000+00:00,2018,34.047761667921,-118.2284952015,93.422538757324,False,lvl5,https://www.mapillary.com/app/?pKey=837494263512282,CC BY-SA 4.0,2,161,1,unknown,t | 5 | ONNO | PHOTO | ENFORLES,0.848
downtown/356626769127815_0,downtown,crops/downtown/356626769127815_0.jpg,356626769127815,2018-10-01T23:55:14.487000+00:00,2018,34.051413388763,-118.25197200214,118.76872253418,False,lvl5,https://www.mapillary.com/app/?pKey=356626769127815,CC BY-SA 4.0,2,151,1,unknown,SPETD | 25,0.93
downtown/808129109803673_0,downtown,crops/downtown/808129109803673_0.jpg,808129109803673,2015-10-06T12:06:34.804000+00:00,2015,34.05485954,-118.2460029,224.43304920197,False,matikin9,https://www.mapillary.com/app/?pKey=808129109803673,CC BY-SA 4.0,1,143,3,unknown,COMMUTER | EPRESS | 419,0.999
downtown/731261094237430_0,downtown,crops/downtown/731261094237430_0.jpg,731261094237430,2017-04-09T15:35:22+00:00,2017,34.050451388889,-118.25369,242.22592467129,False,mly_la,https://www.mapillary.com/app/?pKey=731261094237430,CC BY-SA 4.0,4,142,1,unknown,110 | ALT | DETOUR,0.999
downtown/291489622457525_0,downtown,crops/downtown/291489622457525_0.jpg,291489622457525,2015-10-30T23:03:06.076000+00:00,2015,34.049372,-118.25165,56.19177,False,moeizlack,https://www.mapillary.com/app/?pKey=291489622457525,CC BY-SA 4.0,2,146,1,parking,PASSÉNGER | LOADING ONLY | 7PMS2AM,0.942
downtown/214854336751896_0,downtown,crops/downtown/214854336751896_0.jpg,214854336751896,2015-10-25T15:27:39.400000+00:00,2015,34.04876663,-118.23384635,33.318879226122,False,omaru,https://www.mapillary.com/app/?pKey=214854336751896,CC BY-SA 4.0,1,150,2,parking,BOUR | RKING | 8 | 6PM | IOVD,0.907
downtown/743630006306453_0,downtown,crops/downtown/743630006306453_0.jpg,743630006306453,2017-12-28T13:46:12+00:00,2017,34.041319444444,-118.25182222222,41.0,False,andrewsnow,https://www.mapillary.com/app/?pKey=743630006306453,CC BY-SA 4.0,2,142,1,unknown,ONE KAY,0.975
downtown/207186354298023_2,downtown,crops/downtown/207186354298023_2.jpg,207186354298023,2015-10-25T15:39:44.320000+00:00,2015,34.03899557,-118.24928544,348.84302901269,False,omaru,https://www.mapillary.com/app/?pKey=207186354298023,CC BY-SA 4.0,1,145,1,parking,PARKING | FLOWER | MARKET | 3. | PARK&Lo,0.919
downtown/819614758658527_0,downtown,crops/downtown/819614758658527_0.jpg,819614758658527,2017-04-30T13:26:36+00:00,2017,34.047688055556,-118.22810138889,183.7835000679,False,mly_la,https://www.mapillary.com/app/?pKey=819614758658527,CC BY-SA 4.0,1,136,1,unknown,25,1.0
downtown/808129109803673_1,downtown,crops/downtown/808129109803673_1.jpg,808129109803673,2015-10-06T12:06:34.804000+00:00,2015,34.05485954,-118.2460029,224.43304920197,False,matikin9,https://www.mapillary.com/app/?pKey=808129109803673,CC BY-SA 4.0,1,136,1,unknown,8 | 90 | 91,1.0
downtown/1174450019659670_1,downtown,crops/downtown/1174450019659670_1.jpg,1174450019659670,2020-01-24T20:43:12.172000+00:00,2020,34.049335,-118.246098,39.128021240234,False,turne514,https://www.mapillary.com/app/?pKey=1174450019659670,CC BY-SA 4.0,1,135,1,unknown,SIGNAL,1.0
downtown/1036336734672931_0,downtown,crops/downtown/1036336734672931_0.jpg,1036336734672931,2025-05-21T06:26:26.776000+00:00,2025,34.051004405767,-118.2532528745,235.49822709144,False,MicahStokes,https://www.mapillary.com/app/?pKey=1036336734672931,CC BY-SA 4.0,2,168,1,unknown,1,0.673
downtown/306146431181428_0,downtown,crops/downtown/306146431181428_0.jpg,306146431181428,2017-04-09T12:51:10+00:00,2017,34.050918055556,-118.24974305556,126.9339458531,False,wsp_us,https://www.mapillary.com/app/?pKey=306146431181428,CC BY-SA 4.0,2,142,1,parking,TOW-AWAY | OSTOPPING | 4PM | 7PM | LOADING ZONE | 7AM6PH,0.885
downtown/274004257618685_0,downtown,crops/downtown/274004257618685_0.jpg,274004257618685,2015-10-12T13:22:02.921000+00:00,2015,34.05093142,-118.24451944,133.58079719543,False,matikin9,https://www.mapillary.com/app/?pKey=274004257618685,CC BY-SA 4.0,1,131,1,unknown,5 | RK,0.989
downtown/1162801337495514_1,downtown,crops/downtown/1162801337495514_1.jpg,1162801337495514,2017-04-09T13:44:52+00:00,2017,34.050105,-118.25394472222,315.38881009022,False,mly_la,https://www.mapillary.com/app/?pKey=1162801337495514,CC BY-SA 4.0,2,147,1,unknown,OK,0.823
downtown/447456296356249_0,downtown,crops/downtown/447456296356249_0.jpg,447456296356249,2017-04-09T14:53:12+00:00,2017,34.045718055556,-118.23970305556,295.46843601674,False,wsp_us,https://www.mapillary.com/app/?pKey=447456296356249,CC BY-SA 4.0,2,143,1,parking,4 | PARKING,0.838
downtown/176190184419576_0,downtown,crops/downtown/176190184419576_0.jpg,176190184419576,2020-09-24T21:00:56.953000+00:00,2020,34.048213700003,-118.2579897,312.13244628906,False,ekaxi,https://www.mapillary.com/app/?pKey=176190184419576,CC BY-SA 4.0,1,127,1,unknown,M,0.999
downtown/910170566219876_0,downtown,crops/downtown/910170566219876_0.jpg,910170566219876,2017-07-19T07:25:24+00:00,2017,34.048126388889,-118.25244472222,37.285178814205,False,mly_la,https://www.mapillary.com/app/?pKey=910170566219876,CC BY-SA 4.0,1,129,1,parking,ENTRANCE | PUBLIC | PARKING | JEWELRY BISTRICT | 15.,0.96
downtown/914668328404559_0,downtown,crops/downtown/914668328404559_0.jpg,914668328404559,2024-06-06T17:21:32.609000+00:00,2024,34.037304302679,-118.23275981101,1.7579475070409,False,inlandurbanist,https://www.mapillary.com/app/?pKey=914668328404559,CC BY-SA 4.0,1,127,1,parking,NOSTOPPING | ANYTIME,0.983
downtown/267466338280254_0,downtown,crops/downtown/267466338280254_0.jpg,267466338280254,2015-10-08T15:55:40.064000+00:00,2015,34.050579,-118.253735,239.5572,False,ahealthydesign,https://www.mapillary.com/app/?pKey=267466338280254,CC BY-SA 4.0,2,375,1,unknown,,0.0
downtown/171191751793896_0,downtown,crops/downtown/171191751793896_0.jpg,171191751793896,2021-08-30T19:44:29.808000+00:00,2021,34.041081968182,-118.25141213874,33.222839355469,False,etunell,https://www.mapillary.com/app/?pKey=171191751793896,CC BY-SA 4.0,1,127,1,parking,2HOUR | PARKING | 8AM-6FM,0.949
downtown/304010334661037_0,downtown,crops/downtown/304010334661037_0.jpg,304010334661037,2020-06-29T14:55:00.602000+00:00,2020,34.045120365664,-118.25525182544,241.51600240833,False,ekaxi,https://www.mapillary.com/app/?pKey=304010334661037,CC BY-SA 4.0,1,133,1,parking,NOSIOPPN | 7AM | 4,0.881
downtown/525579998489731_1,downtown,crops/downtown/525579998489731_1.jpg,525579998489731,2021-05-14T21:22:58.410000+00:00,2021,34.042415476153,-118.25769771945,0.0,False,etunell,https://www.mapillary.com/app/?pKey=525579998489731,CC BY-SA 4.0,1,135,2,unknown,852,0.853
downtown/912283442962222_0,downtown,crops/downtown/912283442962222_0.jpg,912283442962222,2016-11-16T16:15:00+00:00,2016,34.054796872694,-118.24602451186,42.046985475351,False,chrisbeddow,https://www.mapillary.com/app/?pKey=912283442962222,CC BY-SA 4.0,1,132,1,parking,$3.50 | $20.00 | Mnxi | $10.00 | Atar A.30 PM,0.885
downtown/3962660123826053_0,downtown,crops/downtown/3962660123826053_0.jpg,3962660123826053,2017-04-30T14:06:20+00:00,2017,34.047873055556,-118.22754805556,183.71259140147,False,mly_la,https://www.mapillary.com/app/?pKey=3962660123826053,CC BY-SA 4.0,2,171,1,unknown,国,0.569
downtown/817645562178321_0,downtown,crops/downtown/817645562178321_0.jpg,817645562178321,2017-04-09T16:18:00+00:00,2017,34.040693055556,-118.24985805556,131.92379790685,False,mly_la,https://www.mapillary.com/app/?pKey=817645562178321,CC BY-SA 4.0,3,173,1,unknown,M,0.55
downtown/309401410711080_0,downtown,crops/downtown/309401410711080_0.jpg,309401410711080,2017-04-09T12:13:09+00:00,2017,34.050476388889,-118.24724305556,35.573166768066,False,wsp_us,https://www.mapillary.com/app/?pKey=309401410711080,CC BY-SA 4.0,2,362,1,unknown,,0.0
downtown/525863718800158_1,downtown,crops/downtown/525863718800158_1.jpg,525863718800158,2016-11-16T16:14:59+00:00,2016,34.054788514074,-118.24603361088,42.046985475351,False,chrisbeddow,https://www.mapillary.com/app/?pKey=525863718800158,CC BY-SA 4.0,1,122,1,unknown,$3.50 | $20.00 | $10.00,0.973
downtown/216065783619330_0,downtown,crops/downtown/216065783619330_0.jpg,216065783619330,2017-04-09T14:47:42+00:00,2017,34.053359722222,-118.24526138889,206.6981271243,False,wsp_us,https://www.mapillary.com/app/?pKey=216065783619330,CC BY-SA 4.0,1,132,1,unknown,9AN | 63 | 2,0.853
downtown/280273123792080_0,downtown,crops/downtown/280273123792080_0.jpg,280273123792080,2020-06-30T16:32:10.039000+00:00,2020,34.05175,-118.25272666667,28.041005752153,False,ekaxi,https://www.mapillary.com/app/?pKey=280273123792080,CC BY-SA 4.0,1,119,1,unknown,Olive,0.993
downtown/495632758243875_0,downtown,crops/downtown/495632758243875_0.jpg,495632758243875,2017-04-09T14:33:15+00:00,2017,34.040991388889,-118.24715805556,310.09853064166,False,mly_la,https://www.mapillary.com/app/?pKey=495632758243875,CC BY-SA 4.0,1,156,1,unknown,A,0.634
downtown/567669710870674_0,downtown,crops/downtown/567669710870674_0.jpg,567669710870674,2017-04-09T14:15:54+00:00,2017,34.053086388889,-118.24786972222,37.610919106664,False,mly_la,https://www.mapillary.com/app/?pKey=567669710870674,CC BY-SA 4.0,2,148,1,unknown,TAN SAN,0.694
downtown/331353655081873_0,downtown,crops/downtown/331353655081873_0.jpg,331353655081873,2017-04-09T12:50:21+00:00,2017,34.048351388889,-118.25106138889,47.849250210592,False,mly_la,https://www.mapillary.com/app/?pKey=331353655081873,CC BY-SA 4.0,2,134,1,parking,NOSTOPPON | DSC4PM 7PM | P.WRON | PAY2PAN | 8AM | OUTR | 81x | 8 | APN,0.815
downtown/2887918424816815_0,downtown,crops/downtown/2887918424816815_0.jpg,2887918424816815,2017-04-09T15:53:44+00:00,2017,34.047779722222,-118.24760138889,305.21517951568,False,mly_la,https://www.mapillary.com/app/?pKey=2887918424816815,CC BY-SA 4.0,2,131,1,parking,NO | NOSTOPPING | 6rM | 2PAR,0.85
downtown/611854236406500_0,downtown,crops/downtown/611854236406500_0.jpg,611854236406500,2017-04-09T14:54:07+00:00,2017,34.044248055556,-118.24096305556,127.10946239687,False,mly_la,https://www.mapillary.com/app/?pKey=611854236406500,CC BY-SA 4.0,2,116,1,unknown,R,0.996
downtown/1093329918156381_0,downtown,crops/downtown/1093329918156381_0.jpg,1093329918156381,2020-01-24T20:54:44.230000+00:00,2020,34.042069,-118.225679,71.690551757812,False,turne514,https://www.mapillary.com/app/?pKey=1093329918156381,CC BY-SA 4.0,2,347,1,unknown,,0.0
downtown/3950347248388546_0,downtown,crops/downtown/3950347248388546_0.jpg,3950347248388546,2017-07-19T07:23:45+00:00,2017,34.051906388889,-118.24894138889,38.242186732619,False,mly_la,https://www.mapillary.com/app/?pKey=3950347248388546,CC BY-SA 4.0,1,117,1,parking,ENTRANCE | PUBLIC | PARKING | 3. | 6.,0.959
downtown/1408076479526388_0,downtown,crops/downtown/1408076479526388_0.jpg,1408076479526388,2017-04-09T14:45:41+00:00,2017,34.050999722222,-118.25138305556,36.785671136703,False,mly_la,https://www.mapillary.com/app/?pKey=1408076479526388,CC BY-SA 4.0,1,114,1,unknown,NO,0.992
downtown/284369973417850_0,downtown,crops/downtown/284369973417850_0.jpg,284369973417850,2017-04-09T14:45:41+00:00,2017,34.05099,-118.25136638889,128.82547799079,False,wsp_us,https://www.mapillary.com/app/?pKey=284369973417850,CC BY-SA 4.0,1,119,1,parking,3PMS7PM | 2 | 3,0.921
downtown/4136658703022396_0,downtown,crops/downtown/4136658703022396_0.jpg,4136658703022396,2017-04-09T12:15:43+00:00,2017,34.051523055556,-118.24894638889,308.82135028212,False,mly_la,https://www.mapillary.com/app/?pKey=4136658703022396,CC BY-SA 4.0,3,119,1,unknown,3rd St,0.924
downtown/770852130217573_0,downtown,crops/downtown/770852130217573_0.jpg,770852130217573,2017-04-09T12:50:20+00:00,2017,34.049826388889,-118.25072305556,131.13190300348,False,wsp_us,https://www.mapillary.com/app/?pKey=770852130217573,CC BY-SA 4.0,1,116,1,parking,RSCR | ATHENA | ON | PARKING | STATE BUILDING,0.953
downtown/294226278980943_0,downtown,crops/downtown/294226278980943_0.jpg,294226278980943,2017-04-09T14:46:43+00:00,2017,34.054628055556,-118.24717305556,213.5005506502,False,wsp_us,https://www.mapillary.com/app/?pKey=294226278980943,CC BY-SA 4.0,1,156,1,unknown,4,0.58
downtown/486270466149244_0,downtown,crops/downtown/486270466149244_0.jpg,486270466149244,2017-04-30T14:16:36+00:00,2017,34.047408055556,-118.228785,263.22987184248,False,mly_la,https://www.mapillary.com/app/?pKey=486270466149244,CC BY-SA 4.0,2,112,1,unknown,NOTICE | DONOT | THIS | GATE,0.996
downtown/239610741290684_1,downtown,crops/downtown/239610741290684_1.jpg,239610741290684,2017-04-09T13:59:56+00:00,2017,34.050456388889,-118.25370138889,350.48399103649,False,wsp_us,https://www.mapillary.com/app/?pKey=239610741290684,CC BY-SA 4.0,4,125,1,unknown,ALT | DETOUR | TD,0.834
downtown/1925773177572593_0,downtown,crops/downtown/1925773177572593_0.jpg,1925773177572593,2017-04-09T12:53:15+00:00,2017,34.054711388889,-118.245575,35.726388602801,False,mly_la,https://www.mapillary.com/app/?pKey=1925773177572593,CC BY-SA 4.0,1,110,1,unknown,M,0.999
downtown/212013770387636_0,downtown,crops/downtown/212013770387636_0.jpg,212013770387636,2017-04-30T14:06:09+00:00,2017,34.047761388889,-118.22636472222,9.5157321045094,False,mly_la,https://www.mapillary.com/app/?pKey=212013770387636,CC BY-SA 4.0,1,109,2,parking,TOW-A | NOSTOPPING | ANY TIME,0.997
downtown/467870721147347_0,downtown,crops/downtown/467870721147347_0.jpg,467870721147347,2016-11-16T16:09:58.972000+00:00,2016,34.053144277574,-118.247720675,44.665979028052,False,chrisbeddow,https://www.mapillary.com/app/?pKey=467870721147347,CC BY-SA 4.0,2,327,1,unknown,,0.0
downtown/606748170284022_0,downtown,crops/downtown/606748170284022_0.jpg,606748170284022,2017-04-09T13:44:29+00:00,2017,34.049273055556,-118.25264138889,85.781737184435,False,mly_la,https://www.mapillary.com/app/?pKey=606748170284022,CC BY-SA 4.0,1,110,3,unknown,"HARDHATS, | EYEPROTECTION | AND | SAFETYVESTS | REQUIRED",0.973
downtown/559000161745541_0,downtown,crops/downtown/559000161745541_0.jpg,559000161745541,2017-04-09T12:48:57+00:00,2017,34.048328055556,-118.252155,125.71772330955,False,wsp_us,https://www.mapillary.com/app/?pKey=559000161745541,CC BY-SA 4.0,2,126,1,unknown,EI | PUE | CONVER | JEWELRY DIS | 24.5 | S,0.787
downtown/166392772053194_1,downtown,crops/downtown/166392772053194_1.jpg,166392772053194,2017-04-09T13:51:27+00:00,2017,34.052666388889,-118.25167638889,213.1172949902,False,mly_la,https://www.mapillary.com/app/?pKey=166392772053194,CC BY-SA 4.0,1,120,1,unknown,370 | 44 | 97996 | 355,0.847
downtown/770242436971048_0,downtown,crops/downtown/770242436971048_0.jpg,770242436971048,2017-04-09T16:18:33+00:00,2017,34.041275,-118.25165805556,47.721637079909,False,wsp_us,https://www.mapillary.com/app/?pKey=770242436971048,CC BY-SA 4.0,2,108,1,unknown,TRAFFIC | MERGE | LEFT | ANATI,0.975
downtown/1171362589973828_0,downtown,crops/downtown/1171362589973828_0.jpg,1171362589973828,2016-11-16T16:15:09+00:00,2016,34.054903839747,-118.24592571717,42.046985475351,False,chrisbeddow,https://www.mapillary.com/app/?pKey=1171362589973828,CC BY-SA 4.0,1,130,1,unknown,O,0.726
downtown/505865807215285_0,downtown,crops/downtown/505865807215285_0.jpg,505865807215285,2017-04-09T15:58:54+00:00,2017,34.046121388889,-118.24755138889,309.64473575441,False,wsp_us,https://www.mapillary.com/app/?pKey=505865807215285,CC BY-SA 4.0,2,106,1,unknown,DETUR | AHED,0.999
downtown/873787696505085_0,downtown,crops/downtown/873787696505085_0.jpg,873787696505085,2017-04-09T12:52:26+00:00,2017,34.053071388889,-118.24780972222,137.07681260332,False,wsp_us,https://www.mapillary.com/app/?pKey=873787696505085,CC BY-SA 4.0,2,114,1,parking,7AM | HY6 | 4PM | 7PM | D,0.892
downtown/854093648507630_0,downtown,crops/downtown/854093648507630_0.jpg,854093648507630,2015-10-25T15:29:51.798000+00:00,2015,34.04745949,-118.22542138,102.75707630351,False,omaru,https://www.mapillary.com/app/?pKey=854093648507630,CC BY-SA 4.0,1,124,1,unknown,口,0.764
downtown/527892655254256_0,downtown,crops/downtown/527892655254256_0.jpg,527892655254256,2017-04-30T13:47:45+00:00,2017,34.048915,-118.22577805556,285.43944857308,False,mly_la,https://www.mapillary.com/app/?pKey=527892655254256,CC BY-SA 4.0,1,111,1,unknown,THIS PROPEATYCLOSED | TO THE FUBLIC,0.905
downtown/1996713423803268_0,downtown,crops/downtown/1996713423803268_0.jpg,1996713423803268,2018-11-30T18:46:41.656000+00:00,2018,34.040839031882,-118.233066495,351.54827880859,False,lvl5,https://www.mapillary.com/app/?pKey=1996713423803268,CC BY-SA 4.0,1,115,3,unknown,↓USE | DO NOT | MERGE | RICEn,0.851
downtown/327570442042257_0,downtown,crops/downtown/327570442042257_0.jpg,327570442042257,2017-05-12T13:33:17+00:00,2017,34.040841388889,-118.23113638889,227.58435430091,False,mly_la,https://www.mapillary.com/app/?pKey=327570442042257,CC BY-SA 4.0,1,107,1,unknown,6,0.947
downtown/919247271968215_1,downtown,crops/downtown/919247271968215_1.jpg,919247271968215,2020-09-24T20:33:59.024000+00:00,2020,34.050115100002,-118.2538505,274.98809814453,False,ekaxi,https://www.mapillary.com/app/?pKey=919247271968215,CC BY-SA 4.0,1,142,1,unknown,量,0.582
downtown/306206474449511_0,downtown,crops/downtown/306206474449511_0.jpg,306206474449511,2018-11-30T18:47:00.877000+00:00,2018,34.042101897976,-118.23262049679,34.081344604492,False,lvl5,https://www.mapillary.com/app/?pKey=306206474449511,CC BY-SA 4.0,1,108,2,unknown,PEEC | IMIT | 30,0.929
downtown/807710799882913_0,downtown,crops/downtown/807710799882913_0.jpg,807710799882913,2016-07-09T00:32:10.571000+00:00,2016,34.052835,-118.24719,293.6088,False,jschleuss,https://www.mapillary.com/app/?pKey=807710799882913,CC BY-SA 4.0,1,134,1,unknown,NO,0.647
downtown/1619142194949205_0,downtown,crops/downtown/1619142194949205_0.jpg,1619142194949205,2017-04-09T14:47:57+00:00,2017,34.053288055556,-118.24518305556,128.52765132588,False,mly_la,https://www.mapillary.com/app/?pKey=1619142194949205,CC BY-SA 4.0,1,116,1,unknown,厦,0.82
downtown/462309991728121_0,downtown,crops/downtown/462309991728121_0.jpg,462309991728121,2017-07-19T07:23:58+00:00,2017,34.050979722222,-118.24981638889,35.043985450058,False,mly_la,https://www.mapillary.com/app/?pKey=462309991728121,CC BY-SA 4.0,2,307,1,unknown,,0.0
downtown/195467508923435_0,downtown,crops/downtown/195467508923435_0.jpg,195467508923435,2017-04-09T13:39:48+00:00,2017,34.051583055556,-118.24746305556,321.72089999875,False,wsp_us,https://www.mapillary.com/app/?pKey=195467508923435,CC BY-SA 4.0,1,104,1,parking,TRANGE | PUBLIC | PARKING,0.976
downtown/1620771098118461_0,downtown,crops/downtown/1620771098118461_0.jpg,1620771098118461,2017-04-09T15:09:18+00:00,2017,34.053151388889,-118.24443638889,234.0885466625,False,mly_la,https://www.mapillary.com/app/?pKey=1620771098118461,CC BY-SA 4.0,2,109,1,unknown,R,0.894
downtown/1312050429189324_0,downtown,crops/downtown/1312050429189324_0.jpg,1312050429189324,2017-04-30T13:16:42+00:00,2017,34.045693055556,-118.23663805556,83.118430817463,False,mly_la,https://www.mapillary.com/app/?pKey=1312050429189324,CC BY-SA 4.0,2,103,1,unknown,8:305:30,0.979
downtown/1598650190342119_0,downtown,crops/downtown/1598650190342119_0.jpg,1598650190342119,2020-06-29T14:54:59.548000+00:00,2020,34.045134066962,-118.25522135047,225.19984310412,False,ekaxi,https://www.mapillary.com/app/?pKey=1598650190342119,CC BY-SA 4.0,1,126,1,unknown,NO50 | TAMP | 4,0.71
downtown/1978113992342304_1,downtown,crops/downtown/1978113992342304_1.jpg,1978113992342304,2017-04-09T12:51:29+00:00,2017,34.052331388889,-118.24847638889,128.04304328889,False,wsp_us,https://www.mapillary.com/app/?pKey=1978113992342304,CC BY-SA 4.0,3,117,1,parking,NOSTOPPING | 4PM27PM | LICYP! | HOUR | 8AN | 8.v | 4P | 8,0.797
downtown/316924083287009_0,downtown,crops/downtown/316924083287009_0.jpg,316924083287009,2017-04-09T12:53:17+00:00,2017,34.054936388889,-118.24538305556,34.779114832423,False,mly_la,https://www.mapillary.com/app/?pKey=316924083287009,CC BY-SA 4.0,2,301,1,unknown,,0.0
downtown/1357163914682684_0,downtown,crops/downtown/1357163914682684_0.jpg,1357163914682684,2017-12-28T13:45:00+00:00,2017,34.040366666667,-118.25182222222,225.0,False,andrewsnow,https://www.mapillary.com/app/?pKey=1357163914682684,CC BY-SA 4.0,2,298,1,unknown,,0.0
downtown/2887918424816815_1,downtown,crops/downtown/2887918424816815_1.jpg,2887918424816815,2017-04-09T15:53:44+00:00,2017,34.047779722222,-118.24760138889,305.21517951568,False,mly_la,https://www.mapillary.com/app/?pKey=2887918424816815,CC BY-SA 4.0,2,102,1,unknown,St | 4th | ONEMAY,0.958
downtown/111443990989646_0,downtown,crops/downtown/111443990989646_0.jpg,111443990989646,2017-04-09T14:42:27+00:00,2017,34.04414,-118.25788138889,41.205415626845,False,mly_la,https://www.mapillary.com/app/?pKey=111443990989646,CC BY-SA 4.0,2,100,1,parking,ENTRANCE | PUBLIC | PARKING | JERELRY MART | OFFICE TONERS | 5.,0.97
downtown/837392420469215_0,downtown,crops/downtown/837392420469215_0.jpg,837392420469215,2017-04-09T13:37:17+00:00,2017,34.054556388889,-118.24469638889,212.32060290227,False,mly_la,https://www.mapillary.com/app/?pKey=837392420469215,CC BY-SA 4.0,1,98,1,parking,PUBLIC | PARKING | $10.00 | Flat Rate,0.994
downtown/762736207963537_0,downtown,crops/downtown/762736207963537_0.jpg,762736207963537,2015-10-08T15:50:16.738000+00:00,2015,34.053383,-118.251282,218.6425,False,ahealthydesign,https://www.mapillary.com/app/?pKey=762736207963537,CC BY-SA 4.0,1,292,2,unknown,,0.0
downtown/1403949659973180_0,downtown,crops/downtown/1403949659973180_0.jpg,1403949659973180,2017-04-09T12:50:26+00:00,2017,34.048568055556,-118.25082472222,39.643870764165,False,mly_la,https://www.mapillary.com/app/?pKey=1403949659973180,CC BY-SA 4.0,2,127,1,unknown,O | C,0.65
downtown/497660798251830_0,downtown,crops/downtown/497660798251830_0.jpg,497660798251830,2015-10-25T15:28:53.680000+00:00,2015,34.04881186,-118.23387685,185.42405726327,False,omaru,https://www.mapillary.com/app/?pKey=497660798251830,CC BY-SA 4.0,1,119,1,unknown,品,0.723
downtown/4466483410029422_0,downtown,crops/downtown/4466483410029422_0.jpg,4466483410029422,2017-04-09T12:04:29+00:00,2017,34.049936388889,-118.25007138889,222.40701599078,False,wsp_us,https://www.mapillary.com/app/?pKey=4466483410029422,CC BY-SA 4.0,1,97,2,parking,TOW-AWAY | NOSTOPPING | ANY | TIME,0.998
downtown/751882055524301_1,downtown,crops/downtown/751882055524301_1.jpg,751882055524301,2017-04-09T13:59:48+00:00,2017,34.050803055556,-118.25337972222,307.46990500441,False,wsp_us,https://www.mapillary.com/app/?pKey=751882055524301,CC BY-SA 4.0,3,287,1,unknown,,0.0
downtown/380944109795675_0,downtown,crops/downtown/380944109795675_0.jpg,380944109795675,2017-07-19T07:27:30+00:00,2017,34.045191388889,-118.25517138889,310.46310099662,False,mly_la,https://www.mapillary.com/app/?pKey=380944109795675,CC BY-SA 4.0,1,100,1,parking,PARAGON | PARKING,0.938
downtown/1189255214860102_0,downtown,crops/downtown/1189255214860102_0.jpg,1189255214860102,2017-04-09T12:05:29+00:00,2017,34.048649722222,-118.24806638889,218.52139918181,False,wsp_us,https://www.mapillary.com/app/?pKey=1189255214860102,CC BY-SA 4.0,3,285,1,unknown,,0.0
downtown/3914257808622398_0,downtown,crops/downtown/3914257808622398_0.jpg,3914257808622398,2017-07-29T21:32:23.440000+00:00,2017,34.054155000517,-118.24399511341,114.64666748047,False,carlos62,https://www.mapillary.com/app/?pKey=3914257808622398,CC BY-SA 4.0,1,284,1,unknown,,0.0
downtown/793665124612187_1,downtown,crops/downtown/793665124612187_1.jpg,793665124612187,2020-07-01T16:24:57.070000+00:00,2020,34.04511895701,-118.25530044309,213.29612731934,False,fcarneyibi,https://www.mapillary.com/app/?pKey=793665124612187,CC BY-SA 4.0,3,284,1,unknown,,0.0
downtown/1162801337495514_0,downtown,crops/downtown/1162801337495514_0.jpg,1162801337495514,2017-04-09T13:44:52+00:00,2017,34.050105,-118.25394472222,315.38881009022,False,mly_la,https://www.mapillary.com/app/?pKey=1162801337495514,CC BY-SA 4.0,1,124,1,unknown,BUNKER HILL | 0 | ONXA | OCry Batual Pe | Ot,0.648
downtown/179115950751769_0,downtown,crops/downtown/179115950751769_0.jpg,179115950751769,2017-04-09T12:35:43+00:00,2017,34.039034722222,-118.24003805556,272.37257151881,False,wsp_us,https://www.mapillary.com/app/?pKey=179115950751769,CC BY-SA 4.0,2,114,1,unknown,ONE MAY,0.739
downtown/3830210417088181_1,downtown,crops/downtown/3830210417088181_1.jpg,3830210417088181,2020-06-29T15:23:27.893000+00:00,2020,34.047798333333,-118.25784666667,39.644150051858,False,ekaxi,https://www.mapillary.com/app/?pKey=3830210417088181,CC BY-SA 4.0,2,282,1,unknown,,0.0
downtown/487950375893013_1,downtown,crops/downtown/487950375893013_1.jpg,487950375893013,2016-11-16T16:15:07+00:00,2016,34.054876430923,-118.2459501085,42.046985475351,False,chrisbeddow,https://www.mapillary.com/app/?pKey=487950375893013,CC BY-SA 4.0,2,280,1,unknown,,0.0
downtown/226666585928732_0,downtown,crops/downtown/226666585928732_0.jpg,226666585928732,2018-10-02T23:49:52.173000+00:00,2018,34.043559246738,-118.25298702741,210.02523803711,False,lvl5,https://www.mapillary.com/app/?pKey=226666585928732,CC BY-SA 4.0,1,102,1,unknown,P,0.872
downtown/898386997374269_0,downtown,crops/downtown/898386997374269_0.jpg,898386997374269,2018-10-02T23:49:52.373000+00:00,2018,34.043529970087,-118.25301448898,211.01211547852,False,lvl5,https://www.mapillary.com/app/?pKey=898386997374269,CC BY-SA 4.0,1,99,1,parking,HOSTOPPIN | ANY TIME,0.898
downtown/293570099141077_1,downtown,crops/downtown/293570099141077_1.jpg,293570099141077,2020-06-29T14:54:56.539000+00:00,2020,34.045247610066,-118.2550822326,215.65467634002,False,ekaxi,https://www.mapillary.com/app/?pKey=293570099141077,CC BY-SA 4.0,1,120,1,unknown,5,0.655
downtown/216204420273924_0,downtown,crops/downtown/216204420273924_0.jpg,216204420273924,2017-04-30T14:29:54+00:00,2017,34.047585,-118.22779138889,90.0,False,mly_la,https://www.mapillary.com/app/?pKey=216204420273924,CC BY-SA 4.0,1,121,1,unknown,心,0.639
downtown/782767612609729_0,downtown,crops/downtown/782767612609729_0.jpg,782767612609729,2017-04-09T13:51:27+00:00,2017,34.052623055556,-118.25169138889,310.43752120045,False,wsp_us,https://www.mapillary.com/app/?pKey=782767612609729,CC BY-SA 4.0,3,274,1,unknown,,0.0
downtown/470909580632539_0,downtown,crops/downtown/470909580632539_0.jpg,470909580632539,2017-05-12T13:26:33+00:00,2017,34.035093055556,-118.22526305556,265.69171185541,False,mly_la,https://www.mapillary.com/app/?pKey=470909580632539,CC BY-SA 4.0,1,91,1,parking,TOW-AWAY | NOSTOPPING | ANYTIME,0.998
downtown/849533008932839_0,downtown,crops/downtown/849533008932839_0.jpg,849533008932839,2017-04-30T14:06:10+00:00,2017,34.047784722222,-118.22641138889,97.809269984803,False,mly_la,https://www.mapillary.com/app/?pKey=849533008932839,CC BY-SA 4.0,1,114,1,unknown,工,0.683
downtown/295308152096467_0,downtown,crops/downtown/295308152096467_0.jpg,295308152096467,2017-04-09T12:50:12+00:00,2017,34.049566388889,-118.25096,126.37133050632,False,wsp_us,https://www.mapillary.com/app/?pKey=295308152096467,CC BY-SA 4.0,1,92,1,parking,D | ATHENA | BARKING | COIVENENT,0.97
downtown/584278022964909_0,downtown,crops/downtown/584278022964909_0.jpg,584278022964909,2017-04-09T15:51:29+00:00,2017,34.042384722222,-118.25375805556,140.16759497557,False,wsp_us,https://www.mapillary.com/app/?pKey=584278022964909,CC BY-SA 4.0,1,99,1,unknown,TAILOR | SBOP,0.868
downtown/4713312555350497_0,downtown,crops/downtown/4713312555350497_0.jpg,4713312555350497,2021-04-23T21:30:17.861000+00:00,2021,34.043373121687,-118.2576592241,128.34536743164,False,jasonhphung,https://www.mapillary.com/app/?pKey=4713312555350497,CC BY-SA 4.0,1,270,2,unknown,,0.0
downtown/460332198596642_0,downtown,crops/downtown/460332198596642_0.jpg,460332198596642,2018-07-29T23:15:05.284000+00:00,2018,34.046007922566,-118.2434372988,113.5546875,False,lvl5,https://www.mapillary.com/app/?pKey=460332198596642,CC BY-SA 4.0,1,115,1,unknown,M,0.671
downtown/2810504119278388_0,downtown,crops/downtown/2810504119278388_0.jpg,2810504119278388,2017-04-30T14:30:38+00:00,2017,34.047621388889,-118.22778305556,100.94219297497,False,mly_la,https://www.mapillary.com/app/?pKey=2810504119278388,CC BY-SA 4.0,1,93,1,parking,NO VEHICLES | ON TR | Vebicule | no permitidos | sobre vias,0.948
downtown/1633699533492843_0,downtown,crops/downtown/1633699533492843_0.jpg,1633699533492843,2017-04-09T16:18:28+00:00,2017,34.040898055556,-118.25123472222,228.67257251207,False,mly_la,https://www.mapillary.com/app/?pKey=1633699533492843,CC BY-SA 4.0,1,91,1,parking,ENTER HERE | PUBUC | PARKING,0.977
downtown/228372715386652_0,downtown,crops/downtown/228372715386652_0.jpg,228372715386652,2020-10-18T21:54:32.429000+00:00,2020,34.048233299999,-118.2510395,309.97888183594,False,ekaxi,https://www.mapillary.com/app/?pKey=228372715386652,CC BY-SA 4.0,1,269,1,unknown,,0.0
downtown/224768796114133_0,downtown,crops/downtown/224768796114133_0.jpg,224768796114133,2017-04-09T16:14:53+00:00,2017,34.040513055556,-118.25159638889,135.00241429677,False,wsp_us,https://www.mapillary.com/app/?pKey=224768796114133,CC BY-SA 4.0,1,92,1,parking,2HOUR | PARKING | 8AM6PM,0.957
downtown/1190246378110564_0,downtown,crops/downtown/1190246378110564_0.jpg,1190246378110564,2017-04-09T16:00:37+00:00,2017,34.042345,-118.25162472222,321.38810266377,False,wsp_us,https://www.mapillary.com/app/?pKey=1190246378110564,CC BY-SA 4.0,1,90,1,parking,ROAD | HORK | AHEAD,0.97
downtown/463972328051434_1,downtown,crops/downtown/463972328051434_1.jpg,463972328051434,2015-10-06T12:13:20.390000+00:00,2015,34.05209346,-118.24864959,238.98610591888,False,matikin9,https://www.mapillary.com/app/?pKey=463972328051434,CC BY-SA 4.0,1,124,1,unknown,1028286890,0.564
downtown/492398148547342_0,downtown,crops/downtown/492398148547342_0.jpg,492398148547342,2020-10-18T20:21:26.386000+00:00,2020,34.048895700003,-118.2570365,347.64443969727,False,ekaxi,https://www.mapillary.com/app/?pKey=492398148547342,CC BY-SA 4.0,1,264,1,unknown,,0.0
downtown/291912632521661_0,downtown,crops/downtown/291912632521661_0.jpg,291912632521661,2015-10-12T13:21:50.243000+00:00,2015,34.05099636,-118.24463629,42.196982383728,False,matikin9,https://www.mapillary.com/app/?pKey=291912632521661,CC BY-SA 4.0,4,263,1,unknown,,0.0
downtown/242732990942660_0,downtown,crops/downtown/242732990942660_0.jpg,242732990942660,2017-04-09T15:51:46+00:00,2017,34.043636388889,-118.251855,320.74531990873,False,mly_la,https://www.mapillary.com/app/?pKey=242732990942660,CC BY-SA 4.0,2,105,1,unknown,P | LAGO | OLIG ,0.746
downtown/866040073947977_0,downtown,crops/downtown/866040073947977_0.jpg,866040073947977,2017-04-09T12:52:25+00:00,2017,34.053029722222,-118.24786138889,135.77328211802,False,wsp_us,https://www.mapillary.com/app/?pKey=866040073947977,CC BY-SA 4.0,1,86,1,parking,7AM9AM | 4PM | 7PM,0.993
downtown/516468489519566_0,downtown,crops/downtown/516468489519566_0.jpg,516468489519566,2016-11-16T16:09:56.991000+00:00,2016,34.053127022316,-118.2477455721,52.315238616327,False,chrisbeddow,https://www.mapillary.com/app/?pKey=516468489519566,CC BY-SA 4.0,2,258,1,unknown,,0.0
downtown/956677171834944_0,downtown,crops/downtown/956677171834944_0.jpg,956677171834944,2017-04-09T13:37:19+00:00,2017,34.054235,-118.24501138889,33.704965931107,False,mly_la,https://www.mapillary.com/app/?pKey=956677171834944,CC BY-SA 4.0,1,85,1,parking,PUBLIC | PARKING | $10.00 | Flat Rate,0.997
downtown/536479520694111_1,downtown,crops/downtown/536479520694111_1.jpg,536479520694111,2020-06-29T14:55:03.335000+00:00,2020,34.045069230089,-118.25531922007,223.80124832913,False,ekaxi,https://www.mapillary.com/app/?pKey=536479520694111,CC BY-SA 4.0,1,255,1,unknown,,0.0
downtown/3023229491297123_1,downtown,crops/downtown/3023229491297123_1.jpg,3023229491297123,2017-04-09T13:51:03+00:00,2017,34.054251388889,-118.25020138889,308.16808822777,False,wsp_us,https://www.mapillary.com/app/?pKey=3023229491297123,CC BY-SA 4.0,2,86,1,unknown,76 | 5 | 78 | 79 | 355 | 378,0.967
downtown/171212768283770_0,downtown,crops/downtown/171212768283770_0.jpg,171212768283770,2017-04-09T15:02:26+00:00,2017,34.047951388889,-118.24225138889,107.33909837876,False,wsp_us,https://www.mapillary.com/app/?pKey=171212768283770,CC BY-SA 4.0,2,124,1,unknown,6,0.52
downtown/475374697003197_0,downtown,crops/downtown/475374697003197_0.jpg,475374697003197,2017-04-09T12:05:28+00:00,2017,34.048718055556,-118.24811472222,38.521421681867,False,mly_la,https://www.mapillary.com/app/?pKey=475374697003197,CC BY-SA 4.0,3,250,1,unknown,,0.0
downtown/206082087810756_0,downtown,crops/downtown/206082087810756_0.jpg,206082087810756,2017-07-29T21:32:22.483000+00:00,2017,34.054155000517,-118.24399511341,107.37725830078,False,carlos62,https://www.mapillary.com/app/?pKey=206082087810756,CC BY-SA 4.0,1,250,1,unknown,,0.0
downtown/536479520694111_0,downtown,crops/downtown/536479520694111_0.jpg,536479520694111,2020-06-29T14:55:03.335000+00:00,2020,34.045069230089,-118.25531922007,223.80124832913,False,ekaxi,https://www.mapillary.com/app/?pKey=536479520694111,CC BY-SA 4.0,1,247,1,unknown,,0.0
downtown/1167968463666572_2,downtown,crops/downtown/1167968463666572_2.jpg,1167968463666572,2016-11-16T16:15:06+00:00,2016,34.054860505307,-118.24595907714,42.046985475351,False,chrisbeddow,https://www.mapillary.com/app/?pKey=1167968463666572,CC BY-SA 4.0,2,246,1,unknown,,0.0
downtown/488106035604553_0,downtown,crops/downtown/488106035604553_0.jpg,488106035604553,2021-04-23T21:51:03.416000+00:00,2021,34.042746121535,-118.2574108324,220.05549621582,False,jasonhphung,https://www.mapillary.com/app/?pKey=488106035604553,CC BY-SA 4.0,1,246,1,unknown,,0.0
downtown/3071754203052694_0,downtown,crops/downtown/3071754203052694_0.jpg,3071754203052694,2017-05-12T12:59:28+00:00,2017,34.040345,-118.233015,171.64928162682,False,mly_la,https://www.mapillary.com/app/?pKey=3071754203052694,CC BY-SA 4.0,1,110,1,unknown,SLO,0.61
downtown/186538599986738_0,downtown,crops/downtown/186538599986738_0.jpg,186538599986738,2017-04-09T14:08:09+00:00,2017,34.046961388889,-118.25691472222,213.66811250466,False,mly_la,https://www.mapillary.com/app/?pKey=186538599986738,CC BY-SA 4.0,1,121,1,unknown,中,0.508
downtown/4136866729667676_0,downtown,crops/downtown/4136866729667676_0.jpg,4136866729667676,2017-04-09T12:02:55+00:00,2017,34.051536388889,-118.25260805556,215.15975584251,False,wsp_us,https://www.mapillary.com/app/?pKey=4136866729667676,CC BY-SA 4.0,2,108,1,unknown,100,0.631
downtown/148613957213236_0,downtown,crops/downtown/148613957213236_0.jpg,148613957213236,2017-04-09T16:01:05+00:00,2017,34.039996388889,-118.25547638889,51.580234487865,False,mly_la,https://www.mapillary.com/app/?pKey=148613957213236,CC BY-SA 4.0,1,83,1,unknown,a,0.97
downtown/915426437375710_0,downtown,crops/downtown/915426437375710_0.jpg,915426437375710,2025-05-21T06:26:33.810000+00:00,2025,34.050318394633,-118.25398453863,214.50746143485,False,MicahStokes,https://www.mapillary.com/app/?pKey=915426437375710,CC BY-SA 4.0,1,87,1,unknown,日,0.89
downtown/474214877203863_1,downtown,crops/downtown/474214877203863_1.jpg,474214877203863,2017-04-09T15:15:26+00:00,2017,34.046861388889,-118.25691805556,130.19205164987,False,mly_la,https://www.mapillary.com/app/?pKey=474214877203863,CC BY-SA 4.0,1,81,1,parking,4HOUR | PARKING | 8,0.996
downtown/934301113994565_0,downtown,crops/downtown/934301113994565_0.jpg,934301113994565,2017-04-09T15:58:53+00:00,2017,34.046188055556,-118.24755638889,218.50949532974,False,mly_la,https://www.mapillary.com/app/?pKey=934301113994565,CC BY-SA 4.0,2,101,1,unknown,DE,0.694
downtown/493536338440408_0,downtown,crops/downtown/493536338440408_0.jpg,493536338440408,2017-04-09T12:03:03+00:00,2017,34.050983055556,-118.25182,223.37208211216,False,wsp_us,https://www.mapillary.com/app/?pKey=493536338440408,CC BY-SA 4.0,2,241,1,unknown,,0.0
downtown/5518372181571139_1,downtown,crops/downtown/5518372181571139_1.jpg,5518372181571139,2017-04-09T12:48:55+00:00,2017,34.048203055556,-118.25224638889,118.34825349363,False,wsp_us,https://www.mapillary.com/app/?pKey=5518372181571139,CC BY-SA 4.0,1,241,1,unknown,,0.0
downtown/296702375247567_0,downtown,crops/downtown/296702375247567_0.jpg,296702375247567,2016-05-31T23:06:32.820000+00:00,2016,34.05,-118.249994,125.1753,False,moeizlack,https://www.mapillary.com/app/?pKey=296702375247567,CC BY-SA 4.0,1,238,1,unknown,,0.0
downtown/305404320979124_0,downtown,crops/downtown/305404320979124_0.jpg,305404320979124,2017-04-09T15:51:01+00:00,2017,34.040191388889,-118.25721138889,46.874638747247,False,mly_la,https://www.mapillary.com/app/?pKey=305404320979124,CC BY-SA 4.0,1,85,1,unknown,Forlease |213.471,0.892
downtown/1181762412243832_1,downtown,crops/downtown/1181762412243832_1.jpg,1181762412243832,2016-05-31T23:05:48.831000+00:00,2016,34.050356,-118.250451,117.947,False,moeizlack,https://www.mapillary.com/app/?pKey=1181762412243832,CC BY-SA 4.0,2,238,1,unknown,,0.0
downtown/1616403358562849_0,downtown,crops/downtown/1616403358562849_0.jpg,1616403358562849,2017-04-09T12:12:41+00:00,2017,34.049646388889,-118.24600972222,45.042685300486,False,wsp_us,https://www.mapillary.com/app/?pKey=1616403358562849,CC BY-SA 4.0,1,85,1,parking,2 | PARKING | 8xM=8k,0.899
downtown/314026066981003_1,downtown,crops/downtown/314026066981003_1.jpg,314026066981003,2017-05-12T13:35:54+00:00,2017,34.047226388889,-118.23623305556,267.69626510063,False,mly_la,https://www.mapillary.com/app/?pKey=314026066981003,CC BY-SA 4.0,1,84,1,parking,TOW-AWAY | 6AM | 6PK | EXCEPT SUN,0.9
downtown/2051087065029388_0,downtown,crops/downtown/2051087065029388_0.jpg,2051087065029388,2018-10-03T00:02:39.675000+00:00,2018,34.049050706529,-118.25703485374,231.6570892334,False,lvl5,https://www.mapillary.com/app/?pKey=2051087065029388,CC BY-SA 4.0,1,79,1,unknown,MUST,1.0
downtown/173611241322986_0,downtown,crops/downtown/173611241322986_0.jpg,173611241322986,2017-04-09T12:30:28+00:00,2017,34.041063055556,-118.24333472222,35.907548077677,False,mly_la,https://www.mapillary.com/app/?pKey=173611241322986,CC BY-SA 4.0,4,235,1,unknown,,0.0
downtown/205739731223707_0,downtown,crops/downtown/205739731223707_0.jpg,205739731223707,2018-10-01T23:55:07.057000+00:00,2018,34.051606253507,-118.2525976843,168.17301940918,False,lvl5,https://www.mapillary.com/app/?pKey=205739731223707,CC BY-SA 4.0,2,97,1,unknown,喜,0.706
downtown/282089250063066_0,downtown,crops/downtown/282089250063066_0.jpg,282089250063066,2017-04-09T14:15:41+00:00,2017,34.053161388889,-118.24828972222,100.93014685697,False,mly_la,https://www.mapillary.com/app/?pKey=282089250063066,CC BY-SA 4.0,1,78,4,parking,PUBLIC | PARKING,1.0
downtown/215938686662433_0,downtown,crops/downtown/215938686662433_0.jpg,215938686662433,2017-04-09T16:14:17+00:00,2017,34.039555,-118.25285305556,56.996938276732,False,mly_la,https://www.mapillary.com/app/?pKey=215938686662433,CC BY-SA 4.0,1,78,1,unknown,2,0.991
downtown/304543361195631_0,downtown,crops/downtown/304543361195631_0.jpg,304543361195631,2017-04-09T15:51:46+00:00,2017,34.043503055556,-118.25178472222,55.33804072405,False,mly_la,https://www.mapillary.com/app/?pKey=304543361195631,CC BY-SA 4.0,2,79,1,parking,PUBLIC PARKING,0.966
downtown/534229094269281_0,downtown,crops/downtown/534229094269281_0.jpg,534229094269281,2018-07-29T23:10:44.484000+00:00,2018,34.051251280369,-118.25233889109,130.61090087891,False,lvl5,https://www.mapillary.com/app/?pKey=534229094269281,CC BY-SA 4.0,2,230,1,unknown,,0.0
downtown/2762536843995541_0,downtown,crops/downtown/2762536843995541_0.jpg,2762536843995541,2017-04-30T13:47:34+00:00,2017,34.049481388889,-118.22568638889,98.677999061711,False,mly_la,https://www.mapillary.com/app/?pKey=2762536843995541,CC BY-SA 4.0,2,229,1,unknown,,0.0
downtown/2928545387392973_0,downtown,crops/downtown/2928545387392973_0.jpg,2928545387392973,2017-04-30T13:10:05+00:00,2017,34.043248055556,-118.23446305556,29.754795069761,False,mly_la,https://www.mapillary.com/app/?pKey=2928545387392973,CC BY-SA 4.0,1,97,1,unknown,ANYTTIME,0.68
downtown/3817110645009827_0,downtown,crops/downtown/3817110645009827_0.jpg,3817110645009827,2017-04-09T14:01:53+00:00,2017,34.047593055556,-118.25644638889,314.02905483441,False,wsp_us,https://www.mapillary.com/app/?pKey=3817110645009827,CC BY-SA 4.0,1,77,1,parking,TOW-AWAY | NO STOPPING | ANY TIME,0.983
downtown/1237364116719085_0,downtown,crops/downtown/1237364116719085_0.jpg,1237364116719085,2017-04-09T12:38:17+00:00,2017,34.044688055556,-118.24527138889,12.861523496123,False,wsp_us,https://www.mapillary.com/app/?pKey=1237364116719085,CC BY-SA 4.0,1,78,1,parking,WAY | STOPPING | ANY | TIME,0.961
downtown/133041842147674_0,downtown,crops/downtown/133041842147674_0.jpg,133041842147674,2017-04-09T15:57:02+00:00,2017,34.049558055556,-118.24393805556,27.377232377158,False,mly_la,https://www.mapillary.com/app/?pKey=133041842147674,CC BY-SA 4.0,2,83,1,unknown,NOTICE | WETY ILAISS | HARO HAT | AREA,0.875
downtown/686936611167157_0,downtown,crops/downtown/686936611167157_0.jpg,686936611167157,2025-05-21T23:10:24.484000+00:00,2025,34.0474664827,-118.2569750383,307.67091637933,False,MicahStokes,https://www.mapillary.com/app/?pKey=686936611167157,CC BY-SA 4.0,1,86,2,unknown,OC,0.822
downtown/462904314998246_0,downtown,crops/downtown/462904314998246_0.jpg,462904314998246,2017-04-09T14:31:05+00:00,2017,34.035928055556,-118.23999,41.073039664225,False,wsp_us,https://www.mapillary.com/app/?pKey=462904314998246,CC BY-SA 4.0,1,85,1,parking,Ne | PARKING,0.824
downtown/470696423988659_0,downtown,crops/downtown/470696423988659_0.jpg,470696423988659,2017-05-12T13:09:21+00:00,2017,34.038278055556,-118.23130638889,263.85027240584,False,mly_la,https://www.mapillary.com/app/?pKey=470696423988659,CC BY-SA 4.0,1,76,1,parking,TOW | AWAY | TEMPORARY | PARKING | TIME | ANY,0.993
downtown/1619142194949205_1,downtown,crops/downtown/1619142194949205_1.jpg,1619142194949205,2017-04-09T14:47:57+00:00,2017,34.053288055556,-118.24518305556,128.52765132588,False,mly_la,https://www.mapillary.com/app/?pKey=1619142194949205,CC BY-SA 4.0,1,96,1,unknown,NAON | G,0.673
downtown/162029755735369_0,downtown,crops/downtown/162029755735369_0.jpg,162029755735369,2015-10-12T13:21:52.353000+00:00,2015,34.05099407,-118.24462624,109.49867916107,False,matikin9,https://www.mapillary.com/app/?pKey=162029755735369,CC BY-SA 4.0,3,225,1,unknown,,0.0
downtown/380143356649265_0,downtown,crops/downtown/380143356649265_0.jpg,380143356649265,2018-11-30T18:47:46.232000+00:00,2018,34.046040974692,-118.23273990743,294.91345214844,False,lvl5,https://www.mapillary.com/app/?pKey=380143356649265,CC BY-SA 4.0,1,85,1,unknown,NEIA | BEGIN,0.818
downtown/210987497190965_0,downtown,crops/downtown/210987497190965_0.jpg,210987497190965,2015-10-25T15:26:57.356000+00:00,2015,34.04785204,-118.22759599,290.52990010263,False,omaru,https://www.mapillary.com/app/?pKey=210987497190965,CC BY-SA 4.0,2,222,1,unknown,,0.0
downtown/254174313103435_0,downtown,crops/downtown/254174313103435_0.jpg,254174313103435,2017-04-09T12:14:13+00:00,2017,34.050763055556,-118.24756638889,27.239809959132,False,wsp_us,https://www.mapillary.com/app/?pKey=254174313103435,CC BY-SA 4.0,1,77,1,unknown,NO | TRESPASSING | ISSERS WILL | PROSECUTED,0.945
downtown/194774772471688_0,downtown,crops/downtown/194774772471688_0.jpg,194774772471688,2017-04-09T14:02:01+00:00,2017,34.047736388889,-118.25667305556,298.07012773411,False,mly_la,https://www.mapillary.com/app/?pKey=194774772471688,CC BY-SA 4.0,1,104,1,unknown,SETAS,0.569
downtown/931088777688740_0,downtown,crops/downtown/931088777688740_0.jpg,931088777688740,2017-04-09T14:53:10+00:00,2017,34.045755,-118.23968805556,18.000942986114,False,mly_la,https://www.mapillary.com/app/?pKey=931088777688740,CC BY-SA 4.0,1,100,1,unknown,O,0.597
downtown/1371637456540460_1,downtown,crops/downtown/1371637456540460_1.jpg,1371637456540460,2017-04-09T14:42:26+00:00,2017,34.044023055556,-118.25798638889,128.56669936523,False,wsp_us,https://www.mapillary.com/app/?pKey=1371637456540460,CC BY-SA 4.0,1,78,1,unknown,PELC | 6.5.,0.894
downtown/3040982612791926_1,downtown,crops/downtown/3040982612791926_1.jpg,3040982612791926,2017-07-19T07:24:03+00:00,2017,34.050915,-118.249865,306.82476143928,False,mly_la,https://www.mapillary.com/app/?pKey=3040982612791926,CC BY-SA 4.0,1,73,1,unknown,4,0.982
downtown/786791908933023_0,downtown,crops/downtown/786791908933023_0.jpg,786791908933023,2017-04-09T14:45:30+00:00,2017,34.050784722222,-118.25192972222,65.283346808561,False,wsp_us,https://www.mapillary.com/app/?pKey=786791908933023,CC BY-SA 4.0,1,73,1,parking,PARKING | 408,0.981
downtown/229533212301247_0,downtown,crops/downtown/229533212301247_0.jpg,229533212301247,2020-01-24T20:45:53.502000+00:00,2020,34.049596,-118.247586,229.23577880859,False,turne514,https://www.mapillary.com/app/?pKey=229533212301247,CC BY-SA 4.0,2,216,1,unknown,,0.0
downtown/1480794435590395_0,downtown,crops/downtown/1480794435590395_0.jpg,1480794435590395,2018-10-06T01:03:21.642000+00:00,2018,34.050086582098,-118.24653169475,307.6171875,False,lvl5,https://www.mapillary.com/app/?pKey=1480794435590395,CC BY-SA 4.0,1,84,1,unknown,O,0.777
downtown/145584464142155_0,downtown,crops/downtown/145584464142155_0.jpg,145584464142155,2017-04-09T16:14:18+00:00,2017,34.039544722222,-118.252845,30.586306976981,False,mly_la,https://www.mapillary.com/app/?pKey=145584464142155,CC BY-SA 4.0,1,72,1,unknown,2,0.995
downtown/336688431307941_0,downtown,crops/downtown/336688431307941_0.jpg,336688431307941,2017-04-09T14:31:25+00:00,2017,34.037394722222,-118.24201638889,39.85163551796,False,wsp_us,https://www.mapillary.com/app/?pKey=336688431307941,CC BY-SA 4.0,1,215,1,unknown,,0.0
downtown/492247108637274_0,downtown,crops/downtown/492247108637274_0.jpg,492247108637274,2017-04-09T15:57:06+00:00,2017,34.049228055556,-118.244165,308.40223357932,False,wsp_us,https://www.mapillary.com/app/?pKey=492247108637274,CC BY-SA 4.0,1,72,1,parking,LITTLE TOKYO | LIBRARY | FARKING | ONLY,0.988
downtown/374545407200348_0,downtown,crops/downtown/374545407200348_0.jpg,374545407200348,2017-04-09T12:45:56+00:00,2017,34.044956388889,-118.25190805556,129.64509781202,False,mly_la,https://www.mapillary.com/app/?pKey=374545407200348,CC BY-SA 4.0,1,86,2,unknown,酒,0.734
downtown/845947809355269_0,downtown,crops/downtown/845947809355269_0.jpg,845947809355269,2017-04-30T13:57:26+00:00,2017,34.046941388889,-118.22681638889,92.372345929808,False,mly_la,https://www.mapillary.com/app/?pKey=845947809355269,CC BY-SA 4.0,1,86,1,unknown,R,0.74
downtown/2886381098342501_0,downtown,crops/downtown/2886381098342501_0.jpg,2886381098342501,2017-04-09T13:37:19+00:00,2017,34.054238055556,-118.24501972222,302.50995349127,False,wsp_us,https://www.mapillary.com/app/?pKey=2886381098342501,CC BY-SA 4.0,1,74,1,parking,TOW-AWAY | NOSTOPING | ANY TIME,0.938
downtown/878526956059893_0,downtown,crops/downtown/878526956059893_0.jpg,878526956059893,2020-07-01T16:47:23.094000+00:00,2020,34.042349566733,-118.25379233884,52.176879882812,False,fcarneyibi,https://www.mapillary.com/app/?pKey=878526956059893,CC BY-SA 4.0,1,212,1,unknown,,0.0
downtown/3927524763997328_0,downtown,crops/downtown/3927524763997328_0.jpg,3927524763997328,2020-09-24T20:44:53.878000+00:00,2020,34.049235300002,-118.256584,218.51885986328,False,ekaxi,https://www.mapillary.com/app/?pKey=3927524763997328,CC BY-SA 4.0,1,210,1,unknown,,0.0
downtown/3838938829507919_1,downtown,crops/downtown/3838938829507919_1.jpg,3838938829507919,2017-04-09T14:49:26+00:00,2017,34.052678055556,-118.24421638889,217.39472562162,False,wsp_us,https://www.mapillary.com/app/?pKey=3838938829507919,CC BY-SA 4.0,1,70,1,parking,TOW-AWAY | NOSTOPPING | ANY | TIME,0.999
downtown/1183191452163279_0,downtown,crops/downtown/1183191452163279_0.jpg,1183191452163279,2018-09-29T00:34:46.876000+00:00,2018,34.037744427769,-118.25771487027,34.408752441406,False,lvl5,https://www.mapillary.com/app/?pKey=1183191452163279,CC BY-SA 4.0,1,98,1,unknown,色,0.573
downtown/486370679083956_0,downtown,crops/downtown/486370679083956_0.jpg,486370679083956,2017-04-09T12:04:28+00:00,2017,34.049986388889,-118.25014305556,220.09879969803,False,wsp_us,https://www.mapillary.com/app/?pKey=486370679083956,CC BY-SA 4.0,1,71,1,parking,TOW-AWAY | NO STOPPING | ANY TIME,0.98
downtown/1378926435815193_0,downtown,crops/downtown/1378926435815193_0.jpg,1378926435815193,2017-04-09T15:54:15+00:00,2017,34.049294722222,-118.24623638889,211.9558159845,False,mly_la,https://www.mapillary.com/app/?pKey=1378926435815193,CC BY-SA 4.0,1,70,1,parking,PUBLIC | PARKING | FLAT,1.0
downtown/311093347312094_0,downtown,crops/downtown/311093347312094_0.jpg,311093347312094,2017-04-09T12:14:56+00:00,2017,34.051493055556,-118.24883805556,23.696252956735,False,wsp_us,https://www.mapillary.com/app/?pKey=311093347312094,CC BY-SA 4.0,1,209,1,unknown,,0.0
downtown/1860685267422795_0,downtown,crops/downtown/1860685267422795_0.jpg,1860685267422795,2017-04-09T14:45:22+00:00,2017,34.050345,-118.25217138889,130.38440385757,False,wsp_us,https://www.mapillary.com/app/?pKey=1860685267422795,CC BY-SA 4.0,1,207,1,unknown,,0.0
downtown/322198946010499_1,downtown,crops/downtown/322198946010499_1.jpg,322198946010499,2017-04-09T15:12:16+00:00,2017,34.054253055556,-118.25025805556,309.75097201062,False,wsp_us,https://www.mapillary.com/app/?pKey=322198946010499,CC BY-SA 4.0,3,71,1,unknown,355 | 378,0.961
downtown/754624475237408_1,downtown,crops/downtown/754624475237408_1.jpg,754624475237408,2017-04-09T14:15:52+00:00,2017,34.05317,-118.24795972222,224.96773272744,False,wsp_us,https://www.mapillary.com/app/?pKey=754624475237408,CC BY-SA 4.0,1,69,2,unknown,ON | RED,1.0
downtown/1424011397933592_0,downtown,crops/downtown/1424011397933592_0.jpg,1424011397933592,2017-04-09T14:45:17+00:00,2017,34.049849722222,-118.25253138889,301.7013906668,False,mly_la,https://www.mapillary.com/app/?pKey=1424011397933592,CC BY-SA 4.0,1,205,1,unknown,,0.0
downtown/751882055524301_0,downtown,crops/downtown/751882055524301_0.jpg,751882055524301,2017-04-09T13:59:48+00:00,2017,34.050803055556,-118.25337972222,307.46990500441,False,wsp_us,https://www.mapillary.com/app/?pKey=751882055524301,CC BY-SA 4.0,1,202,1,unknown,,0.0
downtown/951733385657567_0,downtown,crops/downtown/951733385657567_0.jpg,951733385657567,2016-06-25T16:38:44.947000+00:00,2016,34.043883077786,-118.25794696125,40.824451251312,False,black_tea,https://www.mapillary.com/app/?pKey=951733385657567,CC BY-SA 4.0,1,201,1,unknown,,0.0
downtown/186642530005261_0,downtown,crops/downtown/186642530005261_0.jpg,186642530005261,2020-09-24T21:19:14.976000+00:00,2020,34.0434408,-118.25772969972,128.1106262207,False,ekaxi,https://www.mapillary.com/app/?pKey=186642530005261,CC BY-SA 4.0,1,201,1,unknown,,0.0
downtown/739826950046269_0,downtown,crops/downtown/739826950046269_0.jpg,739826950046269,2017-04-09T15:34:12+00:00,2017,34.052086388889,-118.25398138889,15.772506953217,False,mly_la,https://www.mapillary.com/app/?pKey=739826950046269,CC BY-SA 4.0,2,201,1,unknown,,0.0
downtown/502011797650095_0,downtown,crops/downtown/502011797650095_0.jpg,502011797650095,2017-04-09T12:07:38+00:00,2017,34.045036388889,-118.24171472222,36.489822320258,False,mly_la,https://www.mapillary.com/app/?pKey=502011797650095,CC BY-SA 4.0,1,201,1,unknown,,0.0
downtown/373500220654353_0,downtown,crops/downtown/373500220654353_0.jpg,373500220654353,2017-04-30T14:29:55+00:00,2017,34.047596388889,-118.22778,274.38712107606,False,mly_la,https://www.mapillary.com/app/?pKey=373500220654353,CC BY-SA 4.0,1,89,3,unknown,25,0.621
downtown/468326137735465_0,downtown,crops/downtown/468326137735465_0.jpg,468326137735465,2017-04-09T14:31:14+00:00,2017,34.036588055556,-118.24086638889,41.995637350809,False,wsp_us,https://www.mapillary.com/app/?pKey=468326137735465,CC BY-SA 4.0,1,200,1,unknown,,0.0
downtown/996926474379089_0,downtown,crops/downtown/996926474379089_0.jpg,996926474379089,2017-04-09T15:09:31+00:00,2017,34.053478055556,-118.24527138889,33.359001593866,False,wsp_us,https://www.mapillary.com/app/?pKey=996926474379089,CC BY-SA 4.0,1,66,2,unknown,378 | 442 | 487 | 687,1.0
downtown/387220372339458_0,downtown,crops/downtown/387220372339458_0.jpg,387220372339458,2017-04-09T14:42:34+00:00,2017,34.044993055556,-118.25707305556,216.21114083362,False,mly_la,https://www.mapillary.com/app/?pKey=387220372339458,CC BY-SA 4.0,1,67,1,unknown,KEEP OUT,0.98
downtown/1368924344414415_0,downtown,crops/downtown/1368924344414415_0.jpg,1368924344414415,2025-05-21T23:10:25.734000+00:00,2025,34.0474999448,-118.2570282009,306.19698128114,False,MicahStokes,https://www.mapillary.com/app/?pKey=1368924344414415,CC BY-SA 4.0,3,198,1,unknown,,0.0
downtown/1424011397933592_1,downtown,crops/downtown/1424011397933592_1.jpg,1424011397933592,2017-04-09T14:45:17+00:00,2017,34.049849722222,-118.25253138889,301.7013906668,False,mly_la,https://www.mapillary.com/app/?pKey=1424011397933592,CC BY-SA 4.0,1,198,1,unknown,,0.0
downtown/1191616357964802_1,downtown,crops/downtown/1191616357964802_1.jpg,1191616357964802,2017-04-09T12:14:14+00:00,2017,34.050788055556,-118.247625,29.716433826528,False,wsp_us,https://www.mapillary.com/app/?pKey=1191616357964802,CC BY-SA 4.0,1,65,1,unknown,NO,0.996
downtown/202698924792048_0,downtown,crops/downtown/202698924792048_0.jpg,202698924792048,2017-04-09T14:42:28+00:00,2017,34.044216388889,-118.25778805556,307.64872858673,False,mly_la,https://www.mapillary.com/app/?pKey=202698924792048,CC BY-SA 4.0,1,194,1,unknown,,0.0
downtown/507490573950463_0,downtown,crops/downtown/507490573950463_0.jpg,507490573950463,2017-04-09T15:08:35+00:00,2017,34.053895,-118.24372805556,221.7407396798,False,mly_la,https://www.mapillary.com/app/?pKey=507490573950463,CC BY-SA 4.0,1,192,1,unknown,,0.0
downtown/769188600459591_0,downtown,crops/downtown/769188600459591_0.jpg,769188600459591,2020-06-30T16:12:53.915000+00:00,2020,34.048038333333,-118.25641333333,211.58088849296,False,ekaxi,https://www.mapillary.com/app/?pKey=769188600459591,CC BY-SA 4.0,1,191,1,unknown,,0.0
downtown/303349961259810_2,downtown,crops/downtown/303349961259810_2.jpg,303349961259810,2017-04-09T15:08:44+00:00,2017,34.053445,-118.24417305556,311.71282483228,False,wsp_us,https://www.mapillary.com/app/?pKey=303349961259810,CC BY-SA 4.0,1,74,1,unknown,TYPE | TYPE,0.788
downtown/1541772096166344_0,downtown,crops/downtown/1541772096166344_0.jpg,1541772096166344,2017-04-30T13:10:12+00:00,2017,34.043593055556,-118.23507805556,305.98634075051,False,mly_la,https://www.mapillary.com/app/?pKey=1541772096166344,CC BY-SA 4.0,3,190,1,unknown,,0.0
downtown/187830276533080_0,downtown,crops/downtown/187830276533080_0.jpg,187830276533080,2018-12-28T21:33:08.701000+00:00,2018,34.052266915173,-118.25392976982,144.83361816406,False,lvl5,https://www.mapillary.com/app/?pKey=187830276533080,CC BY-SA 4.0,2,190,1,unknown,,0.0
downtown/140796701357351_0,downtown,crops/downtown/140796701357351_0.jpg,140796701357351,2017-04-09T14:38:15+00:00,2017,34.047228055556,-118.25646305556,153.14452333447,False,mly_la,https://www.mapillary.com/app/?pKey=140796701357351,CC BY-SA 4.0,1,65,1,unknown,R,0.953
downtown/233328278591147_0,downtown,crops/downtown/233328278591147_0.jpg,233328278591147,2018-11-30T18:50:36.092000+00:00,2018,34.04789853187,-118.22775665856,9.0802316665649,False,lvl5,https://www.mapillary.com/app/?pKey=233328278591147,CC BY-SA 4.0,1,72,1,unknown,25,0.819
downtown/217527926476956_0,downtown,crops/downtown/217527926476956_0.jpg,217527926476956,2017-04-09T16:00:47+00:00,2017,34.041506388889,-118.25290805556,138.22400076095,False,mly_la,https://www.mapillary.com/app/?pKey=217527926476956,CC BY-SA 4.0,1,83,1,unknown,0,0.633
downtown/3506374589462272_0,downtown,crops/downtown/3506374589462272_0.jpg,3506374589462272,2017-04-30T13:57:29+00:00,2017,34.047135,-118.22680138889,94.081746181173,False,mly_la,https://www.mapillary.com/app/?pKey=3506374589462272,CC BY-SA 4.0,1,188,1,unknown,,0.0
downtown/3936405046438646_1,downtown,crops/downtown/3936405046438646_1.jpg,3936405046438646,2015-10-25T14:12:45.580000+00:00,2015,34.04768908,-118.2279133,100.26125381493,False,omaru,https://www.mapillary.com/app/?pKey=3936405046438646,CC BY-SA 4.0,2,188,1,unknown,,0.0
downtown/579426299919051_1,downtown,crops/downtown/579426299919051_1.jpg,579426299919051,2021-08-30T19:35:19.510000+00:00,2021,34.03888550115,-118.25343115571,221.44086112645,False,etunell,https://www.mapillary.com/app/?pKey=579426299919051,CC BY-SA 4.0,1,188,1,unknown,,0.0
downtown/245499357321877_0,downtown,crops/downtown/245499357321877_0.jpg,245499357321877,2017-04-09T14:15:50+00:00,2017,34.053178055556,-118.247975,321.31681740304,False,mly_la,https://www.mapillary.com/app/?pKey=245499357321877,CC BY-SA 4.0,1,62,1,unknown,129,0.999
downtown/527892655254256_1,downtown,crops/downtown/527892655254256_1.jpg,527892655254256,2017-04-30T13:47:45+00:00,2017,34.048915,-118.22577805556,285.43944857308,False,mly_la,https://www.mapillary.com/app/?pKey=527892655254256,CC BY-SA 4.0,1,67,1,parking,PARKING | BY PERMIT | ONNY,0.886
downtown/239610741290684_0,downtown,crops/downtown/239610741290684_0.jpg,239610741290684,2017-04-09T13:59:56+00:00,2017,34.050456388889,-118.25370138889,350.48399103649,False,wsp_us,https://www.mapillary.com/app/?pKey=239610741290684,CC BY-SA 4.0,1,62,1,parking,VALET | PAAKING,0.987
downtown/517889879574488_0,downtown,crops/downtown/517889879574488_0.jpg,517889879574488,2020-09-24T20:44:52.948000+00:00,2020,34.049283700028,-118.2565459,213.2347869873,False,ekaxi,https://www.mapillary.com/app/?pKey=517889879574488,CC BY-SA 4.0,1,184,1,unknown,,0.0
downtown/779387665911733_0,downtown,crops/downtown/779387665911733_0.jpg,779387665911733,2017-04-09T16:17:02+00:00,2017,34.043429722222,-118.24722138889,290.21738313694,False,wsp_us,https://www.mapillary.com/app/?pKey=779387665911733,CC BY-SA 4.0,1,61,1,unknown,18 | 53 | 62,0.997
downtown/522367729142385_0,downtown,crops/downtown/522367729142385_0.jpg,522367729142385,2017-04-09T14:42:35+00:00,2017,34.044896388889,-118.25717805556,125.88119001343,False,wsp_us,https://www.mapillary.com/app/?pKey=522367729142385,CC BY-SA 4.0,1,83,1,unknown,u,0.609
downtown/760592997973495_0,downtown,crops/downtown/760592997973495_0.jpg,760592997973495,2017-04-09T13:44:21+00:00,2017,34.049136388889,-118.25241638889,217.72787108175,False,mly_la,https://www.mapillary.com/app/?pKey=760592997973495,CC BY-SA 4.0,1,181,1,unknown,,0.0
downtown/287554656353465_0,downtown,crops/downtown/287554656353465_0.jpg,287554656353465,2017-04-09T12:45:59+00:00,2017,34.044933055556,-118.25173138889,96.181481996255,False,mly_la,https://www.mapillary.com/app/?pKey=287554656353465,CC BY-SA 4.0,1,64,2,parking,PUSLIO | PARKING,0.907
downtown/1264513948439895_0,downtown,crops/downtown/1264513948439895_0.jpg,1264513948439895,2025-05-21T23:10:23.834000+00:00,2025,34.0474542661,-118.2569433005,291.04532670816,False,MicahStokes,https://www.mapillary.com/app/?pKey=1264513948439895,CC BY-SA 4.0,1,75,1,unknown,CC,0.694
downtown/383650906330042_0,downtown,crops/downtown/383650906330042_0.jpg,383650906330042,2020-06-30T16:07:16.049000+00:00,2020,34.048266666667,-118.257795,34.623983254843,False,ekaxi,https://www.mapillary.com/app/?pKey=383650906330042,CC BY-SA 4.0,2,179,1,unknown,,0.0
downtown/480604319856056_0,downtown,crops/downtown/480604319856056_0.jpg,480604319856056,2015-03-02T00:06:03+00:00,2015,34.045699,-118.235943,52.16675,False,gyllen,https://www.mapillary.com/app/?pKey=480604319856056,CC BY-SA 4.0,1,179,1,unknown,,0.0
downtown/234612605087924_0,downtown,crops/downtown/234612605087924_0.jpg,234612605087924,2017-04-09T14:08:03+00:00,2017,34.047659722222,-118.25651305556,308.20785226479,False,wsp_us,https://www.mapillary.com/app/?pKey=234612605087924,CC BY-SA 4.0,1,80,1,unknown,A,0.624
downtown/858098434914044_0,downtown,crops/downtown/858098434914044_0.jpg,858098434914044,2017-04-09T14:45:28+00:00,2017,34.050665,-118.25191305556,297.31608429684,False,mly_la,https://www.mapillary.com/app/?pKey=858098434914044,CC BY-SA 4.0,1,179,1,unknown,,0.0
downtown/1510831286662230_0,downtown,crops/downtown/1510831286662230_0.jpg,1510831286662230,2023-06-09T07:57:52.835000+00:00,2023,34.039414465576,-118.23824681958,178.60385575505,False,inlandurbanist,https://www.mapillary.com/app/?pKey=1510831286662230,CC BY-SA 4.0,1,179,1,unknown,,0.0
downtown/508078546867747_1,downtown,crops/downtown/508078546867747_1.jpg,508078546867747,2017-04-09T15:52:03+00:00,2017,34.044176388889,-118.25113805556,129.64531969758,False,wsp_us,https://www.mapillary.com/app/?pKey=508078546867747,CC BY-SA 4.0,1,84,1,unknown,0 | uhns,0.554
downtown/474363173676392_0,downtown,crops/downtown/474363173676392_0.jpg,474363173676392,2017-04-09T13:44:52+00:00,2017,34.050201388889,-118.25394805556,35.910550144522,False,wsp_us,https://www.mapillary.com/app/?pKey=474363173676392,CC BY-SA 4.0,2,178,1,unknown,,0.0
downtown/269785958228704_0,downtown,crops/downtown/269785958228704_0.jpg,269785958228704,2017-04-09T12:12:45+00:00,2017,34.049781388889,-118.24618,35.76764165577,False,wsp_us,https://www.mapillary.com/app/?pKey=269785958228704,CC BY-SA 4.0,2,177,1,unknown,,0.0
downtown/791087911541756_0,downtown,crops/downtown/791087911541756_0.jpg,791087911541756,2017-04-09T14:15:49+00:00,2017,34.053211388889,-118.24799972222,328.42992445325,False,mly_la,https://www.mapillary.com/app/?pKey=791087911541756,CC BY-SA 4.0,1,79,1,unknown,合21,0.621
downtown/801456524085757_0,downtown,crops/downtown/801456524085757_0.jpg,801456524085757,2017-04-09T16:22:46+00:00,2017,34.050481388889,-118.25195805556,311.3015319202,False,mly_la,https://www.mapillary.com/app/?pKey=801456524085757,CC BY-SA 4.0,1,176,1,unknown,,0.0
downtown/930688290998728_0,downtown,crops/downtown/930688290998728_0.jpg,930688290998728,2017-04-09T12:52:27+00:00,2017,34.05256,-118.24764638889,40.205721051574,False,mly_la,https://www.mapillary.com/app/?pKey=930688290998728,CC BY-SA 4.0,1,74,1,unknown,0 | vers | 223382,0.681
downtown/831029960836426_0,downtown,crops/downtown/831029960836426_0.jpg,831029960836426,2017-04-09T15:54:17+00:00,2017,34.049384722222,-118.24615805556,218.04403545725,False,mly_la,https://www.mapillary.com/app/?pKey=831029960836426,CC BY-SA 4.0,1,60,1,unknown,PUBLIC | 8.,0.966
downtown/482072456441163_0,downtown,crops/downtown/482072456441163_0.jpg,482072456441163,2017-05-12T13:09:22+00:00,2017,34.038263055556,-118.23130305556,176.4282777189,False,mly_la,https://www.mapillary.com/app/?pKey=482072456441163,CC BY-SA 4.0,1,69,1,unknown,CTOW-AR | MOFENG | ANY TIME,0.763
downtown/219205036289988_0,downtown,crops/downtown/219205036289988_0.jpg,219205036289988,2017-04-09T14:38:34+00:00,2017,34.047346388889,-118.25656138889,289.3372914104,False,mly_la,https://www.mapillary.com/app/?pKey=219205036289988,CC BY-SA 4.0,1,64,4,unknown,100 NNOT,0.85
downtown/2961393337437863_0,downtown,crops/downtown/2961393337437863_0.jpg,2961393337437863,2020-06-29T16:01:29.679000+00:00,2020,34.04263,-118.25752833333,14.111968021916,False,ekaxi,https://www.mapillary.com/app/?pKey=2961393337437863,CC BY-SA 4.0,1,173,1,unknown,,0.0
downtown/218991803322986_0,downtown,crops/downtown/218991803322986_0.jpg,218991803322986,2017-04-09T12:53:12+00:00,2017,34.054888055556,-118.24603305556,308.22942356089,False,mly_la,https://www.mapillary.com/app/?pKey=218991803322986,CC BY-SA 4.0,1,173,1,unknown,,0.0
downtown/316183779869555_0,downtown,crops/downtown/316183779869555_0.jpg,316183779869555,2017-04-09T14:31:02+00:00,2017,34.035755,-118.239715,221.07297977403,False,mly_la,https://www.mapillary.com/app/?pKey=316183779869555,CC BY-SA 4.0,2,67,1,unknown,STOFDC,0.785
downtown/1150387372100089_0,downtown,crops/downtown/1150387372100089_0.jpg,1150387372100089,2017-07-19T07:23:01+00:00,2017,34.052083055556,-118.24875805556,219.64273171553,False,mly_la,https://www.mapillary.com/app/?pKey=1150387372100089,CC BY-SA 4.0,1,59,1,unknown,CENTRAL MARK | COURTHOUS,0.974
downtown/497932291638777_0,downtown,crops/downtown/497932291638777_0.jpg,497932291638777,2020-09-24T21:13:17.786000+00:00,2020,34.043424100002,-118.2577726,128.44873046875,False,ekaxi,https://www.mapillary.com/app/?pKey=497932291638777,CC BY-SA 4.0,1,172,1,unknown,,0.0
downtown/1814241145412541_0,downtown,crops/downtown/1814241145412541_0.jpg,1814241145412541,2015-10-12T01:22:23.968000+00:00,2015,34.04579,-118.236094,267.6954,False,ahealthydesign,https://www.mapillary.com/app/?pKey=1814241145412541,CC BY-SA 4.0,1,172,1,unknown,,0.0
downtown/955536798593339_0,downtown,crops/downtown/955536798593339_0.jpg,955536798593339,2020-06-29T15:24:38.797000+00:00,2020,34.047395,-118.25672833333,127.23100533209,False,ekaxi,https://www.mapillary.com/app/?pKey=955536798593339,CC BY-SA 4.0,1,171,1,unknown,,0.0
downtown/327119645477057_0,downtown,crops/downtown/327119645477057_0.jpg,327119645477057,2017-04-09T14:16:07+00:00,2017,34.052456388889,-118.246935,44.087530461516,False,mly_la,https://www.mapillary.com/app/?pKey=327119645477057,CC BY-SA 4.0,2,171,1,unknown,,0.0
downtown/303140301467734_0,downtown,crops/downtown/303140301467734_0.jpg,303140301467734,2020-07-01T16:33:55.225000+00:00,2020,34.050062356522,-118.25408628261,210.44491577148,False,fcarneyibi,https://www.mapillary.com/app/?pKey=303140301467734,CC BY-SA 4.0,2,171,1,unknown,,0.0
downtown/292622722450290_0,downtown,crops/downtown/292622722450290_0.jpg,292622722450290,2017-04-09T13:41:58+00:00,2017,34.05018,-118.24879138889,308.09512398526,False,wsp_us,https://www.mapillary.com/app/?pKey=292622722450290,CC BY-SA 4.0,1,59,1,unknown,一,0.945
downtown/175919521292751_0,downtown,crops/downtown/175919521292751_0.jpg,175919521292751,2021-08-30T19:16:22.518000+00:00,2021,34.037695894527,-118.25597565669,308.23470254988,False,etunell,https://www.mapillary.com/app/?pKey=175919521292751,CC BY-SA 4.0,1,169,1,unknown,,0.0
downtown/254174313103435_1,downtown,crops/downtown/254174313103435_1.jpg,254174313103435,2017-04-09T12:14:13+00:00,2017,34.050763055556,-118.24756638889,27.239809959132,False,wsp_us,https://www.mapillary.com/app/?pKey=254174313103435,CC BY-SA 4.0,1,62,1,unknown,CAITOM | AUTORATC GATES,0.856
downtown/317891623013265_0,downtown,crops/downtown/317891623013265_0.jpg,317891623013265,2017-04-09T14:46:42+00:00,2017,34.054688055556,-118.24726805556,217.31870808566,False,wsp_us,https://www.mapillary.com/app/?pKey=317891623013265,CC BY-SA 4.0,1,57,1,parking,TOW-AWAY | NOSTOPPING | ANY TIME,0.983
downtown/946305589613997_0,downtown,crops/downtown/946305589613997_0.jpg,946305589613997,2017-04-09T14:33:42+00:00,2017,34.04265,-118.249485,309.69175429404,False,mly_la,https://www.mapillary.com/app/?pKey=946305589613997,CC BY-SA 4.0,1,59,1,parking,PARIUNG | 7.,0.93
downtown/165036085541082_0,downtown,crops/downtown/165036085541082_0.jpg,165036085541082,2017-04-09T14:02:02+00:00,2017,34.047516388889,-118.25691,33.180789393787,False,wsp_us,https://www.mapillary.com/app/?pKey=165036085541082,CC BY-SA 4.0,3,168,1,unknown,,0.0
downtown/1133809217122305_0,downtown,crops/downtown/1133809217122305_0.jpg,1133809217122305,2021-04-23T21:30:16.726000+00:00,2021,34.043421928543,-118.25773094401,129.75372314453,False,jasonhphung,https://www.mapillary.com/app/?pKey=1133809217122305,CC BY-SA 4.0,1,168,1,unknown,,0.0
downtown/109877807849829_0,downtown,crops/downtown/109877807849829_0.jpg,109877807849829,2018-12-28T21:33:06.179000+00:00,2018,34.052286140681,-118.25395396475,123.21506500244,False,lvl5,https://www.mapillary.com/app/?pKey=109877807849829,CC BY-SA 4.0,2,167,1,unknown,,0.0
downtown/382307429591763_0,downtown,crops/downtown/382307429591763_0.jpg,382307429591763,2017-04-09T14:48:00+00:00,2017,34.053183055556,-118.24497805556,220.58209301064,False,wsp_us,https://www.mapillary.com/app/?pKey=382307429591763,CC BY-SA 4.0,1,167,1,unknown,,0.0
downtown/770336933685472_0,downtown,crops/downtown/770336933685472_0.jpg,770336933685472,2017-04-09T14:46:46+00:00,2017,34.054439722222,-118.24685638889,215.64797835298,False,wsp_us,https://www.mapillary.com/app/?pKey=770336933685472,CC BY-SA 4.0,3,167,1,unknown,,0.0
downtown/505629973799468_0,downtown,crops/downtown/505629973799468_0.jpg,505629973799468,2017-04-09T14:49:33+00:00,2017,34.052546388889,-118.24400638889,217.39469301318,False,wsp_us,https://www.mapillary.com/app/?pKey=505629973799468,CC BY-SA 4.0,1,67,1,unknown,自,0.737
downtown/4034606836601980_1,downtown,crops/downtown/4034606836601980_1.jpg,4034606836601980,2017-04-09T15:54:04+00:00,2017,34.048833055556,-118.24669472222,129.64379245573,False,wsp_us,https://www.mapillary.com/app/?pKey=4034606836601980,CC BY-SA 4.0,1,58,1,parking,4ROUR | PARKING | 88,0.939
downtown/460332198596642_1,downtown,crops/downtown/460332198596642_1.jpg,460332198596642,2018-07-29T23:15:05.284000+00:00,2018,34.046007922566,-118.2434372988,113.5546875,False,lvl5,https://www.mapillary.com/app/?pKey=460332198596642,CC BY-SA 4.0,3,166,1,unknown,,0.0
downtown/756052468438202_0,downtown,crops/downtown/756052468438202_0.jpg,756052468438202,2017-04-09T13:41:55+00:00,2017,34.05036,-118.248615,217.47074934345,False,mly_la,https://www.mapillary.com/app/?pKey=756052468438202,CC BY-SA 4.0,1,81,1,unknown,@,0.529
downtown/302207098189627_0,downtown,crops/downtown/302207098189627_0.jpg,302207098189627,2017-04-09T15:12:14+00:00,2017,34.054371388889,-118.25014138889,219.64200342693,False,mly_la,https://www.mapillary.com/app/?pKey=302207098189627,CC BY-SA 4.0,1,71,1,unknown,0 | tro | 22822F,0.669
downtown/484606016207485_0,downtown,crops/downtown/484606016207485_0.jpg,484606016207485,2018-09-29T00:34:54.787000+00:00,2018,34.038241446125,-118.25731098176,34.654327392578,False,lvl5,https://www.mapillary.com/app/?pKey=484606016207485,CC BY-SA 4.0,1,57,1,unknown,R,0.962
downtown/521837935849795_0,downtown,crops/downtown/521837935849795_0.jpg,521837935849795,2018-07-29T23:18:42.606000+00:00,2018,34.044881344573,-118.23814566345,178.73207092285,False,lvl5,https://www.mapillary.com/app/?pKey=521837935849795,CC BY-SA 4.0,1,78,1,unknown,國,0.563
downtown/801456524085757_2,downtown,crops/downtown/801456524085757_2.jpg,801456524085757,2017-04-09T16:22:46+00:00,2017,34.050481388889,-118.25195805556,311.3015319202,False,mly_la,https://www.mapillary.com/app/?pKey=801456524085757,CC BY-SA 4.0,1,165,1,unknown,,0.0
downtown/365990121519896_0,downtown,crops/downtown/365990121519896_0.jpg,365990121519896,2017-04-30T13:08:53+00:00,2017,34.045823055556,-118.23663638889,325.5604057927,False,mly_la,https://www.mapillary.com/app/?pKey=365990121519896,CC BY-SA 4.0,1,165,1,unknown,,0.0
downtown/185818636721073_0,downtown,crops/downtown/185818636721073_0.jpg,185818636721073,2017-04-09T14:53:18+00:00,2017,34.04519,-118.240135,218.26290846185,False,mly_la,https://www.mapillary.com/app/?pKey=185818636721073,CC BY-SA 4.0,2,163,1,unknown,,0.0
downtown/845957946301593_0,downtown,crops/downtown/845957946301593_0.jpg,845957946301593,2017-04-09T13:43:12+00:00,2017,34.048345,-118.25097472222,35.022183840797,False,wsp_us,https://www.mapillary.com/app/?pKey=845957946301593,CC BY-SA 4.0,1,163,1,unknown,,0.0
downtown/2810504119278388_1,downtown,crops/downtown/2810504119278388_1.jpg,2810504119278388,2017-04-30T14:30:38+00:00,2017,34.047621388889,-118.22778305556,100.94219297497,False,mly_la,https://www.mapillary.com/app/?pKey=2810504119278388,CC BY-SA 4.0,1,60,1,unknown,D,0.868
downtown/456992458699334_1,downtown,crops/downtown/456992458699334_1.jpg,456992458699334,2017-04-09T14:14:38+00:00,2017,34.053318055556,-118.24808138889,220.19392011216,False,mly_la,https://www.mapillary.com/app/?pKey=456992458699334,CC BY-SA 4.0,1,57,1,parking,ISTOPPN | IN | TUNNEL,0.934
downtown/733162627363100_0,downtown,crops/downtown/733162627363100_0.jpg,733162627363100,2017-04-09T13:37:15+00:00,2017,34.054596388889,-118.24469472222,308.04237744919,False,wsp_us,https://www.mapillary.com/app/?pKey=733162627363100,CC BY-SA 4.0,1,162,1,unknown,,0.0
downtown/480027433140998_0,downtown,crops/downtown/480027433140998_0.jpg,480027433140998,2015-03-02T00:06:04+00:00,2015,34.045699,-118.235943,26.23792,False,gyllen,https://www.mapillary.com/app/?pKey=480027433140998,CC BY-SA 4.0,1,162,1,unknown,,0.0
downtown/610110956792149_0,downtown,crops/downtown/610110956792149_0.jpg,610110956792149,2017-04-09T15:14:03+00:00,2017,34.05011,-118.25403638889,31.428660582777,False,mly_la,https://www.mapillary.com/app/?pKey=610110956792149,CC BY-SA 4.0,1,71,1,unknown,，,0.632
downtown/162665709108982_0,downtown,crops/downtown/162665709108982_0.jpg,162665709108982,2017-04-30T14:30:41+00:00,2017,34.047833055556,-118.22774472222,7.8625282355352,False,mly_la,https://www.mapillary.com/app/?pKey=162665709108982,CC BY-SA 4.0,1,57,1,unknown,SCHOO | SPEEO | LIT | 2 | 5,0.919
downtown/190087182936479_0,downtown,crops/downtown/190087182936479_0.jpg,190087182936479,2017-04-09T13:43:11+00:00,2017,34.048271388889,-118.250925,124.24144169863,False,mly_la,https://www.mapillary.com/app/?pKey=190087182936479,CC BY-SA 4.0,1,160,1,unknown,,0.0
downtown/1252974645100785_0,downtown,crops/downtown/1252974645100785_0.jpg,1252974645100785,2017-04-09T15:15:27+00:00,2017,34.046776388889,-118.25700472222,131.26119013266,False,mly_la,https://www.mapillary.com/app/?pKey=1252974645100785,CC BY-SA 4.0,1,160,1,unknown,,0.0
downtown/285536176515310_0,downtown,crops/downtown/285536176515310_0.jpg,285536176515310,2017-05-12T13:38:39+00:00,2017,34.049526388889,-118.24151305556,26.271225894004,False,mly_la,https://www.mapillary.com/app/?pKey=285536176515310,CC BY-SA 4.0,1,63,1,unknown,P | 7,0.766
downtown/189295839703874_2,downtown,crops/downtown/189295839703874_2.jpg,189295839703874,2015-10-25T15:26:35.297000+00:00,2015,34.04767389,-118.22505784,287.08502023497,False,omaru,https://www.mapillary.com/app/?pKey=189295839703874,CC BY-SA 4.0,1,160,1,unknown,,0.0
downtown/1827144467451287_0,downtown,crops/downtown/1827144467451287_0.jpg,1827144467451287,2020-09-24T20:51:59.832000+00:00,2020,34.047867399997,-118.257794,36.748107910156,False,ekaxi,https://www.mapillary.com/app/?pKey=1827144467451287,CC BY-SA 4.0,1,160,1,unknown,,0.0
downtown/948842262349742_0,downtown,crops/downtown/948842262349742_0.jpg,948842262349742,2017-05-12T12:59:04+00:00,2017,34.041208055556,-118.23309638889,230.12194421372,False,mly_la,https://www.mapillary.com/app/?pKey=948842262349742,CC BY-SA 4.0,1,78,1,unknown,O,0.527
downtown/769082033804526_0,downtown,crops/downtown/769082033804526_0.jpg,769082033804526,2015-10-30T23:05:54.001000+00:00,2015,34.049867,-118.249903,108.0886,False,moeizlack,https://www.mapillary.com/app/?pKey=769082033804526,CC BY-SA 4.0,1,160,1,unknown,,0.0
downtown/1779602762225171_0,downtown,crops/downtown/1779602762225171_0.jpg,1779602762225171,2015-10-25T15:26:47.303000+00:00,2015,34.04776606,-118.22622201,284.48835745188,False,omaru,https://www.mapillary.com/app/?pKey=1779602762225171,CC BY-SA 4.0,1,160,1,unknown,,0.0
downtown/3936405046438646_0,downtown,crops/downtown/3936405046438646_0.jpg,3936405046438646,2015-10-25T14:12:45.580000+00:00,2015,34.04768908,-118.2279133,100.26125381493,False,omaru,https://www.mapillary.com/app/?pKey=3936405046438646,CC BY-SA 4.0,1,160,1,unknown,,0.0
downtown/315213763306228_0,downtown,crops/downtown/315213763306228_0.jpg,315213763306228,2017-05-12T13:35:37+00:00,2017,34.04721,-118.23522472222,3.1661511555874,False,mly_la,https://www.mapillary.com/app/?pKey=315213763306228,CC BY-SA 4.0,1,61,1,parking,TOW-AWAY | INO PARKING | 61M | 6PM,0.796
downtown/303340978178024_0,downtown,crops/downtown/303340978178024_0.jpg,303340978178024,2018-10-06T00:59:20.703000+00:00,2018,34.046531427385,-118.24049232694,294.11437988281,False,lvl5,https://www.mapillary.com/app/?pKey=303340978178024,CC BY-SA 4.0,2,158,3,unknown,,0.0
downtown/1365204883855598_0,downtown,crops/downtown/1365204883855598_0.jpg,1365204883855598,2020-09-24T21:08:33.893000+00:00,2020,34.043279800003,-118.2536947,238.02410888672,False,ekaxi,https://www.mapillary.com/app/?pKey=1365204883855598,CC BY-SA 4.0,1,158,1,unknown,,0.0
downtown/1458025201206648_0,downtown,crops/downtown/1458025201206648_0.jpg,1458025201206648,2017-04-09T13:43:11+00:00,2017,34.048296388889,-118.25079638889,303.09945671454,False,mly_la,https://www.mapillary.com/app/?pKey=1458025201206648,CC BY-SA 4.0,1,59,1,unknown,0 | Mebs | 55,0.843
downtown/1137054650143212_1,downtown,crops/downtown/1137054650143212_1.jpg,1137054650143212,2017-04-09T13:51:03+00:00,2017,34.054201388889,-118.25026138889,38.218902559369,False,mly_la,https://www.mapillary.com/app/?pKey=1137054650143212,CC BY-SA 4.0,1,69,1,unknown,22226,0.634
downtown/965112404254311_0,downtown,crops/downtown/965112404254311_0.jpg,965112404254311,2015-10-08T15:55:36.064000+00:00,2015,34.050604,-118.253623,254.5137,False,ahealthydesign,https://www.mapillary.com/app/?pKey=965112404254311,CC BY-SA 4.0,1,157,1,unknown,,0.0
downtown/903744363738037_0,downtown,crops/downtown/903744363738037_0.jpg,903744363738037,2015-10-25T15:27:25.383000+00:00,2015,34.04839928,-118.23255729,294.16600171042,False,omaru,https://www.mapillary.com/app/?pKey=903744363738037,CC BY-SA 4.0,1,157,1,unknown,,0.0
downtown/154431003251596_0,downtown,crops/downtown/154431003251596_0.jpg,154431003251596,2020-09-24T21:07:42.034000+00:00,2020,34.045042200002,-118.2519859,218.15301513672,False,ekaxi,https://www.mapillary.com/app/?pKey=154431003251596,CC BY-SA 4.0,1,156,1,unknown,,0.0
downtown/488649442265891_0,downtown,crops/downtown/488649442265891_0.jpg,488649442265891,2017-04-09T15:15:28+00:00,2017,34.046694722222,-118.25725472222,39.736725227646,False,mly_la,https://www.mapillary.com/app/?pKey=488649442265891,CC BY-SA 4.0,1,156,1,unknown,,0.0
downtown/3979989885424392_0,downtown,crops/downtown/3979989885424392_0.jpg,3979989885424392,2017-04-09T13:59:44+00:00,2017,34.051083055556,-118.25316138889,296.43305486793,False,wsp_us,https://www.mapillary.com/app/?pKey=3979989885424392,CC BY-SA 4.0,3,155,1,unknown,,0.0
downtown/171191751793896_1,downtown,crops/downtown/171191751793896_1.jpg,171191751793896,2021-08-30T19:44:29.808000+00:00,2021,34.041081968182,-118.25141213874,33.222839355469,False,etunell,https://www.mapillary.com/app/?pKey=171191751793896,CC BY-SA 4.0,1,155,1,unknown,,0.0
downtown/173683087868821_1,downtown,crops/downtown/173683087868821_1.jpg,173683087868821,2015-10-08T15:55:44.064000+00:00,2015,34.050539,-118.253818,230.187,False,ahealthydesign,https://www.mapillary.com/app/?pKey=173683087868821,CC BY-SA 4.0,1,155,1,unknown,,0.0
downtown/201711548229902_0,downtown,crops/downtown/201711548229902_0.jpg,201711548229902,2017-04-09T15:12:10+00:00,2017,34.054713055556,-118.24975638889,312.39750405003,False,wsp_us,https://www.mapillary.com/app/?pKey=201711548229902,CC BY-SA 4.0,1,155,1,unknown,,0.0
downtown/567669710870674_1,downtown,crops/downtown/567669710870674_1.jpg,567669710870674,2017-04-09T14:15:54+00:00,2017,34.053086388889,-118.24786972222,37.610919106664,False,mly_la,https://www.mapillary.com/app/?pKey=567669710870674,CC BY-SA 4.0,1,58,1,unknown,DETOUR | 10,0.835
downtown/505442290611732_0,downtown,crops/downtown/505442290611732_0.jpg,505442290611732,2016-07-09T00:32:02.536000+00:00,2016,34.052833,-118.247133,313.0929,False,jschleuss,https://www.mapillary.com/app/?pKey=505442290611732,CC BY-SA 4.0,1,154,1,unknown,,0.0
downtown/1161111044407847_0,downtown,crops/downtown/1161111044407847_0.jpg,1161111044407847,2017-07-19T07:25:19+00:00,2017,34.048521388889,-118.25209638889,37.268479102776,False,mly_la,https://www.mapillary.com/app/?pKey=1161111044407847,CC BY-SA 4.0,1,153,1,unknown,,0.0
downtown/858098434914044_1,downtown,crops/downtown/858098434914044_1.jpg,858098434914044,2017-04-09T14:45:28+00:00,2017,34.050665,-118.25191305556,297.31608429684,False,mly_la,https://www.mapillary.com/app/?pKey=858098434914044,CC BY-SA 4.0,1,152,1,unknown,,0.0
downtown/513703229804067_0,downtown,crops/downtown/513703229804067_0.jpg,513703229804067,2017-04-09T12:46:32+00:00,2017,34.044733055556,-118.25243138889,52.890743371407,False,wsp_us,https://www.mapillary.com/app/?pKey=513703229804067,CC BY-SA 4.0,1,152,1,unknown,,0.0
downtown/303349961259810_0,downtown,crops/downtown/303349961259810_0.jpg,303349961259810,2017-04-09T15:08:44+00:00,2017,34.053445,-118.24417305556,311.71282483228,False,wsp_us,https://www.mapillary.com/app/?pKey=303349961259810,CC BY-SA 4.0,1,152,1,unknown,,0.0
downtown/470060674279345_1,downtown,crops/downtown/470060674279345_1.jpg,470060674279345,2017-04-09T12:48:52+00:00,2017,34.04803,-118.25244805556,133.33924922827,False,wsp_us,https://www.mapillary.com/app/?pKey=470060674279345,CC BY-SA 4.0,1,66,1,unknown,TOW-13 | CMIGNSON | 6Ax=lFM,0.644
downtown/1422108381515589_0,downtown,crops/downtown/1422108381515589_0.jpg,1422108381515589,2020-07-01T16:46:14.161000+00:00,2020,34.043419468248,-118.25772341026,128.14782714844,False,fcarneyibi,https://www.mapillary.com/app/?pKey=1422108381515589,CC BY-SA 4.0,1,151,2,unknown,,0.0
downtown/4099223930143097_0,downtown,crops/downtown/4099223930143097_0.jpg,4099223930143097,2017-04-09T15:58:55+00:00,2017,34.046063055556,-118.24760972222,309.75628172615,False,wsp_us,https://www.mapillary.com/app/?pKey=4099223930143097,CC BY-SA 4.0,1,61,1,unknown,命,0.73
downtown/367677614644381_0,downtown,crops/downtown/367677614644381_0.jpg,367677614644381,2017-04-09T12:52:25+00:00,2017,34.053019722222,-118.24776305556,215.85753776181,False,mly_la,https://www.mapillary.com/app/?pKey=367677614644381,CC BY-SA 4.0,1,62,1,unknown,G,0.713
downtown/307145087458589_0,downtown,crops/downtown/307145087458589_0.jpg,307145087458589,2017-04-09T12:48:58+00:00,2017,34.048376388889,-118.25211305556,120.45610491614,False,wsp_us,https://www.mapillary.com/app/?pKey=307145087458589,CC BY-SA 4.0,1,61,1,unknown,519,0.743
downtown/176612060909326_0,downtown,crops/downtown/176612060909326_0.jpg,176612060909326,2017-04-09T12:46:33+00:00,2017,34.044771388889,-118.25246638889,47.992155220511,False,wsp_us,https://www.mapillary.com/app/?pKey=176612060909326,CC BY-SA 4.0,1,61,1,parking,2HOUR | 8v,0.722
downtown/769035287336550_0,downtown,crops/downtown/769035287336550_0.jpg,769035287336550,2017-04-09T15:14:00+00:00,2017,34.050313055556,-118.25363638889,135.36064155216,False,mly_la,https://www.mapillary.com/app/?pKey=769035287336550,CC BY-SA 4.0,1,65,1,unknown,15,0.652
downtown/297790548557837_0,downtown,crops/downtown/297790548557837_0.jpg,297790548557837,2019-08-11T22:08:56.604000+00:00,2019,34.051281956211,-118.2499644776,130.27246900189,False,gyllen,https://www.mapillary.com/app/?pKey=297790548557837,CC BY-SA 4.0,1,149,1,unknown,,0.0
downtown/1021738601697242_0,downtown,crops/downtown/1021738601697242_0.jpg,1021738601697242,2021-05-14T21:23:07.646000+00:00,2021,34.04258911014,-118.25752728278,70.195372839952,False,etunell,https://www.mapillary.com/app/?pKey=1021738601697242,CC BY-SA 4.0,1,149,2,unknown,,0.0
downtown/121080253335009_0,downtown,crops/downtown/121080253335009_0.jpg,121080253335009,2017-04-09T12:34:38+00:00,2017,34.04422,-118.23975972222,181.47560036722,False,mly_la,https://www.mapillary.com/app/?pKey=121080253335009,CC BY-SA 4.0,2,149,1,unknown,,0.0
downtown/866040073947977_1,downtown,crops/downtown/866040073947977_1.jpg,866040073947977,2017-04-09T12:52:25+00:00,2017,34.053029722222,-118.24786138889,135.77328211802,False,wsp_us,https://www.mapillary.com/app/?pKey=866040073947977,CC BY-SA 4.0,1,62,1,unknown,R,0.688
downtown/580781939559466_0,downtown,crops/downtown/580781939559466_0.jpg,580781939559466,2017-04-30T13:07:34+00:00,2017,34.045683055556,-118.23705638889,348.62705116291,False,mly_la,https://www.mapillary.com/app/?pKey=580781939559466,CC BY-SA 4.0,1,65,1,unknown,181,0.63
downtown/825371108077764_0,downtown,crops/downtown/825371108077764_0.jpg,825371108077764,2020-06-30T16:31:42.044000+00:00,2020,34.050465,-118.253585,33.229941339124,False,ekaxi,https://www.mapillary.com/app/?pKey=825371108077764,CC BY-SA 4.0,1,147,1,unknown,,0.0
downtown/802614073728713_0,downtown,crops/downtown/802614073728713_0.jpg,802614073728713,2018-10-02T01:04:55.063000+00:00,2018,34.043693270893,-118.25293190538,222.12948608398,False,lvl5,https://www.mapillary.com/app/?pKey=802614073728713,CC BY-SA 4.0,2,147,1,unknown,,0.0
downtown/501589754622848_0,downtown,crops/downtown/501589754622848_0.jpg,501589754622848,2017-04-09T12:50:33+00:00,2017,34.05062,-118.25003472222,129.03384244998,False,wsp_us,https://www.mapillary.com/app/?pKey=501589754622848,CC BY-SA 4.0,1,147,1,unknown,,0.0
downtown/321373912707319_0,downtown,crops/downtown/321373912707319_0.jpg,321373912707319,2018-10-02T00:56:55.814000+00:00,2018,34.044709863237,-118.24356975798,32.733768463135,False,lvl5,https://www.mapillary.com/app/?pKey=321373912707319,CC BY-SA 4.0,1,147,1,unknown,,0.0
downtown/453220052640020_0,downtown,crops/downtown/453220052640020_0.jpg,453220052640020,2017-04-09T14:14:51+00:00,2017,34.053246388889,-118.248045,63.015119808869,False,mly_la,https://www.mapillary.com/app/?pKey=453220052640020,CC BY-SA 4.0,1,147,1,unknown,,0.0
downtown/487608955828609_0,downtown,crops/downtown/487608955828609_0.jpg,487608955828609,2018-11-30T18:47:22.688000+00:00,2018,34.045148757289,-118.23262797159,358.35339355469,False,lvl5,https://www.mapillary.com/app/?pKey=487608955828609,CC BY-SA 4.0,1,59,1,unknown,M,0.752
downtown/149040337143912_0,downtown,crops/downtown/149040337143912_0.jpg,149040337143912,2020-09-24T21:00:53.079000+00:00,2020,34.048116,-118.257852,309.03378295898,False,ekaxi,https://www.mapillary.com/app/?pKey=149040337143912,CC BY-SA 4.0,1,146,1,unknown,,0.0
downtown/238868051352185_0,downtown,crops/downtown/238868051352185_0.jpg,238868051352185,2017-04-09T12:13:02+00:00,2017,34.050156388889,-118.24678,34.716876381522,False,wsp_us,https://www.mapillary.com/app/?pKey=238868051352185,CC BY-SA 4.0,1,146,1,unknown,,0.0
downtown/378680436822219_0,downtown,crops/downtown/378680436822219_0.jpg,378680436822219,2018-10-02T00:57:14.124000+00:00,2018,34.04521392505,-118.24345379618,188.17129516602,False,lvl5,https://www.mapillary.com/app/?pKey=378680436822219,CC BY-SA 4.0,1,60,1,unknown,B,0.725
downtown/176144194364090_0,downtown,crops/downtown/176144194364090_0.jpg,176144194364090,2017-04-09T15:15:21+00:00,2017,34.047259722222,-118.25653305556,131.74297739725,False,mly_la,https://www.mapillary.com/app/?pKey=176144194364090,CC BY-SA 4.0,1,71,1,unknown,enttr,0.526
downtown/295691708755799_0,downtown,crops/downtown/295691708755799_0.jpg,295691708755799,2017-07-19T07:24:15+00:00,2017,34.049828055556,-118.25082472222,126.72262905046,False,mly_la,https://www.mapillary.com/app/?pKey=295691708755799,CC BY-SA 4.0,1,66,1,unknown,LE,0.6
downtown/496704678136189_0,downtown,crops/downtown/496704678136189_0.jpg,496704678136189,2015-10-06T12:06:26.364000+00:00,2015,34.05494671,-118.2459199,224.41863918304,False,matikin9,https://www.mapillary.com/app/?pKey=496704678136189,CC BY-SA 4.0,1,145,1,unknown,,0.0
downtown/1422108381515589_1,downtown,crops/downtown/1422108381515589_1.jpg,1422108381515589,2020-07-01T16:46:14.161000+00:00,2020,34.043419468248,-118.25772341026,128.14782714844,False,fcarneyibi,https://www.mapillary.com/app/?pKey=1422108381515589,CC BY-SA 4.0,1,145,1,unknown,,0.0
downtown/2972797303002853_1,downtown,crops/downtown/2972797303002853_1.jpg,2972797303002853,2017-04-09T12:14:43+00:00,2017,34.051194722222,-118.24835638889,11.799124234612,False,wsp_us,https://www.mapillary.com/app/?pKey=2972797303002853,CC BY-SA 4.0,1,60,1,parking,NO SOPPN | 3NENY,0.717
downtown/316201966682802_0,downtown,crops/downtown/316201966682802_0.jpg,316201966682802,2017-04-09T16:23:42+00:00,2017,34.054731388889,-118.24804805556,126.46197185008,False,wsp_us,https://www.mapillary.com/app/?pKey=316201966682802,CC BY-SA 4.0,1,61,1,unknown,COUNTS HAU DEEAON | CTHAUSL,0.695
downtown/886900418555529_0,downtown,crops/downtown/886900418555529_0.jpg,886900418555529,2017-04-09T16:16:56+00:00,2017,34.043736388889,-118.24753,133.87450142398,False,mly_la,https://www.mapillary.com/app/?pKey=886900418555529,CC BY-SA 4.0,1,67,1,unknown,福,0.58
downtown/804179653806443_1,downtown,crops/downtown/804179653806443_1.jpg,804179653806443,2017-04-09T12:45:43+00:00,2017,34.044968055556,-118.25183,180.00001158388,False,mly_la,https://www.mapillary.com/app/?pKey=804179653806443,CC BY-SA 4.0,2,144,1,unknown,,0.0
downtown/3977554502330974_0,downtown,crops/downtown/3977554502330974_0.jpg,3977554502330974,2017-04-30T13:51:29+00:00,2017,34.047715,-118.22766805556,23.548688988622,False,mly_la,https://www.mapillary.com/app/?pKey=3977554502330974,CC BY-SA 4.0,1,144,1,unknown,,0.0
downtown/311507727169107_0,downtown,crops/downtown/311507727169107_0.jpg,311507727169107,2015-10-25T14:13:07.639000+00:00,2015,34.04750624,-118.22526461,110.64751716344,False,omaru,https://www.mapillary.com/app/?pKey=311507727169107,CC BY-SA 4.0,1,143,1,unknown,,0.0
downtown/1471375343208085_1,downtown,crops/downtown/1471375343208085_1.jpg,1471375343208085,2020-09-24T20:29:38.945000+00:00,2020,34.044936299998,-118.2570597,38.465393066406,False,ekaxi,https://www.mapillary.com/app/?pKey=1471375343208085,CC BY-SA 4.0,1,143,1,unknown,,0.0
downtown/816814768963803_0,downtown,crops/downtown/816814768963803_0.jpg,816814768963803,2020-01-24T20:52:28.288000+00:00,2020,34.043404,-118.238513,110.97418212891,False,turne514,https://www.mapillary.com/app/?pKey=816814768963803,CC BY-SA 4.0,1,143,1,unknown,,0.0
downtown/3856036014444218_1,downtown,crops/downtown/3856036014444218_1.jpg,3856036014444218,2017-04-09T15:53:54+00:00,2017,34.048258055556,-118.24724805556,128.04439212232,False,wsp_us,https://www.mapillary.com/app/?pKey=3856036014444218,CC BY-SA 4.0,1,64,1,unknown,ESA,0.606
downtown/2944594679094581_0,downtown,crops/downtown/2944594679094581_0.jpg,2944594679094581,2017-04-09T13:41:57+00:00,2017,34.050258055556,-118.24871472222,215.24893393608,False,mly_la,https://www.mapillary.com/app/?pKey=2944594679094581,CC BY-SA 4.0,1,142,1,unknown,,0.0
downtown/500571634643739_0,downtown,crops/downtown/500571634643739_0.jpg,500571634643739,2017-04-09T15:10:35+00:00,2017,34.054608055556,-118.24708638889,38.822392050513,False,wsp_us,https://www.mapillary.com/app/?pKey=500571634643739,CC BY-SA 4.0,1,67,1,unknown,Coetro,0.556
downtown/3699811990122889_0,downtown,crops/downtown/3699811990122889_0.jpg,3699811990122889,2017-04-09T15:53:45+00:00,2017,34.047883055556,-118.24757638889,219.64410709963,False,mly_la,https://www.mapillary.com/app/?pKey=3699811990122889,CC BY-SA 4.0,2,141,1,unknown,,0.0
downtown/302853471215852_0,downtown,crops/downtown/302853471215852_0.jpg,302853471215852,2017-04-09T13:59:57+00:00,2017,34.050455,-118.25371138889,49.154341967221,False,wsp_us,https://www.mapillary.com/app/?pKey=302853471215852,CC BY-SA 4.0,4,140,1,unknown,,0.0
downtown/374545407200348_1,downtown,crops/downtown/374545407200348_1.jpg,374545407200348,2017-04-09T12:45:56+00:00,2017,34.044956388889,-118.25190805556,129.64509781202,False,mly_la,https://www.mapillary.com/app/?pKey=374545407200348,CC BY-SA 4.0,2,140,2,unknown,,0.0
downtown/806160886970957_0,downtown,crops/downtown/806160886970957_0.jpg,806160886970957,2017-04-09T15:36:31+00:00,2017,34.049118055556,-118.25665638889,316.68330505746,False,wsp_us,https://www.mapillary.com/app/?pKey=806160886970957,CC BY-SA 4.0,2,140,1,unknown,,0.0
downtown/240789801135979_0,downtown,crops/downtown/240789801135979_0.jpg,240789801135979,2017-04-09T14:14:49+00:00,2017,34.053273055556,-118.24806138889,63.015119808869,False,mly_la,https://www.mapillary.com/app/?pKey=240789801135979,CC BY-SA 4.0,1,140,1,unknown,,0.0
downtown/577830253186134_1,downtown,crops/downtown/577830253186134_1.jpg,577830253186134,2017-04-09T15:34:14+00:00,2017,34.051978055556,-118.25396138889,296.73385748744,False,wsp_us,https://www.mapillary.com/app/?pKey=577830253186134,CC BY-SA 4.0,1,137,1,unknown,,0.0
downtown/179886897384163_0,downtown,crops/downtown/179886897384163_0.jpg,179886897384163,2020-06-30T16:13:01.939000+00:00,2020,34.047523333333,-118.256815,212.30649700051,False,ekaxi,https://www.mapillary.com/app/?pKey=179886897384163,CC BY-SA 4.0,1,137,1,unknown,,0.0
downtown/319780349875849_0,downtown,crops/downtown/319780349875849_0.jpg,319780349875849,2020-10-18T20:39:13.235000+00:00,2020,34.042280099998,-118.25388888889,53.510986328125,False,ekaxi,https://www.mapillary.com/app/?pKey=319780349875849,CC BY-SA 4.0,1,137,1,unknown,,0.0
downtown/625887248574892_0,downtown,crops/downtown/625887248574892_0.jpg,625887248574892,2021-04-23T21:15:00.430000+00:00,2021,34.039656105107,-118.25390079743,0.0,False,etunell,https://www.mapillary.com/app/?pKey=625887248574892,CC BY-SA 4.0,1,137,1,unknown,,0.0
downtown/625887248574892_1,downtown,crops/downtown/625887248574892_1.jpg,625887248574892,2021-04-23T21:15:00.430000+00:00,2021,34.039656105107,-118.25390079743,0.0,False,etunell,https://www.mapillary.com/app/?pKey=625887248574892,CC BY-SA 4.0,1,137,1,unknown,,0.0
downtown/120736713367922_0,downtown,crops/downtown/120736713367922_0.jpg,120736713367922,2017-04-09T13:59:56+00:00,2017,34.050776388889,-118.25342638889,215.38157740019,False,mly_la,https://www.mapillary.com/app/?pKey=120736713367922,CC BY-SA 4.0,3,136,1,unknown,,0.0
downtown/1453135551691315_0,downtown,crops/downtown/1453135551691315_0.jpg,1453135551691315,2020-06-30T16:51:38.150000+00:00,2020,34.042741666667,-118.257415,36.17185701238,False,ekaxi,https://www.mapillary.com/app/?pKey=1453135551691315,CC BY-SA 4.0,1,135,1,unknown,,0.0
downtown/1702975166564975_0,downtown,crops/downtown/1702975166564975_0.jpg,1702975166564975,2017-04-09T15:36:36+00:00,2017,34.048858055556,-118.25694138889,139.82187130324,False,mly_la,https://www.mapillary.com/app/?pKey=1702975166564975,CC BY-SA 4.0,3,134,1,unknown,,0.0
downtown/1070707986755204_0,downtown,crops/downtown/1070707986755204_0.jpg,1070707986755204,2017-05-12T13:37:11+00:00,2017,34.04751,-118.23894805556,219.26379280762,False,mly_la,https://www.mapillary.com/app/?pKey=1070707986755204,CC BY-SA 4.0,2,134,1,unknown,,0.0
downtown/324745695668403_0,downtown,crops/downtown/324745695668403_0.jpg,324745695668403,2017-04-09T14:54:06+00:00,2017,34.044318055556,-118.24089972222,126.85855934226,False,mly_la,https://www.mapillary.com/app/?pKey=324745695668403,CC BY-SA 4.0,2,134,1,unknown,,0.0
downtown/1769577066547128_0,downtown,crops/downtown/1769577066547128_0.jpg,1769577066547128,2017-04-09T12:38:25+00:00,2017,34.044924722222,-118.24585,304.17091930534,False,mly_la,https://www.mapillary.com/app/?pKey=1769577066547128,CC BY-SA 4.0,2,134,1,unknown,,0.0
downtown/756603305049323_0,downtown,crops/downtown/756603305049323_0.jpg,756603305049323,2015-10-30T23:03:18.090000+00:00,2015,34.049569,-118.2516,51.01501,False,moeizlack,https://www.mapillary.com/app/?pKey=756603305049323,CC BY-SA 4.0,2,134,1,unknown,,0.0
downtown/258426499351506_0,downtown,crops/downtown/258426499351506_0.jpg,258426499351506,2015-10-08T15:47:13.597000+00:00,2015,34.054582,-118.250086,221.9525,False,ahealthydesign,https://www.mapillary.com/app/?pKey=258426499351506,CC BY-SA 4.0,1,134,1,unknown,,0.0
downtown/148511730555303_0,downtown,crops/downtown/148511730555303_0.jpg,148511730555303,2017-04-09T16:15:54+00:00,2017,34.041141388889,-118.25095305556,45.088221349374,False,mly_la,https://www.mapillary.com/app/?pKey=148511730555303,CC BY-SA 4.0,1,134,1,unknown,,0.0
downtown/577830253186134_0,downtown,crops/downtown/577830253186134_0.jpg,577830253186134,2017-04-09T15:34:14+00:00,2017,34.051978055556,-118.25396138889,296.73385748744,False,wsp_us,https://www.mapillary.com/app/?pKey=577830253186134,CC BY-SA 4.0,1,133,1,unknown,,0.0
downtown/1463756320647613_0,downtown,crops/downtown/1463756320647613_0.jpg,1463756320647613,2020-10-18T20:19:56.242000+00:00,2020,34.0492816,-118.2565542,35.806854248047,False,ekaxi,https://www.mapillary.com/app/?pKey=1463756320647613,CC BY-SA 4.0,1,133,7,unknown,,0.0
downtown/142723687888799_0,downtown,crops/downtown/142723687888799_0.jpg,142723687888799,2020-10-18T21:55:41.253000+00:00,2020,34.050092,-118.2537618,305.22302246094,False,ekaxi,https://www.mapillary.com/app/?pKey=142723687888799,CC BY-SA 4.0,1,133,1,unknown,,0.0
downtown/3948573018570426_0,downtown,crops/downtown/3948573018570426_0.jpg,3948573018570426,2017-07-19T07:23:59+00:00,2017,34.050915,-118.24986638889,214.2435158277,False,mly_la,https://www.mapillary.com/app/?pKey=3948573018570426,CC BY-SA 4.0,2,133,1,unknown,,0.0
downtown/4208567782489300_0,downtown,crops/downtown/4208567782489300_0.jpg,4208567782489300,2017-04-09T14:42:33+00:00,2017,34.044688055556,-118.25736305556,126.29137002966,False,wsp_us,https://www.mapillary.com/app/?pKey=4208567782489300,CC BY-SA 4.0,1,132,1,unknown,,0.0
downtown/536223707537673_0,downtown,crops/downtown/536223707537673_0.jpg,536223707537673,2016-06-25T16:38:46.973000+00:00,2016,34.043998758438,-118.25782635041,38.250630468025,False,black_tea,https://www.mapillary.com/app/?pKey=536223707537673,CC BY-SA 4.0,1,132,1,unknown,,0.0
downtown/812277562725563_0,downtown,crops/downtown/812277562725563_0.jpg,812277562725563,2015-03-02T00:05:47+00:00,2015,34.045709,-118.235985,232.4432,False,gyllen,https://www.mapillary.com/app/?pKey=812277562725563,CC BY-SA 4.0,1,132,1,unknown,,0.0
downtown/325438299171240_0,downtown,crops/downtown/325438299171240_0.jpg,325438299171240,2018-11-30T18:47:47.631000+00:00,2018,34.046039102204,-118.23282189571,282.99035644531,False,lvl5,https://www.mapillary.com/app/?pKey=325438299171240,CC BY-SA 4.0,1,132,1,unknown,,0.0
downtown/818126505803293_0,downtown,crops/downtown/818126505803293_0.jpg,818126505803293,2018-11-30T18:49:46.732000+00:00,2018,34.048301293221,-118.23291112311,97.443725585938,False,lvl5,https://www.mapillary.com/app/?pKey=818126505803293,CC BY-SA 4.0,1,132,2,unknown,,0.0
downtown/2826962650890368_1,downtown,crops/downtown/2826962650890368_1.jpg,2826962650890368,2020-06-30T16:13:17.008000+00:00,2020,34.047146666667,-118.25716166667,207.01674563226,False,ekaxi,https://www.mapillary.com/app/?pKey=2826962650890368,CC BY-SA 4.0,1,131,1,unknown,,0.0
downtown/2673845839575902_0,downtown,crops/downtown/2673845839575902_0.jpg,2673845839575902,2021-08-30T19:52:30.525000+00:00,2021,34.042971542571,-118.25386097574,225.98905072485,False,etunell,https://www.mapillary.com/app/?pKey=2673845839575902,CC BY-SA 4.0,1,131,1,unknown,,0.0
downtown/222722049614742_0,downtown,crops/downtown/222722049614742_0.jpg,222722049614742,2017-04-09T15:58:56+00:00,2017,34.045993055556,-118.24768,309.54482451502,False,wsp_us,https://www.mapillary.com/app/?pKey=222722049614742,CC BY-SA 4.0,1,57,1,unknown,UH,0.635
downtown/536223707537673_1,downtown,crops/downtown/536223707537673_1.jpg,536223707537673,2016-06-25T16:38:46.973000+00:00,2016,34.043998758438,-118.25782635041,38.250630468025,False,black_tea,https://www.mapillary.com/app/?pKey=536223707537673,CC BY-SA 4.0,1,130,1,unknown,,0.0
downtown/274004257618685_1,downtown,crops/downtown/274004257618685_1.jpg,274004257618685,2015-10-12T13:22:02.921000+00:00,2015,34.05093142,-118.24451944,133.58079719543,False,matikin9,https://www.mapillary.com/app/?pKey=274004257618685,CC BY-SA 4.0,1,130,1,unknown,,0.0
downtown/2532850027023122_0,downtown,crops/downtown/2532850027023122_0.jpg,2532850027023122,2017-04-09T14:19:00+00:00,2017,34.053344722222,-118.24494638889,15.438664180883,False,mly_la,https://www.mapillary.com/app/?pKey=2532850027023122,CC BY-SA 4.0,1,130,3,unknown,,0.0
downtown/1827144467451287_1,downtown,crops/downtown/1827144467451287_1.jpg,1827144467451287,2020-09-24T20:51:59.832000+00:00,2020,34.047867399997,-118.257794,36.748107910156,False,ekaxi,https://www.mapillary.com/app/?pKey=1827144467451287,CC BY-SA 4.0,1,130,1,unknown,,0.0
downtown/154043093392181_0,downtown,crops/downtown/154043093392181_0.jpg,154043093392181,2015-10-08T15:53:48.072000+00:00,2015,34.051516,-118.252657,220.6074,False,ahealthydesign,https://www.mapillary.com/app/?pKey=154043093392181,CC BY-SA 4.0,1,129,1,unknown,,0.0
downtown/4289255404469922_0,downtown,crops/downtown/4289255404469922_0.jpg,4289255404469922,2017-04-09T14:42:27+00:00,2017,34.044111388889,-118.25790138889,128.02146005603,False,wsp_us,https://www.mapillary.com/app/?pKey=4289255404469922,CC BY-SA 4.0,2,129,1,unknown,,0.0
downtown/993826447819696_0,downtown,crops/downtown/993826447819696_0.jpg,993826447819696,2017-04-30T13:09:36+00:00,2017,34.043571388889,-118.23402805556,38.75466152224,False,mly_la,https://www.mapillary.com/app/?pKey=993826447819696,CC BY-SA 4.0,2,128,1,unknown,,0.0
downtown/193150605859693_0,downtown,crops/downtown/193150605859693_0.jpg,193150605859693,2016-07-09T00:32:18.537000+00:00,2016,34.052879,-118.247262,306.4194,False,jschleuss,https://www.mapillary.com/app/?pKey=193150605859693,CC BY-SA 4.0,1,127,1,unknown,,0.0
downtown/183365417022597_0,downtown,crops/downtown/183365417022597_0.jpg,183365417022597,2020-06-30T16:23:35.989000+00:00,2020,34.047626666667,-118.25686333333,212.79956567743,False,ekaxi,https://www.mapillary.com/app/?pKey=183365417022597,CC BY-SA 4.0,1,127,1,unknown,,0.0
downtown/1174450019659670_2,downtown,crops/downtown/1174450019659670_2.jpg,1174450019659670,2020-01-24T20:43:12.172000+00:00,2020,34.049335,-118.246098,39.128021240234,False,turne514,https://www.mapillary.com/app/?pKey=1174450019659670,CC BY-SA 4.0,1,127,1,unknown,,0.0
downtown/492049738807465_0,downtown,crops/downtown/492049738807465_0.jpg,492049738807465,2017-04-09T15:54:20+00:00,2017,34.049443055556,-118.24614,139.1173444203,False,wsp_us,https://www.mapillary.com/app/?pKey=492049738807465,CC BY-SA 4.0,2,127,1,unknown,,0.0
downtown/1874760576714628_0,downtown,crops/downtown/1874760576714628_0.jpg,1874760576714628,2025-05-21T06:26:07.843000+00:00,2025,34.0527045577,-118.2516602357,217.57033474482,False,MicahStokes,https://www.mapillary.com/app/?pKey=1874760576714628,CC BY-SA 4.0,1,127,1,unknown,,0.0
downtown/968939063854717_0,downtown,crops/downtown/968939063854717_0.jpg,968939063854717,2018-10-06T01:02:06.379000+00:00,2018,34.048520170826,-118.24477081434,303.11688232422,False,lvl5,https://www.mapillary.com/app/?pKey=968939063854717,CC BY-SA 4.0,3,126,1,unknown,,0.0
downtown/2687427798216704_0,downtown,crops/downtown/2687427798216704_0.jpg,2687427798216704,2017-04-09T16:00:35+00:00,2017,34.042501388889,-118.25141138889,315.77690242256,False,wsp_us,https://www.mapillary.com/app/?pKey=2687427798216704,CC BY-SA 4.0,2,126,1,unknown,,0.0
downtown/138342984905267_0,downtown,crops/downtown/138342984905267_0.jpg,138342984905267,2018-12-28T21:33:00.158000+00:00,2018,34.052311002772,-118.25401801731,131.82020568848,False,lvl5,https://www.mapillary.com/app/?pKey=138342984905267,CC BY-SA 4.0,2,126,1,unknown,,0.0
downtown/1168912663593429_0,downtown,crops/downtown/1168912663593429_0.jpg,1168912663593429,2018-11-30T18:50:12.441000+00:00,2018,34.047746008556,-118.22830872289,93.793228149414,False,lvl5,https://www.mapillary.com/app/?pKey=1168912663593429,CC BY-SA 4.0,2,126,1,unknown,,0.0
downtown/252447253328084_0,downtown,crops/downtown/252447253328084_0.jpg,252447253328084,2017-04-09T13:44:23+00:00,2017,34.049208055556,-118.25254,218.73961096332,False,mly_la,https://www.mapillary.com/app/?pKey=252447253328084,CC BY-SA 4.0,1,126,1,unknown,,0.0
downtown/281563907010986_0,downtown,crops/downtown/281563907010986_0.jpg,281563907010986,2018-10-06T01:06:18.577000+00:00,2018,34.05437970596,-118.25332707008,306.50741577148,False,lvl5,https://www.mapillary.com/app/?pKey=281563907010986,CC BY-SA 4.0,1,126,1,unknown,,0.0
downtown/5388254181244778_0,downtown,crops/downtown/5388254181244778_0.jpg,5388254181244778,2017-04-09T14:38:54+00:00,2017,34.046988055556,-118.256995,124.52508654407,False,mly_la,https://www.mapillary.com/app/?pKey=5388254181244778,CC BY-SA 4.0,1,126,1,unknown,,0.0
downtown/3710559379054324_0,downtown,crops/downtown/3710559379054324_0.jpg,3710559379054324,2020-09-24T20:43:19.002000+00:00,2020,34.050061693948,-118.2537883,309.31893920898,False,ekaxi,https://www.mapillary.com/app/?pKey=3710559379054324,CC BY-SA 4.0,1,126,1,unknown,,0.0
downtown/279187237217776_0,downtown,crops/downtown/279187237217776_0.jpg,279187237217776,2017-04-09T14:53:27+00:00,2017,34.044636388889,-118.24060305556,128.04561834412,False,mly_la,https://www.mapillary.com/app/?pKey=279187237217776,CC BY-SA 4.0,2,125,1,unknown,,0.0
downtown/3830210417088181_0,downtown,crops/downtown/3830210417088181_0.jpg,3830210417088181,2020-06-29T15:23:27.893000+00:00,2020,34.047798333333,-118.25784666667,39.644150051858,False,ekaxi,https://www.mapillary.com/app/?pKey=3830210417088181,CC BY-SA 4.0,1,125,1,unknown,,0.0
downtown/477594696994526_0,downtown,crops/downtown/477594696994526_0.jpg,477594696994526,2017-04-09T14:37:36+00:00,2017,34.047201388889,-118.25644638889,55.094653160765,False,wsp_us,https://www.mapillary.com/app/?pKey=477594696994526,CC BY-SA 4.0,1,57,1,unknown,I,0.598
downtown/477631829966854_0,downtown,crops/downtown/477631829966854_0.jpg,477631829966854,2021-05-14T22:06:58.902000+00:00,2021,34.038476052611,-118.25416779136,316.842391147,False,etunell,https://www.mapillary.com/app/?pKey=477631829966854,CC BY-SA 4.0,1,123,1,unknown,,0.0
downtown/520640232275509_0,downtown,crops/downtown/520640232275509_0.jpg,520640232275509,2017-04-09T13:51:25+00:00,2017,34.052728055556,-118.25162305556,38.99686631708,False,mly_la,https://www.mapillary.com/app/?pKey=520640232275509,CC BY-SA 4.0,2,123,1,unknown,,0.0
downtown/546973002959323_0,downtown,crops/downtown/546973002959323_0.jpg,546973002959323,2017-04-09T12:07:40+00:00,2017,34.044901388889,-118.241515,126.8611878283,False,mly_la,https://www.mapillary.com/app/?pKey=546973002959323,CC BY-SA 4.0,2,123,1,unknown,,0.0
downtown/826980218221233_1,downtown,crops/downtown/826980218221233_1.jpg,826980218221233,2017-04-09T14:15:51+00:00,2017,34.053206388889,-118.24799638889,230.14341968515,False,wsp_us,https://www.mapillary.com/app/?pKey=826980218221233,CC BY-SA 4.0,1,123,1,unknown,,0.0
downtown/539691770773373_0,downtown,crops/downtown/539691770773373_0.jpg,539691770773373,2018-10-02T00:49:53.360000+00:00,2018,34.046345542086,-118.25149565016,124.11179351807,False,lvl5,https://www.mapillary.com/app/?pKey=539691770773373,CC BY-SA 4.0,1,123,1,unknown,,0.0
downtown/889467491605892_0,downtown,crops/downtown/889467491605892_0.jpg,889467491605892,2017-04-30T13:51:43+00:00,2017,34.047593055556,-118.22608305556,4.4642280719144,False,mly_la,https://www.mapillary.com/app/?pKey=889467491605892,CC BY-SA 4.0,1,123,1,unknown,,0.0
downtown/385958659512386_0,downtown,crops/downtown/385958659512386_0.jpg,385958659512386,2021-05-14T21:23:13.642000+00:00,2021,34.042726057861,-118.25739250219,42.129150138197,False,etunell,https://www.mapillary.com/app/?pKey=385958659512386,CC BY-SA 4.0,1,123,1,unknown,,0.0
downtown/2913391672263091_1,downtown,crops/downtown/2913391672263091_1.jpg,2913391672263091,2017-04-09T12:14:12+00:00,2017,34.050675,-118.24759138889,120.01628513697,False,mly_la,https://www.mapillary.com/app/?pKey=2913391672263091,CC BY-SA 4.0,1,59,1,unknown,scn-sc,0.54
downtown/313755863650848_0,downtown,crops/downtown/313755863650848_0.jpg,313755863650848,2020-09-24T21:19:13.982000+00:00,2020,34.043490100002,-118.2578059,127.85437011719,False,ekaxi,https://www.mapillary.com/app/?pKey=313755863650848,CC BY-SA 4.0,1,121,1,unknown,,0.0
downtown/297790548557837_1,downtown,crops/downtown/297790548557837_1.jpg,297790548557837,2019-08-11T22:08:56.604000+00:00,2019,34.051281956211,-118.2499644776,130.27246900189,False,gyllen,https://www.mapillary.com/app/?pKey=297790548557837,CC BY-SA 4.0,1,121,1,unknown,,0.0
downtown/2912135815713222_0,downtown,crops/downtown/2912135815713222_0.jpg,2912135815713222,2016-03-04T23:15:56.335000+00:00,2016,34.053097,-118.244944,146.3249,False,jschleuss,https://www.mapillary.com/app/?pKey=2912135815713222,CC BY-SA 4.0,1,121,1,unknown,,0.0
downtown/1896740833825071_0,downtown,crops/downtown/1896740833825071_0.jpg,1896740833825071,2020-07-01T17:01:29.052000+00:00,2020,34.050077777368,-118.25376842263,219.77339172363,False,fcarneyibi,https://www.mapillary.com/app/?pKey=1896740833825071,CC BY-SA 4.0,1,121,1,unknown,,0.0
downtown/283618753477049_0,downtown,crops/downtown/283618753477049_0.jpg,283618753477049,2017-04-09T15:52:03+00:00,2017,34.044248055556,-118.25105805556,221.3959848921,False,mly_la,https://www.mapillary.com/app/?pKey=283618753477049,CC BY-SA 4.0,1,120,1,unknown,,0.0
downtown/4231396546880806_0,downtown,crops/downtown/4231396546880806_0.jpg,4231396546880806,2020-07-01T16:33:50.054000+00:00,2020,34.050145847048,-118.25382093676,300.39691162109,False,fcarneyibi,https://www.mapillary.com/app/?pKey=4231396546880806,CC BY-SA 4.0,1,119,1,unknown,,0.0
downtown/1340681519648475_0,downtown,crops/downtown/1340681519648475_0.jpg,1340681519648475,2017-04-30T14:30:51+00:00,2017,34.049011388889,-118.22761,274.89558291045,False,mly_la,https://www.mapillary.com/app/?pKey=1340681519648475,CC BY-SA 4.0,2,119,1,unknown,,0.0
downtown/4602308009797209_0,downtown,crops/downtown/4602308009797209_0.jpg,4602308009797209,2020-06-29T15:27:35.085000+00:00,2020,34.043311666667,-118.25332166667,216.17168084803,False,ekaxi,https://www.mapillary.com/app/?pKey=4602308009797209,CC BY-SA 4.0,1,119,1,unknown,,0.0
downtown/898161180963873_0,downtown,crops/downtown/898161180963873_0.jpg,898161180963873,2020-01-24T20:37:22.184000+00:00,2020,34.051792,-118.252671,124.35879516602,False,turne514,https://www.mapillary.com/app/?pKey=898161180963873,CC BY-SA 4.0,1,119,1,unknown,,0.0
downtown/2555242784784732_0,downtown,crops/downtown/2555242784784732_0.jpg,2555242784784732,2021-04-23T21:50:21.425000+00:00,2021,34.037981026837,-118.2560122182,0.0,False,etunell,https://www.mapillary.com/app/?pKey=2555242784784732,CC BY-SA 4.0,1,119,1,unknown,,0.0
downtown/505853043932411_0,downtown,crops/downtown/505853043932411_0.jpg,505853043932411,2017-04-09T16:18:31+00:00,2017,34.041135,-118.25149,227.87848177025,False,mly_la,https://www.mapillary.com/app/?pKey=505853043932411,CC BY-SA 4.0,2,118,1,unknown,,0.0
downtown/285140989728177_0,downtown,crops/downtown/285140989728177_0.jpg,285140989728177,2018-07-29T23:14:24.379000+00:00,2018,34.046945112466,-118.24557297098,120.9375,False,lvl5,https://www.mapillary.com/app/?pKey=285140989728177,CC BY-SA 4.0,2,118,1,unknown,,0.0
downtown/242732990942660_1,downtown,crops/downtown/242732990942660_1.jpg,242732990942660,2017-04-09T15:51:46+00:00,2017,34.043636388889,-118.251855,320.74531990873,False,mly_la,https://www.mapillary.com/app/?pKey=242732990942660,CC BY-SA 4.0,2,116,1,unknown,,0.0
downtown/527798441544161_0,downtown,crops/downtown/527798441544161_0.jpg,527798441544161,2017-04-30T13:26:38+00:00,2017,34.047688055556,-118.22797805556,272.7275091469,False,mly_la,https://www.mapillary.com/app/?pKey=527798441544161,CC BY-SA 4.0,2,116,1,unknown,,0.0
downtown/314026066981003_0,downtown,crops/downtown/314026066981003_0.jpg,314026066981003,2017-05-12T13:35:54+00:00,2017,34.047226388889,-118.23623305556,267.69626510063,False,mly_la,https://www.mapillary.com/app/?pKey=314026066981003,CC BY-SA 4.0,1,116,1,unknown,,0.0
downtown/454910219138451_0,downtown,crops/downtown/454910219138451_0.jpg,454910219138451,2016-03-04T23:06:02.048000+00:00,2016,34.053083,-118.244909,300.433,False,jschleuss,https://www.mapillary.com/app/?pKey=454910219138451,CC BY-SA 4.0,1,116,1,unknown,,0.0
downtown/803794250253832_0,downtown,crops/downtown/803794250253832_0.jpg,803794250253832,2015-10-25T15:29:49.783000+00:00,2015,34.04746266,-118.22579029,127.37566002325,False,omaru,https://www.mapillary.com/app/?pKey=803794250253832,CC BY-SA 4.0,1,115,1,unknown,,0.0
downtown/1858527694304570_0,downtown,crops/downtown/1858527694304570_0.jpg,1858527694304570,2017-07-19T07:24:02+00:00,2017,34.050728055556,-118.25004138889,37.469929477765,False,mly_la,https://www.mapillary.com/app/?pKey=1858527694304570,CC BY-SA 4.0,1,115,1,unknown,,0.0
downtown/153001906758521_0,downtown,crops/downtown/153001906758521_0.jpg,153001906758521,2017-04-09T12:51:38+00:00,2017,34.053016388889,-118.24786,105.80562894359,False,wsp_us,https://www.mapillary.com/app/?pKey=153001906758521,CC BY-SA 4.0,2,113,1,unknown,,0.0
downtown/223476619209090_0,downtown,crops/downtown/223476619209090_0.jpg,223476619209090,2018-07-29T23:13:00.438000+00:00,2018,34.048776962674,-118.24825881302,128.44883728027,False,lvl5,https://www.mapillary.com/app/?pKey=223476619209090,CC BY-SA 4.0,2,113,1,unknown,,0.0
downtown/148715773928528_0,downtown,crops/downtown/148715773928528_0.jpg,148715773928528,2017-04-09T15:59:05+00:00,2017,34.045154722222,-118.24849638889,129.64506704467,False,mly_la,https://www.mapillary.com/app/?pKey=148715773928528,CC BY-SA 4.0,2,112,1,unknown,,0.0
downtown/381072363215657_0,downtown,crops/downtown/381072363215657_0.jpg,381072363215657,2018-10-06T01:06:18.176000+00:00,2018,34.05436238861,-118.25330127899,306.78948974609,False,lvl5,https://www.mapillary.com/app/?pKey=381072363215657,CC BY-SA 4.0,1,112,1,unknown,,0.0
downtown/176031357715384_0,downtown,crops/downtown/176031357715384_0.jpg,176031357715384,2017-05-10T10:12:16+00:00,2017,34.054451388889,-118.22527972222,155.37554042006,False,mly_la,https://www.mapillary.com/app/?pKey=176031357715384,CC BY-SA 4.0,1,112,1,unknown,,0.0
downtown/508078546867747_0,downtown,crops/downtown/508078546867747_0.jpg,508078546867747,2017-04-09T15:52:03+00:00,2017,34.044176388889,-118.25113805556,129.64531969758,False,wsp_us,https://www.mapillary.com/app/?pKey=508078546867747,CC BY-SA 4.0,1,110,1,unknown,,0.0
downtown/587674955959421_0,downtown,crops/downtown/587674955959421_0.jpg,587674955959421,2018-11-30T18:47:47.100000+00:00,2018,34.046047197768,-118.23277590223,291.9455871582,False,lvl5,https://www.mapillary.com/app/?pKey=587674955959421,CC BY-SA 4.0,1,110,1,unknown,,0.0
downtown/838661647004614_0,downtown,crops/downtown/838661647004614_0.jpg,838661647004614,2017-04-09T14:38:55+00:00,2017,34.046898055556,-118.25706972222,110.21663724109,False,mly_la,https://www.mapillary.com/app/?pKey=838661647004614,CC BY-SA 4.0,1,110,1,unknown,,0.0
downtown/286816203120792_0,downtown,crops/downtown/286816203120792_0.jpg,286816203120792,2017-04-09T15:51:26+00:00,2017,34.042164722222,-118.25409805556,318.6285236186,False,mly_la,https://www.mapillary.com/app/?pKey=286816203120792,CC BY-SA 4.0,2,109,1,unknown,,0.0
downtown/562023711437389_0,downtown,crops/downtown/562023711437389_0.jpg,562023711437389,2017-05-10T10:12:18+00:00,2017,34.054536388889,-118.22506,153.43105174794,False,mly_la,https://www.mapillary.com/app/?pKey=562023711437389,CC BY-SA 4.0,1,109,1,unknown,,0.0
downtown/313125156861014_1,downtown,crops/downtown/313125156861014_1.jpg,313125156861014,2016-07-09T00:32:06.568000+00:00,2016,34.052843,-118.247175,301.776,False,jschleuss,https://www.mapillary.com/app/?pKey=313125156861014,CC BY-SA 4.0,1,109,1,unknown,,0.0
downtown/189504913039464_0,downtown,crops/downtown/189504913039464_0.jpg,189504913039464,2018-07-29T23:15:01.579000+00:00,2018,34.046134604449,-118.24381172416,112.1484375,False,lvl5,https://www.mapillary.com/app/?pKey=189504913039464,CC BY-SA 4.0,2,109,1,unknown,,0.0
downtown/517566479652564_0,downtown,crops/downtown/517566479652564_0.jpg,517566479652564,2017-04-30T13:50:40+00:00,2017,34.049286388889,-118.22765805556,184.7364642425,False,mly_la,https://www.mapillary.com/app/?pKey=517566479652564,CC BY-SA 4.0,2,108,1,unknown,,0.0
downtown/786302912311380_0,downtown,crops/downtown/786302912311380_0.jpg,786302912311380,2017-04-09T12:05:26+00:00,2017,34.048795,-118.248225,127.32510432549,False,mly_la,https://www.mapillary.com/app/?pKey=786302912311380,CC BY-SA 4.0,2,108,1,unknown,,0.0
downtown/3856036014444218_0,downtown,crops/downtown/3856036014444218_0.jpg,3856036014444218,2017-04-09T15:53:54+00:00,2017,34.048258055556,-118.24724805556,128.04439212232,False,wsp_us,https://www.mapillary.com/app/?pKey=3856036014444218,CC BY-SA 4.0,1,108,1,unknown,,0.0
downtown/304543361195631_1,downtown,crops/downtown/304543361195631_1.jpg,304543361195631,2017-04-09T15:51:46+00:00,2017,34.043503055556,-118.25178472222,55.33804072405,False,mly_la,https://www.mapillary.com/app/?pKey=304543361195631,CC BY-SA 4.0,1,108,1,unknown,,0.0
downtown/210987497190965_1,downtown,crops/downtown/210987497190965_1.jpg,210987497190965,2015-10-25T15:26:57.356000+00:00,2015,34.04785204,-118.22759599,290.52990010263,False,omaru,https://www.mapillary.com/app/?pKey=210987497190965,CC BY-SA 4.0,1,108,1,unknown,,0.0
downtown/465499421175739_0,downtown,crops/downtown/465499421175739_0.jpg,465499421175739,2017-04-09T14:53:18+00:00,2017,34.045229722222,-118.24009305556,305.30334374754,False,wsp_us,https://www.mapillary.com/app/?pKey=465499421175739,CC BY-SA 4.0,1,108,1,unknown,,0.0
downtown/126352206151594_0,downtown,crops/downtown/126352206151594_0.jpg,126352206151594,2017-04-09T12:13:15+00:00,2017,34.050536388889,-118.24747972222,221.625055867,False,mly_la,https://www.mapillary.com/app/?pKey=126352206151594,CC BY-SA 4.0,1,107,1,unknown,,0.0
downtown/1113792322441249_0,downtown,crops/downtown/1113792322441249_0.jpg,1113792322441249,2017-04-09T14:15:53+00:00,2017,34.053133055556,-118.24794305556,37.526901364934,False,mly_la,https://www.mapillary.com/app/?pKey=1113792322441249,CC BY-SA 4.0,2,106,1,unknown,,0.0
downtown/928890764597614_0,downtown,crops/downtown/928890764597614_0.jpg,928890764597614,2017-04-09T15:51:03+00:00,2017,34.040271388889,-118.25708805556,136.21882236661,False,wsp_us,https://www.mapillary.com/app/?pKey=928890764597614,CC BY-SA 4.0,1,105,1,unknown,,0.0
downtown/187489796558860_0,downtown,crops/downtown/187489796558860_0.jpg,187489796558860,2017-04-09T15:35:26+00:00,2017,34.05038,-118.25401138889,277.22743839562,False,mly_la,https://www.mapillary.com/app/?pKey=187489796558860,CC BY-SA 4.0,1,105,1,unknown,,0.0
downtown/3965388660211538_0,downtown,crops/downtown/3965388660211538_0.jpg,3965388660211538,2017-04-30T13:24:32+00:00,2017,34.048326388889,-118.23805805556,180.80457861284,False,mly_la,https://www.mapillary.com/app/?pKey=3965388660211538,CC BY-SA 4.0,1,105,1,unknown,,0.0
downtown/1081675402667639_0,downtown,crops/downtown/1081675402667639_0.jpg,1081675402667639,2017-04-09T15:35:22+00:00,2017,34.050268055556,-118.25348,328.79418493059,False,wsp_us,https://www.mapillary.com/app/?pKey=1081675402667639,CC BY-SA 4.0,1,105,1,unknown,,0.0
downtown/507685943748953_0,downtown,crops/downtown/507685943748953_0.jpg,507685943748953,2017-04-09T12:52:24+00:00,2017,34.052338055556,-118.24784972222,38.129042059957,False,mly_la,https://www.mapillary.com/app/?pKey=507685943748953,CC BY-SA 4.0,2,105,1,unknown,,0.0
downtown/1689880681199422_0,downtown,crops/downtown/1689880681199422_0.jpg,1689880681199422,2017-04-09T14:54:04+00:00,2017,34.044518055556,-118.24072638889,307.80851885413,False,wsp_us,https://www.mapillary.com/app/?pKey=1689880681199422,CC BY-SA 4.0,2,105,1,unknown,,0.0
downtown/3740866456041596_0,downtown,crops/downtown/3740866456041596_0.jpg,3740866456041596,2017-04-09T14:51:57+00:00,2017,34.047056388889,-118.23950805556,275.44630785931,False,wsp_us,https://www.mapillary.com/app/?pKey=3740866456041596,CC BY-SA 4.0,1,105,1,unknown,,0.0
downtown/744374106240050_0,downtown,crops/downtown/744374106240050_0.jpg,744374106240050,2015-10-08T15:46:45.599000+00:00,2015,34.05484,-118.249812,233.8658,False,ahealthydesign,https://www.mapillary.com/app/?pKey=744374106240050,CC BY-SA 4.0,1,105,1,unknown,,0.0
downtown/148557177241580_0,downtown,crops/downtown/148557177241580_0.jpg,148557177241580,2017-04-09T13:59:51+00:00,2017,34.051006388889,-118.25321638889,213.872314836,False,mly_la,https://www.mapillary.com/app/?pKey=148557177241580,CC BY-SA 4.0,2,104,1,unknown,,0.0
downtown/795761657739202_0,downtown,crops/downtown/795761657739202_0.jpg,795761657739202,2018-12-28T21:33:10.401000+00:00,2018,34.052246313951,-118.25390842586,144.17086791992,False,lvl5,https://www.mapillary.com/app/?pKey=795761657739202,CC BY-SA 4.0,1,104,1,unknown,,0.0
downtown/687366470566433_0,downtown,crops/downtown/687366470566433_0.jpg,687366470566433,2025-05-21T06:31:12.599000+00:00,2025,34.0474429421,-118.2568621274,293.90599909737,False,MicahStokes,https://www.mapillary.com/app/?pKey=687366470566433,CC BY-SA 4.0,1,104,1,unknown,,0.0
downtown/182893217068008_0,downtown,crops/downtown/182893217068008_0.jpg,182893217068008,2018-09-29T00:38:34.816000+00:00,2018,34.043325356859,-118.25406333033,306.18304443359,False,lvl5,https://www.mapillary.com/app/?pKey=182893217068008,CC BY-SA 4.0,2,104,1,unknown,,0.0
downtown/295937758688137_0,downtown,crops/downtown/295937758688137_0.jpg,295937758688137,2017-04-30T13:26:40+00:00,2017,34.047674722222,-118.22758472222,3.453276445759,False,mly_la,https://www.mapillary.com/app/?pKey=295937758688137,CC BY-SA 4.0,1,104,1,unknown,,0.0
downtown/951733385657567_1,downtown,crops/downtown/951733385657567_1.jpg,951733385657567,2016-06-25T16:38:44.947000+00:00,2016,34.043883077786,-118.25794696125,40.824451251312,False,black_tea,https://www.mapillary.com/app/?pKey=951733385657567,CC BY-SA 4.0,1,104,1,unknown,,0.0
downtown/807930496502510_0,downtown,crops/downtown/807930496502510_0.jpg,807930496502510,2017-04-09T14:07:32+00:00,2017,34.048763055556,-118.256755,39.10983021997,False,mly_la,https://www.mapillary.com/app/?pKey=807930496502510,CC BY-SA 4.0,1,103,1,unknown,,0.0
downtown/866040073947977_2,downtown,crops/downtown/866040073947977_2.jpg,866040073947977,2017-04-09T12:52:25+00:00,2017,34.053029722222,-118.24786138889,135.77328211802,False,wsp_us,https://www.mapillary.com/app/?pKey=866040073947977,CC BY-SA 4.0,2,103,1,unknown,,0.0
downtown/1888157501341863_0,downtown,crops/downtown/1888157501341863_0.jpg,1888157501341863,2017-04-30T13:50:54+00:00,2017,34.048188055556,-118.22777138889,90.0,False,mly_la,https://www.mapillary.com/app/?pKey=1888157501341863,CC BY-SA 4.0,1,103,1,unknown,,0.0
downtown/317331126624076_0,downtown,crops/downtown/317331126624076_0.jpg,317331126624076,2018-12-28T21:11:34.943000+00:00,2018,34.04202452358,-118.24055658206,36.191318511963,False,lvl5,https://www.mapillary.com/app/?pKey=317331126624076,CC BY-SA 4.0,2,102,1,unknown,,0.0
downtown/754512395242957_0,downtown,crops/downtown/754512395242957_0.jpg,754512395242957,2017-04-09T14:53:10+00:00,2017,34.045891388889,-118.23964638889,282.345807733,False,wsp_us,https://www.mapillary.com/app/?pKey=754512395242957,CC BY-SA 4.0,1,102,1,unknown,,0.0
downtown/305955754331543_0,downtown,crops/downtown/305955754331543_0.jpg,305955754331543,2017-04-09T12:53:12+00:00,2017,34.05485,-118.24599305556,125.0255590479,False,wsp_us,https://www.mapillary.com/app/?pKey=305955754331543,CC BY-SA 4.0,1,102,1,unknown,,0.0
downtown/965112404254311_1,downtown,crops/downtown/965112404254311_1.jpg,965112404254311,2015-10-08T15:55:36.064000+00:00,2015,34.050604,-118.253623,254.5137,False,ahealthydesign,https://www.mapillary.com/app/?pKey=965112404254311,CC BY-SA 4.0,1,101,1,unknown,,0.0
downtown/477688403436783_0,downtown,crops/downtown/477688403436783_0.jpg,477688403436783,2017-04-09T12:46:23+00:00,2017,34.044678055556,-118.25231805556,196.05194526874,False,mly_la,https://www.mapillary.com/app/?pKey=477688403436783,CC BY-SA 4.0,2,101,1,unknown,,0.0
downtown/241396067736912_0,downtown,crops/downtown/241396067736912_0.jpg,241396067736912,2017-04-09T12:30:42+00:00,2017,34.040226388889,-118.24202805556,215.20510850041,False,wsp_us,https://www.mapillary.com/app/?pKey=241396067736912,CC BY-SA 4.0,1,101,1,unknown,,0.0
downtown/4634116443270180_0,downtown,crops/downtown/4634116443270180_0.jpg,4634116443270180,2018-12-29T00:45:16.095000+00:00,2018,34.052584215197,-118.25334934358,38.950519561768,False,lvl5,https://www.mapillary.com/app/?pKey=4634116443270180,CC BY-SA 4.0,1,101,1,unknown,,0.0
downtown/304927841068979_0,downtown,crops/downtown/304927841068979_0.jpg,304927841068979,2017-04-09T14:15:48+00:00,2017,34.053228055556,-118.24801805556,317.6549046426,False,mly_la,https://www.mapillary.com/app/?pKey=304927841068979,CC BY-SA 4.0,1,101,1,unknown,,0.0
downtown/801456524085757_1,downtown,crops/downtown/801456524085757_1.jpg,801456524085757,2017-04-09T16:22:46+00:00,2017,34.050481388889,-118.25195805556,311.3015319202,False,mly_la,https://www.mapillary.com/app/?pKey=801456524085757,CC BY-SA 4.0,1,101,1,unknown,,0.0
downtown/1061454757720109_0,downtown,crops/downtown/1061454757720109_0.jpg,1061454757720109,2017-04-09T12:03:09+00:00,2017,34.050729722222,-118.25130305556,130.60678691102,False,mly_la,https://www.mapillary.com/app/?pKey=1061454757720109,CC BY-SA 4.0,2,100,1,unknown,,0.0
downtown/1367901896924761_0,downtown,crops/downtown/1367901896924761_0.jpg,1367901896924761,2017-05-12T13:38:44+00:00,2017,34.049956388889,-118.24125,304.11809031844,False,mly_la,https://www.mapillary.com/app/?pKey=1367901896924761,CC BY-SA 4.0,2,100,1,unknown,,0.0
downtown/497547418116528_0,downtown,crops/downtown/497547418116528_0.jpg,497547418116528,2018-10-01T23:33:42.961000+00:00,2018,34.044797868489,-118.25200743308,208.49012756348,False,lvl5,https://www.mapillary.com/app/?pKey=497547418116528,CC BY-SA 4.0,2,99,1,unknown,,0.0
downtown/1165365573931951_0,downtown,crops/downtown/1165365573931951_0.jpg,1165365573931951,2018-07-29T23:14:11.135000+00:00,2018,34.047237021229,-118.24608908413,130.35302734375,False,lvl5,https://www.mapillary.com/app/?pKey=1165365573931951,CC BY-SA 4.0,2,99,1,unknown,,0.0
downtown/1649532481917860_0,downtown,crops/downtown/1649532481917860_0.jpg,1649532481917860,2018-10-01T23:32:04.129000+00:00,2018,34.049080207126,-118.2479115555,209.83779907227,False,lvl5,https://www.mapillary.com/app/?pKey=1649532481917860,CC BY-SA 4.0,1,99,1,unknown,,0.0
downtown/1086741548479189_0,downtown,crops/downtown/1086741548479189_0.jpg,1086741548479189,2017-04-30T14:29:44+00:00,2017,34.047156388889,-118.22783138889,93.843462443964,False,mly_la,https://www.mapillary.com/app/?pKey=1086741548479189,CC BY-SA 4.0,1,99,1,unknown,,0.0
downtown/511855613185473_0,downtown,crops/downtown/511855613185473_0.jpg,511855613185473,2017-04-09T16:12:46+00:00,2017,34.043569722222,-118.25773472222,137.32911506671,False,mly_la,https://www.mapillary.com/app/?pKey=511855613185473,CC BY-SA 4.0,1,99,1,unknown,,0.0
downtown/533528821144693_0,downtown,crops/downtown/533528821144693_0.jpg,533528821144693,2018-10-02T00:57:03.455000+00:00,2018,34.04523150658,-118.24328476389,9.7998170852661,False,lvl5,https://www.mapillary.com/app/?pKey=533528821144693,CC BY-SA 4.0,1,99,1,unknown,,0.0
downtown/773932253308933_0,downtown,crops/downtown/773932253308933_0.jpg,773932253308933,2017-07-19T07:29:17+00:00,2017,34.042651388889,-118.25756138889,309.64590019872,False,mly_la,https://www.mapillary.com/app/?pKey=773932253308933,CC BY-SA 4.0,1,98,1,unknown,,0.0
downtown/390635518659836_0,downtown,crops/downtown/390635518659836_0.jpg,390635518659836,2017-04-09T15:53:59+00:00,2017,34.04848,-118.246895,302.76727442579,False,mly_la,https://www.mapillary.com/app/?pKey=390635518659836,CC BY-SA 4.0,1,98,1,unknown,,0.0
downtown/1458660994514205_0,downtown,crops/downtown/1458660994514205_0.jpg,1458660994514205,2017-04-30T13:50:52+00:00,2017,34.048266388889,-118.22776305556,269.01106922873,False,mly_la,https://www.mapillary.com/app/?pKey=1458660994514205,CC BY-SA 4.0,1,98,1,unknown,,0.0
downtown/285996139911536_0,downtown,crops/downtown/285996139911536_0.jpg,285996139911536,2017-04-09T12:02:37+00:00,2017,34.05226,-118.25390972222,33.776859729768,False,mly_la,https://www.mapillary.com/app/?pKey=285996139911536,CC BY-SA 4.0,2,97,1,unknown,,0.0
downtown/804179653806443_0,downtown,crops/downtown/804179653806443_0.jpg,804179653806443,2017-04-09T12:45:43+00:00,2017,34.044968055556,-118.25183,180.00001158388,False,mly_la,https://www.mapillary.com/app/?pKey=804179653806443,CC BY-SA 4.0,1,97,1,unknown,,0.0
downtown/1206732043088922_0,downtown,crops/downtown/1206732043088922_0.jpg,1206732043088922,2015-10-25T15:29:33.803000+00:00,2015,34.04767514,-118.22843575,101.88116789632,False,omaru,https://www.mapillary.com/app/?pKey=1206732043088922,CC BY-SA 4.0,1,96,1,unknown,,0.0
downtown/497518211443949_0,downtown,crops/downtown/497518211443949_0.jpg,497518211443949,2017-04-09T12:07:22+00:00,2017,34.045921388889,-118.24325638889,116.05662954596,False,mly_la,https://www.mapillary.com/app/?pKey=497518211443949,CC BY-SA 4.0,2,96,1,unknown,,0.0
downtown/483458379467155_0,downtown,crops/downtown/483458379467155_0.jpg,483458379467155,2017-04-09T12:50:23+00:00,2017,34.04993,-118.25061472222,129.46923166299,False,wsp_us,https://www.mapillary.com/app/?pKey=483458379467155,CC BY-SA 4.0,2,96,1,unknown,,0.0
downtown/768790153820529_0,downtown,crops/downtown/768790153820529_0.jpg,768790153820529,2017-04-09T15:50:57+00:00,2017,34.039681388889,-118.25771,36.900128737142,False,mly_la,https://www.mapillary.com/app/?pKey=768790153820529,CC BY-SA 4.0,1,96,1,unknown,,0.0
downtown/535887094486620_0,downtown,crops/downtown/535887094486620_0.jpg,535887094486620,2018-08-14T19:06:41.839000+00:00,2018,34.054521077958,-118.24983412056,71.811325073242,False,lvl5,https://www.mapillary.com/app/?pKey=535887094486620,CC BY-SA 4.0,1,96,1,unknown,,0.0
downtown/965083877635460_0,downtown,crops/downtown/965083877635460_0.jpg,965083877635460,2017-04-09T14:38:49+00:00,2017,34.047286388889,-118.25668472222,321.91120202051,False,wsp_us,https://www.mapillary.com/app/?pKey=965083877635460,CC BY-SA 4.0,1,96,1,unknown,,0.0
downtown/1402890530077317_0,downtown,crops/downtown/1402890530077317_0.jpg,1402890530077317,2017-04-09T15:54:00+00:00,2017,34.048544722222,-118.24684472222,304.0961678024,False,mly_la,https://www.mapillary.com/app/?pKey=1402890530077317,CC BY-SA 4.0,1,96,1,unknown,,0.0
downtown/1378692719181771_0,downtown,crops/downtown/1378692719181771_0.jpg,1378692719181771,2017-04-09T12:46:21+00:00,2017,34.04468,-118.252275,176.88030437645,False,mly_la,https://www.mapillary.com/app/?pKey=1378692719181771,CC BY-SA 4.0,2,95,1,unknown,,0.0
downtown/573217860329735_0,downtown,crops/downtown/573217860329735_0.jpg,573217860329735,2018-11-30T18:50:45.166000+00:00,2018,34.048923498502,-118.22763434208,2.978063583374,False,lvl5,https://www.mapillary.com/app/?pKey=573217860329735,CC BY-SA 4.0,2,95,1,unknown,,0.0
downtown/511679216637497_0,downtown,crops/downtown/511679216637497_0.jpg,511679216637497,2017-07-19T07:22:49+00:00,2017,34.052603055556,-118.24835138889,213.30336642607,False,mly_la,https://www.mapillary.com/app/?pKey=511679216637497,CC BY-SA 4.0,2,95,1,unknown,,0.0
downtown/2917388621856808_0,downtown,crops/downtown/2917388621856808_0.jpg,2917388621856808,2017-04-09T12:52:28+00:00,2017,34.053231388889,-118.24762,130.88977761641,False,wsp_us,https://www.mapillary.com/app/?pKey=2917388621856808,CC BY-SA 4.0,1,95,1,unknown,,0.0
downtown/483790309439552_0,downtown,crops/downtown/483790309439552_0.jpg,483790309439552,2017-04-09T15:34:13+00:00,2017,34.052031388889,-118.25388805556,176.28198939393,False,mly_la,https://www.mapillary.com/app/?pKey=483790309439552,CC BY-SA 4.0,1,95,1,unknown,,0.0
downtown/4136866729667676_1,downtown,crops/downtown/4136866729667676_1.jpg,4136866729667676,2017-04-09T12:02:55+00:00,2017,34.051536388889,-118.25260805556,215.15975584251,False,wsp_us,https://www.mapillary.com/app/?pKey=4136866729667676,CC BY-SA 4.0,1,95,1,unknown,,0.0
downtown/1040558217519808_0,downtown,crops/downtown/1040558217519808_0.jpg,1040558217519808,2025-05-21T06:31:28.066000+00:00,2025,34.047795628833,-118.25778473183,318.54901079632,False,MicahStokes,https://www.mapillary.com/app/?pKey=1040558217519808,CC BY-SA 4.0,1,95,1,unknown,,0.0
downtown/202698924792048_1,downtown,crops/downtown/202698924792048_1.jpg,202698924792048,2017-04-09T14:42:28+00:00,2017,34.044216388889,-118.25778805556,307.64872858673,False,mly_la,https://www.mapillary.com/app/?pKey=202698924792048,CC BY-SA 4.0,3,95,1,unknown,,0.0
downtown/314316150213777_0,downtown,crops/downtown/314316150213777_0.jpg,314316150213777,2017-04-09T12:02:58+00:00,2017,34.051354722222,-118.25226638889,37.087958254712,False,mly_la,https://www.mapillary.com/app/?pKey=314316150213777,CC BY-SA 4.0,3,95,1,unknown,,0.0
downtown/484972102936703_0,downtown,crops/downtown/484972102936703_0.jpg,484972102936703,2017-04-09T13:51:20+00:00,2017,34.05314,-118.25123972222,41.768556106591,False,mly_la,https://www.mapillary.com/app/?pKey=484972102936703,CC BY-SA 4.0,1,95,1,unknown,,0.0
downtown/305752070928243_0,downtown,crops/downtown/305752070928243_0.jpg,305752070928243,2017-04-09T12:29:52+00:00,2017,34.042928055556,-118.24636805556,125.73329400384,False,mly_la,https://www.mapillary.com/app/?pKey=305752070928243,CC BY-SA 4.0,1,95,1,unknown,,0.0
downtown/782767612609729_1,downtown,crops/downtown/782767612609729_1.jpg,782767612609729,2017-04-09T13:51:27+00:00,2017,34.052623055556,-118.25169138889,310.43752120045,False,wsp_us,https://www.mapillary.com/app/?pKey=782767612609729,CC BY-SA 4.0,1,95,1,unknown,,0.0
downtown/298706235046446_0,downtown,crops/downtown/298706235046446_0.jpg,298706235046446,2017-04-30T13:02:58+00:00,2017,34.052826388889,-118.23302972222,46.44036738002,False,mly_la,https://www.mapillary.com/app/?pKey=298706235046446,CC BY-SA 4.0,2,94,1,unknown,,0.0
downtown/2911924229032324_0,downtown,crops/downtown/2911924229032324_0.jpg,2911924229032324,2017-04-09T12:06:40+00:00,2017,34.047244722222,-118.24618,234.50748308218,False,wsp_us,https://www.mapillary.com/app/?pKey=2911924229032324,CC BY-SA 4.0,2,94,1,unknown,,0.0
downtown/300521004848424_1,downtown,crops/downtown/300521004848424_1.jpg,300521004848424,2017-04-09T13:44:25+00:00,2017,34.049268055556,-118.25263305556,218.1140894838,False,mly_la,https://www.mapillary.com/app/?pKey=300521004848424,CC BY-SA 4.0,1,94,1,unknown,,0.0
downtown/300167321655354_0,downtown,crops/downtown/300167321655354_0.jpg,300167321655354,2017-04-09T12:05:41+00:00,2017,34.048138055556,-118.24740138889,206.69671970687,False,wsp_us,https://www.mapillary.com/app/?pKey=300167321655354,CC BY-SA 4.0,1,94,1,unknown,,0.0
downtown/770852130217573_1,downtown,crops/downtown/770852130217573_1.jpg,770852130217573,2017-04-09T12:50:20+00:00,2017,34.049826388889,-118.25072305556,131.13190300348,False,wsp_us,https://www.mapillary.com/app/?pKey=770852130217573,CC BY-SA 4.0,1,94,1,unknown,,0.0
downtown/729112801103365_1,downtown,crops/downtown/729112801103365_1.jpg,729112801103365,2017-04-09T12:13:20+00:00,2017,34.050623055556,-118.24751805556,83.695960481934,False,wsp_us,https://www.mapillary.com/app/?pKey=729112801103365,CC BY-SA 4.0,1,94,1,unknown,,0.0
downtown/3289691881257962_0,downtown,crops/downtown/3289691881257962_0.jpg,3289691881257962,2017-04-30T13:25:47+00:00,2017,34.04845,-118.23439638889,189.44653962595,False,mly_la,https://www.mapillary.com/app/?pKey=3289691881257962,CC BY-SA 4.0,1,94,1,unknown,,0.0
downtown/274999277650555_0,downtown,crops/downtown/274999277650555_0.jpg,274999277650555,2017-04-09T15:36:36+00:00,2017,34.048835,-118.25691305556,304.24416965835,False,wsp_us,https://www.mapillary.com/app/?pKey=274999277650555,CC BY-SA 4.0,1,94,1,unknown,,0.0
downtown/1155651604848881_0,downtown,crops/downtown/1155651604848881_0.jpg,1155651604848881,2017-04-09T12:52:27+00:00,2017,34.05316,-118.24769472222,130.9319293598,False,wsp_us,https://www.mapillary.com/app/?pKey=1155651604848881,CC BY-SA 4.0,2,93,1,unknown,,0.0
downtown/456992458699334_0,downtown,crops/downtown/456992458699334_0.jpg,456992458699334,2017-04-09T14:14:38+00:00,2017,34.053318055556,-118.24808138889,220.19392011216,False,mly_la,https://www.mapillary.com/app/?pKey=456992458699334,CC BY-SA 4.0,1,93,1,unknown,,0.0
downtown/4070425326547193_0,downtown,crops/downtown/4070425326547193_0.jpg,4070425326547193,2025-05-21T21:14:35.858000+00:00,2025,34.0479496318,-118.2578103847,314.01712084265,False,MicahStokes,https://www.mapillary.com/app/?pKey=4070425326547193,CC BY-SA 4.0,1,92,1,unknown,,0.0
downtown/578602493113569_0,downtown,crops/downtown/578602493113569_0.jpg,578602493113569,2017-05-12T13:38:34+00:00,2017,34.049281388889,-118.24159972222,344.56062670302,False,mly_la,https://www.mapillary.com/app/?pKey=578602493113569,CC BY-SA 4.0,1,92,1,unknown,,0.0
downtown/1205643389943852_0,downtown,crops/downtown/1205643389943852_0.jpg,1205643389943852,2017-04-09T16:17:58+00:00,2017,34.040793055556,-118.249745,41.537858644029,False,mly_la,https://www.mapillary.com/app/?pKey=1205643389943852,CC BY-SA 4.0,1,92,1,unknown,,0.0
downtown/1985171261639221_0,downtown,crops/downtown/1985171261639221_0.jpg,1985171261639221,2017-04-09T14:37:32+00:00,2017,34.047013055556,-118.25620638889,229.42995936382,False,mly_la,https://www.mapillary.com/app/?pKey=1985171261639221,CC BY-SA 4.0,1,92,1,unknown,,0.0
downtown/283410940126752_0,downtown,crops/downtown/283410940126752_0.jpg,283410940126752,2017-04-09T15:58:55+00:00,2017,34.046081388889,-118.24762,130.77270577292,False,mly_la,https://www.mapillary.com/app/?pKey=283410940126752,CC BY-SA 4.0,2,92,1,unknown,,0.0
downtown/366152091500792_0,downtown,crops/downtown/366152091500792_0.jpg,366152091500792,2017-04-30T13:48:13+00:00,2017,34.049101388889,-118.22763305556,274.93286272544,False,mly_la,https://www.mapillary.com/app/?pKey=366152091500792,CC BY-SA 4.0,2,91,1,unknown,,0.0
downtown/321076986105005_0,downtown,crops/downtown/321076986105005_0.jpg,321076986105005,2017-04-30T14:29:54+00:00,2017,34.047578055556,-118.22780138889,180.0,False,mly_la,https://www.mapillary.com/app/?pKey=321076986105005,CC BY-SA 4.0,1,91,2,unknown,,0.0
downtown/224187412374922_0,downtown,crops/downtown/224187412374922_0.jpg,224187412374922,2017-04-09T12:08:55+00:00,2017,34.043275,-118.23771805556,169.73912430727,False,wsp_us,https://www.mapillary.com/app/?pKey=224187412374922,CC BY-SA 4.0,1,91,1,unknown,,0.0
downtown/3928852647213456_0,downtown,crops/downtown/3928852647213456_0.jpg,3928852647213456,2018-11-30T18:45:31.093000+00:00,2018,34.036648148555,-118.23256789426,355.078125,False,lvl5,https://www.mapillary.com/app/?pKey=3928852647213456,CC BY-SA 4.0,1,90,1,unknown,,0.0
downtown/821761245093374_0,downtown,crops/downtown/821761245093374_0.jpg,821761245093374,2017-04-30T14:13:01+00:00,2017,34.047824722222,-118.22774472222,110.21639559614,False,mly_la,https://www.mapillary.com/app/?pKey=821761245093374,CC BY-SA 4.0,2,90,1,unknown,,0.0
downtown/318119843268225_0,downtown,crops/downtown/318119843268225_0.jpg,318119843268225,2017-05-12T13:12:08+00:00,2017,34.036269722222,-118.23034805556,76.366649542455,False,mly_la,https://www.mapillary.com/app/?pKey=318119843268225,CC BY-SA 4.0,1,90,1,unknown,,0.0
downtown/3838173006237777_0,downtown,crops/downtown/3838173006237777_0.jpg,3838173006237777,2017-04-09T16:00:50+00:00,2017,34.041234722222,-118.25329805556,140.10156070741,False,mly_la,https://www.mapillary.com/app/?pKey=3838173006237777,CC BY-SA 4.0,2,89,1,unknown,,0.0
downtown/821289525453803_0,downtown,crops/downtown/821289525453803_0.jpg,821289525453803,2018-08-14T19:06:37.267000+00:00,2018,34.054549273108,-118.25009121721,134.33966064453,False,lvl5,https://www.mapillary.com/app/?pKey=821289525453803,CC BY-SA 4.0,2,89,1,unknown,,0.0
downtown/510248416777542_0,downtown,crops/downtown/510248416777542_0.jpg,510248416777542,2017-04-09T14:42:28+00:00,2017,34.044233055556,-118.25778305556,40.538894068685,False,mly_la,https://www.mapillary.com/app/?pKey=510248416777542,CC BY-SA 4.0,1,89,1,unknown,,0.0
downtown/2817421511844447_0,downtown,crops/downtown/2817421511844447_0.jpg,2817421511844447,2017-04-09T13:51:05+00:00,2017,34.054133055556,-118.25031472222,127.2832223305,False,mly_la,https://www.mapillary.com/app/?pKey=2817421511844447,CC BY-SA 4.0,1,89,1,unknown,,0.0
downtown/2878222412463682_0,downtown,crops/downtown/2878222412463682_0.jpg,2878222412463682,2017-07-19T07:25:21+00:00,2017,34.048505,-118.25207638889,307.22599787746,False,mly_la,https://www.mapillary.com/app/?pKey=2878222412463682,CC BY-SA 4.0,1,89,1,unknown,,0.0
downtown/501589754622848_1,downtown,crops/downtown/501589754622848_1.jpg,501589754622848,2017-04-09T12:50:33+00:00,2017,34.05062,-118.25003472222,129.03384244998,False,wsp_us,https://www.mapillary.com/app/?pKey=501589754622848,CC BY-SA 4.0,1,89,1,unknown,,0.0
downtown/483533939519292_0,downtown,crops/downtown/483533939519292_0.jpg,483533939519292,2017-04-09T16:00:48+00:00,2017,34.041411388889,-118.25303638889,140.12191941757,False,mly_la,https://www.mapillary.com/app/?pKey=483533939519292,CC BY-SA 4.0,1,88,1,unknown,,0.0
downtown/985845812174384_0,downtown,crops/downtown/985845812174384_0.jpg,985845812174384,2017-04-30T13:48:03+00:00,2017,34.048856388889,-118.22708805556,183.5117758436,False,mly_la,https://www.mapillary.com/app/?pKey=985845812174384,CC BY-SA 4.0,1,87,1,unknown,,0.0
downtown/313125213660550_0,downtown,crops/downtown/313125213660550_0.jpg,313125213660550,2017-05-12T13:38:40+00:00,2017,34.049593055556,-118.24151305556,116.27120801305,False,mly_la,https://www.mapillary.com/app/?pKey=313125213660550,CC BY-SA 4.0,1,87,1,unknown,,0.0
downtown/138648001589041_1,downtown,crops/downtown/138648001589041_1.jpg,138648001589041,2018-12-28T21:12:27.866000+00:00,2018,34.045487653096,-118.23952551886,1.8832492828369,False,lvl5,https://www.mapillary.com/app/?pKey=138648001589041,CC BY-SA 4.0,1,87,1,unknown,,0.0
downtown/766603474218788_0,downtown,crops/downtown/766603474218788_0.jpg,766603474218788,2017-04-09T14:53:21+00:00,2017,34.044968055556,-118.24034,216.66370381246,False,mly_la,https://www.mapillary.com/app/?pKey=766603474218788,CC BY-SA 4.0,1,87,1,unknown,,0.0
downtown/1195874995552862_0,downtown,crops/downtown/1195874995552862_0.jpg,1195874995552862,2025-05-21T06:25:46.143000+00:00,2025,34.0542823071,-118.2501499765,221.00440733363,False,MicahStokes,https://www.mapillary.com/app/?pKey=1195874995552862,CC BY-SA 4.0,1,87,1,unknown,,0.0
downtown/1058000314727990_0,downtown,crops/downtown/1058000314727990_0.jpg,1058000314727990,2018-11-30T18:49:46.330000+00:00,2018,34.048309431787,-118.23299854108,97.019683837891,False,lvl5,https://www.mapillary.com/app/?pKey=1058000314727990,CC BY-SA 4.0,1,86,1,unknown,,0.0
downtown/212918627022410_0,downtown,crops/downtown/212918627022410_0.jpg,212918627022410,2017-04-09T12:52:24+00:00,2017,34.052953055556,-118.24781805556,214.35372634114,False,mly_la,https://www.mapillary.com/app/?pKey=212918627022410,CC BY-SA 4.0,1,86,1,unknown,,0.0
downtown/305777780993975_0,downtown,crops/downtown/305777780993975_0.jpg,305777780993975,2017-04-09T16:14:03+00:00,2017,34.039658055556,-118.25295138889,50.117390069133,False,mly_la,https://www.mapillary.com/app/?pKey=305777780993975,CC BY-SA 4.0,1,86,1,unknown,,0.0
downtown/520669319341193_0,downtown,crops/downtown/520669319341193_0.jpg,520669319341193,2017-04-09T12:14:45+00:00,2017,34.051209722222,-118.24844305556,35.910867594305,False,wsp_us,https://www.mapillary.com/app/?pKey=520669319341193,CC BY-SA 4.0,1,86,1,unknown,,0.0
downtown/195467508923435_1,downtown,crops/downtown/195467508923435_1.jpg,195467508923435,2017-04-09T13:39:48+00:00,2017,34.051583055556,-118.24746305556,321.72089999875,False,wsp_us,https://www.mapillary.com/app/?pKey=195467508923435,CC BY-SA 4.0,1,86,1,unknown,,0.0
downtown/772847656931117_0,downtown,crops/downtown/772847656931117_0.jpg,772847656931117,2017-04-09T12:04:29+00:00,2017,34.049945,-118.25003805556,129.880943266,False,mly_la,https://www.mapillary.com/app/?pKey=772847656931117,CC BY-SA 4.0,1,86,1,unknown,,0.0
downtown/1202872454951371_0,downtown,crops/downtown/1202872454951371_0.jpg,1202872454951371,2025-05-21T21:14:36.258000+00:00,2025,34.0479703374,-118.2578362663,304.24765928144,False,MicahStokes,https://www.mapillary.com/app/?pKey=1202872454951371,CC BY-SA 4.0,1,86,1,unknown,,0.0
downtown/300521004848424_0,downtown,crops/downtown/300521004848424_0.jpg,300521004848424,2017-04-09T13:44:25+00:00,2017,34.049268055556,-118.25263305556,218.1140894838,False,mly_la,https://www.mapillary.com/app/?pKey=300521004848424,CC BY-SA 4.0,1,85,1,unknown,,0.0
downtown/1065352330534978_0,downtown,crops/downtown/1065352330534978_0.jpg,1065352330534978,2017-04-09T14:14:47+00:00,2017,34.05328,-118.2481,308.91825798224,False,mly_la,https://www.mapillary.com/app/?pKey=1065352330534978,CC BY-SA 4.0,1,85,1,unknown,,0.0
downtown/1781768682030542_2,downtown,crops/downtown/1781768682030542_2.jpg,1781768682030542,2017-04-30T13:10:23+00:00,2017,34.04422,-118.23615972222,306.36726071993,False,mly_la,https://www.mapillary.com/app/?pKey=1781768682030542,CC BY-SA 4.0,1,85,1,unknown,,0.0
downtown/414743499534156_0,downtown,crops/downtown/414743499534156_0.jpg,414743499534156,2017-04-09T12:50:31+00:00,2017,34.050456388889,-118.25013805556,303.26209285688,False,mly_la,https://www.mapillary.com/app/?pKey=414743499534156,CC BY-SA 4.0,1,85,1,unknown,,0.0
downtown/807192433268897_0,downtown,crops/downtown/807192433268897_0.jpg,807192433268897,2018-11-30T18:49:09.701000+00:00,2018,34.047258869998,-118.23458897048,94.492317199707,False,lvl5,https://www.mapillary.com/app/?pKey=807192433268897,CC BY-SA 4.0,1,85,1,unknown,,0.0
downtown/481863749691192_0,downtown,crops/downtown/481863749691192_0.jpg,481863749691192,2017-04-09T16:16:32+00:00,2017,34.042759722222,-118.24893805556,128.40006633305,False,wsp_us,https://www.mapillary.com/app/?pKey=481863749691192,CC BY-SA 4.0,1,85,1,unknown,,0.0
downtown/132656942185962_1,downtown,crops/downtown/132656942185962_1.jpg,132656942185962,2017-04-09T15:50:59+00:00,2017,34.039981388889,-118.25737472222,222.43879158398,False,mly_la,https://www.mapillary.com/app/?pKey=132656942185962,CC BY-SA 4.0,1,85,1,unknown,,0.0
downtown/660757213495176_0,downtown,crops/downtown/660757213495176_0.jpg,660757213495176,2025-05-21T23:11:01.409000+00:00,2025,34.0474831027,-118.2570010183,307.67091637933,False,MicahStokes,https://www.mapillary.com/app/?pKey=660757213495176,CC BY-SA 4.0,1,84,1,unknown,,0.0
downtown/1781768682030542_1,downtown,crops/downtown/1781768682030542_1.jpg,1781768682030542,2017-04-30T13:10:23+00:00,2017,34.04422,-118.23615972222,306.36726071993,False,mly_la,https://www.mapillary.com/app/?pKey=1781768682030542,CC BY-SA 4.0,1,84,1,unknown,,0.0
downtown/1457657055404975_0,downtown,crops/downtown/1457657055404975_0.jpg,1457657055404975,2025-05-21T23:10:20.634000+00:00,2025,34.047423246092,-118.25681361683,254.34865588712,False,MicahStokes,https://www.mapillary.com/app/?pKey=1457657055404975,CC BY-SA 4.0,1,84,1,unknown,,0.0
downtown/949974992210503_0,downtown,crops/downtown/949974992210503_0.jpg,949974992210503,2017-04-30T13:14:08+00:00,2017,34.047163055556,-118.23626972222,178.919695195,False,mly_la,https://www.mapillary.com/app/?pKey=949974992210503,CC BY-SA 4.0,2,84,1,unknown,,0.0
downtown/4504659706230763_0,downtown,crops/downtown/4504659706230763_0.jpg,4504659706230763,2017-04-30T12:58:10+00:00,2017,34.050305,-118.23443972222,284.63182758066,False,mly_la,https://www.mapillary.com/app/?pKey=4504659706230763,CC BY-SA 4.0,2,84,1,unknown,,0.0
downtown/393486611628270_1,downtown,crops/downtown/393486611628270_1.jpg,393486611628270,2017-04-09T13:38:04+00:00,2017,34.053751388889,-118.24521,225.62873137768,False,mly_la,https://www.mapillary.com/app/?pKey=393486611628270,CC BY-SA 4.0,1,84,1,unknown,,0.0
downtown/248764233700811_0,downtown,crops/downtown/248764233700811_0.jpg,248764233700811,2017-04-09T15:12:09+00:00,2017,34.054704722222,-118.24975138889,41.954130457878,False,mly_la,https://www.mapillary.com/app/?pKey=248764233700811,CC BY-SA 4.0,1,84,1,unknown,,0.0
downtown/3049574958698024_0,downtown,crops/downtown/3049574958698024_0.jpg,3049574958698024,2017-04-09T16:18:06+00:00,2017,34.040375,-118.25019805556,129.3552109747,False,mly_la,https://www.mapillary.com/app/?pKey=3049574958698024,CC BY-SA 4.0,1,84,1,unknown,,0.0
downtown/874928733237150_0,downtown,crops/downtown/874928733237150_0.jpg,874928733237150,2017-04-09T14:01:58+00:00,2017,34.047405,-118.25667472222,9.382184809826,False,wsp_us,https://www.mapillary.com/app/?pKey=874928733237150,CC BY-SA 4.0,1,84,1,unknown,,0.0
downtown/184330523624522_0,downtown,crops/downtown/184330523624522_0.jpg,184330523624522,2018-12-28T21:33:02.872000+00:00,2018,34.052299585147,-118.25398821215,121.69950866699,False,lvl5,https://www.mapillary.com/app/?pKey=184330523624522,CC BY-SA 4.0,1,83,1,unknown,,0.0
downtown/1971898089616938_1,downtown,crops/downtown/1971898089616938_1.jpg,1971898089616938,2017-04-09T12:50:13+00:00,2017,34.049611388889,-118.25092,118.91487209948,False,wsp_us,https://www.mapillary.com/app/?pKey=1971898089616938,CC BY-SA 4.0,1,83,1,unknown,,0.0
downtown/826980218221233_3,downtown,crops/downtown/826980218221233_3.jpg,826980218221233,2017-04-09T14:15:51+00:00,2017,34.053206388889,-118.24799638889,230.14341968515,False,wsp_us,https://www.mapillary.com/app/?pKey=826980218221233,CC BY-SA 4.0,1,83,1,unknown,,0.0
downtown/201711548229902_1,downtown,crops/downtown/201711548229902_1.jpg,201711548229902,2017-04-09T15:12:10+00:00,2017,34.054713055556,-118.24975638889,312.39750405003,False,wsp_us,https://www.mapillary.com/app/?pKey=201711548229902,CC BY-SA 4.0,1,83,1,unknown,,0.0
downtown/906575126854176_0,downtown,crops/downtown/906575126854176_0.jpg,906575126854176,2017-04-30T13:26:31+00:00,2017,34.047738055556,-118.228745,275.18826148559,False,mly_la,https://www.mapillary.com/app/?pKey=906575126854176,CC BY-SA 4.0,1,83,1,unknown,,0.0
downtown/1720366768151172_0,downtown,crops/downtown/1720366768151172_0.jpg,1720366768151172,2018-10-02T00:35:36.571000+00:00,2018,34.044172631642,-118.25780849781,37.619243621826,False,lvl5,https://www.mapillary.com/app/?pKey=1720366768151172,CC BY-SA 4.0,1,83,1,unknown,,0.0
downtown/500958577718865_0,downtown,crops/downtown/500958577718865_0.jpg,500958577718865,2018-10-06T00:59:05.991000+00:00,2018,34.046770416215,-118.23958426777,187.03665161133,False,lvl5,https://www.mapillary.com/app/?pKey=500958577718865,CC BY-SA 4.0,1,83,1,unknown,,0.0
downtown/305404320979124_1,downtown,crops/downtown/305404320979124_1.jpg,305404320979124,2017-04-09T15:51:01+00:00,2017,34.040191388889,-118.25721138889,46.874638747247,False,mly_la,https://www.mapillary.com/app/?pKey=305404320979124,CC BY-SA 4.0,1,83,1,unknown,,0.0
downtown/1390439654646211_0,downtown,crops/downtown/1390439654646211_0.jpg,1390439654646211,2017-04-09T16:22:49+00:00,2017,34.050656388889,-118.25172805556,320.25392619751,False,mly_la,https://www.mapillary.com/app/?pKey=1390439654646211,CC BY-SA 4.0,2,82,1,unknown,,0.0
downtown/1065352330534978_1,downtown,crops/downtown/1065352330534978_1.jpg,1065352330534978,2017-04-09T14:14:47+00:00,2017,34.05328,-118.2481,308.91825798224,False,mly_la,https://www.mapillary.com/app/?pKey=1065352330534978,CC BY-SA 4.0,1,82,1,unknown,,0.0
downtown/1703420793198867_0,downtown,crops/downtown/1703420793198867_0.jpg,1703420793198867,2017-04-09T15:15:26+00:00,2017,34.046886388889,-118.25703972222,209.13568255878,False,mly_la,https://www.mapillary.com/app/?pKey=1703420793198867,CC BY-SA 4.0,1,81,1,unknown,,0.0
downtown/1428642240806411_0,downtown,crops/downtown/1428642240806411_0.jpg,1428642240806411,2017-04-09T14:26:32+00:00,2017,34.053655,-118.23802638889,273.4421812542,False,wsp_us,https://www.mapillary.com/app/?pKey=1428642240806411,CC BY-SA 4.0,2,81,1,unknown,,0.0
downtown/301633061459390_0,downtown,crops/downtown/301633061459390_0.jpg,301633061459390,2018-11-30T18:45:28.692000+00:00,2018,34.036292249658,-118.23254171249,353.9147644043,False,lvl5,https://www.mapillary.com/app/?pKey=301633061459390,CC BY-SA 4.0,1,81,1,unknown,,0.0
downtown/392769055032579_0,downtown,crops/downtown/392769055032579_0.jpg,392769055032579,2017-04-09T14:49:10+00:00,2017,34.052983055556,-118.24477,305.99531519808,False,mly_la,https://www.mapillary.com/app/?pKey=392769055032579,CC BY-SA 4.0,1,81,1,unknown,,0.0
downtown/951131842356640_0,downtown,crops/downtown/951131842356640_0.jpg,951131842356640,2017-04-30T14:29:45+00:00,2017,34.047166388889,-118.22784305556,2.41622044421,False,mly_la,https://www.mapillary.com/app/?pKey=951131842356640,CC BY-SA 4.0,1,81,1,unknown,,0.0
downtown/527798441544161_1,downtown,crops/downtown/527798441544161_1.jpg,527798441544161,2017-04-30T13:26:38+00:00,2017,34.047688055556,-118.22797805556,272.7275091469,False,mly_la,https://www.mapillary.com/app/?pKey=527798441544161,CC BY-SA 4.0,1,80,1,unknown,,0.0
downtown/132656942185962_0,downtown,crops/downtown/132656942185962_0.jpg,132656942185962,2017-04-09T15:50:59+00:00,2017,34.039981388889,-118.25737472222,222.43879158398,False,mly_la,https://www.mapillary.com/app/?pKey=132656942185962,CC BY-SA 4.0,1,80,1,unknown,,0.0
downtown/1153792695082450_0,downtown,crops/downtown/1153792695082450_0.jpg,1153792695082450,2017-04-09T12:48:59+00:00,2017,34.048428055556,-118.25207638889,120.4695561969,False,wsp_us,https://www.mapillary.com/app/?pKey=1153792695082450,CC BY-SA 4.0,1,80,1,unknown,,0.0
downtown/389299162172002_0,downtown,crops/downtown/389299162172002_0.jpg,389299162172002,2017-04-09T15:37:30+00:00,2017,34.048146388889,-118.25778138889,261.94819638122,False,wsp_us,https://www.mapillary.com/app/?pKey=389299162172002,CC BY-SA 4.0,1,80,1,unknown,,0.0
downtown/908507293061467_0,downtown,crops/downtown/908507293061467_0.jpg,908507293061467,2017-04-09T14:08:10+00:00,2017,34.046876388889,-118.25698305556,214.81537445529,False,mly_la,https://www.mapillary.com/app/?pKey=908507293061467,CC BY-SA 4.0,1,80,1,unknown,,0.0
downtown/3082086788686320_0,downtown,crops/downtown/3082086788686320_0.jpg,3082086788686320,2017-07-19T07:23:45+00:00,2017,34.051984722222,-118.24885805556,128.96606051572,False,mly_la,https://www.mapillary.com/app/?pKey=3082086788686320,CC BY-SA 4.0,1,79,1,unknown,,0.0
downtown/687366470566433_1,downtown,crops/downtown/687366470566433_1.jpg,687366470566433,2025-05-21T06:31:12.599000+00:00,2025,34.0474429421,-118.2568621274,293.90599909737,False,MicahStokes,https://www.mapillary.com/app/?pKey=687366470566433,CC BY-SA 4.0,1,78,1,unknown,,0.0
downtown/3209021389329370_0,downtown,crops/downtown/3209021389329370_0.jpg,3209021389329370,2017-04-09T15:10:37+00:00,2017,34.054764722222,-118.24732805556,37.781462212234,False,wsp_us,https://www.mapillary.com/app/?pKey=3209021389329370,CC BY-SA 4.0,1,78,1,unknown,,0.0
downtown/169676648397845_0,downtown,crops/downtown/169676648397845_0.jpg,169676648397845,2017-04-09T12:52:23+00:00,2017,34.052913055556,-118.24784305556,207.37626063341,False,mly_la,https://www.mapillary.com/app/?pKey=169676648397845,CC BY-SA 4.0,1,78,1,unknown,,0.0
downtown/2569070760063149_0,downtown,crops/downtown/2569070760063149_0.jpg,2569070760063149,2017-04-09T13:59:59+00:00,2017,34.050528055556,-118.253805,270.0,False,mly_la,https://www.mapillary.com/app/?pKey=2569070760063149,CC BY-SA 4.0,1,78,2,unknown,,0.0
downtown/2974004439495075_0,downtown,crops/downtown/2974004439495075_0.jpg,2974004439495075,2017-04-09T15:14:03+00:00,2017,34.050118055556,-118.25388305556,127.27013346838,False,mly_la,https://www.mapillary.com/app/?pKey=2974004439495075,CC BY-SA 4.0,1,78,1,unknown,,0.0
downtown/161985762431864_0,downtown,crops/downtown/161985762431864_0.jpg,161985762431864,2017-04-09T14:55:07+00:00,2017,34.041868055556,-118.24309805556,127.27064543515,False,mly_la,https://www.mapillary.com/app/?pKey=161985762431864,CC BY-SA 4.0,1,78,1,unknown,,0.0
downtown/2921650898084602_0,downtown,crops/downtown/2921650898084602_0.jpg,2921650898084602,2017-04-30T13:57:48+00:00,2017,34.047613055556,-118.22629,273.08556689139,False,mly_la,https://www.mapillary.com/app/?pKey=2921650898084602,CC BY-SA 4.0,1,77,1,unknown,,0.0
downtown/297741708590057_0,downtown,crops/downtown/297741708590057_0.jpg,297741708590057,2017-04-30T13:09:27+00:00,2017,34.044038055556,-118.23396138889,219.87897940386,False,mly_la,https://www.mapillary.com/app/?pKey=297741708590057,CC BY-SA 4.0,1,77,1,unknown,,0.0
downtown/1543899265951568_0,downtown,crops/downtown/1543899265951568_0.jpg,1543899265951568,2017-04-09T12:52:26+00:00,2017,34.053089722222,-118.24777305556,306.38473456476,False,mly_la,https://www.mapillary.com/app/?pKey=1543899265951568,CC BY-SA 4.0,1,77,1,unknown,,0.0
downtown/481864452857725_0,downtown,crops/downtown/481864452857725_0.jpg,481864452857725,2017-04-09T14:45:34+00:00,2017,34.050756388889,-118.25178472222,246.60297229708,False,mly_la,https://www.mapillary.com/app/?pKey=481864452857725,CC BY-SA 4.0,1,76,1,unknown,,0.0
downtown/3895270267193652_0,downtown,crops/downtown/3895270267193652_0.jpg,3895270267193652,2017-04-09T16:00:48+00:00,2017,34.041399722222,-118.25322305556,51.888556637678,False,mly_la,https://www.mapillary.com/app/?pKey=3895270267193652,CC BY-SA 4.0,1,76,1,unknown,,0.0
downtown/490033499099510_0,downtown,crops/downtown/490033499099510_0.jpg,490033499099510,2017-04-09T16:06:25+00:00,2017,34.044478055556,-118.25787,321.12117700461,False,wsp_us,https://www.mapillary.com/app/?pKey=490033499099510,CC BY-SA 4.0,1,76,1,unknown,,0.0
downtown/491027022248423_0,downtown,crops/downtown/491027022248423_0.jpg,491027022248423,2017-04-09T12:48:56+00:00,2017,34.048274722222,-118.25219972222,124.79105819181,False,wsp_us,https://www.mapillary.com/app/?pKey=491027022248423,CC BY-SA 4.0,1,76,1,unknown,,0.0
downtown/199305982007358_0,downtown,crops/downtown/199305982007358_0.jpg,199305982007358,2017-04-09T14:47:39+00:00,2017,34.053401388889,-118.24533138889,215.69490812171,False,wsp_us,https://www.mapillary.com/app/?pKey=199305982007358,CC BY-SA 4.0,1,76,1,unknown,,0.0
downtown/155351963187281_0,downtown,crops/downtown/155351963187281_0.jpg,155351963187281,2017-04-09T14:49:17+00:00,2017,34.052916388889,-118.24461,213.68047757162,False,wsp_us,https://www.mapillary.com/app/?pKey=155351963187281,CC BY-SA 4.0,1,76,1,unknown,,0.0
downtown/168159018442830_0,downtown,crops/downtown/168159018442830_0.jpg,168159018442830,2017-04-09T14:49:16+00:00,2017,34.052893055556,-118.24462305556,305.02357387871,False,mly_la,https://www.mapillary.com/app/?pKey=168159018442830,CC BY-SA 4.0,1,76,1,unknown,,0.0
downtown/390120265459916_0,downtown,crops/downtown/390120265459916_0.jpg,390120265459916,2017-07-19T07:22:48+00:00,2017,34.052654722222,-118.24831,213.57262893072,False,mly_la,https://www.mapillary.com/app/?pKey=390120265459916,CC BY-SA 4.0,1,76,1,unknown,,0.0
downtown/3948830762049814_0,downtown,crops/downtown/3948830762049814_0.jpg,3948830762049814,2025-05-21T06:31:00.477000+00:00,2025,34.047350383033,-118.25658745297,267.09095443361,False,MicahStokes,https://www.mapillary.com/app/?pKey=3948830762049814,CC BY-SA 4.0,1,76,1,unknown,,0.0
downtown/671619195510124_0,downtown,crops/downtown/671619195510124_0.jpg,671619195510124,2025-05-21T21:14:36.708000+00:00,2025,34.0479871674,-118.2578661013,304.24765928144,False,MicahStokes,https://www.mapillary.com/app/?pKey=671619195510124,CC BY-SA 4.0,1,76,1,unknown,,0.0
downtown/515525019801068_0,downtown,crops/downtown/515525019801068_0.jpg,515525019801068,2018-10-02T00:35:45.108000+00:00,2018,34.044937132699,-118.25721930209,309.92651367188,False,lvl5,https://www.mapillary.com/app/?pKey=515525019801068,CC BY-SA 4.0,1,76,1,unknown,,0.0
downtown/699595635806975_0,downtown,crops/downtown/699595635806975_0.jpg,699595635806975,2025-05-21T06:26:29.743000+00:00,2025,34.0506558198,-118.2536675988,213.08783210195,False,MicahStokes,https://www.mapillary.com/app/?pKey=699595635806975,CC BY-SA 4.0,1,75,1,unknown,,0.0
downtown/158747296197530_0,downtown,crops/downtown/158747296197530_0.jpg,158747296197530,2017-04-09T14:38:50+00:00,2017,34.047301388889,-118.25671638889,129.08131277346,False,mly_la,https://www.mapillary.com/app/?pKey=158747296197530,CC BY-SA 4.0,2,75,1,unknown,,0.0
downtown/226666585928732_1,downtown,crops/downtown/226666585928732_1.jpg,226666585928732,2018-10-02T23:49:52.173000+00:00,2018,34.043559246738,-118.25298702741,210.02523803711,False,lvl5,https://www.mapillary.com/app/?pKey=226666585928732,CC BY-SA 4.0,1,75,1,unknown,,0.0
downtown/316882589796728_1,downtown,crops/downtown/316882589796728_1.jpg,316882589796728,2017-04-09T14:42:26+00:00,2017,34.044028055556,-118.25796305556,308.6065010144,False,mly_la,https://www.mapillary.com/app/?pKey=316882589796728,CC BY-SA 4.0,1,75,1,unknown,,0.0
downtown/507518367053363_0,downtown,crops/downtown/507518367053363_0.jpg,507518367053363,2017-05-12T12:55:28+00:00,2017,34.041513055556,-118.22707472222,266.48758047582,False,mly_la,https://www.mapillary.com/app/?pKey=507518367053363,CC BY-SA 4.0,1,75,1,unknown,,0.0
downtown/316472406535199_0,downtown,crops/downtown/316472406535199_0.jpg,316472406535199,2017-04-30T13:51:27+00:00,2017,34.047793055556,-118.22773138889,241.46486324253,False,mly_la,https://www.mapillary.com/app/?pKey=316472406535199,CC BY-SA 4.0,1,75,1,unknown,,0.0
downtown/476854486973904_0,downtown,crops/downtown/476854486973904_0.jpg,476854486973904,2018-10-06T00:51:42.519000+00:00,2018,34.048786532289,-118.24443342869,35.394668579102,False,lvl5,https://www.mapillary.com/app/?pKey=476854486973904,CC BY-SA 4.0,1,74,1,unknown,,0.0
downtown/133041842147674_1,downtown,crops/downtown/133041842147674_1.jpg,133041842147674,2017-04-09T15:57:02+00:00,2017,34.049558055556,-118.24393805556,27.377232377158,False,mly_la,https://www.mapillary.com/app/?pKey=133041842147674,CC BY-SA 4.0,1,74,1,unknown,,0.0
downtown/476841820063045_0,downtown,crops/downtown/476841820063045_0.jpg,476841820063045,2017-04-09T16:13:44+00:00,2017,34.039881388889,-118.25320305556,316.22508939306,False,mly_la,https://www.mapillary.com/app/?pKey=476841820063045,CC BY-SA 4.0,1,74,1,unknown,,0.0
downtown/1060624794464960_0,downtown,crops/downtown/1060624794464960_0.jpg,1060624794464960,2017-04-09T14:45:19+00:00,2017,34.050195,-118.25222805556,216.63863357445,False,mly_la,https://www.mapillary.com/app/?pKey=1060624794464960,CC BY-SA 4.0,1,74,1,unknown,,0.0
downtown/621556659240235_0,downtown,crops/downtown/621556659240235_0.jpg,621556659240235,2017-04-09T12:30:13+00:00,2017,34.041879722222,-118.24466138889,125.62815761397,False,mly_la,https://www.mapillary.com/app/?pKey=621556659240235,CC BY-SA 4.0,1,74,1,unknown,,0.0
downtown/268572334962165_0,downtown,crops/downtown/268572334962165_0.jpg,268572334962165,2017-04-09T14:08:02+00:00,2017,34.047648055556,-118.25636638889,43.247457236451,False,mly_la,https://www.mapillary.com/app/?pKey=268572334962165,CC BY-SA 4.0,1,74,1,unknown,,0.0
downtown/318505049822364_0,downtown,crops/downtown/318505049822364_0.jpg,318505049822364,2018-10-02T00:54:42.879000+00:00,2018,34.046494733354,-118.25180002669,119.48554992676,False,lvl5,https://www.mapillary.com/app/?pKey=318505049822364,CC BY-SA 4.0,1,74,1,unknown,,0.0
downtown/310959960391769_0,downtown,crops/downtown/310959960391769_0.jpg,310959960391769,2017-04-30T12:50:02+00:00,2017,34.054688055556,-118.24249972222,41.024632937344,False,mly_la,https://www.mapillary.com/app/?pKey=310959960391769,CC BY-SA 4.0,1,73,1,unknown,,0.0
downtown/489776408890252_0,downtown,crops/downtown/489776408890252_0.jpg,489776408890252,2017-04-09T15:00:28+00:00,2017,34.040193055556,-118.24595805556,214.58993399168,False,mly_la,https://www.mapillary.com/app/?pKey=489776408890252,CC BY-SA 4.0,1,73,1,unknown,,0.0
downtown/2913391672263091_0,downtown,crops/downtown/2913391672263091_0.jpg,2913391672263091,2017-04-09T12:14:12+00:00,2017,34.050675,-118.24759138889,120.01628513697,False,mly_la,https://www.mapillary.com/app/?pKey=2913391672263091,CC BY-SA 4.0,1,73,1,unknown,,0.0
downtown/686643382060060_0,downtown,crops/downtown/686643382060060_0.jpg,686643382060060,2017-04-09T15:35:00+00:00,2017,34.050833055556,-118.25327,141.66021092658,False,mly_la,https://www.mapillary.com/app/?pKey=686643382060060,CC BY-SA 4.0,1,73,1,unknown,,0.0
downtown/1185765471856661_0,downtown,crops/downtown/1185765471856661_0.jpg,1185765471856661,2017-04-09T13:41:58+00:00,2017,34.050141388889,-118.24883638889,36.055124059821,False,mly_la,https://www.mapillary.com/app/?pKey=1185765471856661,CC BY-SA 4.0,1,73,1,unknown,,0.0
downtown/905814743597369_0,downtown,crops/downtown/905814743597369_0.jpg,905814743597369,2017-04-09T12:49:00+00:00,2017,34.048475,-118.25204305556,119.08450019142,False,wsp_us,https://www.mapillary.com/app/?pKey=905814743597369,CC BY-SA 4.0,1,72,1,unknown,,0.0
downtown/609571080002668_0,downtown,crops/downtown/609571080002668_0.jpg,609571080002668,2018-10-01T23:54:43.072000+00:00,2018,34.051755491312,-118.25282417005,145.2702331543,False,lvl5,https://www.mapillary.com/app/?pKey=609571080002668,CC BY-SA 4.0,1,72,1,unknown,,0.0
downtown/605518577508709_0,downtown,crops/downtown/605518577508709_0.jpg,605518577508709,2018-10-06T01:02:07.579000+00:00,2018,34.048534855427,-118.24481113484,300.5290222168,False,lvl5,https://www.mapillary.com/app/?pKey=605518577508709,CC BY-SA 4.0,1,72,1,unknown,,0.0
downtown/776924399675127_0,downtown,crops/downtown/776924399675127_0.jpg,776924399675127,2018-10-02T01:00:17.157000+00:00,2018,34.044772873359,-118.24553408301,295.40774536133,False,lvl5,https://www.mapillary.com/app/?pKey=776924399675127,CC BY-SA 4.0,1,72,1,unknown,,0.0
downtown/1280566122338814_0,downtown,crops/downtown/1280566122338814_0.jpg,1280566122338814,2017-04-30T14:20:31+00:00,2017,34.046659722222,-118.22791972222,8.459011399107,False,mly_la,https://www.mapillary.com/app/?pKey=1280566122338814,CC BY-SA 4.0,1,72,1,unknown,,0.0
downtown/472699087283625_0,downtown,crops/downtown/472699087283625_0.jpg,472699087283625,2017-04-09T15:12:17+00:00,2017,34.054158055556,-118.25033305556,128.30782621125,False,mly_la,https://www.mapillary.com/app/?pKey=472699087283625,CC BY-SA 4.0,1,72,1,unknown,,0.0
downtown/873787696505085_1,downtown,crops/downtown/873787696505085_1.jpg,873787696505085,2017-04-09T12:52:26+00:00,2017,34.053071388889,-118.24780972222,137.07681260332,False,wsp_us,https://www.mapillary.com/app/?pKey=873787696505085,CC BY-SA 4.0,1,72,1,unknown,,0.0
downtown/371629437465284_0,downtown,crops/downtown/371629437465284_0.jpg,371629437465284,2017-04-30T14:06:25+00:00,2017,34.047914722222,-118.22830638889,185.02929285588,False,mly_la,https://www.mapillary.com/app/?pKey=371629437465284,CC BY-SA 4.0,1,72,1,unknown,,0.0
downtown/775006466712184_0,downtown,crops/downtown/775006466712184_0.jpg,775006466712184,2018-10-02T00:35:36.372000+00:00,2018,34.044148150548,-118.25782747941,38.108535766602,False,lvl5,https://www.mapillary.com/app/?pKey=775006466712184,CC BY-SA 4.0,1,72,1,unknown,,0.0
downtown/480753936368542_0,downtown,crops/downtown/480753936368542_0.jpg,480753936368542,2017-05-12T13:34:42+00:00,2017,34.045951388889,-118.23269638889,271.81371056774,False,mly_la,https://www.mapillary.com/app/?pKey=480753936368542,CC BY-SA 4.0,1,71,1,unknown,,0.0
downtown/835567070727576_0,downtown,crops/downtown/835567070727576_0.jpg,835567070727576,2017-04-09T16:08:53+00:00,2017,34.045093055556,-118.25550138889,56.413887152916,False,mly_la,https://www.mapillary.com/app/?pKey=835567070727576,CC BY-SA 4.0,1,71,1,unknown,,0.0
downtown/305699367848026_0,downtown,crops/downtown/305699367848026_0.jpg,305699367848026,2017-04-09T14:19:33+00:00,2017,34.052926388889,-118.24461305556,301.11034146259,False,mly_la,https://www.mapillary.com/app/?pKey=305699367848026,CC BY-SA 4.0,1,71,1,unknown,,0.0
downtown/1133753960465330_0,downtown,crops/downtown/1133753960465330_0.jpg,1133753960465330,2017-04-09T14:53:29+00:00,2017,34.044586388889,-118.24068,214.46726723143,False,mly_la,https://www.mapillary.com/app/?pKey=1133753960465330,CC BY-SA 4.0,1,71,1,unknown,,0.0
downtown/198329542100843_0,downtown,crops/downtown/198329542100843_0.jpg,198329542100843,2017-04-09T13:59:51+00:00,2017,34.050663055556,-118.25360305556,129.64322279892,False,mly_la,https://www.mapillary.com/app/?pKey=198329542100843,CC BY-SA 4.0,1,71,1,unknown,,0.0
downtown/913816806085666_1,downtown,crops/downtown/913816806085666_1.jpg,913816806085666,2017-04-09T13:44:24+00:00,2017,34.049161388889,-118.25253138889,39.316785337655,False,wsp_us,https://www.mapillary.com/app/?pKey=913816806085666,CC BY-SA 4.0,1,71,1,unknown,,0.0
downtown/365855821534747_0,downtown,crops/downtown/365855821534747_0.jpg,365855821534747,2017-04-09T15:34:58+00:00,2017,34.050888055556,-118.25333305556,136.47201157808,False,mly_la,https://www.mapillary.com/app/?pKey=365855821534747,CC BY-SA 4.0,1,71,1,unknown,,0.0
downtown/467982084458946_0,downtown,crops/downtown/467982084458946_0.jpg,467982084458946,2017-04-09T16:14:54+00:00,2017,34.040561388889,-118.25153805556,133.70234831201,False,wsp_us,https://www.mapillary.com/app/?pKey=467982084458946,CC BY-SA 4.0,1,71,1,unknown,,0.0
downtown/171330868230932_0,downtown,crops/downtown/171330868230932_0.jpg,171330868230932,2017-04-30T13:09:19+00:00,2017,34.044496388889,-118.2347,216.5813962471,False,mly_la,https://www.mapillary.com/app/?pKey=171330868230932,CC BY-SA 4.0,1,71,1,unknown,,0.0
downtown/215495463383828_0,downtown,crops/downtown/215495463383828_0.jpg,215495463383828,2017-04-09T12:05:38+00:00,2017,34.048196388889,-118.24747972222,225.97115385185,False,wsp_us,https://www.mapillary.com/app/?pKey=215495463383828,CC BY-SA 4.0,1,71,1,unknown,,0.0
downtown/845957946301593_1,downtown,crops/downtown/845957946301593_1.jpg,845957946301593,2017-04-09T13:43:12+00:00,2017,34.048345,-118.25097472222,35.022183840797,False,wsp_us,https://www.mapillary.com/app/?pKey=845957946301593,CC BY-SA 4.0,1,71,1,unknown,,0.0
downtown/164483172256450_0,downtown,crops/downtown/164483172256450_0.jpg,164483172256450,2017-04-09T14:08:12+00:00,2017,34.046674722222,-118.25723805556,37.913878524177,False,mly_la,https://www.mapillary.com/app/?pKey=164483172256450,CC BY-SA 4.0,1,71,1,unknown,,0.0
downtown/313674937012901_0,downtown,crops/downtown/313674937012901_0.jpg,313674937012901,2018-07-29T23:15:06.419000+00:00,2018,34.045962611589,-118.24332008234,113.40711975098,False,lvl5,https://www.mapillary.com/app/?pKey=313674937012901,CC BY-SA 4.0,1,70,1,unknown,,0.0
downtown/327570442042257_1,downtown,crops/downtown/327570442042257_1.jpg,327570442042257,2017-05-12T13:33:17+00:00,2017,34.040841388889,-118.23113638889,227.58435430091,False,mly_la,https://www.mapillary.com/app/?pKey=327570442042257,CC BY-SA 4.0,1,70,1,unknown,,0.0
downtown/928890764597614_2,downtown,crops/downtown/928890764597614_2.jpg,928890764597614,2017-04-09T15:51:03+00:00,2017,34.040271388889,-118.25708805556,136.21882236661,False,wsp_us,https://www.mapillary.com/app/?pKey=928890764597614,CC BY-SA 4.0,1,70,1,unknown,,0.0
downtown/185136013429012_0,downtown,crops/downtown/185136013429012_0.jpg,185136013429012,2017-04-09T14:42:35+00:00,2017,34.044908055556,-118.25713472222,37.184215820908,False,mly_la,https://www.mapillary.com/app/?pKey=185136013429012,CC BY-SA 4.0,1,70,1,unknown,,0.0
downtown/296697442076658_0,downtown,crops/downtown/296697442076658_0.jpg,296697442076658,2017-04-09T15:01:37+00:00,2017,34.045411388889,-118.24326305556,114.32107007649,False,wsp_us,https://www.mapillary.com/app/?pKey=296697442076658,CC BY-SA 4.0,1,70,1,unknown,,0.0
downtown/513703229804067_1,downtown,crops/downtown/513703229804067_1.jpg,513703229804067,2017-04-09T12:46:32+00:00,2017,34.044733055556,-118.25243138889,52.890743371407,False,wsp_us,https://www.mapillary.com/app/?pKey=513703229804067,CC BY-SA 4.0,1,70,1,unknown,,0.0
downtown/167447178716439_0,downtown,crops/downtown/167447178716439_0.jpg,167447178716439,2018-09-29T01:00:42.722000+00:00,2018,34.046981787518,-118.25610848213,308.6484375,False,lvl5,https://www.mapillary.com/app/?pKey=167447178716439,CC BY-SA 4.0,1,70,1,unknown,,0.0
downtown/850222625560400_0,downtown,crops/downtown/850222625560400_0.jpg,850222625560400,2017-04-09T14:53:25+00:00,2017,34.044678055556,-118.24056138889,38.341812693448,False,mly_la,https://www.mapillary.com/app/?pKey=850222625560400,CC BY-SA 4.0,1,70,1,unknown,,0.0
downtown/146280410801105_0,downtown,crops/downtown/146280410801105_0.jpg,146280410801105,2017-05-12T13:35:53+00:00,2017,34.047221388889,-118.23618305556,357.60038527711,False,mly_la,https://www.mapillary.com/app/?pKey=146280410801105,CC BY-SA 4.0,1,69,1,unknown,,0.0
downtown/969705973568434_0,downtown,crops/downtown/969705973568434_0.jpg,969705973568434,2017-04-30T14:29:46+00:00,2017,34.047223055556,-118.22782972222,274.16110866546,False,mly_la,https://www.mapillary.com/app/?pKey=969705973568434,CC BY-SA 4.0,1,69,1,unknown,,0.0
downtown/510518056742781_0,downtown,crops/downtown/510518056742781_0.jpg,510518056742781,2017-04-09T12:09:10+00:00,2017,34.043573055556,-118.235715,171.44640107955,False,wsp_us,https://www.mapillary.com/app/?pKey=510518056742781,CC BY-SA 4.0,1,69,1,unknown,,0.0
downtown/245499357321877_1,downtown,crops/downtown/245499357321877_1.jpg,245499357321877,2017-04-09T14:15:50+00:00,2017,34.053178055556,-118.247975,321.31681740304,False,mly_la,https://www.mapillary.com/app/?pKey=245499357321877,CC BY-SA 4.0,1,69,1,unknown,,0.0
downtown/310474317423958_0,downtown,crops/downtown/310474317423958_0.jpg,310474317423958,2017-04-09T16:06:22+00:00,2017,34.044743055556,-118.25751972222,311.76202660823,False,wsp_us,https://www.mapillary.com/app/?pKey=310474317423958,CC BY-SA 4.0,1,69,1,unknown,,0.0
downtown/3948573018570426_1,downtown,crops/downtown/3948573018570426_1.jpg,3948573018570426,2017-07-19T07:23:59+00:00,2017,34.050915,-118.24986638889,214.2435158277,False,mly_la,https://www.mapillary.com/app/?pKey=3948573018570426,CC BY-SA 4.0,1,69,1,unknown,,0.0
downtown/4034606836601980_0,downtown,crops/downtown/4034606836601980_0.jpg,4034606836601980,2017-04-09T15:54:04+00:00,2017,34.048833055556,-118.24669472222,129.64379245573,False,wsp_us,https://www.mapillary.com/app/?pKey=4034606836601980,CC BY-SA 4.0,1,69,1,unknown,,0.0
downtown/488434452276723_0,downtown,crops/downtown/488434452276723_0.jpg,488434452276723,2018-12-29T00:45:01.849000+00:00,2018,34.051972079693,-118.25384035782,35.41788482666,False,lvl5,https://www.mapillary.com/app/?pKey=488434452276723,CC BY-SA 4.0,1,68,1,unknown,,0.0
downtown/755294445133154_0,downtown,crops/downtown/755294445133154_0.jpg,755294445133154,2017-04-09T15:14:04+00:00,2017,34.050039722222,-118.253955,129.5366537059,False,mly_la,https://www.mapillary.com/app/?pKey=755294445133154,CC BY-SA 4.0,1,68,1,unknown,,0.0
downtown/485060536255723_0,downtown,crops/downtown/485060536255723_0.jpg,485060536255723,2018-10-06T00:59:23.372000+00:00,2018,34.046669937032,-118.24086271142,295.22308349609,False,lvl5,https://www.mapillary.com/app/?pKey=485060536255723,CC BY-SA 4.0,1,68,4,unknown,,0.0
downtown/153001906758521_1,downtown,crops/downtown/153001906758521_1.jpg,153001906758521,2017-04-09T12:51:38+00:00,2017,34.053016388889,-118.24786,105.80562894359,False,wsp_us,https://www.mapillary.com/app/?pKey=153001906758521,CC BY-SA 4.0,1,68,1,unknown,,0.0
downtown/852992475314303_0,downtown,crops/downtown/852992475314303_0.jpg,852992475314303,2017-04-09T14:42:35+00:00,2017,34.044911388889,-118.25716138889,308.10532506016,False,mly_la,https://www.mapillary.com/app/?pKey=852992475314303,CC BY-SA 4.0,1,68,1,unknown,,0.0
downtown/1209838796132332_0,downtown,crops/downtown/1209838796132332_0.jpg,1209838796132332,2017-04-09T15:53:57+00:00,2017,34.048486388889,-118.246995,219.77768019154,False,mly_la,https://www.mapillary.com/app/?pKey=1209838796132332,CC BY-SA 4.0,1,68,1,unknown,,0.0
downtown/3977554502330974_2,downtown,crops/downtown/3977554502330974_2.jpg,3977554502330974,2017-04-30T13:51:29+00:00,2017,34.047715,-118.22766805556,23.548688988622,False,mly_la,https://www.mapillary.com/app/?pKey=3977554502330974,CC BY-SA 4.0,1,68,1,unknown,,0.0
downtown/834749667471603_0,downtown,crops/downtown/834749667471603_0.jpg,834749667471603,2017-04-09T14:36:19+00:00,2017,34.044788055556,-118.25272638889,126.8851666435,False,mly_la,https://www.mapillary.com/app/?pKey=834749667471603,CC BY-SA 4.0,1,67,1,unknown,,0.0
downtown/1242508429497264_0,downtown,crops/downtown/1242508429497264_0.jpg,1242508429497264,2018-10-02T01:06:56.854000+00:00,2018,34.039314822687,-118.25792973524,214.1015625,False,lvl5,https://www.mapillary.com/app/?pKey=1242508429497264,CC BY-SA 4.0,1,67,1,unknown,,0.0
downtown/757356974971110_0,downtown,crops/downtown/757356974971110_0.jpg,757356974971110,2017-04-30T14:06:13+00:00,2017,34.047803055556,-118.22665638889,94.677751852905,False,mly_la,https://www.mapillary.com/app/?pKey=757356974971110,CC BY-SA 4.0,1,67,1,unknown,,0.0
downtown/467497337865262_0,downtown,crops/downtown/467497337865262_0.jpg,467497337865262,2017-04-09T16:13:51+00:00,2017,34.039685,-118.25299305556,37.967952447694,False,mly_la,https://www.mapillary.com/app/?pKey=467497337865262,CC BY-SA 4.0,1,67,1,unknown,,0.0
downtown/217874736367567_0,downtown,crops/downtown/217874736367567_0.jpg,217874736367567,2017-04-30T14:06:21+00:00,2017,34.047881388889,-118.22770305556,182.97157854009,False,mly_la,https://www.mapillary.com/app/?pKey=217874736367567,CC BY-SA 4.0,1,67,1,unknown,,0.0
downtown/380944109795675_1,downtown,crops/downtown/380944109795675_1.jpg,380944109795675,2017-07-19T07:27:30+00:00,2017,34.045191388889,-118.25517138889,310.46310099662,False,mly_la,https://www.mapillary.com/app/?pKey=380944109795675,CC BY-SA 4.0,1,67,1,unknown,,0.0
downtown/317452240001894_0,downtown,crops/downtown/317452240001894_0.jpg,317452240001894,2018-10-01T23:54:30.021000+00:00,2018,34.052324537018,-118.25381211187,118.28091430664,False,lvl5,https://www.mapillary.com/app/?pKey=317452240001894,CC BY-SA 4.0,1,67,1,unknown,,0.0
downtown/323498082461550_0,downtown,crops/downtown/323498082461550_0.jpg,323498082461550,2017-04-09T14:55:06+00:00,2017,34.041949722222,-118.24302138889,127.8792247762,False,mly_la,https://www.mapillary.com/app/?pKey=323498082461550,CC BY-SA 4.0,1,67,1,unknown,,0.0
downtown/305251074299634_0,downtown,crops/downtown/305251074299634_0.jpg,305251074299634,2017-04-09T14:15:58+00:00,2017,34.052839722222,-118.24776638889,135.06857962174,False,mly_la,https://www.mapillary.com/app/?pKey=305251074299634,CC BY-SA 4.0,1,67,1,unknown,,0.0
downtown/279364087031680_0,downtown,crops/downtown/279364087031680_0.jpg,279364087031680,2017-04-09T12:46:37+00:00,2017,34.044913055556,-118.25263,35.739420995541,False,wsp_us,https://www.mapillary.com/app/?pKey=279364087031680,CC BY-SA 4.0,2,66,1,unknown,,0.0
downtown/527798441544161_2,downtown,crops/downtown/527798441544161_2.jpg,527798441544161,2017-04-30T13:26:38+00:00,2017,34.047688055556,-118.22797805556,272.7275091469,False,mly_la,https://www.mapillary.com/app/?pKey=527798441544161,CC BY-SA 4.0,1,66,1,unknown,,0.0
downtown/1203378453413438_0,downtown,crops/downtown/1203378453413438_0.jpg,1203378453413438,2017-04-09T13:59:46+00:00,2017,34.050958055556,-118.25322805556,303.89279963023,False,wsp_us,https://www.mapillary.com/app/?pKey=1203378453413438,CC BY-SA 4.0,1,66,1,unknown,,0.0
downtown/471580867450164_0,downtown,crops/downtown/471580867450164_0.jpg,471580867450164,2017-04-09T12:04:30+00:00,2017,34.049889722222,-118.25000972222,230.35651907439,False,wsp_us,https://www.mapillary.com/app/?pKey=471580867450164,CC BY-SA 4.0,1,66,1,unknown,,0.0
downtown/437839140549652_0,downtown,crops/downtown/437839140549652_0.jpg,437839140549652,2017-04-30T14:00:46+00:00,2017,34.04607,-118.225415,92.284599387858,False,mly_la,https://www.mapillary.com/app/?pKey=437839140549652,CC BY-SA 4.0,1,66,1,unknown,,0.0
downtown/3057966221102460_0,downtown,crops/downtown/3057966221102460_0.jpg,3057966221102460,2017-04-30T14:01:01+00:00,2017,34.04742,-118.22528472222,23.249857652543,False,mly_la,https://www.mapillary.com/app/?pKey=3057966221102460,CC BY-SA 4.0,1,66,1,unknown,,0.0
downtown/519700842363200_0,downtown,crops/downtown/519700842363200_0.jpg,519700842363200,2017-04-09T12:51:37+00:00,2017,34.052983055556,-118.24787138889,105.80562894359,False,wsp_us,https://www.mapillary.com/app/?pKey=519700842363200,CC BY-SA 4.0,1,66,1,unknown,,0.0
downtown/475350383736277_0,downtown,crops/downtown/475350383736277_0.jpg,475350383736277,2017-04-09T16:01:07+00:00,2017,34.039828055556,-118.25556972222,158.2088055763,False,mly_la,https://www.mapillary.com/app/?pKey=475350383736277,CC BY-SA 4.0,1,66,1,unknown,,0.0
downtown/129749109112382_0,downtown,crops/downtown/129749109112382_0.jpg,129749109112382,2017-04-09T15:50:56+00:00,2017,34.039596388889,-118.25775972222,305.88289040491,False,mly_la,https://www.mapillary.com/app/?pKey=129749109112382,CC BY-SA 4.0,1,66,1,unknown,,0.0
downtown/472641770671201_0,downtown,crops/downtown/472641770671201_0.jpg,472641770671201,2017-07-19T07:25:24+00:00,2017,34.048054722222,-118.25251138889,128.75318277107,False,mly_la,https://www.mapillary.com/app/?pKey=472641770671201,CC BY-SA 4.0,1,65,1,unknown,,0.0
downtown/937663000108112_0,downtown,crops/downtown/937663000108112_0.jpg,937663000108112,2017-04-09T16:00:45+00:00,2017,34.041723055556,-118.25267972222,322.07858833855,False,wsp_us,https://www.mapillary.com/app/?pKey=937663000108112,CC BY-SA 4.0,1,65,1,unknown,,0.0
downtown/597169231685731_0,downtown,crops/downtown/597169231685731_0.jpg,597169231685731,2017-07-19T07:25:20+00:00,2017,34.048581388889,-118.25200138889,309.12833095367,False,mly_la,https://www.mapillary.com/app/?pKey=597169231685731,CC BY-SA 4.0,1,65,1,unknown,,0.0
downtown/2974004439495075_1,downtown,crops/downtown/2974004439495075_1.jpg,2974004439495075,2017-04-09T15:14:03+00:00,2017,34.050118055556,-118.25388305556,127.27013346838,False,mly_la,https://www.mapillary.com/app/?pKey=2974004439495075,CC BY-SA 4.0,1,65,1,unknown,,0.0
downtown/320076023087782_0,downtown,crops/downtown/320076023087782_0.jpg,320076023087782,2017-04-09T15:14:03+00:00,2017,34.050275,-118.254015,217.45267897631,False,mly_la,https://www.mapillary.com/app/?pKey=320076023087782,CC BY-SA 4.0,1,65,1,unknown,,0.0
downtown/776924399675127_1,downtown,crops/downtown/776924399675127_1.jpg,776924399675127,2018-10-02T01:00:17.157000+00:00,2018,34.044772873359,-118.24553408301,295.40774536133,False,lvl5,https://www.mapillary.com/app/?pKey=776924399675127,CC BY-SA 4.0,1,65,1,unknown,,0.0
downtown/294994618954502_0,downtown,crops/downtown/294994618954502_0.jpg,294994618954502,2018-10-02T01:00:23.364000+00:00,2018,34.045074748419,-118.24603807504,307.13684082031,False,lvl5,https://www.mapillary.com/app/?pKey=294994618954502,CC BY-SA 4.0,1,65,1,unknown,,0.0
downtown/455209262254854_0,downtown,crops/downtown/455209262254854_0.jpg,455209262254854,2017-04-09T14:53:27+00:00,2017,34.044674722222,-118.24058305556,307.07068490977,False,wsp_us,https://www.mapillary.com/app/?pKey=455209262254854,CC BY-SA 4.0,1,65,1,unknown,,0.0
downtown/1296328354095491_0,downtown,crops/downtown/1296328354095491_0.jpg,1296328354095491,2017-04-09T14:37:39+00:00,2017,34.047281388889,-118.25646305556,80.326909519799,False,wsp_us,https://www.mapillary.com/app/?pKey=1296328354095491,CC BY-SA 4.0,1,65,2,unknown,,0.0
downtown/460636808369677_0,downtown,crops/downtown/460636808369677_0.jpg,460636808369677,2018-09-29T00:38:25.172000+00:00,2018,34.04302632172,-118.25358947534,299.64077758789,False,lvl5,https://www.mapillary.com/app/?pKey=460636808369677,CC BY-SA 4.0,1,64,1,unknown,,0.0
downtown/1290123484753268_0,downtown,crops/downtown/1290123484753268_0.jpg,1290123484753268,2017-04-09T15:53:53+00:00,2017,34.048198055556,-118.24730972222,130.4171112863,False,wsp_us,https://www.mapillary.com/app/?pKey=1290123484753268,CC BY-SA 4.0,1,64,1,unknown,,0.0
downtown/378596743484067_0,downtown,crops/downtown/378596743484067_0.jpg,378596743484067,2018-07-30T00:15:37.927000+00:00,2018,34.044978422332,-118.237911609,359.0,False,lvl5,https://www.mapillary.com/app/?pKey=378596743484067,CC BY-SA 4.0,1,64,1,unknown,,0.0
downtown/135808968543499_0,downtown,crops/downtown/135808968543499_0.jpg,135808968543499,2017-04-09T12:03:05+00:00,2017,34.050871388889,-118.25163138889,211.88555623135,False,wsp_us,https://www.mapillary.com/app/?pKey=135808968543499,CC BY-SA 4.0,1,64,1,unknown,,0.0
downtown/321225749417409_0,downtown,crops/downtown/321225749417409_0.jpg,321225749417409,2018-10-02T00:54:44.347000+00:00,2018,34.046425263181,-118.25167640871,121.44590759277,False,lvl5,https://www.mapillary.com/app/?pKey=321225749417409,CC BY-SA 4.0,1,64,1,unknown,,0.0
downtown/2982011485401451_0,downtown,crops/downtown/2982011485401451_0.jpg,2982011485401451,2017-04-09T14:19:34+00:00,2017,34.052891388889,-118.24457138889,211.1103440076,False,wsp_us,https://www.mapillary.com/app/?pKey=2982011485401451,CC BY-SA 4.0,1,64,1,unknown,,0.0
downtown/1157409804706971_0,downtown,crops/downtown/1157409804706971_0.jpg,1157409804706971,2017-04-09T13:51:21+00:00,2017,34.053133055556,-118.25122,307.26497345216,False,wsp_us,https://www.mapillary.com/app/?pKey=1157409804706971,CC BY-SA 4.0,1,64,1,unknown,,0.0
downtown/3910833439011919_0,downtown,crops/downtown/3910833439011919_0.jpg,3910833439011919,2017-04-09T12:53:11+00:00,2017,34.054723055556,-118.24607138889,117.0780148166,False,wsp_us,https://www.mapillary.com/app/?pKey=3910833439011919,CC BY-SA 4.0,1,64,1,unknown,,0.0
downtown/2840062009594398_0,downtown,crops/downtown/2840062009594398_0.jpg,2840062009594398,2017-04-09T14:49:17+00:00,2017,34.052868055556,-118.24458,304.1094696569,False,mly_la,https://www.mapillary.com/app/?pKey=2840062009594398,CC BY-SA 4.0,1,64,1,unknown,,0.0
downtown/968939063854717_1,downtown,crops/downtown/968939063854717_1.jpg,968939063854717,2018-10-06T01:02:06.379000+00:00,2018,34.048520170826,-118.24477081434,303.11688232422,False,lvl5,https://www.mapillary.com/app/?pKey=968939063854717,CC BY-SA 4.0,1,64,1,unknown,,0.0
downtown/380944109795675_2,downtown,crops/downtown/380944109795675_2.jpg,380944109795675,2017-07-19T07:27:30+00:00,2017,34.045191388889,-118.25517138889,310.46310099662,False,mly_la,https://www.mapillary.com/app/?pKey=380944109795675,CC BY-SA 4.0,1,64,1,unknown,,0.0
downtown/287127529748041_0,downtown,crops/downtown/287127529748041_0.jpg,287127529748041,2018-11-30T18:49:09.102000+00:00,2018,34.047258945313,-118.23462798383,93.649932861328,False,lvl5,https://www.mapillary.com/app/?pKey=287127529748041,CC BY-SA 4.0,1,64,1,unknown,,0.0
downtown/3832164366901532_0,downtown,crops/downtown/3832164366901532_0.jpg,3832164366901532,2018-10-06T00:51:45.002000+00:00,2018,34.048952575367,-118.24429909132,36.55611038208,False,lvl5,https://www.mapillary.com/app/?pKey=3832164366901532,CC BY-SA 4.0,1,64,1,unknown,,0.0
downtown/459241435172407_0,downtown,crops/downtown/459241435172407_0.jpg,459241435172407,2017-04-30T14:30:37+00:00,2017,34.04763,-118.22777638889,279.46084484996,False,mly_la,https://www.mapillary.com/app/?pKey=459241435172407,CC BY-SA 4.0,1,64,1,unknown,,0.0
downtown/823434371937224_0,downtown,crops/downtown/823434371937224_0.jpg,823434371937224,2017-04-09T15:35:26+00:00,2017,34.050241388889,-118.25396805556,122.30121910054,False,mly_la,https://www.mapillary.com/app/?pKey=823434371937224,CC BY-SA 4.0,1,64,1,unknown,,0.0
downtown/292233412377614_0,downtown,crops/downtown/292233412377614_0.jpg,292233412377614,2017-04-30T13:51:51+00:00,2017,34.047525,-118.22510138889,274.09955257575,False,mly_la,https://www.mapillary.com/app/?pKey=292233412377614,CC BY-SA 4.0,1,64,1,unknown,,0.0
downtown/1168912663593429_1,downtown,crops/downtown/1168912663593429_1.jpg,1168912663593429,2018-11-30T18:50:12.441000+00:00,2018,34.047746008556,-118.22830872289,93.793228149414,False,lvl5,https://www.mapillary.com/app/?pKey=1168912663593429,CC BY-SA 4.0,1,64,1,unknown,,0.0
downtown/137240348382574_0,downtown,crops/downtown/137240348382574_0.jpg,137240348382574,2017-04-09T12:13:09+00:00,2017,34.050444722222,-118.24735138889,223.93299080097,False,mly_la,https://www.mapillary.com/app/?pKey=137240348382574,CC BY-SA 4.0,1,63,1,unknown,,0.0
downtown/191991322764502_0,downtown,crops/downtown/191991322764502_0.jpg,191991322764502,2017-04-09T15:13:59+00:00,2017,34.050371388889,-118.25373638889,71.933775119864,False,mly_la,https://www.mapillary.com/app/?pKey=191991322764502,CC BY-SA 4.0,1,63,1,unknown,,0.0
downtown/1133753960465330_1,downtown,crops/downtown/1133753960465330_1.jpg,1133753960465330,2017-04-09T14:53:29+00:00,2017,34.044586388889,-118.24068,214.46726723143,False,mly_la,https://www.mapillary.com/app/?pKey=1133753960465330,CC BY-SA 4.0,1,63,1,unknown,,0.0
downtown/307195310799429_0,downtown,crops/downtown/307195310799429_0.jpg,307195310799429,2017-04-09T14:38:25+00:00,2017,34.047378055556,-118.25653638889,156.31499832457,False,mly_la,https://www.mapillary.com/app/?pKey=307195310799429,CC BY-SA 4.0,1,63,1,unknown,,0.0
downtown/2930987590553897_0,downtown,crops/downtown/2930987590553897_0.jpg,2930987590553897,2017-04-09T14:46:47+00:00,2017,34.054391388889,-118.24681805556,125.91181697715,False,mly_la,https://www.mapillary.com/app/?pKey=2930987590553897,CC BY-SA 4.0,1,63,1,unknown,,0.0
downtown/1201499246948623_1,downtown,crops/downtown/1201499246948623_1.jpg,1201499246948623,2017-04-09T14:42:28+00:00,2017,34.044205,-118.25781305556,128.04570840971,False,wsp_us,https://www.mapillary.com/app/?pKey=1201499246948623,CC BY-SA 4.0,1,63,1,unknown,,0.0
downtown/1192970917815702_0,downtown,crops/downtown/1192970917815702_0.jpg,1192970917815702,2017-04-30T13:56:37+00:00,2017,34.043318055556,-118.22590972222,69.302082663221,False,mly_la,https://www.mapillary.com/app/?pKey=1192970917815702,CC BY-SA 4.0,1,63,1,unknown,,0.0
downtown/2865472190448041_0,downtown,crops/downtown/2865472190448041_0.jpg,2865472190448041,2017-07-19T07:25:18+00:00,2017,34.048568055556,-118.25202305556,217.36877152533,False,mly_la,https://www.mapillary.com/app/?pKey=2865472190448041,CC BY-SA 4.0,1,62,1,unknown,,0.0
downtown/1113792322441249_1,downtown,crops/downtown/1113792322441249_1.jpg,1113792322441249,2017-04-09T14:15:53+00:00,2017,34.053133055556,-118.24794305556,37.526901364934,False,mly_la,https://www.mapillary.com/app/?pKey=1113792322441249,CC BY-SA 4.0,1,62,1,unknown,,0.0
downtown/285996139911536_1,downtown,crops/downtown/285996139911536_1.jpg,285996139911536,2017-04-09T12:02:37+00:00,2017,34.05226,-118.25390972222,33.776859729768,False,mly_la,https://www.mapillary.com/app/?pKey=285996139911536,CC BY-SA 4.0,1,62,1,unknown,,0.0
downtown/222237645920650_0,downtown,crops/downtown/222237645920650_0.jpg,222237645920650,2017-04-30T13:19:09+00:00,2017,34.046688055556,-118.23271638889,353.7137393513,False,mly_la,https://www.mapillary.com/app/?pKey=222237645920650,CC BY-SA 4.0,1,62,1,unknown,,0.0
downtown/4026170887450832_0,downtown,crops/downtown/4026170887450832_0.jpg,4026170887450832,2017-04-09T14:53:13+00:00,2017,34.045608055556,-118.23979472222,208.91605986607,False,mly_la,https://www.mapillary.com/app/?pKey=4026170887450832,CC BY-SA 4.0,1,62,1,unknown,,0.0
downtown/508347500204192_0,downtown,crops/downtown/508347500204192_0.jpg,508347500204192,2017-04-09T14:31:18+00:00,2017,34.036881388889,-118.24120972222,309.54535755126,False,mly_la,https://www.mapillary.com/app/?pKey=508347500204192,CC BY-SA 4.0,1,62,1,unknown,,0.0
downtown/875349819858081_0,downtown,crops/downtown/875349819858081_0.jpg,875349819858081,2018-10-02T23:49:51.976000+00:00,2018,34.043589558221,-118.25296038233,209.08992004395,False,lvl5,https://www.mapillary.com/app/?pKey=875349819858081,CC BY-SA 4.0,1,62,1,unknown,,0.0
downtown/2817421511844447_1,downtown,crops/downtown/2817421511844447_1.jpg,2817421511844447,2017-04-09T13:51:05+00:00,2017,34.054133055556,-118.25031472222,127.2832223305,False,mly_la,https://www.mapillary.com/app/?pKey=2817421511844447,CC BY-SA 4.0,1,62,1,unknown,,0.0
downtown/825281268414122_1,downtown,crops/downtown/825281268414122_1.jpg,825281268414122,2017-04-09T15:14:02+00:00,2017,34.050188055556,-118.25379805556,135.17406534721,False,mly_la,https://www.mapillary.com/app/?pKey=825281268414122,CC BY-SA 4.0,1,62,1,unknown,,0.0
downtown/295490488883060_0,downtown,crops/downtown/295490488883060_0.jpg,295490488883060,2017-04-09T12:49:01+00:00,2017,34.048514722222,-118.25201638889,118.01599229023,False,wsp_us,https://www.mapillary.com/app/?pKey=295490488883060,CC BY-SA 4.0,1,61,1,unknown,,0.0
downtown/507490573950463_1,downtown,crops/downtown/507490573950463_1.jpg,507490573950463,2017-04-09T15:08:35+00:00,2017,34.053895,-118.24372805556,221.7407396798,False,mly_la,https://www.mapillary.com/app/?pKey=507490573950463,CC BY-SA 4.0,1,61,1,unknown,,0.0
downtown/132598915563954_0,downtown,crops/downtown/132598915563954_0.jpg,132598915563954,2017-04-09T14:38:25+00:00,2017,34.047334722222,-118.25655,19.432006107871,False,wsp_us,https://www.mapillary.com/app/?pKey=132598915563954,CC BY-SA 4.0,1,61,1,unknown,,0.0
downtown/1184271712011401_0,downtown,crops/downtown/1184271712011401_0.jpg,1184271712011401,2017-04-30T13:19:50+00:00,2017,34.046043055556,-118.23269972222,270.0,False,mly_la,https://www.mapillary.com/app/?pKey=1184271712011401,CC BY-SA 4.0,1,61,1,unknown,,0.0
downtown/4395659090457833_0,downtown,crops/downtown/4395659090457833_0.jpg,4395659090457833,2017-04-09T14:00:23+00:00,2017,34.050564722222,-118.25381305556,38.584878751194,False,mly_la,https://www.mapillary.com/app/?pKey=4395659090457833,CC BY-SA 4.0,1,61,1,unknown,,0.0
downtown/518285639207792_0,downtown,crops/downtown/518285639207792_0.jpg,518285639207792,2017-04-09T15:51:28+00:00,2017,34.042306388889,-118.25387305556,140.5785070649,False,wsp_us,https://www.mapillary.com/app/?pKey=518285639207792,CC BY-SA 4.0,1,61,1,unknown,,0.0
downtown/178460137460665_0,downtown,crops/downtown/178460137460665_0.jpg,178460137460665,2017-04-09T12:51:16+00:00,2017,34.049819722222,-118.24972805556,40.237194548703,False,mly_la,https://www.mapillary.com/app/?pKey=178460137460665,CC BY-SA 4.0,1,61,1,unknown,,0.0
downtown/4026170887450832_1,downtown,crops/downtown/4026170887450832_1.jpg,4026170887450832,2017-04-09T14:53:13+00:00,2017,34.045608055556,-118.23979472222,208.91605986607,False,mly_la,https://www.mapillary.com/app/?pKey=4026170887450832,CC BY-SA 4.0,1,61,1,unknown,,0.0
downtown/1422222874810892_0,downtown,crops/downtown/1422222874810892_0.jpg,1422222874810892,2017-04-30T13:09:00+00:00,2017,34.045553055556,-118.23633972222,46.79969415131,False,mly_la,https://www.mapillary.com/app/?pKey=1422222874810892,CC BY-SA 4.0,1,61,1,unknown,,0.0
downtown/236909514853324_0,downtown,crops/downtown/236909514853324_0.jpg,236909514853324,2017-05-12T13:38:35+00:00,2017,34.049301388889,-118.24160638889,4.5118647154634,False,mly_la,https://www.mapillary.com/app/?pKey=236909514853324,CC BY-SA 4.0,1,61,1,unknown,,0.0
downtown/445134343510149_0,downtown,crops/downtown/445134343510149_0.jpg,445134343510149,2018-10-02T01:06:56.619000+00:00,2018,34.039343667973,-118.25790739322,214.1015625,False,lvl5,https://www.mapillary.com/app/?pKey=445134343510149,CC BY-SA 4.0,1,61,1,unknown,,0.0
downtown/1458025201206648_1,downtown,crops/downtown/1458025201206648_1.jpg,1458025201206648,2017-04-09T13:43:11+00:00,2017,34.048296388889,-118.25079638889,303.09945671454,False,mly_la,https://www.mapillary.com/app/?pKey=1458025201206648,CC BY-SA 4.0,1,61,1,unknown,,0.0
downtown/746499236229812_0,downtown,crops/downtown/746499236229812_0.jpg,746499236229812,2017-04-09T12:50:32+00:00,2017,34.050536388889,-118.25007472222,304.86606285484,False,mly_la,https://www.mapillary.com/app/?pKey=746499236229812,CC BY-SA 4.0,1,61,1,unknown,,0.0
downtown/1204816633309537_1,downtown,crops/downtown/1204816633309537_1.jpg,1204816633309537,2017-04-09T14:42:27+00:00,2017,34.044119722222,-118.25787472222,306.60820341752,False,mly_la,https://www.mapillary.com/app/?pKey=1204816633309537,CC BY-SA 4.0,1,61,1,unknown,,0.0
downtown/177302107600249_1,downtown,crops/downtown/177302107600249_1.jpg,177302107600249,2017-04-09T15:12:36+00:00,2017,34.052659722222,-118.25177138889,306.51563192139,False,wsp_us,https://www.mapillary.com/app/?pKey=177302107600249,CC BY-SA 4.0,1,60,1,unknown,,0.0
downtown/514613266345261_0,downtown,crops/downtown/514613266345261_0.jpg,514613266345261,2017-04-09T14:50:17+00:00,2017,34.052478055556,-118.24391805556,307.02915480114,False,mly_la,https://www.mapillary.com/app/?pKey=514613266345261,CC BY-SA 4.0,1,60,1,unknown,,0.0
downtown/465716354543207_2,downtown,crops/downtown/465716354543207_2.jpg,465716354543207,2017-04-09T12:53:13+00:00,2017,34.054956388889,-118.24590305556,125.87796165602,False,wsp_us,https://www.mapillary.com/app/?pKey=465716354543207,CC BY-SA 4.0,1,60,1,unknown,,0.0
downtown/1156695704829948_0,downtown,crops/downtown/1156695704829948_0.jpg,1156695704829948,2017-04-09T12:46:07+00:00,2017,34.044883055556,-118.25187472222,291.91419811543,False,mly_la,https://www.mapillary.com/app/?pKey=1156695704829948,CC BY-SA 4.0,1,60,1,unknown,,0.0
downtown/326490808897406_0,downtown,crops/downtown/326490808897406_0.jpg,326490808897406,2017-04-09T12:33:25+00:00,2017,34.042943055556,-118.23814805556,184.58467042666,False,mly_la,https://www.mapillary.com/app/?pKey=326490808897406,CC BY-SA 4.0,1,60,1,unknown,,0.0
downtown/767339883947821_0,downtown,crops/downtown/767339883947821_0.jpg,767339883947821,2017-04-09T14:50:18+00:00,2017,34.052481388889,-118.24391805556,37.029155891229,False,mly_la,https://www.mapillary.com/app/?pKey=767339883947821,CC BY-SA 4.0,1,60,1,unknown,,0.0
downtown/526972631666347_0,downtown,crops/downtown/526972631666347_0.jpg,526972631666347,2018-10-02T23:41:19.719000+00:00,2018,34.048739321274,-118.24510480695,303.24273681641,False,lvl5,https://www.mapillary.com/app/?pKey=526972631666347,CC BY-SA 4.0,1,60,1,unknown,,0.0
downtown/1172021183226567_0,downtown,crops/downtown/1172021183226567_0.jpg,1172021183226567,2017-04-09T14:19:35+00:00,2017,34.052881388889,-118.24455138889,210.48809672829,False,wsp_us,https://www.mapillary.com/app/?pKey=1172021183226567,CC BY-SA 4.0,1,60,1,unknown,,0.0
downtown/521161069098325_1,downtown,crops/downtown/521161069098325_1.jpg,521161069098325,2017-04-09T14:53:14+00:00,2017,34.045515,-118.23983,125.29146982165,False,mly_la,https://www.mapillary.com/app/?pKey=521161069098325,CC BY-SA 4.0,1,60,1,unknown,,0.0
downtown/483247149634456_0,downtown,crops/downtown/483247149634456_0.jpg,483247149634456,2017-04-30T14:30:52+00:00,2017,34.049266388889,-118.22759638889,184.62143554583,False,mly_la,https://www.mapillary.com/app/?pKey=483247149634456,CC BY-SA 4.0,1,60,1,unknown,,0.0
downtown/1439197606446367_2,downtown,crops/downtown/1439197606446367_2.jpg,1439197606446367,2017-04-09T12:09:13+00:00,2017,34.043605,-118.23553138889,240.38443683164,False,mly_la,https://www.mapillary.com/app/?pKey=1439197606446367,CC BY-SA 4.0,1,60,1,unknown,,0.0
downtown/896186000956538_0,downtown,crops/downtown/896186000956538_0.jpg,896186000956538,2017-04-09T14:30:20+00:00,2017,34.038379722222,-118.23852972222,92.333738312602,False,mly_la,https://www.mapillary.com/app/?pKey=896186000956538,CC BY-SA 4.0,1,60,1,unknown,,0.0
downtown/981802302357662_0,downtown,crops/downtown/981802302357662_0.jpg,981802302357662,2018-07-30T00:18:19.303000+00:00,2018,34.042041202132,-118.22591850821,68.5546875,False,lvl5,https://www.mapillary.com/app/?pKey=981802302357662,CC BY-SA 4.0,1,60,1,unknown,,0.0
downtown/296431742201725_0,downtown,crops/downtown/296431742201725_0.jpg,296431742201725,2017-04-09T16:00:48+00:00,2017,34.041461388889,-118.25308,321.29907843016,False,wsp_us,https://www.mapillary.com/app/?pKey=296431742201725,CC BY-SA 4.0,1,60,1,unknown,,0.0
downtown/1756309627879847_0,downtown,crops/downtown/1756309627879847_0.jpg,1756309627879847,2017-04-30T14:29:47+00:00,2017,34.04728,-118.22782472222,274.21778756702,False,mly_la,https://www.mapillary.com/app/?pKey=1756309627879847,CC BY-SA 4.0,1,60,1,unknown,,0.0
downtown/3998694283506800_0,downtown,crops/downtown/3998694283506800_0.jpg,3998694283506800,2017-04-09T12:49:01+00:00,2017,34.04848,-118.25201472222,209.10883414927,False,mly_la,https://www.mapillary.com/app/?pKey=3998694283506800,CC BY-SA 4.0,1,60,1,unknown,,0.0
downtown/134821745331717_0,downtown,crops/downtown/134821745331717_0.jpg,134821745331717,2017-04-09T16:22:49+00:00,2017,34.050708055556,-118.25169638889,222.74234388793,False,mly_la,https://www.mapillary.com/app/?pKey=134821745331717,CC BY-SA 4.0,1,60,1,unknown,,0.0
downtown/526972631666347_1,downtown,crops/downtown/526972631666347_1.jpg,526972631666347,2018-10-02T23:41:19.719000+00:00,2018,34.048739321274,-118.24510480695,303.24273681641,False,lvl5,https://www.mapillary.com/app/?pKey=526972631666347,CC BY-SA 4.0,1,60,1,unknown,,0.0
downtown/3972961049416077_0,downtown,crops/downtown/3972961049416077_0.jpg,3972961049416077,2017-04-30T14:29:47+00:00,2017,34.04727,-118.22783138889,184.30767195694,False,mly_la,https://www.mapillary.com/app/?pKey=3972961049416077,CC BY-SA 4.0,1,59,1,unknown,,0.0
downtown/211764007084868_0,downtown,crops/downtown/211764007084868_0.jpg,211764007084868,2017-05-12T13:38:43+00:00,2017,34.049828055556,-118.24131305556,27.395165638431,False,mly_la,https://www.mapillary.com/app/?pKey=211764007084868,CC BY-SA 4.0,1,59,1,unknown,,0.0
downtown/1439197606446367_1,downtown,crops/downtown/1439197606446367_1.jpg,1439197606446367,2017-04-09T12:09:13+00:00,2017,34.043605,-118.23553138889,240.38443683164,False,mly_la,https://www.mapillary.com/app/?pKey=1439197606446367,CC BY-SA 4.0,1,59,1,unknown,,0.0
downtown/294642638826949_0,downtown,crops/downtown/294642638826949_0.jpg,294642638826949,2017-04-09T15:53:46+00:00,2017,34.047923055556,-118.24753638889,217.31026030794,False,mly_la,https://www.mapillary.com/app/?pKey=294642638826949,CC BY-SA 4.0,1,59,1,unknown,,0.0
downtown/2860226347533239_0,downtown,crops/downtown/2860226347533239_0.jpg,2860226347533239,2017-04-09T14:57:41+00:00,2017,34.039351388889,-118.24411305556,301.14145039943,False,mly_la,https://www.mapillary.com/app/?pKey=2860226347533239,CC BY-SA 4.0,1,59,1,unknown,,0.0
downtown/477695140107582_0,downtown,crops/downtown/477695140107582_0.jpg,477695140107582,2017-04-09T16:14:29+00:00,2017,34.039529722222,-118.25283638889,25.140808619085,False,mly_la,https://www.mapillary.com/app/?pKey=477695140107582,CC BY-SA 4.0,1,59,1,unknown,,0.0
downtown/1421860058147264_0,downtown,crops/downtown/1421860058147264_0.jpg,1421860058147264,2018-10-06T00:59:05.691000+00:00,2018,34.046807970258,-118.23958283403,187.24765014648,False,lvl5,https://www.mapillary.com/app/?pKey=1421860058147264,CC BY-SA 4.0,1,59,3,unknown,,0.0
downtown/177302107600249_0,downtown,crops/downtown/177302107600249_0.jpg,177302107600249,2017-04-09T15:12:36+00:00,2017,34.052659722222,-118.25177138889,306.51563192139,False,wsp_us,https://www.mapillary.com/app/?pKey=177302107600249,CC BY-SA 4.0,1,59,1,unknown,,0.0
downtown/3886821198030854_0,downtown,crops/downtown/3886821198030854_0.jpg,3886821198030854,2017-04-30T14:30:44+00:00,2017,34.048241388889,-118.22767472222,273.78799924896,False,mly_la,https://www.mapillary.com/app/?pKey=3886821198030854,CC BY-SA 4.0,1,59,1,unknown,,0.0
downtown/948998435873191_0,downtown,crops/downtown/948998435873191_0.jpg,948998435873191,2017-07-19T07:24:00+00:00,2017,34.050928055556,-118.24983305556,127.34833421132,False,mly_la,https://www.mapillary.com/app/?pKey=948998435873191,CC BY-SA 4.0,1,59,1,unknown,,0.0
downtown/138648001589041_0,downtown,crops/downtown/138648001589041_0.jpg,138648001589041,2018-12-28T21:12:27.866000+00:00,2018,34.045487653096,-118.23952551886,1.8832492828369,False,lvl5,https://www.mapillary.com/app/?pKey=138648001589041,CC BY-SA 4.0,1,59,1,unknown,,0.0
downtown/367677614644381_1,downtown,crops/downtown/367677614644381_1.jpg,367677614644381,2017-04-09T12:52:25+00:00,2017,34.053019722222,-118.24776305556,215.85753776181,False,mly_la,https://www.mapillary.com/app/?pKey=367677614644381,CC BY-SA 4.0,1,59,1,unknown,,0.0
downtown/521364865565196_0,downtown,crops/downtown/521364865565196_0.jpg,521364865565196,2017-04-09T14:49:22+00:00,2017,34.052815,-118.24442805556,217.40238593901,False,wsp_us,https://www.mapillary.com/app/?pKey=521364865565196,CC BY-SA 4.0,1,59,1,unknown,,0.0
downtown/521364865565196_1,downtown,crops/downtown/521364865565196_1.jpg,521364865565196,2017-04-09T14:49:22+00:00,2017,34.052815,-118.24442805556,217.40238593901,False,wsp_us,https://www.mapillary.com/app/?pKey=521364865565196,CC BY-SA 4.0,1,59,1,unknown,,0.0
downtown/502668467841919_0,downtown,crops/downtown/502668467841919_0.jpg,502668467841919,2017-04-09T14:08:04+00:00,2017,34.047556388889,-118.25655472222,209.93131357213,False,mly_la,https://www.mapillary.com/app/?pKey=502668467841919,CC BY-SA 4.0,1,59,1,unknown,,0.0
downtown/981802302357662_1,downtown,crops/downtown/981802302357662_1.jpg,981802302357662,2018-07-30T00:18:19.303000+00:00,2018,34.042041202132,-118.22591850821,68.5546875,False,lvl5,https://www.mapillary.com/app/?pKey=981802302357662,CC BY-SA 4.0,1,59,1,unknown,,0.0
downtown/460916178545052_0,downtown,crops/downtown/460916178545052_0.jpg,460916178545052,2018-10-06T01:06:17.780000+00:00,2018,34.05434367187,-118.25327476913,306.60583496094,False,lvl5,https://www.mapillary.com/app/?pKey=460916178545052,CC BY-SA 4.0,1,59,1,unknown,,0.0
downtown/1692052871005943_0,downtown,crops/downtown/1692052871005943_0.jpg,1692052871005943,2017-04-09T14:49:18+00:00,2017,34.052891388889,-118.24456472222,211.56482169052,False,wsp_us,https://www.mapillary.com/app/?pKey=1692052871005943,CC BY-SA 4.0,1,59,1,unknown,,0.0
downtown/135808968543499_1,downtown,crops/downtown/135808968543499_1.jpg,135808968543499,2017-04-09T12:03:05+00:00,2017,34.050871388889,-118.25163138889,211.88555623135,False,wsp_us,https://www.mapillary.com/app/?pKey=135808968543499,CC BY-SA 4.0,1,58,1,unknown,,0.0
downtown/1456890018022060_0,downtown,crops/downtown/1456890018022060_0.jpg,1456890018022060,2017-04-09T15:58:57+00:00,2017,34.045914722222,-118.24775805556,308.56615303703,False,wsp_us,https://www.mapillary.com/app/?pKey=1456890018022060,CC BY-SA 4.0,1,58,1,unknown,,0.0
downtown/318119843268225_1,downtown,crops/downtown/318119843268225_1.jpg,318119843268225,2017-05-12T13:12:08+00:00,2017,34.036269722222,-118.23034805556,76.366649542455,False,mly_la,https://www.mapillary.com/app/?pKey=318119843268225,CC BY-SA 4.0,1,58,1,unknown,,0.0
downtown/2777145802536880_0,downtown,crops/downtown/2777145802536880_0.jpg,2777145802536880,2017-04-30T13:51:42+00:00,2017,34.0476,-118.22619305556,4.3570789805498,False,mly_la,https://www.mapillary.com/app/?pKey=2777145802536880,CC BY-SA 4.0,1,58,1,unknown,,0.0
downtown/1205966649842699_0,downtown,crops/downtown/1205966649842699_0.jpg,1205966649842699,2017-04-09T16:13:45+00:00,2017,34.039889722222,-118.253205,47.071062826977,False,mly_la,https://www.mapillary.com/app/?pKey=1205966649842699,CC BY-SA 4.0,1,58,1,unknown,,0.0
downtown/138238598353291_0,downtown,crops/downtown/138238598353291_0.jpg,138238598353291,2018-10-01T23:54:41.892000+00:00,2018,34.051813347816,-118.25291509626,142.25918579102,False,lvl5,https://www.mapillary.com/app/?pKey=138238598353291,CC BY-SA 4.0,1,58,1,unknown,,0.0
downtown/364812368295743_0,downtown,crops/downtown/364812368295743_0.jpg,364812368295743,2017-04-09T16:22:51+00:00,2017,34.050908055556,-118.25189138889,42.530528358063,False,mly_la,https://www.mapillary.com/app/?pKey=364812368295743,CC BY-SA 4.0,1,58,1,unknown,,0.0
downtown/474249667197832_0,downtown,crops/downtown/474249667197832_0.jpg,474249667197832,2017-04-30T13:51:50+00:00,2017,34.04754,-118.22525638889,4.0607880750067,False,mly_la,https://www.mapillary.com/app/?pKey=474249667197832,CC BY-SA 4.0,1,58,1,unknown,,0.0
downtown/205039097913549_0,downtown,crops/downtown/205039097913549_0.jpg,205039097913549,2017-04-09T14:15:58+00:00,2017,34.052873055556,-118.24755805556,221.81346683515,False,wsp_us,https://www.mapillary.com/app/?pKey=205039097913549,CC BY-SA 4.0,1,57,1,unknown,,0.0
downtown/1349320788783374_0,downtown,crops/downtown/1349320788783374_0.jpg,1349320788783374,2017-04-09T16:12:43+00:00,2017,34.043508055556,-118.25774805556,223.11691382381,False,wsp_us,https://www.mapillary.com/app/?pKey=1349320788783374,CC BY-SA 4.0,1,57,1,unknown,,0.0
downtown/849170722611199_0,downtown,crops/downtown/849170722611199_0.jpg,849170722611199,2017-04-09T12:52:25+00:00,2017,34.053036388889,-118.24782138889,306.90088081143,False,mly_la,https://www.mapillary.com/app/?pKey=849170722611199,CC BY-SA 4.0,1,57,1,unknown,,0.0
downtown/288688052864714_0,downtown,crops/downtown/288688052864714_0.jpg,288688052864714,2017-04-09T14:38:21+00:00,2017,34.047278055556,-118.25645305556,154.08342420764,False,mly_la,https://www.mapillary.com/app/?pKey=288688052864714,CC BY-SA 4.0,1,57,1,unknown,,0.0
downtown/183342783634859_0,downtown,crops/downtown/183342783634859_0.jpg,183342783634859,2017-04-09T15:15:22+00:00,2017,34.047091388889,-118.25673805556,308.98357023792,False,wsp_us,https://www.mapillary.com/app/?pKey=183342783634859,CC BY-SA 4.0,1,57,1,unknown,,0.0
downtown/138394214883605_0,downtown,crops/downtown/138394214883605_0.jpg,138394214883605,2017-04-09T14:33:41+00:00,2017,34.042591388889,-118.24940138889,310.23055908469,False,mly_la,https://www.mapillary.com/app/?pKey=138394214883605,CC BY-SA 4.0,1,57,1,unknown,,0.0
downtown/312245536924927_1,downtown,crops/downtown/312245536924927_1.jpg,312245536924927,2017-04-09T12:04:28+00:00,2017,34.049993055556,-118.25011138889,128.34058679645,False,mly_la,https://www.mapillary.com/app/?pKey=312245536924927,CC BY-SA 4.0,1,57,1,unknown,,0.0
downtown/930940611004743_0,downtown,crops/downtown/930940611004743_0.jpg,930940611004743,2017-07-19T07:24:05+00:00,2017,34.050519722222,-118.25021,219.64327845794,False,mly_la,https://www.mapillary.com/app/?pKey=930940611004743,CC BY-SA 4.0,1,57,1,unknown,,0.0
downtown/801594583820108_0,downtown,crops/downtown/801594583820108_0.jpg,801594583820108,2017-04-09T14:42:24+00:00,2017,34.044011388889,-118.25798638889,219.10217611533,False,mly_la,https://www.mapillary.com/app/?pKey=801594583820108,CC BY-SA 4.0,1,57,1,unknown,,0.0
downtown/145504567535962_0,downtown,crops/downtown/145504567535962_0.jpg,145504567535962,2017-04-09T14:19:56+00:00,2017,34.052566388889,-118.24392638889,215.02346689575,False,wsp_us,https://www.mapillary.com/app/?pKey=145504567535962,CC BY-SA 4.0,1,57,1,unknown,,0.0
downtown/3955092294609001_0,downtown,crops/downtown/3955092294609001_0.jpg,3955092294609001,2017-04-09T13:51:30+00:00,2017,34.052509722222,-118.25188305556,109.02661907044,False,mly_la,https://www.mapillary.com/app/?pKey=3955092294609001,CC BY-SA 4.0,1,57,1,unknown,,0.0
downtown/580993592878812_0,downtown,crops/downtown/580993592878812_0.jpg,580993592878812,2017-04-09T12:05:37+00:00,2017,34.048229722222,-118.24752305556,222.87322357011,False,wsp_us,https://www.mapillary.com/app/?pKey=580993592878812,CC BY-SA 4.0,1,57,1,unknown,,0.0
downtown/459241435172407_1,downtown,crops/downtown/459241435172407_1.jpg,459241435172407,2017-04-30T14:30:37+00:00,2017,34.04763,-118.22777638889,279.46084484996,False,mly_la,https://www.mapillary.com/app/?pKey=459241435172407,CC BY-SA 4.0,1,57,1,unknown,,0.0
downtown/4504659706230763_1,downtown,crops/downtown/4504659706230763_1.jpg,4504659706230763,2017-04-30T12:58:10+00:00,2017,34.050305,-118.23443972222,284.63182758066,False,mly_la,https://www.mapillary.com/app/?pKey=4504659706230763,CC BY-SA 4.0,1,57,1,unknown,,0.0
downtown/773560043522350_0,downtown,crops/downtown/773560043522350_0.jpg,773560043522350,2018-07-29T23:20:34.838000+00:00,2018,34.042969226249,-118.23809445988,4.6835947036743,False,lvl5,https://www.mapillary.com/app/?pKey=773560043522350,CC BY-SA 4.0,1,57,1,unknown,,0.0
downtown/222826892975840_0,downtown,crops/downtown/222826892975840_0.jpg,222826892975840,2017-04-30T14:30:51+00:00,2017,34.049131388889,-118.22760805556,184.09559658188,False,mly_la,https://www.mapillary.com/app/?pKey=222826892975840,CC BY-SA 4.0,1,57,1,unknown,,0.0
downtown/1405712496460185_0,downtown,crops/downtown/1405712496460185_0.jpg,1405712496460185,2018-10-02T00:35:34.973000+00:00,2018,34.044006785362,-118.25796488493,40.665470123291,False,lvl5,https://www.mapillary.com/app/?pKey=1405712496460185,CC BY-SA 4.0,1,57,1,unknown,,0.0
downtown/884258605763050_0,downtown,crops/downtown/884258605763050_0.jpg,884258605763050,2017-04-09T14:42:33+00:00,2017,34.04471,-118.25732138889,38.262684520413,False,mly_la,https://www.mapillary.com/app/?pKey=884258605763050,CC BY-SA 4.0,1,57,1,unknown,,0.0
downtown/2869509476594658_0,downtown,crops/downtown/2869509476594658_0.jpg,2869509476594658,2018-10-02T23:49:49.373000+00:00,2018,34.044160311777,-118.25268162294,212.21315002441,False,lvl5,https://www.mapillary.com/app/?pKey=2869509476594658,CC BY-SA 4.0,1,57,1,unknown,,0.0
downtown/2947627795524813_0,downtown,crops/downtown/2947627795524813_0.jpg,2947627795524813,2017-04-09T13:59:49+00:00,2017,34.05074,-118.25343805556,305.11683814584,False,wsp_us,https://www.mapillary.com/app/?pKey=2947627795524813,CC BY-SA 4.0,1,57,1,unknown,,0.0
downtown/742035213134089_0,downtown,crops/downtown/742035213134089_0.jpg,742035213134089,2017-04-09T12:45:18+00:00,2017,34.044999722222,-118.25188805556,17.194697778439,False,mly_la,https://www.mapillary.com/app/?pKey=742035213134089,CC BY-SA 4.0,1,57,1,unknown,,0.0
downtown/1864351420402866_0,downtown,crops/downtown/1864351420402866_0.jpg,1864351420402866,2017-04-09T12:51:36+00:00,2017,34.052935,-118.24790138889,117.34919830025,False,wsp_us,https://www.mapillary.com/app/?pKey=1864351420402866,CC BY-SA 4.0,1,56,1,unknown,,0.0
downtown/497518211443949_1,downtown,crops/downtown/497518211443949_1.jpg,497518211443949,2017-04-09T12:07:22+00:00,2017,34.045921388889,-118.24325638889,116.05662954596,False,mly_la,https://www.mapillary.com/app/?pKey=497518211443949,CC BY-SA 4.0,1,56,1,unknown,,0.0
downtown/298178661948032_0,downtown,crops/downtown/298178661948032_0.jpg,298178661948032,2017-04-09T14:49:26+00:00,2017,34.052628055556,-118.24417972222,309.88184400787,False,mly_la,https://www.mapillary.com/app/?pKey=298178661948032,CC BY-SA 4.0,1,56,1,unknown,,0.0
downtown/173037471267812_0,downtown,crops/downtown/173037471267812_0.jpg,173037471267812,2017-04-09T14:53:28+00:00,2017,34.044606388889,-118.24063138889,132.08090056439,False,mly_la,https://www.mapillary.com/app/?pKey=173037471267812,CC BY-SA 4.0,1,56,1,unknown,,0.0
downtown/1157409804706971_1,downtown,crops/downtown/1157409804706971_1.jpg,1157409804706971,2017-04-09T13:51:21+00:00,2017,34.053133055556,-118.25122,307.26497345216,False,wsp_us,https://www.mapillary.com/app/?pKey=1157409804706971,CC BY-SA 4.0,1,56,1,unknown,,0.0
