candidate_id,area,crop_path,image_id,captured_at,year,lat,lon,compass_angle,is_pano,creator_username,source_url,license,n_panels_detected,height_native,n_views,ocr_status,ocr_text,ocr_conf
hollywood/1513603382318430_0,hollywood,crops/hollywood/1513603382318430_0.jpg,1513603382318430,2021-08-11T19:59:36.533000+00:00,2021,34.102888981003,-118.33865834331,358.69304440195,False,etunell,https://www.mapillary.com/app/?pKey=1513603382318430,CC BY-SA 4.0,3,1150,1,parking,NOSTOPPING | ANY TIME | DO IPOACE,0.854
hollywood/888723225404950_0,hollywood,crops/hollywood/888723225404950_0.jpg,888723225404950,2021-08-11T17:56:07.608000+00:00,2021,34.100456923895,-118.33501051357,358.84552847895,False,etunell,https://www.mapillary.com/app/?pKey=888723225404950,CC BY-SA 4.0,4,967,1,parking,SCHOOL | SPEED | LIMIT | 15 | WHEN | CHILDREN | ARE PRESENT | 2 | PARKING | HHOUR | 8AM | 8PM | 19 | 8AM | IIAM | 8PM | TO,0.922
hollywood/617225442566940_0,hollywood,crops/hollywood/617225442566940_0.jpg,617225442566940,2019-08-21T18:41:16.467000+00:00,2019,34.102345706756,-118.3446674085,345.12590704532,False,gyllen,https://www.mapillary.com/app/?pKey=617225442566940,CC BY-SA 4.0,3,752,1,parking,12NOON3PM | MONDAY | STREETSWEEPING | HOUR | PARKING | 8AM | MON-THUR | 8AM | FRI & SAT | 11AM | SUONINY | IO | IO | 8PM | IO | 8PM | MIDNIGHT,0.908
hollywood/4028726423888305_0,hollywood,crops/hollywood/4028726423888305_0.jpg,4028726423888305,2021-05-06T21:48:34.907000+00:00,2021,34.102137179908,-118.328141764,1.7728573441381,False,etunell,https://www.mapillary.com/app/?pKey=4028726423888305,CC BY-SA 4.0,2,699,1,parking,2 | PARKING | HOUR | 8AM | 8AM | 11AM | 8PM | MDNICHT | 8PM,0.971
hollywood/165175038852527_0,hollywood,crops/hollywood/165175038852527_0.jpg,165175038852527,2013-12-06T18:05:12+00:00,2013,34.103769511215,-118.34477408042,0.1217041,False,gyllen,https://www.mapillary.com/app/?pKey=165175038852527,CC BY-SA 4.0,2,680,1,parking,12NOON3PM | MONDAY | STREET SWEEPING | NO | PARKING | TIME | ANY | DISTRICT NO.96 | PERMITS EXEMPTED,0.99
hollywood/233720168654518_0,hollywood,crops/hollywood/233720168654518_0.jpg,233720168654518,2021-08-11T18:23:29.528000+00:00,2021,34.10031759944,-118.33979173565,90.155309850431,False,etunell,https://www.mapillary.com/app/?pKey=233720168654518,CC BY-SA 4.0,4,686,1,parking,12NOON-3PM | NUESUAY | NOSTOPPING | ANY TIME | VEHICLES OVER | HIGH OR Z2 LONG | PASSENGER | LOADING ONLY | 6:30AM9AM | 1:30PM24PM | SCHOOL DAYS | 2PARKING | HOUR | SCADOL,0.924
hollywood/297152232142707_0,hollywood,crops/hollywood/297152232142707_0.jpg,297152232142707,2017-07-01T14:48:02+00:00,2017,34.094506388889,-118.34417472222,269.02847220389,False,mly_la,https://www.mapillary.com/app/?pKey=297152232142707,CC BY-SA 4.0,3,662,1,unknown,Food Mart | ATM | GOLD | STATUS | a | GOLD | STATUS,0.968
hollywood/212880013643279_0,hollywood,crops/hollywood/212880013643279_0.jpg,212880013643279,2016-11-02T17:14:07.429000+00:00,2016,34.102372681327,-118.34466476661,348.0,False,gyllen,https://www.mapillary.com/app/?pKey=212880013643279,CC BY-SA 4.0,3,792,1,parking,120N3N | PARRKING | 8An Buw IA | 8PM | 8PM,0.705
hollywood/619203522375759_0,hollywood,crops/hollywood/619203522375759_0.jpg,619203522375759,2017-08-07T07:25:23+00:00,2017,34.101581388889,-118.32792305556,175.47210572229,False,mly_la,https://www.mapillary.com/app/?pKey=619203522375759,CC BY-SA 4.0,3,784,1,unknown,@HENe | MUSI | DTC,0.689
hollywood/386757676117717_0,hollywood,crops/hollywood/386757676117717_0.jpg,386757676117717,2021-08-11T20:38:50.579000+00:00,2021,34.104219864618,-118.33840859873,234.04452710708,False,etunell,https://www.mapillary.com/app/?pKey=386757676117717,CC BY-SA 4.0,1,669,1,unknown,AHUEAD,0.868
hollywood/837802730149191_0,hollywood,crops/hollywood/837802730149191_0.jpg,837802730149191,2021-05-06T21:20:53.985000+00:00,2021,34.098640446476,-118.33860682403,8.9520408408655,False,etunell,https://www.mapillary.com/app/?pKey=837802730149191,CC BY-SA 4.0,3,639,1,parking,ANTI-GRIDLOCK | ZONE | NOSTOPPING | 7AM TO 9AM | 3PMPM | CXCEPE SATURGAY & SUNGAY | 2 | PARKING | HOUR | wv6 | 8AM11AM | 3PM 8PM 8PM,0.926
hollywood/1133001967205158_0,hollywood,crops/hollywood/1133001967205158_0.jpg,1133001967205158,2021-05-06T20:32:05.993000+00:00,2021,34.104432909042,-118.34392310026,349.79952187728,False,etunell,https://www.mapillary.com/app/?pKey=1133001967205158,CC BY-SA 4.0,2,630,1,parking,5 | NOP | PARKING,0.941
hollywood/489780232443885_0,hollywood,crops/hollywood/489780232443885_0.jpg,489780232443885,2015-10-08T00:41:55.843000+00:00,2015,34.095442,-118.300609,196.9725,False,ahealthydesign,https://www.mapillary.com/app/?pKey=489780232443885,CC BY-SA 4.0,1,604,1,unknown,MUFFLES | CATALYTIC | Can | Bet | CROMETIED,0.99
hollywood/893149998251762_0,hollywood,crops/hollywood/893149998251762_0.jpg,893149998251762,2021-08-19T18:17:00.521000+00:00,2021,34.09910167977,-118.33877393215,179.22339069754,False,etunell,https://www.mapillary.com/app/?pKey=893149998251762,CC BY-SA 4.0,4,631,1,parking,ANTI-GRIDLOCK | ZONE | NOSTOPPING | TOW-AWAY | 7A9AM | 3PM=1AM | EECEPT SUNDAY | NO PARKING | AMPM,0.887
hollywood/1655149164686132_0,hollywood,crops/hollywood/1655149164686132_0.jpg,1655149164686132,2018-12-19T22:45:55.159000+00:00,2018,34.101610723032,-118.32935143725,92.064575195312,False,igorzo,https://www.mapillary.com/app/?pKey=1655149164686132,CC BY-SA 4.0,5,553,1,parking,SPEED | LIMIT | 25 | e10 | ER | DENT | 3AM=6AM | 469 | 2PARKING | SeH | Esp,0.95
hollywood/2848572432123905_0,hollywood,crops/hollywood/2848572432123905_0.jpg,2848572432123905,2021-08-11T20:34:09.549000+00:00,2021,34.103223434498,-118.33590485465,267.79962028492,False,etunell,https://www.mapillary.com/app/?pKey=2848572432123905,CC BY-SA 4.0,2,544,1,parking,8AM10AM | MONDAY | STREET SWEEPING | 4 | HOUR | PARKING | 8AM06PM | EXCEPT SAT&SUN,0.972
hollywood/787418872144725_0,hollywood,crops/hollywood/787418872144725_0.jpg,787418872144725,2021-05-06T19:31:58.893000+00:00,2021,34.101562668539,-118.32989221198,87.831950163508,False,etunell,https://www.mapillary.com/app/?pKey=787418872144725,CC BY-SA 4.0,2,530,1,parking,RAYMOND | CHANDLER | SQUARE | Parking | Cahuenga,1.0
hollywood/2859338567716303_0,hollywood,crops/hollywood/2859338567716303_0.jpg,2859338567716303,2021-05-06T22:25:28.895000+00:00,2021,34.101741520593,-118.33874878146,177.76820522469,False,etunell,https://www.mapillary.com/app/?pKey=2859338567716303,CC BY-SA 4.0,1,530,1,unknown,W | ONRED,0.999
hollywood/416121729840150_0,hollywood,crops/hollywood/416121729840150_0.jpg,416121729840150,2021-08-11T17:44:30.538000+00:00,2021,34.100981934732,-118.32672708034,178.47015375716,False,etunell,https://www.mapillary.com/app/?pKey=416121729840150,CC BY-SA 4.0,2,514,1,parking,TOW-AWAY | NOPARKING | TEMPORARY | ANY TIME | FRIDAY ONLY,0.999
hollywood/4134720263286373_0,hollywood,crops/hollywood/4134720263286373_0.jpg,4134720263286373,2014-06-08T01:52:20+00:00,2014,34.090768,-118.309781,100.3744,False,gyllen,https://www.mapillary.com/app/?pKey=4134720263286373,CC BY-SA 4.0,1,522,1,unknown,NORTH | OFWY | SOUTH,0.947
hollywood/310938833935780_0,hollywood,crops/hollywood/310938833935780_0.jpg,310938833935780,2021-05-06T22:48:49.743000+00:00,2021,34.102423303496,-118.33107745408,179.39338633914,False,etunell,https://www.mapillary.com/app/?pKey=310938833935780,CC BY-SA 4.0,2,515,1,parking,8AM010AM | TUESDAY | STREET CLEANING | 2 | PARKING | HOUR | MON-THUSR | 8AM | TO | FHI-SAT | 8AM | TO | 11AM | SUNDAY | 8PM | TO | 8PM | MIDNIGHT,0.963
hollywood/3144101639208156_1,hollywood,crops/hollywood/3144101639208156_1.jpg,3144101639208156,2021-08-11T17:47:27.906000+00:00,2021,34.101554257502,-118.32942383925,51.932187933892,False,etunell,https://www.mapillary.com/app/?pKey=3144101639208156,CC BY-SA 4.0,4,571,1,parking,3u=6 | 2PERYN | tow- | NOPARXING | ANYTIME | COMLY,0.795
hollywood/957987201407393_0,hollywood,crops/hollywood/957987201407393_0.jpg,957987201407393,2018-03-04T18:41:03+00:00,2018,34.104100899972,-118.3441415,89.79766342883,False,chrisbeddow,https://www.mapillary.com/app/?pKey=957987201407393,CC BY-SA 4.0,3,468,1,parking,TOW-AWAY | NOSTOPPING | RARY | 6AMMIDNIGHT | SUNDAY ONLY,0.989
hollywood/4527996570560922_0,hollywood,crops/hollywood/4527996570560922_0.jpg,4527996570560922,2015-10-06T19:42:11.819000+00:00,2015,34.098194,-118.297522,83.63916,False,ahealthydesign,https://www.mapillary.com/app/?pKey=4527996570560922,CC BY-SA 4.0,1,454,1,parking,ANTI-GRIU | ZONE | NOSTOPPING | 7PM | 4PM IO | EXCEPT SAT & SUN | 2 | HOUR | 8AM | 8AM | 4PM | 8PM,0.97
hollywood/757476924967222_0,hollywood,crops/hollywood/757476924967222_0.jpg,757476924967222,2015-10-06T19:49:09.223000+00:00,2015,34.098405,-118.291987,62.5415,False,ahealthydesign,https://www.mapillary.com/app/?pKey=757476924967222,CC BY-SA 4.0,1,1280,1,unknown,,0.0
hollywood/920715342056916_0,hollywood,crops/hollywood/920715342056916_0.jpg,920715342056916,2020-01-21T20:42:37.044000+00:00,2020,34.097975,-118.328793,333.74176025391,False,mezaab113,https://www.mapillary.com/app/?pKey=920715342056916,CC BY-SA 4.0,2,423,1,unknown,63 | Ivar Av,0.9
hollywood/687410238882670_1,hollywood,crops/hollywood/687410238882670_1.jpg,687410238882670,2021-08-11T17:39:31.544000+00:00,2021,34.101041474648,-118.32663811248,0.25220510298078,False,etunell,https://www.mapillary.com/app/?pKey=687410238882670,CC BY-SA 4.0,3,444,1,parking,LOADING ONLY | PASSENGER | 8AM | 5rm | TEMCN | 2PARKING | 8AM | Mes | 5rM | 5PM,0.807
hollywood/478266806727765_0,hollywood,crops/hollywood/478266806727765_0.jpg,478266806727765,2020-01-21T21:13:49.220000+00:00,2020,34.096765,-118.291718,1.9358520507812,False,mezaab113,https://www.mapillary.com/app/?pKey=478266806727765,CC BY-SA 4.0,1,399,1,parking,NOSTOPPING | 4PM I0 7PM | EECEPY SATURDAY & SUNDAY | 1 | HOUR | PARKING | 8AM | 8AM | 4PM | 8PM,0.952
hollywood/1167804300363466_0,hollywood,crops/hollywood/1167804300363466_0.jpg,1167804300363466,2021-08-11T19:59:46.593000+00:00,2021,34.103179385689,-118.33825672278,88.36707224905,False,etunell,https://www.mapillary.com/app/?pKey=1167804300363466,CC BY-SA 4.0,1,383,1,parking,PUBLIC | PARKING,1.0
hollywood/1189244504842150_0,hollywood,crops/hollywood/1189244504842150_0.jpg,1189244504842150,2021-05-06T22:53:45.232000+00:00,2021,34.101583230528,-118.32998227222,0.0,False,etunell,https://www.mapillary.com/app/?pKey=1189244504842150,CC BY-SA 4.0,2,379,1,parking,RAY | MOND | CHANDLER | SQUARE | Parking | Cahuenga,0.997
hollywood/2013547352117373_0,hollywood,crops/hollywood/2013547352117373_0.jpg,2013547352117373,2017-08-08T08:34:18+00:00,2017,34.093785,-118.32894138889,269.36878938965,False,mly_la,https://www.mapillary.com/app/?pKey=2013547352117373,CC BY-SA 4.0,2,393,1,parking,10AM=1PM | TUESSAY | NO PARKING | 6PM T08AM | 2PARKING | HOUR | 8AM6PM | PERMITS EXEMPT | DISTRICT NO.258,0.915
hollywood/1436529760040959_0,hollywood,crops/hollywood/1436529760040959_0.jpg,1436529760040959,2016-10-20T20:22:59.043000+00:00,2016,34.101462201378,-118.33876279727,339.48935127258,False,jopparn,https://www.mapillary.com/app/?pKey=1436529760040959,CC BY-SA 4.0,2,417,1,unknown,"PRAED | O | N人 | 品 | GENE AUTRY | SQUARE | ACTOR, BUBNESSMAN | SPORTIMAN",0.827
hollywood/286792493042084_0,hollywood,crops/hollywood/286792493042084_0.jpg,286792493042084,2016-01-27T21:48:35.527000+00:00,2016,34.097986,-118.32951,26.20239,False,gyllen,https://www.mapillary.com/app/?pKey=286792493042084,CC BY-SA 4.0,2,364,2,unknown,FlyAway | Bus | to LAX | LAPD,0.999
hollywood/1001779810650581_0,hollywood,crops/hollywood/1001779810650581_0.jpg,1001779810650581,2013-12-07T23:27:41+00:00,2013,34.10280571535,-118.29171538353,357.2675,False,jenmalone666,https://www.mapillary.com/app/?pKey=1001779810650581,CC BY-SA 4.0,1,369,1,parking,PARKING | 8AM=8PM | EXCEPT,0.956
hollywood/484421176117775_0,hollywood,crops/hollywood/484421176117775_0.jpg,484421176117775,2013-12-06T18:06:09+00:00,2013,34.103656,-118.34483,124.541,False,gyllen,https://www.mapillary.com/app/?pKey=484421176117775,CC BY-SA 4.0,1,356,1,parking,EL CERRITO PL | 74-1780 | Singles | 1 Bedroom | Large Units | Air Conditioning | Parking | NO VACANCY | FRANKLIN MANAGEMENT | 323-850 3282,0.986
hollywood/909273336587428_0,hollywood,crops/hollywood/909273336587428_0.jpg,909273336587428,2021-05-06T22:04:26.401000+00:00,2021,34.103511017907,-118.33108405341,0.0,False,etunell,https://www.mapillary.com/app/?pKey=909273336587428,CC BY-SA 4.0,2,357,1,parking,8AM 10AM | 1 | AOUR | PARKING | 8AM6PM,0.973
hollywood/1152550365262238_0,hollywood,crops/hollywood/1152550365262238_0.jpg,1152550365262238,2018-03-28T17:24:01+00:00,2018,34.103638699972,-118.32629529997,89.3,False,fta,https://www.mapillary.com/app/?pKey=1152550365262238,CC BY-SA 4.0,2,346,1,parking,ROAD | WORK | AHEAD | 2PARKING,0.995
hollywood/230151542214893_0,hollywood,crops/hollywood/230151542214893_0.jpg,230151542214893,2015-10-25T22:59:46.833000+00:00,2015,34.09805,-118.334006,332.1472,False,gyllen,https://www.mapillary.com/app/?pKey=230151542214893,CC BY-SA 4.0,2,364,1,parking,NOSTOPPING | 7AM9AM | 4PM7PM | 2,0.911
hollywood/766465550690248_0,hollywood,crops/hollywood/766465550690248_0.jpg,766465550690248,2016-01-27T21:48:33.259000+00:00,2016,34.097923,-118.32951,28.70496,False,gyllen,https://www.mapillary.com/app/?pKey=766465550690248,CC BY-SA 4.0,2,334,1,unknown,FlyAway | Bus | to LAX | agaB | APD,0.988
hollywood/262279062107253_0,hollywood,crops/hollywood/262279062107253_0.jpg,262279062107253,2021-08-11T17:44:22.588000+00:00,2021,34.101258306721,-118.32675462423,170.61241030391,False,etunell,https://www.mapillary.com/app/?pKey=262279062107253,CC BY-SA 4.0,1,329,1,parking,HOLLYWOOD | 个 | P | PARKING,0.998
hollywood/195062692459020_0,hollywood,crops/hollywood/195062692459020_0.jpg,195062692459020,2016-02-03T20:18:07.409000+00:00,2016,34.102696,-118.343336,35.0,False,millenbop,https://www.mapillary.com/app/?pKey=195062692459020,CC BY-SA 4.0,2,327,1,unknown,R,1.0
hollywood/296277252144319_0,hollywood,crops/hollywood/296277252144319_0.jpg,296277252144319,2020-01-17T21:29:56.138000+00:00,2020,34.093795,-118.291842,179.19586181641,False,cfwarren3,https://www.mapillary.com/app/?pKey=296277252144319,CC BY-SA 4.0,1,359,1,parking,NOSOPPING),0.865
hollywood/1100878960410823_0,hollywood,crops/hollywood/1100878960410823_0.jpg,1100878960410823,2017-06-04T10:04:47+00:00,2017,34.099008055556,-118.31583,269.07753854001,False,mly_la,https://www.mapillary.com/app/?pKey=1100878960410823,CC BY-SA 4.0,2,324,1,unknown,ELECTRIC | VEHICLE | CHARGING | STATION | KAISER,0.999
hollywood/3144101639208156_0,hollywood,crops/hollywood/3144101639208156_0.jpg,3144101639208156,2021-08-11T17:47:27.906000+00:00,2021,34.101554257502,-118.32942383925,51.932187933892,False,etunell,https://www.mapillary.com/app/?pKey=3144101639208156,CC BY-SA 4.0,1,334,1,unknown,00,0.946
hollywood/158137682983629_0,hollywood,crops/hollywood/158137682983629_0.jpg,158137682983629,2016-10-21T21:28:58.656000+00:00,2016,34.094367635732,-118.34469764796,273.96213150024,False,jopparn,https://www.mapillary.com/app/?pKey=158137682983629,CC BY-SA 4.0,1,319,1,parking,NO | STOPPING | TIME,0.995
hollywood/981258046011004_2,hollywood,crops/hollywood/981258046011004_2.jpg,981258046011004,2021-05-06T22:53:51.265000+00:00,2021,34.10158190897,-118.32947461812,90.496482644877,False,etunell,https://www.mapillary.com/app/?pKey=981258046011004,CC BY-SA 4.0,3,345,1,parking,PRK AT | PaY STATION | 3AM6AM | 2PARKING,0.875
hollywood/501165640928809_0,hollywood,crops/hollywood/501165640928809_0.jpg,501165640928809,2013-12-06T18:04:39+00:00,2013,34.103268631588,-118.34474523464,357.3922,False,gyllen,https://www.mapillary.com/app/?pKey=501165640928809,CC BY-SA 4.0,3,341,1,parking,NO PARKING | ANY TIME | BISTRICT 8O.96 | PERMITS EXEMPTED | 12NCM3PM,0.868
hollywood/173574074650876_0,hollywood,crops/hollywood/173574074650876_0.jpg,173574074650876,2016-03-22T23:23:39.742000+00:00,2016,34.099561,-118.344508,347.1326200179,False,sarawabreus,https://www.mapillary.com/app/?pKey=173574074650876,CC BY-SA 4.0,1,315,1,parking,TOW-AWAY | NOSTOPPING | 79A.M. | NO PARKING | ANY TIME,0.977
hollywood/244643684043321_0,hollywood,crops/hollywood/244643684043321_0.jpg,244643684043321,2021-08-11T20:33:15.611000+00:00,2021,34.103246038462,-118.33434394351,268.68447787075,False,etunell,https://www.mapillary.com/app/?pKey=244643684043321,CC BY-SA 4.0,1,310,1,unknown,R,0.992
hollywood/495777928522040_0,hollywood,crops/hollywood/495777928522040_0.jpg,495777928522040,2015-10-03T20:58:14.001000+00:00,2015,34.098156,-118.304596,270.5518,False,gyllen,https://www.mapillary.com/app/?pKey=495777928522040,CC BY-SA 4.0,2,311,1,parking,ZONE | NOSTOPPINGG | 4PM17PM | HOUR | PARKING | 8AM | 8AM | 4PM | 8PM,0.97
hollywood/617573036313747_0,hollywood,crops/hollywood/617573036313747_0.jpg,617573036313747,2021-08-11T19:25:38.508000+00:00,2021,34.101683356082,-118.32614863324,269.69988157383,False,etunell,https://www.mapillary.com/app/?pKey=617573036313747,CC BY-SA 4.0,1,326,1,parking,3AM6AM | 2PARKING | HOUR | 8AM | 8AM | 11AM | 10 | 10 | 8PM MONGHT 8PM,0.9
hollywood/554888199263639_0,hollywood,crops/hollywood/554888199263639_0.jpg,554888199263639,2021-08-11T17:40:49.507000+00:00,2021,34.101450284755,-118.32670525599,8.5542593625517,False,etunell,https://www.mapillary.com/app/?pKey=554888199263639,CC BY-SA 4.0,1,333,1,unknown,H | NO BICYCLING | NO SKATI | NO SMFROAROONG,0.87
hollywood/1732199803844862_0,hollywood,crops/hollywood/1732199803844862_0.jpg,1732199803844862,2023-04-05T23:13:41.632000+00:00,2023,34.092252703554,-118.32891721286,179.52700693731,False,beverlyhills90210,https://www.mapillary.com/app/?pKey=1732199803844862,CC BY-SA 4.0,2,315,1,parking,2 | PARKING | 8AM | 4PM,0.95
hollywood/3705497046245260_0,hollywood,crops/hollywood/3705497046245260_0.jpg,3705497046245260,2016-10-21T21:28:10.651000+00:00,2016,34.094645376773,-118.34419758853,187.29592132568,False,jopparn,https://www.mapillary.com/app/?pKey=3705497046245260,CC BY-SA 4.0,1,302,1,unknown,PHOTO | ENFORCED,1.0
hollywood/792045324832429_1,hollywood,crops/hollywood/792045324832429_1.jpg,792045324832429,2017-08-08T08:32:30+00:00,2017,34.097926388889,-118.32884638889,271.12950993899,False,mly_la,https://www.mapillary.com/app/?pKey=792045324832429,CC BY-SA 4.0,3,307,1,parking,2 | PARKING | 8AM | 8PM | 8 | PASSENGER | LOADING ONLY | 10PM3AM | H,0.963
hollywood/1502168876842231_0,hollywood,crops/hollywood/1502168876842231_0.jpg,1502168876842231,2021-08-11T19:54:56.530000+00:00,2021,34.103076760862,-118.33618969165,172.31707030068,False,etunell,https://www.mapillary.com/app/?pKey=1502168876842231,CC BY-SA 4.0,2,327,1,parking,8AM 10AM | THLSAAY | 2PARKING | HOUR | 8AM | 8AM | IlAM | 8PM MONGIT | 12 | 8PM,0.869
hollywood/981258046011004_0,hollywood,crops/hollywood/981258046011004_0.jpg,981258046011004,2021-05-06T22:53:51.265000+00:00,2021,34.10158190897,-118.32947461812,90.496482644877,False,etunell,https://www.mapillary.com/app/?pKey=981258046011004,CC BY-SA 4.0,1,340,1,unknown,MELLYWOOD | 30 | 2,0.799
hollywood/324746595736524_0,hollywood,crops/hollywood/324746595736524_0.jpg,324746595736524,2017-06-14T15:25:23+00:00,2017,34.10335,-118.33614138889,87.742006588898,False,mly_la,https://www.mapillary.com/app/?pKey=324746595736524,CC BY-SA 4.0,4,325,1,unknown,R | NOFRO | 6PW=8AN | 8AN=6,0.833
hollywood/481295469984453_0,hollywood,crops/hollywood/481295469984453_0.jpg,481295469984453,2015-10-06T19:44:49.237000+00:00,2015,34.098083,-118.29579,77.65637,False,ahealthydesign,https://www.mapillary.com/app/?pKey=481295469984453,CC BY-SA 4.0,1,308,1,parking,NOSTOPPING | 4PM | 7PH | PARKIN | 8AN,0.905
hollywood/497654778041613_0,hollywood,crops/hollywood/497654778041613_0.jpg,497654778041613,2017-01-30T19:56:45.395000+00:00,2017,34.102466211496,-118.34468577469,358.20954988572,False,gyllen,https://www.mapillary.com/app/?pKey=497654778041613,CC BY-SA 4.0,1,292,3,parking,NO | PARKING | 12NOON | 3PM,0.982
hollywood/2880937255457495_0,hollywood,crops/hollywood/2880937255457495_0.jpg,2880937255457495,2018-07-17T14:27:58.802000+00:00,2018,34.089191643446,-118.3266039265,179.76219177246,False,lvl5,https://www.mapillary.com/app/?pKey=2880937255457495,CC BY-SA 4.0,3,316,1,unknown,△ | HERE,0.842
hollywood/796728624382358_0,hollywood,crops/hollywood/796728624382358_0.jpg,796728624382358,2017-08-07T15:01:08+00:00,2017,34.103046388889,-118.33867805556,356.29870457401,False,mly_la,https://www.mapillary.com/app/?pKey=796728624382358,CC BY-SA 4.0,2,286,1,unknown,25 | MPH | Highland A,0.973
hollywood/126013429491520_0,hollywood,crops/hollywood/126013429491520_0.jpg,126013429491520,2016-03-22T23:23:42.744000+00:00,2016,34.099676,-118.344537,326.47750663408,False,sarawabreus,https://www.mapillary.com/app/?pKey=126013429491520,CC BY-SA 4.0,1,286,3,unknown,La Brea,0.956
hollywood/181586997123689_1,hollywood,crops/hollywood/181586997123689_1.jpg,181586997123689,2021-05-06T19:53:50.269000+00:00,2021,34.101643175117,-118.32954463944,0.0,False,etunell,https://www.mapillary.com/app/?pKey=181586997123689,CC BY-SA 4.0,2,278,1,unknown,R | 2,0.991
hollywood/959380441271403_0,hollywood,crops/hollywood/959380441271403_0.jpg,959380441271403,2021-05-06T21:58:33.727000+00:00,2021,34.101382262503,-118.32959300502,178.42543442669,False,etunell,https://www.mapillary.com/app/?pKey=959380441271403,CC BY-SA 4.0,3,278,1,unknown,SPEE | LIMI | 3 | 2,0.968
hollywood/742098629791366_0,hollywood,crops/hollywood/742098629791366_0.jpg,742098629791366,2017-07-19T14:09:03+00:00,2017,34.091,-118.32444305556,273.04202203098,False,mly_la,https://www.mapillary.com/app/?pKey=742098629791366,CC BY-SA 4.0,2,296,1,parking,2AM=6AM | VEHICLES OVER | 822LNG | PARKING | 10AM=IPM | TUESOR,0.877
hollywood/444531109910411_1,hollywood,crops/hollywood/444531109910411_1.jpg,444531109910411,2021-08-11T17:44:04.580000+00:00,2021,34.101581923461,-118.32789597969,86.763229084439,False,etunell,https://www.mapillary.com/app/?pKey=444531109910411,CC BY-SA 4.0,3,329,1,unknown,e | 36 | 15,0.725
hollywood/310329657199611_0,hollywood,crops/hollywood/310329657199611_0.jpg,310329657199611,2018-12-28T22:51:02.623000+00:00,2018,34.094377942402,-118.34459027286,270.91665649414,False,lvl5,https://www.mapillary.com/app/?pKey=310329657199611,CC BY-SA 4.0,1,276,1,unknown,30 | EARN | NOW | F,0.951
hollywood/466870911206178_0,hollywood,crops/hollywood/466870911206178_0.jpg,466870911206178,2017-07-02T10:38:26+00:00,2017,34.092648055556,-118.32898138889,15.431849602901,False,mly_la,https://www.mapillary.com/app/?pKey=466870911206178,CC BY-SA 4.0,1,267,3,unknown,USE | CROSSWALK,1.0
hollywood/210346127320156_0,hollywood,crops/hollywood/210346127320156_0.jpg,210346127320156,2015-10-06T19:43:19.827000+00:00,2015,34.098181,-118.296539,78.5542,False,ahealthydesign,https://www.mapillary.com/app/?pKey=210346127320156,CC BY-SA 4.0,1,269,1,parking,ZONE | TOW-AWAY | NO | STOPPING | 4PM | 7PM | EXCEPT SAT & SUN,0.985
hollywood/381025163133381_0,hollywood,crops/hollywood/381025163133381_0.jpg,381025163133381,2017-06-04T17:04:04+00:00,2017,34.104093055556,-118.34029138889,175.39684852283,False,mly_la,https://www.mapillary.com/app/?pKey=381025163133381,CC BY-SA 4.0,1,310,1,unknown,00 | NOT | BLOCK | NTERSECION | y,0.787
hollywood/561952481440531_0,hollywood,crops/hollywood/561952481440531_0.jpg,561952481440531,2020-01-17T21:25:46.163000+00:00,2020,34.09821,-118.288194,269.22265625,False,cfwarren3,https://www.mapillary.com/app/?pKey=561952481440531,CC BY-SA 4.0,2,272,1,parking,SPEED | LIMIT | 30 | PARKINGLyman | 140,0.962
hollywood/501732294183703_0,hollywood,crops/hollywood/501732294183703_0.jpg,501732294183703,2013-12-06T18:05:53+00:00,2013,34.10364,-118.344828,280.8013,False,gyllen,https://www.mapillary.com/app/?pKey=501732294183703,CC BY-SA 4.0,2,265,3,parking,NO PARKING | ANY TIME,0.985
hollywood/557506185286067_0,hollywood,crops/hollywood/557506185286067_0.jpg,557506185286067,2021-08-11T17:47:21.567000+00:00,2021,34.101157012752,-118.32949435039,359.29279987104,False,etunell,https://www.mapillary.com/app/?pKey=557506185286067,CC BY-SA 4.0,1,264,2,unknown,FlyAway | Bus | to LAX,0.989
hollywood/1713137885563420_0,hollywood,crops/hollywood/1713137885563420_0.jpg,1713137885563420,2021-08-11T20:13:21.538000+00:00,2021,34.103049802056,-118.34330813643,1.5677998121672,False,etunell,https://www.mapillary.com/app/?pKey=1713137885563420,CC BY-SA 4.0,2,261,1,parking,NOPARKING | ANY TIME,0.999
hollywood/118238740339873_0,hollywood,crops/hollywood/118238740339873_0.jpg,118238740339873,2021-05-06T22:53:44.567000+00:00,2021,34.101583230528,-118.32998227222,88.613451234159,False,etunell,https://www.mapillary.com/app/?pKey=118238740339873,CC BY-SA 4.0,1,313,1,unknown,OLATO | 18 | mANTOR,0.746
hollywood/293147212353971_0,hollywood,crops/hollywood/293147212353971_0.jpg,293147212353971,2017-08-07T07:25:28+00:00,2017,34.101554722222,-118.32746805556,98.245865703094,False,mly_la,https://www.mapillary.com/app/?pKey=293147212353971,CC BY-SA 4.0,2,323,1,unknown,R | ME | III,0.707
hollywood/1142962586168070_0,hollywood,crops/hollywood/1142962586168070_0.jpg,1142962586168070,2016-10-21T21:27:34.653000+00:00,2016,34.096171712395,-118.34363647144,266.07908630371,False,jopparn,https://www.mapillary.com/app/?pKey=1142962586168070,CC BY-SA 4.0,2,273,1,parking,12N00N3Pm | 1PARKING | 8AM | 11AM | 8FM | 8PH,0.903
hollywood/1190036041493661_0,hollywood,crops/hollywood/1190036041493661_0.jpg,1190036041493661,2021-08-11T19:23:43.637000+00:00,2021,34.103793248342,-118.32473807555,205.58690496522,False,etunell,https://www.mapillary.com/app/?pKey=1190036041493661,CC BY-SA 4.0,1,286,1,unknown,R,0.829
hollywood/359564075629265_0,hollywood,crops/hollywood/359564075629265_0.jpg,359564075629265,2021-08-11T20:34:17.589000+00:00,2021,34.103343313197,-118.33613502241,351.0996228891,False,etunell,https://www.mapillary.com/app/?pKey=359564075629265,CC BY-SA 4.0,2,270,1,parking,NO PARKING | 68A | 2PARKING | 8AM6PM,0.902
hollywood/619203522375759_1,hollywood,crops/hollywood/619203522375759_1.jpg,619203522375759,2017-08-07T07:25:23+00:00,2017,34.101581388889,-118.32792305556,175.47210572229,False,mly_la,https://www.mapillary.com/app/?pKey=619203522375759,CC BY-SA 4.0,3,294,1,parking,R | 3AM-6 | 1,0.787
hollywood/1069215190234676_0,hollywood,crops/hollywood/1069215190234676_0.jpg,1069215190234676,2017-08-07T07:29:57+00:00,2017,34.101519722222,-118.32737,104.93442507278,False,mly_la,https://www.mapillary.com/app/?pKey=1069215190234676,CC BY-SA 4.0,1,257,1,parking,3AM6AM | 2PARKING | 8 8,0.929
hollywood/2833131670285513_0,hollywood,crops/hollywood/2833131670285513_0.jpg,2833131670285513,2015-10-06T19:54:55.881000+00:00,2015,34.099566,-118.293313,281.3111,False,ahealthydesign,https://www.mapillary.com/app/?pKey=2833131670285513,CC BY-SA 4.0,1,259,1,unknown,NO SMOKING | ANYWCEREIN | PARK | LAMC 63.44 034 | 1250 Fies,0.896
hollywood/1388889008153498_0,hollywood,crops/hollywood/1388889008153498_0.jpg,1388889008153498,2018-08-13T22:49:08.512000+00:00,2018,34.101594244901,-118.34332494668,5.2026448249817,False,lvl5,https://www.mapillary.com/app/?pKey=1388889008153498,CC BY-SA 4.0,3,255,1,parking,12M00M3PM | NOSTOPPING | OWSAWAY | 8AM6PM | ZONE | 8AM=6PM,0.917
hollywood/386757676117717_2,hollywood,crops/hollywood/386757676117717_2.jpg,386757676117717,2021-08-11T20:38:50.579000+00:00,2021,34.104219864618,-118.33840859873,234.04452710708,False,etunell,https://www.mapillary.com/app/?pKey=386757676117717,CC BY-SA 4.0,1,266,1,unknown,SPE | LIN | U | OYER,0.856
hollywood/374865530707961_0,hollywood,crops/hollywood/374865530707961_0.jpg,374865530707961,2021-08-11T20:41:30.578000+00:00,2021,34.103618119925,-118.3433737435,178.33280315906,False,etunell,https://www.mapillary.com/app/?pKey=374865530707961,CC BY-SA 4.0,2,240,1,parking,NOPARKING | ANYTIME,0.997
hollywood/223573772469055_0,hollywood,crops/hollywood/223573772469055_0.jpg,223573772469055,2017-08-08T08:34:26+00:00,2017,34.092575,-118.32893972222,179.40067114366,False,mly_la,https://www.mapillary.com/app/?pKey=223573772469055,CC BY-SA 4.0,1,280,3,unknown,新 | K,0.779
hollywood/761691831198307_0,hollywood,crops/hollywood/761691831198307_0.jpg,761691831198307,2017-07-19T15:23:27+00:00,2017,34.090996388889,-118.31363805556,268.94568674763,False,mly_la,https://www.mapillary.com/app/?pKey=761691831198307,CC BY-SA 4.0,1,238,1,unknown,SAB.22-JUL | SOCIOS | DELRIT | BRYNDIS | LOSDE | 323-936-7155,0.999
hollywood/882768619287177_0,hollywood,crops/hollywood/882768619287177_0.jpg,882768619287177,2021-08-19T18:26:16.555000+00:00,2021,34.10149600362,-118.33867377106,89.295050125651,False,etunell,https://www.mapillary.com/app/?pKey=882768619287177,CC BY-SA 4.0,1,238,3,unknown,ON RED,0.996
hollywood/759354424760747_0,hollywood,crops/hollywood/759354424760747_0.jpg,759354424760747,2018-07-28T01:38:36.021000+00:00,2018,34.092994982609,-118.31575700647,0.30212813615799,False,lvl5,https://www.mapillary.com/app/?pKey=759354424760747,CC BY-SA 4.0,2,264,1,parking,P | 2AM6AM | 10AM,0.829
hollywood/534339231069078_0,hollywood,crops/hollywood/534339231069078_0.jpg,534339231069078,2021-05-06T22:53:50.498000+00:00,2021,34.101582578348,-118.32956790103,0.0,False,etunell,https://www.mapillary.com/app/?pKey=534339231069078,CC BY-SA 4.0,2,238,1,unknown,R | 2,0.964
hollywood/496561751767209_0,hollywood,crops/hollywood/496561751767209_0.jpg,496561751767209,2021-05-06T19:51:35.418000+00:00,2021,34.101676553241,-118.326381308,0.0,False,etunell,https://www.mapillary.com/app/?pKey=496561751767209,CC BY-SA 4.0,1,232,2,unknown,ONRED,0.999
hollywood/207238447896516_0,hollywood,crops/hollywood/207238447896516_0.jpg,207238447896516,2018-09-04T14:49:53.136000+00:00,2018,34.092901293782,-118.34406906526,359.22842407227,False,lvl5,https://www.mapillary.com/app/?pKey=207238447896516,CC BY-SA 4.0,3,247,1,parking,OW-AWAY | SIOPPONG | 7PM | NO | PARKING,0.905
hollywood/453585579045580_0,hollywood,crops/hollywood/453585579045580_0.jpg,453585579045580,2015-03-04T07:21:56+00:00,2015,34.10492261,-118.33739561,28.4848683329,False,rps333,https://www.mapillary.com/app/?pKey=453585579045580,CC BY-SA 4.0,2,238,1,unknown,HELLSIDE | HELSIDE | CROS,0.95
hollywood/173828281281097_0,hollywood,crops/hollywood/173828281281097_0.jpg,173828281281097,2017-07-02T10:38:26+00:00,2017,34.09266,-118.32898805556,290.20657908458,False,mly_la,https://www.mapillary.com/app/?pKey=173828281281097,CC BY-SA 4.0,1,228,1,unknown,USE,1.0
hollywood/499526587840764_0,hollywood,crops/hollywood/499526587840764_0.jpg,499526587840764,2017-08-07T07:33:44+00:00,2017,34.090908055556,-118.32677,267.29655441229,False,mly_la,https://www.mapillary.com/app/?pKey=499526587840764,CC BY-SA 4.0,1,233,1,unknown,LAPD | Car | Video Monstors | In | Progress,0.967
hollywood/185204563454771_0,hollywood,crops/hollywood/185204563454771_0.jpg,185204563454771,2017-08-07T07:33:45+00:00,2017,34.090844722222,-118.32676638889,267.7326806461,False,mly_la,https://www.mapillary.com/app/?pKey=185204563454771,CC BY-SA 4.0,1,227,1,parking,HISTORIC | 99 | ROUTE,0.99
hollywood/499526587840764_1,hollywood,crops/hollywood/499526587840764_1.jpg,499526587840764,2017-08-07T07:33:44+00:00,2017,34.090908055556,-118.32677,267.29655441229,False,mly_la,https://www.mapillary.com/app/?pKey=499526587840764,CC BY-SA 4.0,1,233,1,unknown,66 | ROUI,0.946
hollywood/4073620062681739_0,hollywood,crops/hollywood/4073620062681739_0.jpg,4073620062681739,2017-07-02T11:59:14+00:00,2017,34.088913055556,-118.32715,1.1187605033478,False,mly_la,https://www.mapillary.com/app/?pKey=4073620062681739,CC BY-SA 4.0,2,225,1,parking,R | 2AM6AM,0.99
hollywood/806512346921627_0,hollywood,crops/hollywood/806512346921627_0.jpg,806512346921627,2021-05-06T21:37:38.056000+00:00,2021,34.103939004739,-118.32925007122,87.486015595484,False,etunell,https://www.mapillary.com/app/?pKey=806512346921627,CC BY-SA 4.0,2,254,1,parking,0=18 | 2PARKING | llAM | 8PM | 8PM,0.816
hollywood/976755999939803_0,hollywood,crops/hollywood/976755999939803_0.jpg,976755999939803,2017-07-02T11:00:49+00:00,2017,34.097216388889,-118.33328305556,266.53258354256,False,mly_la,https://www.mapillary.com/app/?pKey=976755999939803,CC BY-SA 4.0,4,231,1,parking,NO | PARKING | 10AM-1PM | NO | PARKING | 6PM108AM | 2 | PARKING | HOUR | 8AM106PM,0.94
hollywood/134030375380960_0,hollywood,crops/hollywood/134030375380960_0.jpg,134030375380960,2017-07-19T17:30:51+00:00,2017,34.098114722222,-118.29360472222,178.17975552764,False,mly_la,https://www.mapillary.com/app/?pKey=134030375380960,CC BY-SA 4.0,2,230,1,parking,T-GRIDLOCK | ZONE | NOSTOPPING | 4PM Io 7PM | EXCEPT SAT & SUN | 2 | PARKING | HOUR | 8AM | 8AM | SATURDAY | 4PM | 10 | 8PM | 10,0.938
hollywood/3911943912225747_0,hollywood,crops/hollywood/3911943912225747_0.jpg,3911943912225747,2015-10-03T20:59:25.990000+00:00,2015,34.098145,-118.310875,275.6027,False,gyllen,https://www.mapillary.com/app/?pKey=3911943912225747,CC BY-SA 4.0,1,219,1,unknown,USE | CROSSWALK,1.0
hollywood/562594708046286_0,hollywood,crops/hollywood/562594708046286_0.jpg,562594708046286,2016-03-22T23:23:36.743000+00:00,2016,34.099304,-118.344454,351.80509007152,False,sarawabreus,https://www.mapillary.com/app/?pKey=562594708046286,CC BY-SA 4.0,1,220,1,parking,TOW-AWAY | NOSTOP | 4 | NO | ANY,0.988
hollywood/232004712030677_0,hollywood,crops/hollywood/232004712030677_0.jpg,232004712030677,2017-06-14T09:24:09+00:00,2017,34.090756388889,-118.33651138889,2.6623409667081e-05,False,mly_la,https://www.mapillary.com/app/?pKey=232004712030677,CC BY-SA 4.0,1,219,1,unknown,ELEVEN,0.991
hollywood/554888199263639_1,hollywood,crops/hollywood/554888199263639_1.jpg,554888199263639,2021-08-11T17:40:49.507000+00:00,2021,34.101450284755,-118.32670525599,8.5542593625517,False,etunell,https://www.mapillary.com/app/?pKey=554888199263639,CC BY-SA 4.0,1,225,1,unknown,ON RED,0.94
hollywood/2706363402987882_0,hollywood,crops/hollywood/2706363402987882_0.jpg,2706363402987882,2016-10-20T20:24:20.505000+00:00,2016,34.097469454491,-118.33873973583,340.61896705627,False,jopparn,https://www.mapillary.com/app/?pKey=2706363402987882,CC BY-SA 4.0,2,228,1,parking,NOSTOPPING,0.909
hollywood/386757676117717_1,hollywood,crops/hollywood/386757676117717_1.jpg,386757676117717,2021-08-11T20:38:50.579000+00:00,2021,34.104219864618,-118.33840859873,234.04452710708,False,etunell,https://www.mapillary.com/app/?pKey=386757676117717,CC BY-SA 4.0,1,240,1,unknown,LLYWOOD | oik at Fame,0.838
hollywood/981258046011004_1,hollywood,crops/hollywood/981258046011004_1.jpg,981258046011004,2021-05-06T22:53:51.265000+00:00,2021,34.10158190897,-118.32947461812,90.496482644877,False,etunell,https://www.mapillary.com/app/?pKey=981258046011004,CC BY-SA 4.0,1,274,1,unknown,RO DCYCUING | ATEEDAP,0.66
hollywood/687410238882670_0,hollywood,crops/hollywood/687410238882670_0.jpg,687410238882670,2021-08-11T17:39:31.544000+00:00,2021,34.101041474648,-118.32663811248,0.25220510298078,False,etunell,https://www.mapillary.com/app/?pKey=687410238882670,CC BY-SA 4.0,1,252,1,unknown,DYSRATE | 20 | G,0.755
hollywood/2626862350940501_0,hollywood,crops/hollywood/2626862350940501_0.jpg,2626862350940501,2017-06-28T15:15:35+00:00,2017,34.093541388889,-118.32222138889,0.0,False,mly_la,https://www.mapillary.com/app/?pKey=2626862350940501,CC BY-SA 4.0,2,213,1,parking,2AM=6AM,0.981
hollywood/299164778493493_0,hollywood,crops/hollywood/299164778493493_0.jpg,299164778493493,2017-06-29T14:43:04+00:00,2017,34.101561388889,-118.32791138889,79.977532073995,False,mly_la,https://www.mapillary.com/app/?pKey=299164778493493,CC BY-SA 4.0,2,222,1,parking,PAY HERE | 3AMR6AM | 2PARKING | 8 8 ,0.91
hollywood/146747240736502_0,hollywood,crops/hollywood/146747240736502_0.jpg,146747240736502,2015-10-25T22:58:58.128000+00:00,2015,34.097981,-118.330271,183.9934,False,jenmalone666,https://www.mapillary.com/app/?pKey=146747240736502,CC BY-SA 4.0,2,623,1,unknown,,0.0
hollywood/388615029302183_0,hollywood,crops/hollywood/388615029302183_0.jpg,388615029302183,2021-08-11T17:51:32.627000+00:00,2021,34.101396098992,-118.32960007175,183.58455149261,False,etunell,https://www.mapillary.com/app/?pKey=388615029302183,CC BY-SA 4.0,3,234,1,unknown,SPEE | LIM | 3 | y2E,0.82
hollywood/1106668949841233_0,hollywood,crops/hollywood/1106668949841233_0.jpg,1106668949841233,2018-12-28T22:51:02.337000+00:00,2018,34.094378302167,-118.34455599924,270.81607055664,False,lvl5,https://www.mapillary.com/app/?pKey=1106668949841233,CC BY-SA 4.0,1,224,1,unknown,30 | EARN | F3,0.878
hollywood/168669651837741_0,hollywood,crops/hollywood/168669651837741_0.jpg,168669651837741,2017-07-02T12:09:40+00:00,2017,34.088886388889,-118.33630138889,196.74290966554,False,mly_la,https://www.mapillary.com/app/?pKey=168669651837741,CC BY-SA 4.0,2,263,1,unknown,12N00N=3PR | ITET DIPN | ERO,0.67
hollywood/210278033991132_3,hollywood,crops/hollywood/210278033991132_3.jpg,210278033991132,2017-06-13T14:40:04+00:00,2017,34.103543055556,-118.34339638889,270.0,False,mly_la,https://www.mapillary.com/app/?pKey=210278033991132,CC BY-SA 4.0,3,213,1,parking,13 | NO PARKING | ANYTIME,0.929
hollywood/1622277124827702_0,hollywood,crops/hollywood/1622277124827702_0.jpg,1622277124827702,2018-12-20T00:28:45.758000+00:00,2018,34.103157126966,-118.30924409438,358.75991821289,False,igorzo,https://www.mapillary.com/app/?pKey=1622277124827702,CC BY-SA 4.0,1,210,1,parking,AOUR | 2 | PARKING | 8AM8PM,0.943
hollywood/266065145246211_0,hollywood,crops/hollywood/266065145246211_0.jpg,266065145246211,2013-12-05T21:51:11+00:00,2013,34.101597505978,-118.34372878075,274.896689,False,gyllen,https://www.mapillary.com/app/?pKey=266065145246211,CC BY-SA 4.0,1,215,1,unknown,HES,0.905
hollywood/168571185143600_0,hollywood,crops/hollywood/168571185143600_0.jpg,168571185143600,2014-02-08T18:52:57+00:00,2014,34.094335,-118.34443,138.4815,False,gyllen,https://www.mapillary.com/app/?pKey=168571185143600,CC BY-SA 4.0,2,204,1,parking,WLEASING | BIKE ROUTE,0.98
hollywood/152991403493500_0,hollywood,crops/hollywood/152991403493500_0.jpg,152991403493500,2015-10-02T16:51:58.551000+00:00,2015,34.098125,-118.299007,80.97876,False,ahealthydesign,https://www.mapillary.com/app/?pKey=152991403493500,CC BY-SA 4.0,1,222,1,parking,NOSTOPPING | 4PM=7PM | 2PARKING | 8.m | 8AM | 8 | PK | 3,0.854
hollywood/925778238209564_0,hollywood,crops/hollywood/925778238209564_0.jpg,925778238209564,2018-07-30T23:30:00.128000+00:00,2018,34.101559246005,-118.34039413564,249.54722799047,False,gyllen,https://www.mapillary.com/app/?pKey=925778238209564,CC BY-SA 4.0,1,244,1,unknown,0030 | O,0.729
hollywood/971214696954091_0,hollywood,crops/hollywood/971214696954091_0.jpg,971214696954091,2018-12-28T22:46:21.528000+00:00,2018,34.09703454001,-118.33366872914,83.476493835449,False,lvl5,https://www.mapillary.com/app/?pKey=971214696954091,CC BY-SA 4.0,2,208,1,parking,1HOUR | PARKING,0.927
hollywood/269666234626605_0,hollywood,crops/hollywood/269666234626605_0.jpg,269666234626605,2018-07-20T19:16:26.536000+00:00,2018,34.098037654987,-118.34485851784,272.4609375,False,lvl5,https://www.mapillary.com/app/?pKey=269666234626605,CC BY-SA 4.0,1,200,1,parking,NOSTOPPING,0.989
hollywood/4262224773816689_0,hollywood,crops/hollywood/4262224773816689_0.jpg,4262224773816689,2017-07-19T14:38:46+00:00,2017,34.091275,-118.31573805556,91.103335697366,False,mly_la,https://www.mapillary.com/app/?pKey=4262224773816689,CC BY-SA 4.0,3,217,1,unknown,nm | ZONE | R | 10 | R,0.861
hollywood/811204213158129_1,hollywood,crops/hollywood/811204213158129_1.jpg,811204213158129,2020-01-21T20:38:59.183000+00:00,2020,34.097993,-118.329602,200.20544433594,False,mezaab113,https://www.mapillary.com/app/?pKey=811204213158129,CC BY-SA 4.0,1,238,1,unknown,HOLLYWOOD | Cm | u ,0.74
hollywood/835109734027150_0,hollywood,crops/hollywood/835109734027150_0.jpg,835109734027150,2013-12-06T18:04:53+00:00,2013,34.103470748674,-118.34475529829,359.0924,False,gyllen,https://www.mapillary.com/app/?pKey=835109734027150,CC BY-SA 4.0,1,211,1,unknown,EL CERAnO PL | Bedco | Unit | 323-850-3282 | 323 850 3282,0.894
hollywood/705416121970282_0,hollywood,crops/hollywood/705416121970282_0.jpg,705416121970282,2025-05-29T12:21:59.737000+00:00,2025,34.0979531085,-118.3441703672,173.3922611678,False,MicahStokes,https://www.mapillary.com/app/?pKey=705416121970282,CC BY-SA 4.0,2,254,1,unknown,国,0.659
hollywood/554613945671780_0,hollywood,crops/hollywood/554613945671780_0.jpg,554613945671780,2021-08-11T17:44:27.519000+00:00,2021,34.101052976079,-118.32672937164,176.59816202288,False,etunell,https://www.mapillary.com/app/?pKey=554613945671780,CC BY-SA 4.0,2,240,1,unknown,NOPARIN | ANYINME,0.708
hollywood/2966758966942612_0,hollywood,crops/hollywood/2966758966942612_0.jpg,2966758966942612,2018-10-03T00:36:05.504000+00:00,2018,34.103918697264,-118.33006805308,220.18394470215,False,lvl5,https://www.mapillary.com/app/?pKey=2966758966942612,CC BY-SA 4.0,2,234,1,parking,P | 2PAPKING | 8A0 | 8w | 8,0.737
hollywood/2548017415506048_0,hollywood,crops/hollywood/2548017415506048_0.jpg,2548017415506048,2017-07-01T11:52:16+00:00,2017,34.097911388889,-118.34163305556,179.99996636292,False,mly_la,https://www.mapillary.com/app/?pKey=2548017415506048,CC BY-SA 4.0,1,200,1,unknown,IHOP,0.946
hollywood/863884820833842_0,hollywood,crops/hollywood/863884820833842_0.jpg,863884820833842,2017-07-02T12:04:54+00:00,2017,34.08969,-118.33377805556,240.81544431256,False,mly_la,https://www.mapillary.com/app/?pKey=863884820833842,CC BY-SA 4.0,1,195,1,unknown,ELEANOR | GATE | NO DRIV-ONS,0.981
hollywood/137716338273338_0,hollywood,crops/hollywood/137716338273338_0.jpg,137716338273338,2017-06-14T15:23:22+00:00,2017,34.099818055556,-118.33614,96.423726532102,False,mly_la,https://www.mapillary.com/app/?pKey=137716338273338,CC BY-SA 4.0,2,190,1,parking,HOUR | TOW-AWAY | TEMPORARY | PARKING | ANY | TIME | WEDNESDAY ONLY,0.998
hollywood/1979970682169839_0,hollywood,crops/hollywood/1979970682169839_0.jpg,1979970682169839,2021-08-11T20:34:18.575000+00:00,2021,34.103402655377,-118.33613641052,358.89038857593,False,etunell,https://www.mapillary.com/app/?pKey=1979970682169839,CC BY-SA 4.0,1,191,1,parking,8AM10AM | MONDAY,0.988
hollywood/804702660169794_0,hollywood,crops/hollywood/804702660169794_0.jpg,804702660169794,2017-07-19T14:08:34+00:00,2017,34.092813055556,-118.32445972222,270.0,False,mly_la,https://www.mapillary.com/app/?pKey=804702660169794,CC BY-SA 4.0,2,205,1,parking,R | 2AM=6AM | R | 10Ax=1P,0.885
hollywood/557025542103691_0,hollywood,crops/hollywood/557025542103691_0.jpg,557025542103691,2021-08-19T18:26:17.525000+00:00,2021,34.101497779185,-118.3385684595,88.833512656291,False,etunell,https://www.mapillary.com/app/?pKey=557025542103691,CC BY-SA 4.0,1,188,1,unknown,X,0.997
hollywood/180262880723220_0,hollywood,crops/hollywood/180262880723220_0.jpg,180262880723220,2021-08-11T19:59:15.568000+00:00,2021,34.101608832002,-118.33820757375,271.37945985785,False,etunell,https://www.mapillary.com/app/?pKey=180262880723220,CC BY-SA 4.0,1,234,1,unknown,X | 0OOMAT1R,0.696
hollywood/953745902054365_0,hollywood,crops/hollywood/953745902054365_0.jpg,953745902054365,2018-12-28T22:38:23.686000+00:00,2018,34.09385080912,-118.32886022369,358.9453125,False,lvl5,https://www.mapillary.com/app/?pKey=953745902054365,CC BY-SA 4.0,2,208,1,parking,INOPARING | 8 | 2PAR,0.831
hollywood/2271596442972849_0,hollywood,crops/hollywood/2271596442972849_0.jpg,2271596442972849,2015-11-30T00:05:46.145000+00:00,2015,34.103678,-118.30922,356.743,False,studs_twerkel,https://www.mapillary.com/app/?pKey=2271596442972849,CC BY-SA 4.0,1,185,1,unknown,AHE,1.0
hollywood/2820702414848000_0,hollywood,crops/hollywood/2820702414848000_0.jpg,2820702414848000,2017-06-13T14:40:56+00:00,2017,34.101623055556,-118.34362805556,356.57556498551,False,mly_la,https://www.mapillary.com/app/?pKey=2820702414848000,CC BY-SA 4.0,3,223,1,parking,3AX6AM | 1,0.741
hollywood/213187124154201_0,hollywood,crops/hollywood/213187124154201_0.jpg,213187124154201,2021-08-11T18:10:40.533000+00:00,2021,34.101221259878,-118.3386080713,359.88867589778,False,etunell,https://www.mapillary.com/app/?pKey=213187124154201,CC BY-SA 4.0,2,204,3,unknown,Holly | ON RED,0.856
hollywood/299424321623018_0,hollywood,crops/hollywood/299424321623018_0.jpg,299424321623018,2017-06-14T15:25:19+00:00,2017,34.103106388889,-118.33612472222,84.436072860968,False,mly_la,https://www.mapillary.com/app/?pKey=299424321623018,CC BY-SA 4.0,2,192,1,unknown,as e | 6600 | EXCEPT | BICYCLES,0.935
hollywood/200676862038194_0,hollywood,crops/hollywood/200676862038194_0.jpg,200676862038194,2021-08-11T17:44:08.532000+00:00,2021,34.101577122701,-118.32748327809,92.849837304412,False,etunell,https://www.mapillary.com/app/?pKey=200676862038194,CC BY-SA 4.0,1,183,1,parking,HOLLYWOOD | P | PARKING,0.998
hollywood/474634360410549_0,hollywood,crops/hollywood/474634360410549_0.jpg,474634360410549,2017-07-19T16:56:19+00:00,2017,34.091746388889,-118.29737305556,88.955642160526,False,mly_la,https://www.mapillary.com/app/?pKey=474634360410549,CC BY-SA 4.0,3,205,1,parking,8=10A | NOPARKING | 6PM8AM | 2PARKNG | 8AM6PM,0.829
hollywood/2648742192092435_0,hollywood,crops/hollywood/2648742192092435_0.jpg,2648742192092435,2017-08-07T07:34:03+00:00,2017,34.089075,-118.32673305556,358.70504424989,False,mly_la,https://www.mapillary.com/app/?pKey=2648742192092435,CC BY-SA 4.0,1,182,2,unknown,OVER 6.000 LBS,0.988
hollywood/206076961347764_0,hollywood,crops/hollywood/206076961347764_0.jpg,206076961347764,2018-07-20T14:31:24.257000+00:00,2018,34.098081612039,-118.33416719638,274.49060058594,False,lvl5,https://www.mapillary.com/app/?pKey=206076961347764,CC BY-SA 4.0,1,202,1,parking,ANTI-GRIDLOCK | ZONE | NOSTOPPIN | 1 | EF,0.835
hollywood/1175333842919910_0,hollywood,crops/hollywood/1175333842919910_0.jpg,1175333842919910,2017-07-19T14:48:31+00:00,2017,34.09072,-118.31641138889,89.999989798543,False,mly_la,https://www.mapillary.com/app/?pKey=1175333842919910,CC BY-SA 4.0,1,220,1,unknown,ELECTRPA | VEHICLE | N,0.719
hollywood/560215658735981_0,hollywood,crops/hollywood/560215658735981_0.jpg,560215658735981,2021-08-11T19:44:37.520000+00:00,2021,34.103380531119,-118.33246373278,91.343345609847,False,etunell,https://www.mapillary.com/app/?pKey=560215658735981,CC BY-SA 4.0,1,185,1,parking,8AM10AM | SUAY,0.94
hollywood/455230365539815_0,hollywood,crops/hollywood/455230365539815_0.jpg,455230365539815,2018-03-30T11:46:52+00:00,2018,34.097776,-118.29506689997,0.4,False,fta,https://www.mapillary.com/app/?pKey=455230365539815,CC BY-SA 4.0,2,188,1,unknown,R | 2,0.915
hollywood/515737036118168_0,hollywood,crops/hollywood/515737036118168_0.jpg,515737036118168,2017-06-04T17:02:29+00:00,2017,34.104104722222,-118.34213638889,179.99999671763,False,mly_la,https://www.mapillary.com/app/?pKey=515737036118168,CC BY-SA 4.0,1,177,2,parking,TOW-AWAY | NO | PARKING | ANY TIME,0.996
hollywood/509496133743546_0,hollywood,crops/hollywood/509496133743546_0.jpg,509496133743546,2017-08-07T15:00:47+00:00,2017,34.101278055556,-118.33860638889,352.14236550924,False,mly_la,https://www.mapillary.com/app/?pKey=509496133743546,CC BY-SA 4.0,1,177,1,unknown,D | ONRED,0.994
hollywood/816526882315158_0,hollywood,crops/hollywood/816526882315158_0.jpg,816526882315158,2018-07-18T18:17:51.629000+00:00,2018,34.099116193371,-118.33880725336,180.22135925293,False,lvl5,https://www.mapillary.com/app/?pKey=816526882315158,CC BY-SA 4.0,1,181,1,parking,TOW-AWAY | NOSTOPPING | NC-PARKING | 9AM.,0.948
hollywood/870223320249615_0,hollywood,crops/hollywood/870223320249615_0.jpg,870223320249615,2021-05-06T22:50:07.985000+00:00,2021,34.103922450636,-118.33167311204,58.228534448954,False,etunell,https://www.mapillary.com/app/?pKey=870223320249615,CC BY-SA 4.0,1,182,1,parking,8AM10AM | TULSRAY,0.945
hollywood/1163335224183189_0,hollywood,crops/hollywood/1163335224183189_0.jpg,1163335224183189,2017-07-03T15:14:34+00:00,2017,34.095298055556,-118.31789638889,89.246917352251,False,mly_la,https://www.mapillary.com/app/?pKey=1163335224183189,CC BY-SA 4.0,2,205,1,parking,S | 4im | PARKING | 9AM=1:30PM,0.772
hollywood/141870277908252_0,hollywood,crops/hollywood/141870277908252_0.jpg,141870277908252,2015-10-08T00:42:41.113000+00:00,2015,34.095057,-118.300591,183.0692,False,ahealthydesign,https://www.mapillary.com/app/?pKey=141870277908252,CC BY-SA 4.0,2,183,1,unknown,OPEN | TIRES | ERAIE,0.901
hollywood/1068178207046470_0,hollywood,crops/hollywood/1068178207046470_0.jpg,1068178207046470,2016-03-26T17:16:18.457000+00:00,2016,34.090929,-118.29767,278.6319,False,jesolem,https://www.mapillary.com/app/?pKey=1068178207046470,CC BY-SA 4.0,1,175,1,parking,Santa Monca,0.968
hollywood/297661541810199_0,hollywood,crops/hollywood/297661541810199_0.jpg,297661541810199,2018-03-28T17:45:27+00:00,2018,34.101537399972,-118.34332609997,94.6,False,fta,https://www.mapillary.com/app/?pKey=297661541810199,CC BY-SA 4.0,1,174,1,unknown,X,0.97
hollywood/464307131511796_0,hollywood,crops/hollywood/464307131511796_0.jpg,464307131511796,2015-02-01T21:22:53+00:00,2015,34.094336,-118.343989,39.82043,False,jesolem,https://www.mapillary.com/app/?pKey=464307131511796,CC BY-SA 4.0,1,170,1,parking,ANTI-GRIDLOCK | ZONE | DO NOT | BLOCK | INTERSECTION,0.999
hollywood/273791134485193_0,hollywood,crops/hollywood/273791134485193_0.jpg,273791134485193,2017-06-28T15:16:46+00:00,2017,34.097458055556,-118.32230472222,338.16,False,mly_la,https://www.mapillary.com/app/?pKey=273791134485193,CC BY-SA 4.0,3,170,2,unknown,FlyAway | Bus | to LAX,0.989
hollywood/792045324832429_0,hollywood,crops/hollywood/792045324832429_0.jpg,792045324832429,2017-08-08T08:32:30+00:00,2017,34.097926388889,-118.32884638889,271.12950993899,False,mly_la,https://www.mapillary.com/app/?pKey=792045324832429,CC BY-SA 4.0,1,178,1,unknown,OVER 600 POUNDS,0.917
hollywood/934303837322241_0,hollywood,crops/hollywood/934303837322241_0.jpg,934303837322241,2013-12-06T18:06:07+00:00,2013,34.103656,-118.34483,108.5171,False,gyllen,https://www.mapillary.com/app/?pKey=934303837322241,CC BY-SA 4.0,1,168,2,parking,PRIVATE | PROPERTY | NO | TRESPASSING | VIOLATORS | WILL BE | PROSECUTED,0.993
hollywood/900130854177257_0,hollywood,crops/hollywood/900130854177257_0.jpg,900130854177257,2021-05-06T19:51:26.849000+00:00,2021,34.101679871079,-118.32596824882,268.71974779773,False,etunell,https://www.mapillary.com/app/?pKey=900130854177257,CC BY-SA 4.0,1,168,1,parking,HOLLYWOOD | P | PARKING,0.994
hollywood/2785250765073937_0,hollywood,crops/hollywood/2785250765073937_0.jpg,2785250765073937,2017-08-08T08:32:30+00:00,2017,34.097914722222,-118.32884,180.96424978931,False,mly_la,https://www.mapillary.com/app/?pKey=2785250765073937,CC BY-SA 4.0,1,230,1,unknown,OVERPOND,0.582
hollywood/156310566384702_0,hollywood,crops/hollywood/156310566384702_0.jpg,156310566384702,2018-07-28T01:41:02.093000+00:00,2018,34.094844281251,-118.30982871575,90.695388793945,False,lvl5,https://www.mapillary.com/app/?pKey=156310566384702,CC BY-SA 4.0,2,166,2,unknown,NO,0.994
hollywood/475434077058952_0,hollywood,crops/hollywood/475434077058952_0.jpg,475434077058952,2016-03-22T23:23:38.741000+00:00,2016,34.099483,-118.344498,353.9400558904,False,sarawabreus,https://www.mapillary.com/app/?pKey=475434077058952,CC BY-SA 4.0,1,179,2,parking,ST0FPh | NOPARKING | ANY TIME,0.877
hollywood/262857545573450_0,hollywood,crops/hollywood/262857545573450_0.jpg,262857545573450,2016-03-24T17:11:02.543000+00:00,2016,34.101664,-118.332269,253.146,False,jesolem,https://www.mapillary.com/app/?pKey=262857545573450,CC BY-SA 4.0,2,188,1,unknown,NO STCONG | NO | 2,0.816
hollywood/1101434993703183_0,hollywood,crops/hollywood/1101434993703183_0.jpg,1101434993703183,2015-03-27T20:26:22+00:00,2015,34.101422776775,-118.34356134842,88.065057234148,False,gyllen,https://www.mapillary.com/app/?pKey=1101434993703183,CC BY-SA 4.0,1,170,1,unknown,NOT | BLOCK | INTERSECTION | DVC,0.948
hollywood/288479876325289_0,hollywood,crops/hollywood/288479876325289_0.jpg,288479876325289,2018-12-20T00:30:47.946000+00:00,2018,34.1044034,-118.3092582,0.0,False,igorzo,https://www.mapillary.com/app/?pKey=288479876325289,CC BY-SA 4.0,1,176,1,parking,HOUR | PARKING | 8Am=8Pm,0.895
hollywood/327540868730650_0,hollywood,crops/hollywood/327540868730650_0.jpg,327540868730650,2017-07-02T11:30:59+00:00,2017,34.097934722222,-118.33952638889,180.80445427698,False,mly_la,https://www.mapillary.com/app/?pKey=327540868730650,CC BY-SA 4.0,1,174,1,unknown,BURO SPORT | Latan Whaels | Accessories | 6815 Sunset Bivd. | 323 462-8151 | ·ALARM | STEREO | TINT | UPHOLSTERY,0.884
hollywood/509493010492154_0,hollywood,crops/hollywood/509493010492154_0.jpg,509493010492154,2017-07-19T14:07:04+00:00,2017,34.096158055556,-118.32367638889,90.0,False,mly_la,https://www.mapillary.com/app/?pKey=509493010492154,CC BY-SA 4.0,2,163,1,parking,R | 2AM=6AM,0.95
hollywood/363633348385797_1,hollywood,crops/hollywood/363633348385797_1.jpg,363633348385797,2013-12-06T18:05:55+00:00,2013,34.103627,-118.344831,250.2164,False,gyllen,https://www.mapillary.com/app/?pKey=363633348385797,CC BY-SA 4.0,1,166,3,unknown,WARNING | OD | RNVATE,0.92
hollywood/527089174952571_0,hollywood,crops/hollywood/527089174952571_0.jpg,527089174952571,2013-12-07T23:27:04+00:00,2013,34.102734644688,-118.29068541527,279.4774,False,gyllen,https://www.mapillary.com/app/?pKey=527089174952571,CC BY-SA 4.0,1,163,1,parking,NO | PARKING,0.942
hollywood/286322739806459_0,hollywood,crops/hollywood/286322739806459_0.jpg,286322739806459,2014-03-25T19:53:14+00:00,2014,34.101631,-118.343932,258.2862,False,gyllen,https://www.mapillary.com/app/?pKey=286322739806459,CC BY-SA 4.0,2,158,1,unknown,PAY HERE,0.983
hollywood/478055626809529_0,hollywood,crops/hollywood/478055626809529_0.jpg,478055626809529,2021-05-06T22:47:41.605000+00:00,2021,34.103373283758,-118.33318762175,79.857293517837,False,etunell,https://www.mapillary.com/app/?pKey=478055626809529,CC BY-SA 4.0,1,163,1,parking,8AM 10AM,0.927
hollywood/326673678873714_0,hollywood,crops/hollywood/326673678873714_0.jpg,326673678873714,2017-07-19T16:47:29+00:00,2017,34.090553055556,-118.29918972222,92.90956662132,False,mly_la,https://www.mapillary.com/app/?pKey=326673678873714,CC BY-SA 4.0,2,158,1,unknown,WARNING | NEICHB088000 | WATCH,0.963
hollywood/1177392222682034_0,hollywood,crops/hollywood/1177392222682034_0.jpg,1177392222682034,2015-05-08T20:34:32.389000+00:00,2015,34.101497,-118.343331,115.826,False,jenmalone666,https://www.mapillary.com/app/?pKey=1177392222682034,CC BY-SA 4.0,1,155,1,unknown,X,0.978
hollywood/643836283134224_0,hollywood,crops/hollywood/643836283134224_0.jpg,643836283134224,2017-07-19T14:37:52+00:00,2017,34.091966388889,-118.31573805556,9.1476436295759,False,mly_la,https://www.mapillary.com/app/?pKey=643836283134224,CC BY-SA 4.0,2,153,1,unknown,R | R,0.99
hollywood/525114878773550_0,hollywood,crops/hollywood/525114878773550_0.jpg,525114878773550,2021-08-11T19:28:05.503000+00:00,2021,34.101668132723,-118.3273277421,268.46186162352,False,etunell,https://www.mapillary.com/app/?pKey=525114878773550,CC BY-SA 4.0,1,210,1,unknown,因,0.589
hollywood/891665321687898_0,hollywood,crops/hollywood/891665321687898_0.jpg,891665321687898,2013-12-07T23:29:59+00:00,2013,34.103716,-118.291694,9.388977,False,jenmalone666,https://www.mapillary.com/app/?pKey=891665321687898,CC BY-SA 4.0,1,157,1,unknown,ENGER | DING | ONE | MOMIGHT,0.945
hollywood/306042841099985_0,hollywood,crops/hollywood/306042841099985_0.jpg,306042841099985,2017-07-02T10:43:40+00:00,2017,34.092643055556,-118.32899138889,260.98094219668,False,mly_la,https://www.mapillary.com/app/?pKey=306042841099985,CC BY-SA 4.0,1,151,1,unknown,USE | CROSS,1.0
hollywood/4396132780411542_0,hollywood,crops/hollywood/4396132780411542_0.jpg,4396132780411542,2016-11-02T17:14:39.535000+00:00,2016,34.102812,-118.344691,30.09204,False,gyllen,https://www.mapillary.com/app/?pKey=4396132780411542,CC BY-SA 4.0,1,151,1,unknown,ERRITO,0.985
hollywood/510243897013277_0,hollywood,crops/hollywood/510243897013277_0.jpg,510243897013277,2017-06-28T15:16:11+00:00,2017,34.095661388889,-118.322205,359.51187684865,False,mly_la,https://www.mapillary.com/app/?pKey=510243897013277,CC BY-SA 4.0,2,198,1,unknown,2AY=6A,0.625
hollywood/938821246668631_0,hollywood,crops/hollywood/938821246668631_0.jpg,938821246668631,2021-08-11T20:33:05.767000+00:00,2021,34.103246894317,-118.33347831477,255.35779577964,False,etunell,https://www.mapillary.com/app/?pKey=938821246668631,CC BY-SA 4.0,1,147,1,unknown,R,0.998
hollywood/5999578033446416_0,hollywood,crops/hollywood/5999578033446416_0.jpg,5999578033446416,2021-08-11T19:28:32.562000+00:00,2021,34.102327519287,-118.32813025986,5.1930724792363,False,etunell,https://www.mapillary.com/app/?pKey=5999578033446416,CC BY-SA 4.0,1,147,1,unknown,X,0.998
hollywood/281115270330966_0,hollywood,crops/hollywood/281115270330966_0.jpg,281115270330966,2013-12-05T21:51:21+00:00,2013,34.101606389934,-118.34383606911,266.2818,False,gyllen,https://www.mapillary.com/app/?pKey=281115270330966,CC BY-SA 4.0,1,155,1,unknown,ELPAY | HERE,0.91
hollywood/2859338567716303_1,hollywood,crops/hollywood/2859338567716303_1.jpg,2859338567716303,2021-05-06T22:25:28.895000+00:00,2021,34.101741520593,-118.33874878146,177.76820522469,False,etunell,https://www.mapillary.com/app/?pKey=2859338567716303,CC BY-SA 4.0,1,183,1,unknown,LAcityTours | 二 | FREE MAFI,0.693
hollywood/355562232948858_0,hollywood,crops/hollywood/355562232948858_0.jpg,355562232948858,2021-08-11T20:07:37.594000+00:00,2021,34.104107613769,-118.34076398383,90.322908070062,False,etunell,https://www.mapillary.com/app/?pKey=355562232948858,CC BY-SA 4.0,1,153,1,unknown,FOR | RENT | 021844100,0.927
hollywood/281911800278562_0,hollywood,crops/hollywood/281911800278562_0.jpg,281911800278562,2017-06-14T15:17:43+00:00,2017,34.090493055556,-118.33626805556,26.422411764746,False,mly_la,https://www.mapillary.com/app/?pKey=281911800278562,CC BY-SA 4.0,2,158,1,parking,4ROUR | PARKING | 8AM=7PK,0.866
hollywood/275066564278292_0,hollywood,crops/hollywood/275066564278292_0.jpg,275066564278292,2015-10-07T18:56:04.019000+00:00,2015,34.08963,-118.286788,354.0514,False,ahealthydesign,https://www.mapillary.com/app/?pKey=275066564278292,CC BY-SA 4.0,1,149,1,unknown,SCH | 82 | SPE | LIN | 3,0.948
hollywood/1729216433917463_0,hollywood,crops/hollywood/1729216433917463_0.jpg,1729216433917463,2015-10-25T23:06:23.435000+00:00,2015,34.097986,-118.343079,355.4366,False,gyllen,https://www.mapillary.com/app/?pKey=1729216433917463,CC BY-SA 4.0,2,431,1,unknown,,0.0
hollywood/497871841366018_0,hollywood,crops/hollywood/497871841366018_0.jpg,497871841366018,2017-11-09T18:12:23.712000+00:00,2017,34.102391747934,-118.34469311322,7.2563177749921,False,gyllen,https://www.mapillary.com/app/?pKey=497871841366018,CC BY-SA 4.0,1,155,1,unknown,FON,0.873
hollywood/464392381302365_0,hollywood,crops/hollywood/464392381302365_0.jpg,464392381302365,2017-07-19T16:46:35+00:00,2017,34.090783055556,-118.29927638889,216.50463328923,False,mly_la,https://www.mapillary.com/app/?pKey=464392381302365,CC BY-SA 4.0,1,150,1,unknown,WARNING | NEGHHHOD | WATCH | CITY OF LOS ANGELES | L.AEP.D.,0.916
hollywood/1112171562622045_0,hollywood,crops/hollywood/1112171562622045_0.jpg,1112171562622045,2018-12-28T22:38:11.274000+00:00,2018,34.092386672907,-118.32885405099,265.35830688477,False,lvl5,https://www.mapillary.com/app/?pKey=1112171562622045,CC BY-SA 4.0,1,141,1,unknown,Lexin,0.993
hollywood/530786594997287_0,hollywood,crops/hollywood/530786594997287_0.jpg,530786594997287,2013-12-07T23:20:49+00:00,2013,34.103845116962,-118.29172074795,191.8788,False,jenmalone666,https://www.mapillary.com/app/?pKey=530786594997287,CC BY-SA 4.0,1,140,1,unknown,5 | Flat Rate,0.998
hollywood/2933876033607367_0,hollywood,crops/hollywood/2933876033607367_0.jpg,2933876033607367,2017-07-19T14:37:49+00:00,2017,34.092114722222,-118.31573805556,90.0,False,mly_la,https://www.mapillary.com/app/?pKey=2933876033607367,CC BY-SA 4.0,2,140,1,unknown,R | R,0.991
hollywood/4042592012466465_0,hollywood,crops/hollywood/4042592012466465_0.jpg,4042592012466465,2018-03-30T11:42:58+00:00,2018,34.0957512,-118.28818599997,268.3,False,fta,https://www.mapillary.com/app/?pKey=4042592012466465,CC BY-SA 4.0,2,160,1,unknown,一文 | HERE,0.801
hollywood/900130854177257_1,hollywood,crops/hollywood/900130854177257_1.jpg,900130854177257,2021-05-06T19:51:26.849000+00:00,2021,34.101679871079,-118.32596824882,268.71974779773,False,etunell,https://www.mapillary.com/app/?pKey=900130854177257,CC BY-SA 4.0,1,140,1,unknown,R | 2,0.994
hollywood/583929789234573_1,hollywood,crops/hollywood/583929789234573_1.jpg,583929789234573,2016-10-21T21:23:00.683000+00:00,2016,34.094159201891,-118.34404441006,2.6078872680664,False,jopparn,https://www.mapillary.com/app/?pKey=583929789234573,CC BY-SA 4.0,1,151,1,unknown,ANTI | -CRDLOCX | IONK | 0O NOT | X0018 | INTERSECTION,0.872
hollywood/1106472878042184_0,hollywood,crops/hollywood/1106472878042184_0.jpg,1106472878042184,2025-07-09T13:43:55.824000+00:00,2025,34.097837104793,-118.34452579521,39.627525821339,True,jperez2PM_cramobility,https://www.mapillary.com/app/?pKey=1106472878042184,CC BY-SA 4.0,1,139,3,unknown,12,0.991
hollywood/1812670142235094_0,hollywood,crops/hollywood/1812670142235094_0.jpg,1812670142235094,2015-03-14T22:50:12+00:00,2015,34.102218,-118.32237,176.476,False,gyllen,https://www.mapillary.com/app/?pKey=1812670142235094,CC BY-SA 4.0,2,409,1,unknown,,0.0
hollywood/920543168742761_0,hollywood,crops/hollywood/920543168742761_0.jpg,920543168742761,2017-07-03T15:16:02+00:00,2017,34.098106388889,-118.32226638889,268.22648777449,False,mly_la,https://www.mapillary.com/app/?pKey=920543168742761,CC BY-SA 4.0,1,149,1,parking,NOSTOPPING | 7AM=9AM | 4PH=7PH | PARKNG | 9 8  | nS,0.874
hollywood/965611970871850_0,hollywood,crops/hollywood/965611970871850_0.jpg,965611970871850,2017-07-01T12:13:34+00:00,2017,34.097926388889,-118.334605,179.99996916676,False,mly_la,https://www.mapillary.com/app/?pKey=965611970871850,CC BY-SA 4.0,3,156,1,parking,NO STOPPINS | 4PH=7PN | 2PARKING | 98,0.796
hollywood/362313595234417_0,hollywood,crops/hollywood/362313595234417_0.jpg,362313595234417,2021-05-06T20:31:01.929000+00:00,2021,34.104203908676,-118.33843992736,230.0615622215,False,etunell,https://www.mapillary.com/app/?pKey=362313595234417,CC BY-SA 4.0,1,403,1,unknown,,0.0
hollywood/788938608395171_0,hollywood,crops/hollywood/788938608395171_0.jpg,788938608395171,2017-08-08T08:34:27+00:00,2017,34.092455,-118.32893305556,359.40067029407,False,mly_la,https://www.mapillary.com/app/?pKey=788938608395171,CC BY-SA 4.0,1,159,1,unknown,新 | N,0.741
hollywood/3039138476357627_0,hollywood,crops/hollywood/3039138476357627_0.jpg,3039138476357627,2021-05-06T20:31:54.123000+00:00,2021,34.104174471534,-118.34286450306,268.82069282779,False,etunell,https://www.mapillary.com/app/?pKey=3039138476357627,CC BY-SA 4.0,1,394,1,unknown,,0.0
hollywood/490822379028886_0,hollywood,crops/hollywood/490822379028886_0.jpg,490822379028886,2017-06-29T14:43:13+00:00,2017,34.101534722222,-118.32783138889,177.51553279583,False,mly_la,https://www.mapillary.com/app/?pKey=490822379028886,CC BY-SA 4.0,3,170,1,unknown,he | 3AN61 | G,0.658
hollywood/930391547808257_0,hollywood,crops/hollywood/930391547808257_0.jpg,930391547808257,2017-07-19T14:43:28+00:00,2017,34.089028055556,-118.32660638889,0.87864524506131,False,mly_la,https://www.mapillary.com/app/?pKey=930391547808257,CC BY-SA 4.0,1,142,2,unknown,X | USE | CROSSWALK,0.885
hollywood/882768619287177_1,hollywood,crops/hollywood/882768619287177_1.jpg,882768619287177,2021-08-19T18:26:16.555000+00:00,2021,34.10149600362,-118.33867377106,89.295050125651,False,etunell,https://www.mapillary.com/app/?pKey=882768619287177,CC BY-SA 4.0,2,389,1,unknown,,0.0
hollywood/913895872798395_0,hollywood,crops/hollywood/913895872798395_0.jpg,913895872798395,2017-01-30T19:57:13.580000+00:00,2017,34.102248677093,-118.3446588834,180.7374,False,gyllen,https://www.mapillary.com/app/?pKey=913895872798395,CC BY-SA 4.0,1,389,1,unknown,,0.0
hollywood/809438633282251_0,hollywood,crops/hollywood/809438633282251_0.jpg,809438633282251,2017-07-19T15:19:55+00:00,2017,34.09552,-118.31574305556,90.0,False,mly_la,https://www.mapillary.com/app/?pKey=809438633282251,CC BY-SA 4.0,2,135,1,parking,NO | PARKING | 10AN-1P | TOW-AWAY | STOPPING | 5m,0.942
hollywood/1595977477280101_0,hollywood,crops/hollywood/1595977477280101_0.jpg,1595977477280101,2017-06-14T15:17:41+00:00,2017,34.090471388889,-118.33627472222,74.567771568677,False,mly_la,https://www.mapillary.com/app/?pKey=1595977477280101,CC BY-SA 4.0,2,141,1,parking,12800K=3Px | AOUR | PARKING | 8AM=7FM,0.869
hollywood/314959356644326_0,hollywood,crops/hollywood/314959356644326_0.jpg,314959356644326,2017-07-02T12:51:07+00:00,2017,34.089565,-118.34279472222,89.193535020789,False,mly_la,https://www.mapillary.com/app/?pKey=314959356644326,CC BY-SA 4.0,2,141,1,parking,TOW-ANAY | NOPARKING | 4PM=130 | THURSDRY.ONLY | ToW | AWAY | NOPARKING | 4PM=130PK,0.857
hollywood/4333386790006010_0,hollywood,crops/hollywood/4333386790006010_0.jpg,4333386790006010,2021-05-06T21:46:43.584000+00:00,2021,34.10105682386,-118.32677400676,0.0,False,etunell,https://www.mapillary.com/app/?pKey=4333386790006010,CC BY-SA 4.0,1,129,2,unknown,000,0.969
hollywood/300312598363877_0,hollywood,crops/hollywood/300312598363877_0.jpg,300312598363877,2015-10-25T22:59:49.889000+00:00,2015,34.098047,-118.334122,331.0189,False,gyllen,https://www.mapillary.com/app/?pKey=300312598363877,CC BY-SA 4.0,1,377,1,unknown,,0.0
hollywood/1036688200194973_0,hollywood,crops/hollywood/1036688200194973_0.jpg,1036688200194973,2017-06-14T15:19:00+00:00,2017,34.090728055556,-118.33750638889,90.000032228311,False,mly_la,https://www.mapillary.com/app/?pKey=1036688200194973,CC BY-SA 4.0,1,131,1,unknown,LAPD | e,0.944
hollywood/920715342056916_1,hollywood,crops/hollywood/920715342056916_1.jpg,920715342056916,2020-01-21T20:42:37.044000+00:00,2020,34.097975,-118.328793,333.74176025391,False,mezaab113,https://www.mapillary.com/app/?pKey=920715342056916,CC BY-SA 4.0,1,172,1,unknown,團,0.595
hollywood/4584270501625414_0,hollywood,crops/hollywood/4584270501625414_0.jpg,4584270501625414,2018-12-19T22:45:15.326000+00:00,2018,34.101598297424,-118.33202798702,90.159423828125,False,igorzo,https://www.mapillary.com/app/?pKey=4584270501625414,CC BY-SA 4.0,1,127,1,unknown,PAY HERE,0.977
hollywood/540035184048286_0,hollywood,crops/hollywood/540035184048286_0.jpg,540035184048286,2018-03-04T18:41:24+00:00,2018,34.1040927,-118.3439757,90.0,False,chrisbeddow,https://www.mapillary.com/app/?pKey=540035184048286,CC BY-SA 4.0,1,136,1,unknown,O NOT | LOCK | TEESEETION,0.88
hollywood/502278007623269_0,hollywood,crops/hollywood/502278007623269_0.jpg,502278007623269,2017-07-01T11:52:10+00:00,2017,34.097913055556,-118.34208138889,177.11945757153,False,mly_la,https://www.mapillary.com/app/?pKey=502278007623269,CC BY-SA 4.0,1,125,1,unknown,25,0.999
hollywood/652001049033380_0,hollywood,crops/hollywood/652001049033380_0.jpg,652001049033380,2021-05-06T19:53:49.537000+00:00,2021,34.101643175117,-118.32954463944,271.68435773417,False,etunell,https://www.mapillary.com/app/?pKey=652001049033380,CC BY-SA 4.0,1,125,1,unknown,LAPD,1.0
hollywood/223950705918494_1,hollywood,crops/hollywood/223950705918494_1.jpg,223950705918494,2021-05-06T19:30:00.029000+00:00,2021,34.099739144097,-118.33629125078,88.832996549157,False,etunell,https://www.mapillary.com/app/?pKey=223950705918494,CC BY-SA 4.0,3,371,1,unknown,,0.0
hollywood/466654654597752_0,hollywood,crops/hollywood/466654654597752_0.jpg,466654654597752,2017-07-19T16:46:43+00:00,2017,34.090223055556,-118.29918972222,269.01155873126,False,mly_la,https://www.mapillary.com/app/?pKey=466654654597752,CC BY-SA 4.0,1,137,1,parking,N. | PARKING | WARNING,0.84
hollywood/1377254335985525_0,hollywood,crops/hollywood/1377254335985525_0.jpg,1377254335985525,2017-07-19T17:32:42+00:00,2017,34.097228055556,-118.29504,1.4647545886216,False,mly_la,https://www.mapillary.com/app/?pKey=1377254335985525,CC BY-SA 4.0,4,176,1,unknown,鞋鞋曲,0.537
hollywood/2785250765073937_1,hollywood,crops/hollywood/2785250765073937_1.jpg,2785250765073937,2017-08-08T08:32:30+00:00,2017,34.097914722222,-118.32884,180.96424978931,False,mly_la,https://www.mapillary.com/app/?pKey=2785250765073937,CC BY-SA 4.0,1,130,1,parking,TOW-AAYA | NOPARKING | ANY TIME,0.889
hollywood/1758377817666815_0,hollywood,crops/hollywood/1758377817666815_0.jpg,1758377817666815,2016-10-21T21:28:36.800000+00:00,2016,34.094448997535,-118.34420044321,177.14894294739,False,jopparn,https://www.mapillary.com/app/?pKey=1758377817666815,CC BY-SA 4.0,1,133,2,unknown,NTERSECTION,0.858
hollywood/317728409925166_0,hollywood,crops/hollywood/317728409925166_0.jpg,317728409925166,2017-06-29T14:40:47+00:00,2017,34.097948055556,-118.33481638889,358.9648033828,False,mly_la,https://www.mapillary.com/app/?pKey=317728409925166,CC BY-SA 4.0,1,150,1,unknown,CA,0.701
hollywood/3959204317524596_0,hollywood,crops/hollywood/3959204317524596_0.jpg,3959204317524596,2018-07-20T19:16:25.938000+00:00,2018,34.098038460344,-118.34480465725,272.33163452148,False,lvl5,https://www.mapillary.com/app/?pKey=3959204317524596,CC BY-SA 4.0,1,139,1,parking,ANTTGLOCK | NO STOPIN | PAXING,0.791
hollywood/4523838610974025_0,hollywood,crops/hollywood/4523838610974025_0.jpg,4523838610974025,2018-07-18T18:15:59.161000+00:00,2018,34.102606671399,-118.33884150016,179.59156799316,False,lvl5,https://www.mapillary.com/app/?pKey=4523838610974025,CC BY-SA 4.0,1,120,1,parking,NOSTOPPING | ANY TIME,0.995
hollywood/488768988979844_0,hollywood,crops/hollywood/488768988979844_0.jpg,488768988979844,2016-02-03T20:21:00.491000+00:00,2016,34.104167,-118.340391,88.352902502585,False,gyllen,https://www.mapillary.com/app/?pKey=488768988979844,CC BY-SA 4.0,1,126,1,unknown,DO-NOT | BLOCK | INTERSECTION,0.926
hollywood/1418612128502279_0,hollywood,crops/hollywood/1418612128502279_0.jpg,1418612128502279,2018-07-30T23:29:47.119000+00:00,2018,34.101603888444,-118.34024257301,263.26064814186,False,gyllen,https://www.mapillary.com/app/?pKey=1418612128502279,CC BY-SA 4.0,1,121,1,unknown,X,0.979
hollywood/140894587938616_0,hollywood,crops/hollywood/140894587938616_0.jpg,140894587938616,2015-10-25T23:06:28.712000+00:00,2015,34.097984,-118.343172,356.7624,False,gyllen,https://www.mapillary.com/app/?pKey=140894587938616,CC BY-SA 4.0,1,356,1,unknown,,0.0
hollywood/513892379748247_0,hollywood,crops/hollywood/513892379748247_0.jpg,513892379748247,2021-05-06T20:22:41.965000+00:00,2021,34.10339804275,-118.33303391637,267.95026967475,False,etunell,https://www.mapillary.com/app/?pKey=513892379748247,CC BY-SA 4.0,2,355,1,unknown,,0.0
hollywood/493506348519319_0,hollywood,crops/hollywood/493506348519319_0.jpg,493506348519319,2018-03-28T17:19:50+00:00,2018,34.101632899972,-118.3295832,177.9,False,fta,https://www.mapillary.com/app/?pKey=493506348519319,CC BY-SA 4.0,1,142,1,unknown,7,0.741
hollywood/1118255088668145_0,hollywood,crops/hollywood/1118255088668145_0.jpg,1118255088668145,2018-07-17T14:27:20.618000+00:00,2018,34.091311798339,-118.32674318092,179.84057617188,False,lvl5,https://www.mapillary.com/app/?pKey=1118255088668145,CC BY-SA 4.0,1,118,1,unknown,ROA | WOF | AHE,0.988
hollywood/791350578251616_0,hollywood,crops/hollywood/791350578251616_0.jpg,791350578251616,2017-08-07T07:34:04+00:00,2017,34.088963055556,-118.32673,358.48473183638,False,mly_la,https://www.mapillary.com/app/?pKey=791350578251616,CC BY-SA 4.0,1,351,1,unknown,,0.0
hollywood/902140330518162_0,hollywood,crops/hollywood/902140330518162_0.jpg,902140330518162,2018-07-30T23:27:43.225000+00:00,2018,34.101675991857,-118.33886033093,270.0,False,gyllen,https://www.mapillary.com/app/?pKey=902140330518162,CC BY-SA 4.0,1,121,1,unknown,M | Metio,0.949
hollywood/300756804862402_0,hollywood,crops/hollywood/300756804862402_0.jpg,300756804862402,2015-10-06T19:43:15.833000+00:00,2015,34.098127,-118.296607,87.88544,False,ahealthydesign,https://www.mapillary.com/app/?pKey=300756804862402,CC BY-SA 4.0,1,131,1,parking,OW-AWAY | STOPPING | 79M | 4PM | 01,0.84
hollywood/1791887954323123_0,hollywood,crops/hollywood/1791887954323123_0.jpg,1791887954323123,2017-07-19T14:54:53+00:00,2017,34.090803055556,-118.30998305556,179.99997337658,False,mly_la,https://www.mapillary.com/app/?pKey=1791887954323123,CC BY-SA 4.0,1,121,1,unknown,KORTH | Fwy | SOUTH,0.945
hollywood/312240080314012_0,hollywood,crops/hollywood/312240080314012_0.jpg,312240080314012,2017-06-28T07:06:40+00:00,2017,34.09096,-118.30931472222,180.0,False,mly_la,https://www.mapillary.com/app/?pKey=312240080314012,CC BY-SA 4.0,3,131,1,unknown,国,0.837
hollywood/1195729840943703_0,hollywood,crops/hollywood/1195729840943703_0.jpg,1195729840943703,2021-05-06T21:21:15.485000+00:00,2021,34.099118481701,-118.33860995336,0.0,False,etunell,https://www.mapillary.com/app/?pKey=1195729840943703,CC BY-SA 4.0,4,348,1,unknown,,0.0
hollywood/1036149050251120_0,hollywood,crops/hollywood/1036149050251120_0.jpg,1036149050251120,2015-03-27T20:26:32+00:00,2015,34.101543,-118.34363,342.0901,False,gyllen,https://www.mapillary.com/app/?pKey=1036149050251120,CC BY-SA 4.0,2,170,1,unknown,17,0.526
hollywood/306148714368076_0,hollywood,crops/hollywood/306148714368076_0.jpg,306148714368076,2017-08-07T07:34:04+00:00,2017,34.088928055556,-118.32674,269.16128614017,False,mly_la,https://www.mapillary.com/app/?pKey=306148714368076,CC BY-SA 4.0,1,348,1,unknown,,0.0
hollywood/2202442343595348_0,hollywood,crops/hollywood/2202442343595348_0.jpg,2202442343595348,2025-07-09T13:42:00.709000+00:00,2025,34.097831395515,-118.34455759103,301.12380109776,True,ebelmudez,https://www.mapillary.com/app/?pKey=2202442343595348,CC BY-SA 4.0,1,139,1,unknown,12 | WSS,0.748
hollywood/233720168654518_1,hollywood,crops/hollywood/233720168654518_1.jpg,233720168654518,2021-08-11T18:23:29.528000+00:00,2021,34.10031759944,-118.33979173565,90.155309850431,False,etunell,https://www.mapillary.com/app/?pKey=233720168654518,CC BY-SA 4.0,1,145,1,unknown,THSPASGNG | USE PREHISES | AIND LIRIM AR,0.693
hollywood/279785577186455_0,hollywood,crops/hollywood/279785577186455_0.jpg,279785577186455,2017-07-19T14:11:18+00:00,2017,34.091721388889,-118.32654638889,79.06336390187,False,mly_la,https://www.mapillary.com/app/?pKey=279785577186455,CC BY-SA 4.0,1,115,2,parking,AOUR | PARKING | 8AM=7PM,0.99
hollywood/1018923008843253_0,hollywood,crops/hollywood/1018923008843253_0.jpg,1018923008843253,2021-08-11T19:34:05.488000+00:00,2021,34.10166017791,-118.32983324654,271.55751958852,False,etunell,https://www.mapillary.com/app/?pKey=1018923008843253,CC BY-SA 4.0,1,137,1,unknown,园,0.743
hollywood/310817533730000_0,hollywood,crops/hollywood/310817533730000_0.jpg,310817533730000,2017-07-19T16:40:21+00:00,2017,34.089926388889,-118.29497138889,90.0,False,mly_la,https://www.mapillary.com/app/?pKey=310817533730000,CC BY-SA 4.0,2,125,1,unknown,NO | NDP/6 | 8. | 2,0.857
hollywood/524236618930719_0,hollywood,crops/hollywood/524236618930719_0.jpg,524236618930719,2018-12-20T00:22:26.901000+00:00,2018,34.101799471784,-118.30620093485,270.70278930664,False,igorzo,https://www.mapillary.com/app/?pKey=524236618930719,CC BY-SA 4.0,1,119,1,parking,ROUR | PARKING | Biv8,0.9
hollywood/2910930945892101_0,hollywood,crops/hollywood/2910930945892101_0.jpg,2910930945892101,2021-05-06T22:53:46.550000+00:00,2021,34.101581174113,-118.32983461531,89.351724203996,False,etunell,https://www.mapillary.com/app/?pKey=2910930945892101,CC BY-SA 4.0,2,332,1,unknown,,0.0
hollywood/346721463793270_0,hollywood,crops/hollywood/346721463793270_0.jpg,346721463793270,2021-08-11T17:44:07.554000+00:00,2021,34.101581369448,-118.32758630301,92.158492733548,False,etunell,https://www.mapillary.com/app/?pKey=346721463793270,CC BY-SA 4.0,1,120,1,parking,P | PARKIKG,0.886
hollywood/4022176878044994_0,hollywood,crops/hollywood/4022176878044994_0.jpg,4022176878044994,2025-05-29T12:21:59.437000+00:00,2025,34.0979805585,-118.3441742072,173.3922611678,False,MicahStokes,https://www.mapillary.com/app/?pKey=4022176878044994,CC BY-SA 4.0,2,145,1,unknown,国南,0.64
hollywood/303727824659498_0,hollywood,crops/hollywood/303727824659498_0.jpg,303727824659498,2017-08-07T07:31:26+00:00,2017,34.098763055556,-118.32673305556,182.37090050144,False,mly_la,https://www.mapillary.com/app/?pKey=303727824659498,CC BY-SA 4.0,1,115,1,unknown,X,0.933
hollywood/390579745336642_0,hollywood,crops/hollywood/390579745336642_0.jpg,390579745336642,2017-07-03T08:49:58+00:00,2017,34.091578055556,-118.33868138889,270.0,False,mly_la,https://www.mapillary.com/app/?pKey=390579745336642,CC BY-SA 4.0,1,131,1,parking,NO STIPPNS | 7AM=9N | 3x37m | 9双 | 3rm,0.749
hollywood/745247719485896_0,hollywood,crops/hollywood/745247719485896_0.jpg,745247719485896,2017-07-01T12:14:23+00:00,2017,34.097595,-118.33105638889,271.55325927996,False,mly_la,https://www.mapillary.com/app/?pKey=745247719485896,CC BY-SA 4.0,2,108,1,unknown,ELECTRIC | VEHICLE | CHARGING | STATION,0.999
hollywood/272328597942120_0,hollywood,crops/hollywood/272328597942120_0.jpg,272328597942120,2017-08-07T07:25:24+00:00,2017,34.10159,-118.32774472222,96.005247143159,False,mly_la,https://www.mapillary.com/app/?pKey=272328597942120,CC BY-SA 4.0,3,325,1,unknown,,0.0
hollywood/897675437740562_0,hollywood,crops/hollywood/897675437740562_0.jpg,897675437740562,2015-10-02T16:52:02.563000+00:00,2015,34.098058,-118.298697,81.36969,False,ahealthydesign,https://www.mapillary.com/app/?pKey=897675437740562,CC BY-SA 4.0,1,117,1,unknown,M | Met | MC,0.886
hollywood/225355366015779_0,hollywood,crops/hollywood/225355366015779_0.jpg,225355366015779,2017-08-07T07:25:28+00:00,2017,34.101606388889,-118.32755472222,283.15618355287,False,mly_la,https://www.mapillary.com/app/?pKey=225355366015779,CC BY-SA 4.0,3,324,1,unknown,,0.0
hollywood/296004338773703_0,hollywood,crops/hollywood/296004338773703_0.jpg,296004338773703,2017-07-02T10:47:23+00:00,2017,34.088563055556,-118.32992805556,90.765288614173,False,mly_la,https://www.mapillary.com/app/?pKey=296004338773703,CC BY-SA 4.0,2,114,1,parking,R | 2AME6AM | R,0.923
hollywood/1177392222682034_1,hollywood,crops/hollywood/1177392222682034_1.jpg,1177392222682034,2015-05-08T20:34:32.389000+00:00,2015,34.101497,-118.343331,115.826,False,jenmalone666,https://www.mapillary.com/app/?pKey=1177392222682034,CC BY-SA 4.0,1,108,2,unknown,LAPD,0.99
hollywood/1930135833809756_0,hollywood,crops/hollywood/1930135833809756_0.jpg,1930135833809756,2014-03-25T19:53:09+00:00,2014,34.101628,-118.343874,139.9014,False,gyllen,https://www.mapillary.com/app/?pKey=1930135833809756,CC BY-SA 4.0,1,320,1,unknown,,0.0
hollywood/830963631137762_0,hollywood,crops/hollywood/830963631137762_0.jpg,830963631137762,2017-07-19T14:51:26+00:00,2017,34.090728055556,-118.31329805556,179.99998412165,False,mly_la,https://www.mapillary.com/app/?pKey=830963631137762,CC BY-SA 4.0,2,114,1,parking,NO.PARKING | TOWED AWAY | 1323161.4602,0.899
hollywood/3705497046245260_2,hollywood,crops/hollywood/3705497046245260_2.jpg,3705497046245260,2016-10-21T21:28:10.651000+00:00,2016,34.094645376773,-118.34419758853,187.29592132568,False,jopparn,https://www.mapillary.com/app/?pKey=3705497046245260,CC BY-SA 4.0,1,125,1,unknown,1,0.778
hollywood/1232987507155806_0,hollywood,crops/hollywood/1232987507155806_0.jpg,1232987507155806,2018-12-19T22:54:29.176000+00:00,2018,34.10179387652,-118.30747502096,88.675689697266,False,igorzo,https://www.mapillary.com/app/?pKey=1232987507155806,CC BY-SA 4.0,1,119,1,parking,Roun | PARKING | 8AM=8PM,0.835
hollywood/488608965681373_1,hollywood,crops/hollywood/488608965681373_1.jpg,488608965681373,2021-05-06T22:33:45.394000+00:00,2021,34.101516748068,-118.33876388133,0.0,False,etunell,https://www.mapillary.com/app/?pKey=488608965681373,CC BY-SA 4.0,2,315,1,unknown,,0.0
hollywood/312608870248017_0,hollywood,crops/hollywood/312608870248017_0.jpg,312608870248017,2017-06-29T14:40:53+00:00,2017,34.097925,-118.33413305556,179.15210042987,False,mly_la,https://www.mapillary.com/app/?pKey=312608870248017,CC BY-SA 4.0,1,127,1,unknown,NO | 2R0G,0.736
hollywood/501916161150940_0,hollywood,crops/hollywood/501916161150940_0.jpg,501916161150940,2021-05-06T20:12:30.225000+00:00,2021,34.101529166506,-118.33518126977,89.996371659073,False,etunell,https://www.mapillary.com/app/?pKey=501916161150940,CC BY-SA 4.0,2,312,1,unknown,,0.0
hollywood/510217543463162_0,hollywood,crops/hollywood/510217543463162_0.jpg,510217543463162,2017-07-19T16:40:25+00:00,2017,34.090349722222,-118.29496805556,90.0,False,mly_la,https://www.mapillary.com/app/?pKey=510217543463162,CC BY-SA 4.0,1,109,1,parking,NOPARKING | 6PM=8AM | 2PARKING | 8AM6PM,0.922
hollywood/1201376660283059_0,hollywood,crops/hollywood/1201376660283059_0.jpg,1201376660283059,2021-05-06T21:21:14.820000+00:00,2021,34.099118481701,-118.33860995336,358.3837609102,False,etunell,https://www.mapillary.com/app/?pKey=1201376660283059,CC BY-SA 4.0,3,311,1,unknown,,0.0
hollywood/510080100018611_0,hollywood,crops/hollywood/510080100018611_0.jpg,510080100018611,2017-06-13T14:40:16+00:00,2017,34.102648055556,-118.34333805556,271.12944693573,False,mly_la,https://www.mapillary.com/app/?pKey=510080100018611,CC BY-SA 4.0,2,128,1,parking,LPARKING | CTIME,0.714
hollywood/4052312584829105_0,hollywood,crops/hollywood/4052312584829105_0.jpg,4052312584829105,2019-01-29T21:54:41.093000+00:00,2019,34.101763088536,-118.30608247318,90.157043457031,False,igorzo,https://www.mapillary.com/app/?pKey=4052312584829105,CC BY-SA 4.0,1,137,1,unknown,MA,0.626
hollywood/466144061265682_0,hollywood,crops/hollywood/466144061265682_0.jpg,466144061265682,2015-10-25T23:06:38.129000+00:00,2015,34.097975,-118.344132,186.8922,False,jenmalone666,https://www.mapillary.com/app/?pKey=466144061265682,CC BY-SA 4.0,2,308,1,unknown,,0.0
hollywood/302679891267667_1,hollywood,crops/hollywood/302679891267667_1.jpg,302679891267667,2015-10-03T20:57:11.962000+00:00,2015,34.09822,-118.298114,288.5,False,gyllen,https://www.mapillary.com/app/?pKey=302679891267667,CC BY-SA 4.0,1,103,1,unknown,EHICLES | OVER | 6000-POUNDS | PROHIBNED,0.982
hollywood/108578621285885_0,hollywood,crops/hollywood/108578621285885_0.jpg,108578621285885,2017-06-04T11:18:27+00:00,2017,34.097844722222,-118.32958138889,270.0,False,mly_la,https://www.mapillary.com/app/?pKey=108578621285885,CC BY-SA 4.0,1,105,1,unknown,Sunset Bl,0.953
hollywood/644843433580452_1,hollywood,crops/hollywood/644843433580452_1.jpg,644843433580452,2021-05-06T20:35:20.246000+00:00,2021,34.103653131438,-118.3433632846,0.0,False,etunell,https://www.mapillary.com/app/?pKey=644843433580452,CC BY-SA 4.0,2,304,1,unknown,,0.0
hollywood/238951031335034_0,hollywood,crops/hollywood/238951031335034_0.jpg,238951031335034,2017-08-07T07:34:03+00:00,2017,34.089038055556,-118.32674305556,268.68216108648,False,mly_la,https://www.mapillary.com/app/?pKey=238951031335034,CC BY-SA 4.0,1,303,1,unknown,,0.0
hollywood/478723296768087_0,hollywood,crops/hollywood/478723296768087_0.jpg,478723296768087,2018-08-07T15:19:59.927000+00:00,2018,34.094528267655,-118.34408633202,333.47698974609,False,lvl5,https://www.mapillary.com/app/?pKey=478723296768087,CC BY-SA 4.0,2,125,1,parking,NO STOPNG | 4im | 2PASH,0.712
hollywood/185204563454771_1,hollywood,crops/hollywood/185204563454771_1.jpg,185204563454771,2017-08-07T07:33:45+00:00,2017,34.090844722222,-118.32676638889,267.7326806461,False,mly_la,https://www.mapillary.com/app/?pKey=185204563454771,CC BY-SA 4.0,1,119,1,unknown,9,0.773
hollywood/855003301789960_0,hollywood,crops/hollywood/855003301789960_0.jpg,855003301789960,2018-07-17T14:21:42.025000+00:00,2018,34.09794828884,-118.34463574689,85.071464538574,False,lvl5,https://www.mapillary.com/app/?pKey=855003301789960,CC BY-SA 4.0,1,107,1,unknown,0,0.906
hollywood/184648443588509_0,hollywood,crops/hollywood/184648443588509_0.jpg,184648443588509,2021-05-06T19:53:56.208000+00:00,2021,34.101644383822,-118.32997214437,268.70347991366,False,etunell,https://www.mapillary.com/app/?pKey=184648443588509,CC BY-SA 4.0,1,119,1,unknown,ARS | PAY HERE,0.769
hollywood/549582962677188_0,hollywood,crops/hollywood/549582962677188_0.jpg,549582962677188,2017-07-01T16:16:51+00:00,2017,34.101468055556,-118.32673638889,174.0906074809,False,mly_la,https://www.mapillary.com/app/?pKey=549582962677188,CC BY-SA 4.0,2,126,1,unknown,H | 国,0.699
hollywood/913544455878873_1,hollywood,crops/hollywood/913544455878873_1.jpg,913544455878873,2018-12-28T22:38:24.652000+00:00,2018,34.093937736716,-118.32885749175,358.49453735352,False,lvl5,https://www.mapillary.com/app/?pKey=913544455878873,CC BY-SA 4.0,2,110,1,unknown,2CH001 | S003 | 2bEED | TIMIJ,0.861
hollywood/470751194017166_0,hollywood,crops/hollywood/470751194017166_0.jpg,470751194017166,2017-07-19T16:47:13+00:00,2017,34.089196388889,-118.29918305556,82.141256899882,False,mly_la,https://www.mapillary.com/app/?pKey=470751194017166,CC BY-SA 4.0,2,108,1,unknown,WARNING,0.894
hollywood/776393739974798_0,hollywood,crops/hollywood/776393739974798_0.jpg,776393739974798,2016-03-26T17:14:29.390000+00:00,2016,34.090943,-118.289283,271.0624,False,jesolem,https://www.mapillary.com/app/?pKey=776393739974798,CC BY-SA 4.0,1,98,1,parking,PARKING,1.0
hollywood/173213801545461_0,hollywood,crops/hollywood/173213801545461_0.jpg,173213801545461,2021-08-11T20:32:54.545000+00:00,2021,34.103677462013,-118.33336811808,315.78930161,False,etunell,https://www.mapillary.com/app/?pKey=173213801545461,CC BY-SA 4.0,2,294,1,unknown,,0.0
hollywood/485262289486305_0,hollywood,crops/hollywood/485262289486305_0.jpg,485262289486305,2017-07-01T11:51:46+00:00,2017,34.097911388889,-118.34225805556,89.999983179628,False,mly_la,https://www.mapillary.com/app/?pKey=485262289486305,CC BY-SA 4.0,1,116,1,parking,NOSTOPPING | 9AM | nise,0.758
hollywood/189327346246243_0,hollywood,crops/hollywood/189327346246243_0.jpg,189327346246243,2014-03-25T19:53:12+00:00,2014,34.101628,-118.343874,218.8533,False,gyllen,https://www.mapillary.com/app/?pKey=189327346246243,CC BY-SA 4.0,1,292,1,unknown,,0.0
hollywood/774587526780337_0,hollywood,crops/hollywood/774587526780337_0.jpg,774587526780337,2017-07-19T14:48:38+00:00,2017,34.090701388889,-118.31626305556,177.60190254822,False,mly_la,https://www.mapillary.com/app/?pKey=774587526780337,CC BY-SA 4.0,1,108,1,unknown,NOITPING | ANY TIME,0.848
hollywood/171393824891282_0,hollywood,crops/hollywood/171393824891282_0.jpg,171393824891282,2017-08-08T08:34:18+00:00,2017,34.093658055556,-118.32894472222,359.39171527881,False,mly_la,https://www.mapillary.com/app/?pKey=171393824891282,CC BY-SA 4.0,2,288,1,unknown,,0.0
hollywood/644843433580452_0,hollywood,crops/hollywood/644843433580452_0.jpg,644843433580452,2021-05-06T20:35:20.246000+00:00,2021,34.103653131438,-118.3433632846,0.0,False,etunell,https://www.mapillary.com/app/?pKey=644843433580452,CC BY-SA 4.0,1,286,1,unknown,,0.0
hollywood/4598621980154295_0,hollywood,crops/hollywood/4598621980154295_0.jpg,4598621980154295,2021-05-06T20:35:30.853000+00:00,2021,34.102743712554,-118.34335721618,178.99011579693,False,etunell,https://www.mapillary.com/app/?pKey=4598621980154295,CC BY-SA 4.0,2,283,1,unknown,,0.0
hollywood/478266806727765_1,hollywood,crops/hollywood/478266806727765_1.jpg,478266806727765,2020-01-21T21:13:49.220000+00:00,2020,34.096765,-118.291718,1.9358520507812,False,mezaab113,https://www.mapillary.com/app/?pKey=478266806727765,CC BY-SA 4.0,1,283,1,unknown,,0.0
hollywood/189327346246243_1,hollywood,crops/hollywood/189327346246243_1.jpg,189327346246243,2014-03-25T19:53:12+00:00,2014,34.101628,-118.343874,218.8533,False,gyllen,https://www.mapillary.com/app/?pKey=189327346246243,CC BY-SA 4.0,1,282,1,unknown,,0.0
hollywood/111514937649665_0,hollywood,crops/hollywood/111514937649665_0.jpg,111514937649665,2017-07-02T10:35:43+00:00,2017,34.104416388889,-118.32999638889,247.51000822587,False,mly_la,https://www.mapillary.com/app/?pKey=111514937649665,CC BY-SA 4.0,2,104,1,unknown,ERVO,0.856
hollywood/1106157923208417_0,hollywood,crops/hollywood/1106157923208417_0.jpg,1106157923208417,2017-07-19T14:54:54+00:00,2017,34.090803055556,-118.30988805556,181.38341254984,False,mly_la,https://www.mapillary.com/app/?pKey=1106157923208417,CC BY-SA 4.0,1,100,1,unknown,Carlos | MEAGOD | ICUNEDE | EY(nn)*** | D0M21MAYO | 213-448-9848,0.906
hollywood/1154400871648130_0,hollywood,crops/hollywood/1154400871648130_0.jpg,1154400871648130,2017-06-04T17:04:17+00:00,2017,34.104098055556,-118.33874305556,179.99996729141,False,mly_la,https://www.mapillary.com/app/?pKey=1154400871648130,CC BY-SA 4.0,1,93,1,unknown,ON RED,0.974
hollywood/1603247177019530_1,hollywood,crops/hollywood/1603247177019530_1.jpg,1603247177019530,2025-05-29T14:44:49.725000+00:00,2025,34.0945957082,-118.344130198,178.67857929112,False,MicahStokes,https://www.mapillary.com/app/?pKey=1603247177019530,CC BY-SA 4.0,2,96,1,unknown,国,0.925
hollywood/830279950920032_0,hollywood,crops/hollywood/830279950920032_0.jpg,830279950920032,2018-12-28T22:46:48.642000+00:00,2018,34.097022636305,-118.33341826255,84.319557189941,False,lvl5,https://www.mapillary.com/app/?pKey=830279950920032,CC BY-SA 4.0,1,120,1,unknown,门,0.64
hollywood/2583953095242033_0,hollywood,crops/hollywood/2583953095242033_0.jpg,2583953095242033,2017-07-19T14:32:58+00:00,2017,34.097988055556,-118.31878305556,179.9999795223,False,mly_la,https://www.mapillary.com/app/?pKey=2583953095242033,CC BY-SA 4.0,1,100,1,parking,ZONE | NOSTOPPING | 7YY | 4p7P | 2 | PARKING | 9811,0.864
hollywood/476525403680029_1,hollywood,crops/hollywood/476525403680029_1.jpg,476525403680029,2018-03-04T18:41:26+00:00,2018,34.104094799972,-118.34395949997,90.0,False,chrisbeddow,https://www.mapillary.com/app/?pKey=476525403680029,CC BY-SA 4.0,1,122,3,unknown,HOTE,0.608
hollywood/1185614415215579_0,hollywood,crops/hollywood/1185614415215579_0.jpg,1185614415215579,2017-07-19T14:13:22+00:00,2017,34.094536388889,-118.32652638889,358.02380999706,False,mly_la,https://www.mapillary.com/app/?pKey=1185614415215579,CC BY-SA 4.0,1,90,1,parking,TOW-AWAY | TEMPORAR | NOPARKING | ANYTIME,0.999
hollywood/172903361390102_0,hollywood,crops/hollywood/172903361390102_0.jpg,172903361390102,2017-07-19T15:17:53+00:00,2017,34.093885,-118.31089305556,73.9754508374,False,mly_la,https://www.mapillary.com/app/?pKey=172903361390102,CC BY-SA 4.0,1,90,1,unknown,NOTA | THROUGH | STREET,0.995
hollywood/156226926439680_0,hollywood,crops/hollywood/156226926439680_0.jpg,156226926439680,2017-03-22T12:49:37+00:00,2017,34.090713055556,-118.31099305556,179.99996076401,False,wsp_us,https://www.mapillary.com/app/?pKey=156226926439680,CC BY-SA 4.0,1,93,1,unknown,TUSE | CROSSWALK,0.946
hollywood/520791275956569_0,hollywood,crops/hollywood/520791275956569_0.jpg,520791275956569,2017-03-22T12:48:20+00:00,2017,34.090735,-118.31464805556,179.99997057235,False,wsp_us,https://www.mapillary.com/app/?pKey=520791275956569,CC BY-SA 4.0,2,104,1,unknown,TOOHOS | DE WAY,0.78
hollywood/1148054358941607_0,hollywood,crops/hollywood/1148054358941607_0.jpg,1148054358941607,2017-07-02T16:31:55+00:00,2017,34.090706388889,-118.32474138889,89.999968237482,False,mly_la,https://www.mapillary.com/app/?pKey=1148054358941607,CC BY-SA 4.0,1,91,1,parking,1HOUR | PARKING | 8AM=7PM,0.953
hollywood/1129269934240293_0,hollywood,crops/hollywood/1129269934240293_0.jpg,1129269934240293,2017-08-08T08:34:20+00:00,2017,34.09353,-118.32893972222,269.40815330921,False,mly_la,https://www.mapillary.com/app/?pKey=1129269934240293,CC BY-SA 4.0,1,263,1,unknown,,0.0
hollywood/3705497046245260_1,hollywood,crops/hollywood/3705497046245260_1.jpg,3705497046245260,2016-10-21T21:28:10.651000+00:00,2016,34.094645376773,-118.34419758853,187.29592132568,False,jopparn,https://www.mapillary.com/app/?pKey=3705497046245260,CC BY-SA 4.0,1,262,1,unknown,,0.0
hollywood/4584270501625414_1,hollywood,crops/hollywood/4584270501625414_1.jpg,4584270501625414,2018-12-19T22:45:15.326000+00:00,2018,34.101598297424,-118.33202798702,90.159423828125,False,igorzo,https://www.mapillary.com/app/?pKey=4584270501625414,CC BY-SA 4.0,3,262,1,unknown,,0.0
hollywood/2561623510805077_0,hollywood,crops/hollywood/2561623510805077_0.jpg,2561623510805077,2017-07-01T14:44:02+00:00,2017,34.096193055556,-118.33502305556,1.5371998261875,False,mly_la,https://www.mapillary.com/app/?pKey=2561623510805077,CC BY-SA 4.0,2,260,1,unknown,,0.0
hollywood/2881829535419003_0,hollywood,crops/hollywood/2881829535419003_0.jpg,2881829535419003,2017-06-29T06:58:57+00:00,2017,34.101746388889,-118.33874138889,173.6997299195,False,mly_la,https://www.mapillary.com/app/?pKey=2881829535419003,CC BY-SA 4.0,1,90,1,unknown,B,0.941
hollywood/181586997123689_2,hollywood,crops/hollywood/181586997123689_2.jpg,181586997123689,2021-05-06T19:53:50.269000+00:00,2021,34.101643175117,-118.32954463944,0.0,False,etunell,https://www.mapillary.com/app/?pKey=181586997123689,CC BY-SA 4.0,3,260,1,unknown,,0.0
hollywood/1156017151516363_0,hollywood,crops/hollywood/1156017151516363_0.jpg,1156017151516363,2017-07-02T11:53:36+00:00,2017,34.092516388889,-118.33251638889,243.34794873163,False,mly_la,https://www.mapillary.com/app/?pKey=1156017151516363,CC BY-SA 4.0,1,89,1,parking,PARKING | 10AM-IPM,0.953
hollywood/315540993302101_0,hollywood,crops/hollywood/315540993302101_0.jpg,315540993302101,2018-08-13T21:05:45.794000+00:00,2018,34.100167571565,-118.30935832906,179.36445617676,False,lvl5,https://www.mapillary.com/app/?pKey=315540993302101,CC BY-SA 4.0,1,92,1,parking,1ROUR | PARKING | 8A8F,0.902
hollywood/173724727973136_0,hollywood,crops/hollywood/173724727973136_0.jpg,173724727973136,2017-07-20T07:01:28+00:00,2017,34.092453055556,-118.32892138889,0.0,False,mly_la,https://www.mapillary.com/app/?pKey=173724727973136,CC BY-SA 4.0,1,257,1,unknown,,0.0
hollywood/205158914911079_1,hollywood,crops/hollywood/205158914911079_1.jpg,205158914911079,2021-08-11T20:23:20.546000+00:00,2021,34.099717268571,-118.33632672929,90.431805076296,False,etunell,https://www.mapillary.com/app/?pKey=205158914911079,CC BY-SA 4.0,2,256,1,unknown,,0.0
hollywood/513680559984929_0,hollywood,crops/hollywood/513680559984929_0.jpg,513680559984929,2020-01-21T21:14:04.229000+00:00,2020,34.096956,-118.291346,87.935485839844,False,mezaab113,https://www.mapillary.com/app/?pKey=513680559984929,CC BY-SA 4.0,1,121,1,unknown,2,0.552
hollywood/456316769151844_0,hollywood,crops/hollywood/456316769151844_0.jpg,456316769151844,2017-07-02T12:46:54+00:00,2017,34.090681388889,-118.33870472222,7.2560144047337,False,mly_la,https://www.mapillary.com/app/?pKey=456316769151844,CC BY-SA 4.0,4,254,1,unknown,,0.0
hollywood/458764605214797_1,hollywood,crops/hollywood/458764605214797_1.jpg,458764605214797,2017-07-19T14:15:03+00:00,2017,34.096111388889,-118.32368305556,90.0,False,mly_la,https://www.mapillary.com/app/?pKey=458764605214797,CC BY-SA 4.0,2,254,1,unknown,,0.0
hollywood/742932723055266_0,hollywood,crops/hollywood/742932723055266_0.jpg,742932723055266,2017-06-04T11:18:37+00:00,2017,34.097898055556,-118.32977,272.56094966807,False,mly_la,https://www.mapillary.com/app/?pKey=742932723055266,CC BY-SA 4.0,1,92,1,unknown,J | 2,0.882
hollywood/972137403526421_0,hollywood,crops/hollywood/972137403526421_0.jpg,972137403526421,2017-07-19T15:13:59+00:00,2017,34.091831388889,-118.31329472222,1.5415510858929e-05,False,mly_la,https://www.mapillary.com/app/?pKey=972137403526421,CC BY-SA 4.0,1,88,1,parking,NO | PARKING | 10AM-IPM,0.948
hollywood/519324989074096_0,hollywood,crops/hollywood/519324989074096_0.jpg,519324989074096,2017-03-22T12:49:16+00:00,2017,34.090726388889,-118.31364,179.99997703512,False,wsp_us,https://www.mapillary.com/app/?pKey=519324989074096,CC BY-SA 4.0,1,98,1,parking,7AAM | 4PM=7PM,0.79
hollywood/1154466548351084_0,hollywood,crops/hollywood/1154466548351084_0.jpg,1154466548351084,2019-01-29T21:55:53.137000+00:00,2019,34.102055941701,-118.30576086834,170.55401611328,False,igorzo,https://www.mapillary.com/app/?pKey=1154466548351084,CC BY-SA 4.0,1,119,1,unknown,51,0.563
hollywood/761691831198307_1,hollywood,crops/hollywood/761691831198307_1.jpg,761691831198307,2017-07-19T15:23:27+00:00,2017,34.090996388889,-118.31363805556,268.94568674763,False,mly_la,https://www.mapillary.com/app/?pKey=761691831198307,CC BY-SA 4.0,1,84,1,unknown,ATM | INSIDE,0.999
hollywood/209436307373657_0,hollywood,crops/hollywood/209436307373657_0.jpg,209436307373657,2015-03-14T22:57:33+00:00,2015,34.091721,-118.322274,184.7914,False,gyllen,https://www.mapillary.com/app/?pKey=209436307373657,CC BY-SA 4.0,2,252,1,unknown,,0.0
hollywood/486766709109324_0,hollywood,crops/hollywood/486766709109324_0.jpg,486766709109324,2018-07-20T18:56:01.724000+00:00,2018,34.09880546945,-118.32667289465,260.53915405273,False,lvl5,https://www.mapillary.com/app/?pKey=486766709109324,CC BY-SA 4.0,1,84,1,unknown,PAY HERE,0.999
hollywood/507793576899304_0,hollywood,crops/hollywood/507793576899304_0.jpg,507793576899304,2017-07-02T10:52:23+00:00,2017,34.097946388889,-118.33042638889,201.926609588,False,mly_la,https://www.mapillary.com/app/?pKey=507793576899304,CC BY-SA 4.0,1,109,1,unknown,000BSG,0.651
hollywood/1718804784958224_0,hollywood,crops/hollywood/1718804784958224_0.jpg,1718804784958224,2015-09-09T21:16:39.396000+00:00,2015,34.101564,-118.34352,253.5212,False,canadarunner,https://www.mapillary.com/app/?pKey=1718804784958224,CC BY-SA 4.0,3,250,1,unknown,,0.0
hollywood/138660261577691_1,hollywood,crops/hollywood/138660261577691_1.jpg,138660261577691,2017-08-10T07:02:31+00:00,2017,34.090711388889,-118.30939638889,95.746082895958,False,mly_la,https://www.mapillary.com/app/?pKey=138660261577691,CC BY-SA 4.0,1,115,1,unknown,啤,0.585
hollywood/836303650330149_0,hollywood,crops/hollywood/836303650330149_0.jpg,836303650330149,2018-07-20T14:29:11.030000+00:00,2018,34.098584318283,-118.33250607889,177.56060791016,False,lvl5,https://www.mapillary.com/app/?pKey=836303650330149,CC BY-SA 4.0,2,114,1,unknown,0-5,0.59
hollywood/2939836146263840_0,hollywood,crops/hollywood/2939836146263840_0.jpg,2939836146263840,2017-07-02T16:32:08+00:00,2017,34.090721388889,-118.32323972222,90.875662753946,False,mly_la,https://www.mapillary.com/app/?pKey=2939836146263840,CC BY-SA 4.0,1,100,1,unknown,STUDIO | 73160M4722 | STUDIO | 72-487:422,0.745
hollywood/3718064218290781_0,hollywood,crops/hollywood/3718064218290781_0.jpg,3718064218290781,2017-07-19T14:50:19+00:00,2017,34.090739722222,-118.31451638889,190.02120598843,False,mly_la,https://www.mapillary.com/app/?pKey=3718064218290781,CC BY-SA 4.0,2,94,1,unknown,100H0S,0.802
hollywood/864072037535490_0,hollywood,crops/hollywood/864072037535490_0.jpg,864072037535490,2017-07-02T11:59:29+00:00,2017,34.088941388889,-118.328385,2.6171451460868,False,mly_la,https://www.mapillary.com/app/?pKey=864072037535490,CC BY-SA 4.0,1,81,1,unknown,QUIXOTE,0.998
hollywood/444531109910411_0,hollywood,crops/hollywood/444531109910411_0.jpg,444531109910411,2021-08-11T17:44:04.580000+00:00,2021,34.101581923461,-118.32789597969,86.763229084439,False,etunell,https://www.mapillary.com/app/?pKey=444531109910411,CC BY-SA 4.0,2,244,1,unknown,,0.0
hollywood/362635071825960_0,hollywood,crops/hollywood/362635071825960_0.jpg,362635071825960,2017-06-14T15:17:04+00:00,2017,34.08885,-118.336255,84.522468883908,False,mly_la,https://www.mapillary.com/app/?pKey=362635071825960,CC BY-SA 4.0,1,109,2,unknown,吧,0.621
hollywood/462730021479734_0,hollywood,crops/hollywood/462730021479734_0.jpg,462730021479734,2017-07-01T14:45:57+00:00,2017,34.096186388889,-118.34494805556,1.8201852656209,False,mly_la,https://www.mapillary.com/app/?pKey=462730021479734,CC BY-SA 4.0,1,91,1,parking,NO | PARKING | 2P,0.838
hollywood/519324989074096_1,hollywood,crops/hollywood/519324989074096_1.jpg,519324989074096,2017-03-22T12:49:16+00:00,2017,34.090726388889,-118.31364,179.99997703512,False,wsp_us,https://www.mapillary.com/app/?pKey=519324989074096,CC BY-SA 4.0,1,98,1,unknown,APMTPM,0.74
hollywood/144215184341678_0,hollywood,crops/hollywood/144215184341678_0.jpg,144215184341678,2016-10-21T21:26:47.641000+00:00,2016,34.096902577059,-118.34251357237,182.28414154053,False,jopparn,https://www.mapillary.com/app/?pKey=144215184341678,CC BY-SA 4.0,2,242,1,unknown,,0.0
hollywood/320044159484864_0,hollywood,crops/hollywood/320044159484864_0.jpg,320044159484864,2017-07-19T15:23:18+00:00,2017,34.091171388889,-118.31363,180.0,False,mly_la,https://www.mapillary.com/app/?pKey=320044159484864,CC BY-SA 4.0,1,81,1,unknown,FOR | SALE,1.0
hollywood/488481098912063_0,hollywood,crops/hollywood/488481098912063_0.jpg,488481098912063,2017-07-02T11:01:21+00:00,2017,34.096856388889,-118.33321805556,6.7466566019509,False,mly_la,https://www.mapillary.com/app/?pKey=488481098912063,CC BY-SA 4.0,1,89,1,unknown,NOTA | THROUGH | SI3RE1,0.854
hollywood/1107599746402734_0,hollywood,crops/hollywood/1107599746402734_0.jpg,1107599746402734,2017-06-04T11:15:27+00:00,2017,34.094471388889,-118.334305,62.117890131534,False,mly_la,https://www.mapillary.com/app/?pKey=1107599746402734,CC BY-SA 4.0,1,239,1,unknown,,0.0
hollywood/105953904908888_0,hollywood,crops/hollywood/105953904908888_0.jpg,105953904908888,2017-06-28T07:05:45+00:00,2017,34.091971388889,-118.30929472222,134.00986055168,False,mly_la,https://www.mapillary.com/app/?pKey=105953904908888,CC BY-SA 4.0,1,80,1,unknown,5500 | HERE | TO,0.994
hollywood/1990481127795827_0,hollywood,crops/hollywood/1990481127795827_0.jpg,1990481127795827,2017-07-19T15:17:50+00:00,2017,34.093823055556,-118.31081138889,26.215662457679,False,mly_la,https://www.mapillary.com/app/?pKey=1990481127795827,CC BY-SA 4.0,2,237,1,unknown,,0.0
hollywood/168871055044618_0,hollywood,crops/hollywood/168871055044618_0.jpg,168871055044618,2017-07-19T14:09:04+00:00,2017,34.090868055556,-118.32440638889,83.965035995565,False,mly_la,https://www.mapillary.com/app/?pKey=168871055044618,CC BY-SA 4.0,1,81,1,parking,4PM6 | 6PM,0.969
hollywood/161160072516049_0,hollywood,crops/hollywood/161160072516049_0.jpg,161160072516049,2015-09-09T21:16:41.396000+00:00,2015,34.10156,-118.343824,261.1971,False,canadarunner,https://www.mapillary.com/app/?pKey=161160072516049,CC BY-SA 4.0,1,237,1,unknown,,0.0
hollywood/519576065740484_0,hollywood,crops/hollywood/519576065740484_0.jpg,519576065740484,2018-09-06T17:44:15.741000+00:00,2018,34.09582809418,-118.285952621,267.46957397461,False,lvl5,https://www.mapillary.com/app/?pKey=519576065740484,CC BY-SA 4.0,2,236,1,unknown,,0.0
hollywood/1011814299352839_0,hollywood,crops/hollywood/1011814299352839_0.jpg,1011814299352839,2017-07-02T10:43:41+00:00,2017,34.092616388889,-118.32895138889,156.76120194976,False,mly_la,https://www.mapillary.com/app/?pKey=1011814299352839,CC BY-SA 4.0,1,84,1,unknown,新,0.897
hollywood/988339818595950_0,hollywood,crops/hollywood/988339818595950_0.jpg,988339818595950,2021-08-11T20:33:47.078000+00:00,2021,34.103593711732,-118.33480154976,344.59069006316,False,etunell,https://www.mapillary.com/app/?pKey=988339818595950,CC BY-SA 4.0,2,236,1,unknown,,0.0
hollywood/825006388392650_0,hollywood,crops/hollywood/825006388392650_0.jpg,825006388392650,2017-06-06T10:22:34+00:00,2017,34.104351388889,-118.33823638889,58.874266426331,False,mly_la,https://www.mapillary.com/app/?pKey=825006388392650,CC BY-SA 4.0,1,94,1,unknown,"NO STICK | L.,. BEW..",0.746
hollywood/919768662141650_0,hollywood,crops/hollywood/919768662141650_0.jpg,919768662141650,2017-07-19T14:06:09+00:00,2017,34.098491388889,-118.32365138889,271.18596172794,False,mly_la,https://www.mapillary.com/app/?pKey=919768662141650,CC BY-SA 4.0,1,85,1,parking,PARKING | 8AM | 11AM | 8PM | 8FM,0.866
hollywood/925114808328749_0,hollywood,crops/hollywood/925114808328749_0.jpg,925114808328749,2017-06-29T06:56:24+00:00,2017,34.104415,-118.33786638889,222.614661032,False,mly_la,https://www.mapillary.com/app/?pKey=925114808328749,CC BY-SA 4.0,1,81,1,parking,HOLLYWOOD | SOWL PARKIN | NO STACK | LASY D..EASY OUT..,0.941
hollywood/813207009633163_0,hollywood,crops/hollywood/813207009633163_0.jpg,813207009633163,2018-03-28T17:23:26+00:00,2018,34.1012197,-118.32666159997,358.2,False,fta,https://www.mapillary.com/app/?pKey=813207009633163,CC BY-SA 4.0,1,232,1,unknown,,0.0
hollywood/9374943609278121_0,hollywood,crops/hollywood/9374943609278121_0.jpg,9374943609278121,2025-05-29T14:37:53.971000+00:00,2025,34.101587790982,-118.33512035431,270.44034798965,False,MicahStokes,https://www.mapillary.com/app/?pKey=9374943609278121,CC BY-SA 4.0,3,232,1,unknown,,0.0
hollywood/2179054655849257_0,hollywood,crops/hollywood/2179054655849257_0.jpg,2179054655849257,2025-05-29T14:41:24.016000+00:00,2025,34.1015673,-118.33871265,269.14053373219,False,MicahStokes,https://www.mapillary.com/app/?pKey=2179054655849257,CC BY-SA 4.0,1,100,1,unknown,2,0.658
hollywood/291517265988598_0,hollywood,crops/hollywood/291517265988598_0.jpg,291517265988598,2017-07-19T16:42:33+00:00,2017,34.090003055556,-118.29609305556,270.0,False,mly_la,https://www.mapillary.com/app/?pKey=291517265988598,CC BY-SA 4.0,1,79,1,parking,2PARKING | 8AM=10PM,0.959
hollywood/526320698387585_0,hollywood,crops/hollywood/526320698387585_0.jpg,526320698387585,2017-07-02T10:35:45+00:00,2017,34.104359722222,-118.32995138889,337.50999813243,False,mly_la,https://www.mapillary.com/app/?pKey=526320698387585,CC BY-SA 4.0,2,99,1,unknown,国,0.659
hollywood/3000196816969469_1,hollywood,crops/hollywood/3000196816969469_1.jpg,3000196816969469,2017-07-19T14:38:46+00:00,2017,34.091118055556,-118.31572638889,181.41611168495,False,mly_la,https://www.mapillary.com/app/?pKey=3000196816969469,CC BY-SA 4.0,1,76,1,unknown,R,0.998
hollywood/652001049033380_1,hollywood,crops/hollywood/652001049033380_1.jpg,652001049033380,2021-05-06T19:53:49.537000+00:00,2021,34.101643175117,-118.32954463944,271.68435773417,False,etunell,https://www.mapillary.com/app/?pKey=652001049033380,CC BY-SA 4.0,2,226,1,unknown,,0.0
hollywood/564916404484772_0,hollywood,crops/hollywood/564916404484772_0.jpg,564916404484772,2017-07-02T10:43:43+00:00,2017,34.092511388889,-118.32897138889,267.50428507954,False,mly_la,https://www.mapillary.com/app/?pKey=564916404484772,CC BY-SA 4.0,1,225,1,unknown,,0.0
hollywood/195728579047677_0,hollywood,crops/hollywood/195728579047677_0.jpg,195728579047677,2017-06-04T11:19:26+00:00,2017,34.098004722222,-118.33393305556,270.76033995913,False,mly_la,https://www.mapillary.com/app/?pKey=195728579047677,CC BY-SA 4.0,2,87,1,unknown,10 | 2,0.785
hollywood/1005973388366328_0,hollywood,crops/hollywood/1005973388366328_0.jpg,1005973388366328,2025-05-29T12:22:00.337000+00:00,2025,34.0978982092,-118.3441626931,176.39930072874,False,MicahStokes,https://www.mapillary.com/app/?pKey=1005973388366328,CC BY-SA 4.0,1,79,1,unknown,口,0.914
hollywood/514330089576716_0,hollywood,crops/hollywood/514330089576716_0.jpg,514330089576716,2017-07-02T11:39:49+00:00,2017,34.090691388889,-118.33534972222,179.30813540622,False,mly_la,https://www.mapillary.com/app/?pKey=514330089576716,CC BY-SA 4.0,1,81,1,parking,PARKING | 8AN=7PM,0.882
hollywood/272669227861185_0,hollywood,crops/hollywood/272669227861185_0.jpg,272669227861185,2017-06-13T14:39:51+00:00,2017,34.104106388889,-118.34319138889,182.71157095002,False,mly_la,https://www.mapillary.com/app/?pKey=272669227861185,CC BY-SA 4.0,1,87,1,unknown,DO NG | BLOCK | NTEKED,0.772
hollywood/1838489469661632_0,hollywood,crops/hollywood/1838489469661632_0.jpg,1838489469661632,2017-06-04T11:20:59+00:00,2017,34.098046388889,-118.34014472222,179.32172667991,False,mly_la,https://www.mapillary.com/app/?pKey=1838489469661632,CC BY-SA 4.0,2,75,1,unknown,中,0.979
hollywood/845011752783553_0,hollywood,crops/hollywood/845011752783553_0.jpg,845011752783553,2018-07-12T02:40:21.815000+00:00,2018,34.090816943879,-118.30914579635,271.0546875,False,lvl5,https://www.mapillary.com/app/?pKey=845011752783553,CC BY-SA 4.0,3,221,1,unknown,,0.0
hollywood/491899748525382_2,hollywood,crops/hollywood/491899748525382_2.jpg,491899748525382,2017-07-19T15:16:13+00:00,2017,34.093778055556,-118.31567138889,359.99997718846,False,mly_la,https://www.mapillary.com/app/?pKey=491899748525382,CC BY-SA 4.0,2,107,1,unknown,BR,0.517
hollywood/5439136782794262_0,hollywood,crops/hollywood/5439136782794262_0.jpg,5439136782794262,2017-07-14T15:02:53+00:00,2017,34.09079,-118.32656,0.0,False,mly_la,https://www.mapillary.com/app/?pKey=5439136782794262,CC BY-SA 4.0,1,75,1,unknown,LAPD,0.957
hollywood/748736559077577_0,hollywood,crops/hollywood/748736559077577_0.jpg,748736559077577,2018-03-30T11:45:48+00:00,2018,34.095505699972,-118.294058,268.7,False,fta,https://www.mapillary.com/app/?pKey=748736559077577,CC BY-SA 4.0,1,216,1,unknown,,0.0
hollywood/108342064665275_0,hollywood,crops/hollywood/108342064665275_0.jpg,108342064665275,2017-07-19T14:38:42+00:00,2017,34.091808055556,-118.31574805556,268.84286482604,False,mly_la,https://www.mapillary.com/app/?pKey=108342064665275,CC BY-SA 4.0,1,84,1,unknown,He,0.78
hollywood/504374077265878_1,hollywood,crops/hollywood/504374077265878_1.jpg,504374077265878,2015-10-02T16:51:54.554000+00:00,2015,34.098042,-118.299426,61.82501,False,ahealthydesign,https://www.mapillary.com/app/?pKey=504374077265878,CC BY-SA 4.0,1,98,1,unknown,2,0.592
hollywood/493048215458393_0,hollywood,crops/hollywood/493048215458393_0.jpg,493048215458393,2017-07-19T14:09:52+00:00,2017,34.091486388889,-118.32656,93.396530341809,False,mly_la,https://www.mapillary.com/app/?pKey=493048215458393,CC BY-SA 4.0,1,80,1,parking,2 | PARKING | 81W07PK,0.838
hollywood/474903623746513_0,hollywood,crops/hollywood/474903623746513_0.jpg,474903623746513,2017-07-02T11:17:03+00:00,2017,34.096186388889,-118.33971305556,347.83105910405,False,mly_la,https://www.mapillary.com/app/?pKey=474903623746513,CC BY-SA 4.0,1,71,1,parking,NO | PARKING,0.999
hollywood/215014726736748_0,hollywood,crops/hollywood/215014726736748_0.jpg,215014726736748,2017-03-22T12:45:09+00:00,2017,34.090681388889,-118.33119638889,177.17394573776,False,wsp_us,https://www.mapillary.com/app/?pKey=215014726736748,CC BY-SA 4.0,1,71,1,unknown,LAPD,0.998
hollywood/471446707242726_0,hollywood,crops/hollywood/471446707242726_0.jpg,471446707242726,2017-07-19T14:48:29+00:00,2017,34.09072,-118.316485,89.999989177476,False,mly_la,https://www.mapillary.com/app/?pKey=471446707242726,CC BY-SA 4.0,1,74,1,unknown,ELECTRIE | VEHICLE | CHARGING | STATION | SWICK,0.931
hollywood/146364114067227_0,hollywood,crops/hollywood/146364114067227_0.jpg,146364114067227,2017-07-19T14:43:29+00:00,2017,34.089188055556,-118.32664305556,269.13732928637,False,mly_la,https://www.mapillary.com/app/?pKey=146364114067227,CC BY-SA 4.0,1,71,1,unknown,D,0.989
hollywood/800729390829498_0,hollywood,crops/hollywood/800729390829498_0.jpg,800729390829498,2017-06-28T07:10:52+00:00,2017,34.088649722222,-118.30926305556,186.7473112374,False,mly_la,https://www.mapillary.com/app/?pKey=800729390829498,CC BY-SA 4.0,1,95,1,unknown,12WINGHT -7A | ALINSON,0.609
hollywood/819517411997655_0,hollywood,crops/hollywood/819517411997655_0.jpg,819517411997655,2017-07-20T07:04:22+00:00,2017,34.088045,-118.32889305556,359.43512375563,False,mly_la,https://www.mapillary.com/app/?pKey=819517411997655,CC BY-SA 4.0,1,209,1,unknown,,0.0
hollywood/158578919608116_1,hollywood,crops/hollywood/158578919608116_1.jpg,158578919608116,2018-08-13T22:05:41.602000+00:00,2018,34.101521821231,-118.34335768235,91.40625,False,lvl5,https://www.mapillary.com/app/?pKey=158578919608116,CC BY-SA 4.0,1,70,1,unknown,X,0.997
hollywood/1398046323862303_0,hollywood,crops/hollywood/1398046323862303_0.jpg,1398046323862303,2017-06-14T09:23:44+00:00,2017,34.090753055556,-118.33401972222,359.1563773305,False,mly_la,https://www.mapillary.com/app/?pKey=1398046323862303,CC BY-SA 4.0,1,77,1,parking,2HOUR | PARKING | 87,0.855
hollywood/322990675837092_0,hollywood,crops/hollywood/322990675837092_0.jpg,322990675837092,2017-01-17T00:18:32.539000+00:00,2017,34.102665,-118.34472,355.8176,False,gyllen,https://www.mapillary.com/app/?pKey=322990675837092,CC BY-SA 4.0,2,207,1,unknown,,0.0
hollywood/1054784889314925_1,hollywood,crops/hollywood/1054784889314925_1.jpg,1054784889314925,2025-05-29T12:50:49.294000+00:00,2025,34.0943054974,-118.3441306808,180.40990714375,False,MicahStokes,https://www.mapillary.com/app/?pKey=1054784889314925,CC BY-SA 4.0,1,101,1,unknown,2,0.516
hollywood/500948747611926_0,hollywood,crops/hollywood/500948747611926_0.jpg,500948747611926,2017-06-04T11:06:35+00:00,2017,34.098039722222,-118.32162638889,1.3303843447615,False,mly_la,https://www.mapillary.com/app/?pKey=500948747611926,CC BY-SA 4.0,1,87,1,unknown,M,0.677
hollywood/314959356644326_1,hollywood,crops/hollywood/314959356644326_1.jpg,314959356644326,2017-07-02T12:51:07+00:00,2017,34.089565,-118.34279472222,89.193535020789,False,mly_la,https://www.mapillary.com/app/?pKey=314959356644326,CC BY-SA 4.0,1,71,1,parking,NOPARKING | 2AM6AM,0.947
hollywood/239367238191066_0,hollywood,crops/hollywood/239367238191066_0.jpg,239367238191066,2021-08-11T19:49:17.543000+00:00,2021,34.103041557456,-118.33611638718,2.8900164118916,False,etunell,https://www.mapillary.com/app/?pKey=239367238191066,CC BY-SA 4.0,2,205,1,unknown,,0.0
hollywood/149936060402819_0,hollywood,crops/hollywood/149936060402819_0.jpg,149936060402819,2017-06-04T11:07:57+00:00,2017,34.09803,-118.32736,268.96523863677,False,mly_la,https://www.mapillary.com/app/?pKey=149936060402819,CC BY-SA 4.0,1,68,1,unknown,2,0.997
hollywood/1127872734382643_0,hollywood,crops/hollywood/1127872734382643_0.jpg,1127872734382643,2017-07-02T10:43:44+00:00,2017,34.092448055556,-118.32896805556,268.01624931266,False,mly_la,https://www.mapillary.com/app/?pKey=1127872734382643,CC BY-SA 4.0,2,204,1,unknown,,0.0
hollywood/707599548317299_0,hollywood,crops/hollywood/707599548317299_0.jpg,707599548317299,2025-05-29T14:37:54.871000+00:00,2025,34.101587398601,-118.33522224056,269.3973187229,False,MicahStokes,https://www.mapillary.com/app/?pKey=707599548317299,CC BY-SA 4.0,3,203,1,unknown,,0.0
hollywood/1106668949841233_1,hollywood,crops/hollywood/1106668949841233_1.jpg,1106668949841233,2018-12-28T22:51:02.337000+00:00,2018,34.094378302167,-118.34455599924,270.81607055664,False,lvl5,https://www.mapillary.com/app/?pKey=1106668949841233,CC BY-SA 4.0,3,202,1,unknown,,0.0
hollywood/796615567640926_0,hollywood,crops/hollywood/796615567640926_0.jpg,796615567640926,2017-07-02T12:32:33+00:00,2017,34.088883055556,-118.33639805556,174.69339850643,False,mly_la,https://www.mapillary.com/app/?pKey=796615567640926,CC BY-SA 4.0,1,202,1,unknown,,0.0
hollywood/209762037621994_0,hollywood,crops/hollywood/209762037621994_0.jpg,209762037621994,2017-06-28T07:10:49+00:00,2017,34.088676388889,-118.30926305556,172.14120466523,False,mly_la,https://www.mapillary.com/app/?pKey=209762037621994,CC BY-SA 4.0,1,78,1,unknown,R | 221,0.801
hollywood/493945512055347_0,hollywood,crops/hollywood/493945512055347_0.jpg,493945512055347,2018-10-03T01:30:36.687000+00:00,2018,34.104259983547,-118.33838688263,236.05346679688,False,lvl5,https://www.mapillary.com/app/?pKey=493945512055347,CC BY-SA 4.0,2,202,1,unknown,,0.0
hollywood/1644569899074009_0,hollywood,crops/hollywood/1644569899074009_0.jpg,1644569899074009,2021-05-06T20:35:44.044000+00:00,2021,34.101838415914,-118.34335551871,179.97406283847,False,etunell,https://www.mapillary.com/app/?pKey=1644569899074009,CC BY-SA 4.0,1,202,1,unknown,,0.0
hollywood/472014250548141_0,hollywood,crops/hollywood/472014250548141_0.jpg,472014250548141,2021-05-06T20:22:22.222000+00:00,2021,34.103868471038,-118.33180672174,219.81189038859,False,etunell,https://www.mapillary.com/app/?pKey=472014250548141,CC BY-SA 4.0,1,202,1,unknown,,0.0
hollywood/326384502250758_0,hollywood,crops/hollywood/326384502250758_0.jpg,326384502250758,2017-07-20T07:01:26+00:00,2017,34.092616388889,-118.328925,273.29141023874,False,mly_la,https://www.mapillary.com/app/?pKey=326384502250758,CC BY-SA 4.0,1,69,1,unknown,←USE | CROSSMALK,0.958
hollywood/160964269475511_0,hollywood,crops/hollywood/160964269475511_0.jpg,160964269475511,2021-08-11T20:13:03.729000+00:00,2021,34.101728278927,-118.3433059109,352.82165162308,False,etunell,https://www.mapillary.com/app/?pKey=160964269475511,CC BY-SA 4.0,2,199,1,unknown,,0.0
hollywood/1183739025380844_0,hollywood,crops/hollywood/1183739025380844_0.jpg,1183739025380844,2018-10-03T00:42:34.734000+00:00,2018,34.101657386756,-118.32997489126,270.7239074707,False,lvl5,https://www.mapillary.com/app/?pKey=1183739025380844,CC BY-SA 4.0,1,199,1,unknown,,0.0
hollywood/134150088698757_1,hollywood,crops/hollywood/134150088698757_1.jpg,134150088698757,2017-03-22T12:47:19+00:00,2017,34.090703055556,-118.321535,179.99996636946,False,wsp_us,https://www.mapillary.com/app/?pKey=134150088698757,CC BY-SA 4.0,1,67,1,parking,TOW-AWAY | NOSTOPPING | ANY TIME,0.98
hollywood/253840916525390_0,hollywood,crops/hollywood/253840916525390_0.jpg,253840916525390,2018-07-20T14:33:27.794000+00:00,2018,34.103279406482,-118.3361523419,357.47689819336,False,lvl5,https://www.mapillary.com/app/?pKey=253840916525390,CC BY-SA 4.0,3,198,1,unknown,,0.0
hollywood/681267908126897_0,hollywood,crops/hollywood/681267908126897_0.jpg,681267908126897,2025-05-29T14:41:56.381000+00:00,2025,34.10156775,-118.338676425,269.14053373219,False,MicahStokes,https://www.mapillary.com/app/?pKey=681267908126897,CC BY-SA 4.0,1,76,1,unknown,ELOCK,0.802
hollywood/108578621285885_1,hollywood,crops/hollywood/108578621285885_1.jpg,108578621285885,2017-06-04T11:18:27+00:00,2017,34.097844722222,-118.32958138889,270.0,False,mly_la,https://www.mapillary.com/app/?pKey=108578621285885,CC BY-SA 4.0,1,69,1,unknown,00 NOT | BLOCK,0.925
hollywood/576063500040180_0,hollywood,crops/hollywood/576063500040180_0.jpg,576063500040180,2017-06-30T07:40:37+00:00,2017,34.090773055556,-118.33864805556,178.68218792458,False,mly_la,https://www.mapillary.com/app/?pKey=576063500040180,CC BY-SA 4.0,1,65,1,unknown,299 | ATM,1.0
hollywood/754779498533619_0,hollywood,crops/hollywood/754779498533619_0.jpg,754779498533619,2017-07-01T14:44:04+00:00,2017,34.096196388889,-118.335155,9.7348149665777e-06,False,mly_la,https://www.mapillary.com/app/?pKey=754779498533619,CC BY-SA 4.0,2,196,1,unknown,,0.0
hollywood/554888199263639_2,hollywood,crops/hollywood/554888199263639_2.jpg,554888199263639,2021-08-11T17:40:49.507000+00:00,2021,34.101450284755,-118.32670525599,8.5542593625517,False,etunell,https://www.mapillary.com/app/?pKey=554888199263639,CC BY-SA 4.0,1,196,1,unknown,,0.0
hollywood/4170597339671460_0,hollywood,crops/hollywood/4170597339671460_0.jpg,4170597339671460,2017-06-06T10:22:27+00:00,2017,34.104491388889,-118.33797638889,222.78211556546,False,mly_la,https://www.mapillary.com/app/?pKey=4170597339671460,CC BY-SA 4.0,1,69,1,parking,TORAMAY | NO STOPPINKG | ANY TIE,0.908
hollywood/304513161180344_0,hollywood,crops/hollywood/304513161180344_0.jpg,304513161180344,2017-08-08T08:35:53+00:00,2017,34.088061388889,-118.32887972222,269.41420399312,False,mly_la,https://www.mapillary.com/app/?pKey=304513161180344,CC BY-SA 4.0,1,194,1,unknown,,0.0
hollywood/4191268280966327_0,hollywood,crops/hollywood/4191268280966327_0.jpg,4191268280966327,2017-07-19T14:38:43+00:00,2017,34.091529722222,-118.31574,90.0,False,mly_la,https://www.mapillary.com/app/?pKey=4191268280966327,CC BY-SA 4.0,3,193,1,unknown,,0.0
hollywood/1440897139576207_0,hollywood,crops/hollywood/1440897139576207_0.jpg,1440897139576207,2017-07-03T08:50:03+00:00,2017,34.090799722222,-118.33868305556,270.0,False,mly_la,https://www.mapillary.com/app/?pKey=1440897139576207,CC BY-SA 4.0,1,67,1,unknown,2991 | ATM,0.935
hollywood/1112559172575123_0,hollywood,crops/hollywood/1112559172575123_0.jpg,1112559172575123,2013-12-07T23:30:33+00:00,2013,34.10400946562,-118.29171001911,17.92401,False,jenmalone666,https://www.mapillary.com/app/?pKey=1112559172575123,CC BY-SA 4.0,1,192,1,unknown,,0.0
hollywood/665233416504077_0,hollywood,crops/hollywood/665233416504077_0.jpg,665233416504077,2025-05-29T14:37:24.149000+00:00,2025,34.101597745,-118.329869695,270.49577598135,False,MicahStokes,https://www.mapillary.com/app/?pKey=665233416504077,CC BY-SA 4.0,1,192,1,unknown,,0.0
hollywood/724308923428303_0,hollywood,crops/hollywood/724308923428303_0.jpg,724308923428303,2025-05-29T14:36:49.585000+00:00,2025,34.1015917,-118.32953662,270.39361379438,False,MicahStokes,https://www.mapillary.com/app/?pKey=724308923428303,CC BY-SA 4.0,3,192,1,unknown,,0.0
hollywood/491029212045728_0,hollywood,crops/hollywood/491029212045728_0.jpg,491029212045728,2017-07-02T10:43:39+00:00,2017,34.092671388889,-118.32897472222,356.3078347635,False,mly_la,https://www.mapillary.com/app/?pKey=491029212045728,CC BY-SA 4.0,1,68,1,unknown,CRE | 00)715,0.911
hollywood/465149691377993_0,hollywood,crops/hollywood/465149691377993_0.jpg,465149691377993,2017-07-02T12:21:26+00:00,2017,34.088908055556,-118.32670638889,270.64119822562,False,mly_la,https://www.mapillary.com/app/?pKey=465149691377993,CC BY-SA 4.0,1,192,1,unknown,,0.0
hollywood/307342967440422_0,hollywood,crops/hollywood/307342967440422_0.jpg,307342967440422,2017-07-19T17:44:31+00:00,2017,34.098114722222,-118.31774805556,177.80455802147,False,mly_la,https://www.mapillary.com/app/?pKey=307342967440422,CC BY-SA 4.0,1,67,1,unknown,Bronson Av,0.919
hollywood/1099810760516017_0,hollywood,crops/hollywood/1099810760516017_0.jpg,1099810760516017,2018-07-12T02:40:21.414000+00:00,2018,34.090816238431,-118.30910145394,271.0546875,False,lvl5,https://www.mapillary.com/app/?pKey=1099810760516017,CC BY-SA 4.0,4,190,1,unknown,,0.0
hollywood/210278033991132_0,hollywood,crops/hollywood/210278033991132_0.jpg,210278033991132,2017-06-13T14:40:04+00:00,2017,34.103543055556,-118.34339638889,270.0,False,mly_la,https://www.mapillary.com/app/?pKey=210278033991132,CC BY-SA 4.0,1,190,1,unknown,,0.0
hollywood/324392032406135_0,hollywood,crops/hollywood/324392032406135_0.jpg,324392032406135,2018-08-16T14:21:35.571000+00:00,2018,34.104122766728,-118.34295749634,269.87655639648,False,lvl5,https://www.mapillary.com/app/?pKey=324392032406135,CC BY-SA 4.0,1,79,1,unknown,TR | DO NOT | 8L0CK,0.708
hollywood/195526435628119_0,hollywood,crops/hollywood/195526435628119_0.jpg,195526435628119,2017-07-19T14:09:48+00:00,2017,34.091123055556,-118.32655305556,88.938955083421,False,mly_la,https://www.mapillary.com/app/?pKey=195526435628119,CC BY-SA 4.0,1,93,1,unknown,2D,0.516
hollywood/469281590817924_1,hollywood,crops/hollywood/469281590817924_1.jpg,469281590817924,2016-10-21T21:28:57.644000+00:00,2016,34.094372040185,-118.34458632195,257.17104148865,False,jopparn,https://www.mapillary.com/app/?pKey=469281590817924,CC BY-SA 4.0,1,189,1,unknown,,0.0
hollywood/175743951110305_0,hollywood,crops/hollywood/175743951110305_0.jpg,175743951110305,2017-07-19T14:45:37+00:00,2017,34.09073,-118.32321805556,89.999990185892,False,mly_la,https://www.mapillary.com/app/?pKey=175743951110305,CC BY-SA 4.0,1,68,1,parking,ROUR | PARKING | 8AM6PM,0.882
hollywood/314336560048783_0,hollywood,crops/hollywood/314336560048783_0.jpg,314336560048783,2017-07-19T15:23:29+00:00,2017,34.09084,-118.313635,267.16480211304,False,mly_la,https://www.mapillary.com/app/?pKey=314336560048783,CC BY-SA 4.0,2,188,1,unknown,,0.0
hollywood/289492929470870_0,hollywood,crops/hollywood/289492929470870_0.jpg,289492929470870,2017-07-02T11:56:11+00:00,2017,34.092588055556,-118.33459305556,179.99997337601,False,mly_la,https://www.mapillary.com/app/?pKey=289492929470870,CC BY-SA 4.0,1,187,1,unknown,,0.0
hollywood/393362222230410_0,hollywood,crops/hollywood/393362222230410_0.jpg,393362222230410,2021-08-11T20:34:42.580000+00:00,2021,34.10338033667,-118.33619779316,183.91398194854,False,etunell,https://www.mapillary.com/app/?pKey=393362222230410,CC BY-SA 4.0,2,187,1,unknown,,0.0
hollywood/508543756941378_0,hollywood,crops/hollywood/508543756941378_0.jpg,508543756941378,2018-07-30T23:29:57.141000+00:00,2018,34.101573165845,-118.34034906075,249.54722799047,False,gyllen,https://www.mapillary.com/app/?pKey=508543756941378,CC BY-SA 4.0,1,186,1,unknown,,0.0
hollywood/175226047795601_0,hollywood,crops/hollywood/175226047795601_0.jpg,175226047795601,2013-12-07T23:29:01+00:00,2013,34.103201044818,-118.29172611237,21.90088,False,jenmalone666,https://www.mapillary.com/app/?pKey=175226047795601,CC BY-SA 4.0,1,186,1,unknown,,0.0
hollywood/812298449680015_0,hollywood,crops/hollywood/812298449680015_0.jpg,812298449680015,2017-06-04T11:15:37+00:00,2017,34.094389722222,-118.33400305556,1.2577390012838,False,mly_la,https://www.mapillary.com/app/?pKey=812298449680015,CC BY-SA 4.0,1,62,1,unknown,R,0.985
hollywood/927510504774237_0,hollywood,crops/hollywood/927510504774237_0.jpg,927510504774237,2018-07-20T18:59:18.058000+00:00,2018,34.104964318086,-118.32666359714,172.85160827637,False,lvl5,https://www.mapillary.com/app/?pKey=927510504774237,CC BY-SA 4.0,2,185,2,unknown,,0.0
hollywood/4088029857959293_0,hollywood,crops/hollywood/4088029857959293_0.jpg,4088029857959293,2018-09-04T14:49:52.741000+00:00,2018,34.092870901948,-118.34406999562,359.22842407227,False,lvl5,https://www.mapillary.com/app/?pKey=4088029857959293,CC BY-SA 4.0,3,184,1,unknown,,0.0
hollywood/900817817427630_0,hollywood,crops/hollywood/900817817427630_0.jpg,900817817427630,2017-06-04T11:17:19+00:00,2017,34.097814722222,-118.32957472222,76.688891372207,False,mly_la,https://www.mapillary.com/app/?pKey=900817817427630,CC BY-SA 4.0,2,184,1,unknown,,0.0
hollywood/1223032488128947_0,hollywood,crops/hollywood/1223032488128947_0.jpg,1223032488128947,2017-07-02T11:30:50+00:00,2017,34.097941388889,-118.34075305556,179.99996542882,False,mly_la,https://www.mapillary.com/app/?pKey=1223032488128947,CC BY-SA 4.0,1,184,1,unknown,,0.0
hollywood/1141602749599809_0,hollywood,crops/hollywood/1141602749599809_0.jpg,1141602749599809,2017-06-14T09:25:32+00:00,2017,34.090761388889,-118.33754805556,270.00000653541,False,mly_la,https://www.mapillary.com/app/?pKey=1141602749599809,CC BY-SA 4.0,1,86,1,unknown,B,0.569
hollywood/823966655189367_0,hollywood,crops/hollywood/823966655189367_0.jpg,823966655189367,2020-01-21T20:53:47.167000+00:00,2020,34.091128,-118.331009,180.71887207031,False,mezaab113,https://www.mapillary.com/app/?pKey=823966655189367,CC BY-SA 4.0,1,184,1,unknown,,0.0
hollywood/221033116079335_0,hollywood,crops/hollywood/221033116079335_0.jpg,221033116079335,2017-06-28T15:17:35+00:00,2017,34.098135,-118.32224138889,0.0,False,mly_la,https://www.mapillary.com/app/?pKey=221033116079335,CC BY-SA 4.0,1,84,1,unknown,SCENO0099 O,0.585
hollywood/165679908806437_0,hollywood,crops/hollywood/165679908806437_0.jpg,165679908806437,2017-07-03T08:49:18+00:00,2017,34.097603055556,-118.33880805556,268.28215656424,False,mly_la,https://www.mapillary.com/app/?pKey=165679908806437,CC BY-SA 4.0,1,77,1,unknown,CH,0.693
hollywood/3008407326071060_0,hollywood,crops/hollywood/3008407326071060_0.jpg,3008407326071060,2017-06-29T14:35:47+00:00,2017,34.093226388889,-118.34042472222,90.0,False,mly_la,https://www.mapillary.com/app/?pKey=3008407326071060,CC BY-SA 4.0,1,78,1,unknown,R | 1200130,0.669
hollywood/1149977768807375_0,hollywood,crops/hollywood/1149977768807375_0.jpg,1149977768807375,2018-03-30T11:48:03+00:00,2018,34.0981729,-118.29459749997,22.9,False,fta,https://www.mapillary.com/app/?pKey=1149977768807375,CC BY-SA 4.0,1,182,1,unknown,,0.0
hollywood/583496565954621_0,hollywood,crops/hollywood/583496565954621_0.jpg,583496565954621,2017-07-19T14:52:56+00:00,2017,34.090753055556,-118.31160138889,85.937089974082,False,mly_la,https://www.mapillary.com/app/?pKey=583496565954621,CC BY-SA 4.0,1,64,1,unknown,BUYHOUSES | FASTCASH | 1626-600-120,0.935
hollywood/276345497547336_0,hollywood,crops/hollywood/276345497547336_0.jpg,276345497547336,2017-06-29T14:38:13+00:00,2017,34.094381388889,-118.33877472222,359.99999486268,False,mly_la,https://www.mapillary.com/app/?pKey=276345497547336,CC BY-SA 4.0,1,82,1,unknown,福,0.614
hollywood/220052299545261_0,hollywood,crops/hollywood/220052299545261_0.jpg,220052299545261,2017-07-02T12:45:00+00:00,2017,34.090493055556,-118.33859805556,9.106345722807,False,mly_la,https://www.mapillary.com/app/?pKey=220052299545261,CC BY-SA 4.0,3,182,1,unknown,,0.0
hollywood/895417264352118_0,hollywood,crops/hollywood/895417264352118_0.jpg,895417264352118,2017-07-19T15:11:40+00:00,2017,34.091506388889,-118.30740805556,238.94000800905,False,mly_la,https://www.mapillary.com/app/?pKey=895417264352118,CC BY-SA 4.0,1,61,1,unknown,NO,0.978
hollywood/370297354399978_0,hollywood,crops/hollywood/370297354399978_0.jpg,370297354399978,2017-07-20T07:00:49+00:00,2017,34.092743055556,-118.328925,266.31465623323,False,mly_la,https://www.mapillary.com/app/?pKey=370297354399978,CC BY-SA 4.0,1,61,1,parking,PARKING,0.996
hollywood/324839085664127_0,hollywood,crops/hollywood/324839085664127_0.jpg,324839085664127,2018-11-30T14:47:28.938000+00:00,2018,34.095072980667,-118.31906579149,179.85960388184,False,lvl5,https://www.mapillary.com/app/?pKey=324839085664127,CC BY-SA 4.0,1,81,1,unknown,味,0.612
hollywood/871486943443256_0,hollywood,crops/hollywood/871486943443256_0.jpg,871486943443256,2017-08-07T14:54:52+00:00,2017,34.09082,-118.33851805556,179.16130706042,False,mly_la,https://www.mapillary.com/app/?pKey=871486943443256,CC BY-SA 4.0,1,180,1,unknown,,0.0
hollywood/299572121638663_0,hollywood,crops/hollywood/299572121638663_0.jpg,299572121638663,2016-07-10T19:43:55.757000+00:00,2016,34.090222,-118.291507,175.8788,False,jschleuss,https://www.mapillary.com/app/?pKey=299572121638663,CC BY-SA 4.0,1,180,1,unknown,,0.0
hollywood/895090041285603_0,hollywood,crops/hollywood/895090041285603_0.jpg,895090041285603,2017-06-04T11:18:36+00:00,2017,34.09797,-118.32965305556,30.859037125555,False,mly_la,https://www.mapillary.com/app/?pKey=895090041285603,CC BY-SA 4.0,1,180,1,unknown,,0.0
hollywood/1005131518369227_1,hollywood,crops/hollywood/1005131518369227_1.jpg,1005131518369227,2025-05-29T14:34:25.192000+00:00,2025,34.101588755,-118.326633375,269.92094565566,False,MicahStokes,https://www.mapillary.com/app/?pKey=1005131518369227,CC BY-SA 4.0,1,86,1,unknown,2,0.542
hollywood/836486340583112_1,hollywood,crops/hollywood/836486340583112_1.jpg,836486340583112,2017-07-19T14:37:59+00:00,2017,34.091946388889,-118.31574805556,31.122041195993,False,mly_la,https://www.mapillary.com/app/?pKey=836486340583112,CC BY-SA 4.0,2,179,1,unknown,,0.0
hollywood/2949986085324059_0,hollywood,crops/hollywood/2949986085324059_0.jpg,2949986085324059,2018-08-13T22:49:07.880000+00:00,2018,34.101551488647,-118.34332427612,7.7085633277893,False,lvl5,https://www.mapillary.com/app/?pKey=2949986085324059,CC BY-SA 4.0,2,179,1,unknown,,0.0
hollywood/504374077265878_0,hollywood,crops/hollywood/504374077265878_0.jpg,504374077265878,2015-10-02T16:51:54.554000+00:00,2015,34.098042,-118.299426,61.82501,False,ahealthydesign,https://www.mapillary.com/app/?pKey=504374077265878,CC BY-SA 4.0,1,178,1,unknown,,0.0
hollywood/1149977768807375_1,hollywood,crops/hollywood/1149977768807375_1.jpg,1149977768807375,2018-03-30T11:48:03+00:00,2018,34.0981729,-118.29459749997,22.9,False,fta,https://www.mapillary.com/app/?pKey=1149977768807375,CC BY-SA 4.0,1,178,1,unknown,,0.0
hollywood/316673826906407_0,hollywood,crops/hollywood/316673826906407_0.jpg,316673826906407,2021-08-11T18:00:16.945000+00:00,2021,34.101446665243,-118.33507026623,262.0763050126,False,etunell,https://www.mapillary.com/app/?pKey=316673826906407,CC BY-SA 4.0,1,178,1,unknown,,0.0
hollywood/1219862849640407_0,hollywood,crops/hollywood/1219862849640407_0.jpg,1219862849640407,2025-05-29T14:42:49.835000+00:00,2025,34.101568209018,-118.34358160461,269.14660015213,False,MicahStokes,https://www.mapillary.com/app/?pKey=1219862849640407,CC BY-SA 4.0,2,177,1,unknown,,0.0
hollywood/200126065113299_0,hollywood,crops/hollywood/200126065113299_0.jpg,200126065113299,2015-09-09T21:14:27.375000+00:00,2015,34.10159,-118.338348,248.5515,False,canadarunner,https://www.mapillary.com/app/?pKey=200126065113299,CC BY-SA 4.0,2,176,1,unknown,,0.0
hollywood/501012497922519_1,hollywood,crops/hollywood/501012497922519_1.jpg,501012497922519,2018-03-04T18:42:41+00:00,2018,34.1041071,-118.34013729997,88.34729903484,False,chrisbeddow,https://www.mapillary.com/app/?pKey=501012497922519,CC BY-SA 4.0,1,176,1,unknown,,0.0
hollywood/563112757990557_0,hollywood,crops/hollywood/563112757990557_0.jpg,563112757990557,2018-11-30T14:47:38.313000+00:00,2018,34.094626573428,-118.31907509546,179.90283203125,False,lvl5,https://www.mapillary.com/app/?pKey=563112757990557,CC BY-SA 4.0,3,176,2,unknown,,0.0
hollywood/769936647249059_1,hollywood,crops/hollywood/769936647249059_1.jpg,769936647249059,2017-07-03T08:45:26+00:00,2017,34.104179722222,-118.33834472222,323.04448970627,False,mly_la,https://www.mapillary.com/app/?pKey=769936647249059,CC BY-SA 4.0,2,176,1,unknown,,0.0
hollywood/1184786101989064_0,hollywood,crops/hollywood/1184786101989064_0.jpg,1184786101989064,2017-07-14T15:09:13+00:00,2017,34.103014722222,-118.32948472222,90.0,False,mly_la,https://www.mapillary.com/app/?pKey=1184786101989064,CC BY-SA 4.0,1,59,1,unknown,TAXI | ZONE,0.995
hollywood/277405397401151_0,hollywood,crops/hollywood/277405397401151_0.jpg,277405397401151,2016-01-27T21:47:45.603000+00:00,2016,34.092488,-118.328848,18.94568,False,millenbop,https://www.mapillary.com/app/?pKey=277405397401151,CC BY-SA 4.0,1,174,1,unknown,,0.0
hollywood/827075408186006_0,hollywood,crops/hollywood/827075408186006_0.jpg,827075408186006,2017-06-28T07:05:36+00:00,2017,34.092516388889,-118.30929638889,182.24187993798,False,mly_la,https://www.mapillary.com/app/?pKey=827075408186006,CC BY-SA 4.0,1,60,1,parking,BOUR | PARKING | 8AM | 8,0.942
hollywood/3007969819461484_0,hollywood,crops/hollywood/3007969819461484_0.jpg,3007969819461484,2017-07-01T12:13:01+00:00,2017,34.097918055556,-118.33786138889,179.9999780421,False,mly_la,https://www.mapillary.com/app/?pKey=3007969819461484,CC BY-SA 4.0,1,173,1,unknown,,0.0
hollywood/770339543554772_0,hollywood,crops/hollywood/770339543554772_0.jpg,770339543554772,2018-08-16T14:21:35.339000+00:00,2018,34.104122902294,-118.34291764812,270.04431152344,False,lvl5,https://www.mapillary.com/app/?pKey=770339543554772,CC BY-SA 4.0,1,62,1,unknown,DO NOY | BLOCK,0.881
hollywood/329796751841260_0,hollywood,crops/hollywood/329796751841260_0.jpg,329796751841260,2016-02-03T20:22:53.241000+00:00,2016,34.104642,-118.33755,157.1444,False,gyllen,https://www.mapillary.com/app/?pKey=329796751841260,CC BY-SA 4.0,1,172,1,unknown,,0.0
hollywood/190282859595850_0,hollywood,crops/hollywood/190282859595850_0.jpg,190282859595850,2015-11-06T12:18:46+00:00,2015,34.101424464649,-118.34393529482,22.5,True,gyllen,https://www.mapillary.com/app/?pKey=190282859595850,CC BY-SA 4.0,1,172,1,unknown,,0.0
hollywood/299572121638663_1,hollywood,crops/hollywood/299572121638663_1.jpg,299572121638663,2016-07-10T19:43:55.757000+00:00,2016,34.090222,-118.291507,175.8788,False,jschleuss,https://www.mapillary.com/app/?pKey=299572121638663,CC BY-SA 4.0,1,172,1,unknown,,0.0
hollywood/992592989613195_0,hollywood,crops/hollywood/992592989613195_0.jpg,992592989613195,2025-05-29T14:34:36.745000+00:00,2025,34.10156742,-118.32759359,270.64920940544,False,MicahStokes,https://www.mapillary.com/app/?pKey=992592989613195,CC BY-SA 4.0,2,171,1,unknown,,0.0
hollywood/799508524303936_1,hollywood,crops/hollywood/799508524303936_1.jpg,799508524303936,2016-07-10T19:43:51.797000+00:00,2016,34.090222,-118.291507,173.0151,False,jschleuss,https://www.mapillary.com/app/?pKey=799508524303936,CC BY-SA 4.0,1,171,1,unknown,,0.0
hollywood/146747240736502_1,hollywood,crops/hollywood/146747240736502_1.jpg,146747240736502,2015-10-25T22:58:58.128000+00:00,2015,34.097981,-118.330271,183.9934,False,jenmalone666,https://www.mapillary.com/app/?pKey=146747240736502,CC BY-SA 4.0,2,170,1,unknown,,0.0
hollywood/556603942174505_0,hollywood,crops/hollywood/556603942174505_0.jpg,556603942174505,2017-07-02T10:38:15+00:00,2017,34.093531388889,-118.32890972222,180.72993049356,False,mly_la,https://www.mapillary.com/app/?pKey=556603942174505,CC BY-SA 4.0,1,66,1,unknown,A,0.774
hollywood/465149691377993_1,hollywood,crops/hollywood/465149691377993_1.jpg,465149691377993,2017-07-02T12:21:26+00:00,2017,34.088908055556,-118.32670638889,270.64119822562,False,mly_la,https://www.mapillary.com/app/?pKey=465149691377993,CC BY-SA 4.0,1,64,1,unknown,NOFEAWAY | 2,0.815
hollywood/214269843862793_0,hollywood,crops/hollywood/214269843862793_0.jpg,214269843862793,2021-08-11T19:24:03.557000+00:00,2021,34.102998946788,-118.3252319967,179.51216855284,False,etunell,https://www.mapillary.com/app/?pKey=214269843862793,CC BY-SA 4.0,1,169,1,unknown,,0.0
hollywood/4187688821349932_0,hollywood,crops/hollywood/4187688821349932_0.jpg,4187688821349932,2021-08-11T20:35:13.620000+00:00,2021,34.103182084987,-118.3382325,267.54619362242,False,etunell,https://www.mapillary.com/app/?pKey=4187688821349932,CC BY-SA 4.0,1,169,1,unknown,,0.0
hollywood/9633758236722921_0,hollywood,crops/hollywood/9633758236722921_0.jpg,9633758236722921,2025-05-29T14:38:32.811000+00:00,2025,34.101576875,-118.33845352,271.80134000925,False,MicahStokes,https://www.mapillary.com/app/?pKey=9633758236722921,CC BY-SA 4.0,1,81,1,unknown,R,0.547
hollywood/138660261577691_0,hollywood,crops/hollywood/138660261577691_0.jpg,138660261577691,2017-08-10T07:02:31+00:00,2017,34.090711388889,-118.30939638889,95.746082895958,False,mly_la,https://www.mapillary.com/app/?pKey=138660261577691,CC BY-SA 4.0,1,169,1,unknown,,0.0
hollywood/281348950328337_0,hollywood,crops/hollywood/281348950328337_0.jpg,281348950328337,2016-08-01T17:26:17.649000+00:00,2016,34.098011,-118.340049,278.2104,False,mapkin,https://www.mapillary.com/app/?pKey=281348950328337,CC BY-SA 4.0,1,168,1,unknown,,0.0
hollywood/3963509830399747_0,hollywood,crops/hollywood/3963509830399747_0.jpg,3963509830399747,2017-07-19T14:45:28+00:00,2017,34.090745,-118.32433,179.10153464878,False,mly_la,https://www.mapillary.com/app/?pKey=3963509830399747,CC BY-SA 4.0,1,60,1,parking,BOUR | PARKING | 8AN6P,0.908
hollywood/1197275757391568_0,hollywood,crops/hollywood/1197275757391568_0.jpg,1197275757391568,2018-10-03T01:33:20.861000+00:00,2018,34.09744997334,-118.33871464259,179.72369384766,False,lvl5,https://www.mapillary.com/app/?pKey=1197275757391568,CC BY-SA 4.0,1,78,1,unknown,日,0.581
hollywood/305227077648177_0,hollywood,crops/hollywood/305227077648177_0.jpg,305227077648177,2017-07-19T14:21:21+00:00,2017,34.092253055556,-118.32119638889,91.976243417893,False,mly_la,https://www.mapillary.com/app/?pKey=305227077648177,CC BY-SA 4.0,3,167,1,unknown,,0.0
hollywood/799508524303936_0,hollywood,crops/hollywood/799508524303936_0.jpg,799508524303936,2016-07-10T19:43:51.797000+00:00,2016,34.090222,-118.291507,173.0151,False,jschleuss,https://www.mapillary.com/app/?pKey=799508524303936,CC BY-SA 4.0,1,166,1,unknown,,0.0
hollywood/828518151105426_0,hollywood,crops/hollywood/828518151105426_0.jpg,828518151105426,2017-07-19T17:08:33+00:00,2017,34.095133055556,-118.30263138889,358.22645886092,False,mly_la,https://www.mapillary.com/app/?pKey=828518151105426,CC BY-SA 4.0,2,166,1,unknown,,0.0
hollywood/425444868561988_0,hollywood,crops/hollywood/425444868561988_0.jpg,425444868561988,2017-07-01T11:52:31+00:00,2017,34.097908055556,-118.33981805556,178.71886837205,False,mly_la,https://www.mapillary.com/app/?pKey=425444868561988,CC BY-SA 4.0,1,67,1,unknown,0,0.74
hollywood/681267908126897_1,hollywood,crops/hollywood/681267908126897_1.jpg,681267908126897,2025-05-29T14:41:56.381000+00:00,2025,34.10156775,-118.338676425,269.14053373219,False,MicahStokes,https://www.mapillary.com/app/?pKey=681267908126897,CC BY-SA 4.0,1,77,1,unknown,自,0.576
hollywood/720883246997191_0,hollywood,crops/hollywood/720883246997191_0.jpg,720883246997191,2025-05-29T14:28:20.659000+00:00,2025,34.1043339,-118.318021345,179.33287794395,False,MicahStokes,https://www.mapillary.com/app/?pKey=720883246997191,CC BY-SA 4.0,1,165,1,unknown,,0.0
hollywood/134150088698757_0,hollywood,crops/hollywood/134150088698757_0.jpg,134150088698757,2017-03-22T12:47:19+00:00,2017,34.090703055556,-118.321535,179.99996636946,False,wsp_us,https://www.mapillary.com/app/?pKey=134150088698757,CC BY-SA 4.0,1,165,1,unknown,,0.0
hollywood/785204892180052_0,hollywood,crops/hollywood/785204892180052_0.jpg,785204892180052,2015-11-30T00:05:52.147000+00:00,2015,34.104185,-118.309228,356.0328,False,studs_twerkel,https://www.mapillary.com/app/?pKey=785204892180052,CC BY-SA 4.0,1,165,5,unknown,,0.0
hollywood/3993833520696600_0,hollywood,crops/hollywood/3993833520696600_0.jpg,3993833520696600,2014-06-08T01:51:15+00:00,2014,34.090722,-118.313214,98.48389,False,gyllen,https://www.mapillary.com/app/?pKey=3993833520696600,CC BY-SA 4.0,1,164,1,unknown,,0.0
hollywood/3928944630518450_0,hollywood,crops/hollywood/3928944630518450_0.jpg,3928944630518450,2017-07-02T10:43:42+00:00,2017,34.092564722222,-118.32897805556,264.08997995597,False,mly_la,https://www.mapillary.com/app/?pKey=3928944630518450,CC BY-SA 4.0,1,164,1,unknown,,0.0
hollywood/1257551248569727_0,hollywood,crops/hollywood/1257551248569727_0.jpg,1257551248569727,2025-07-09T05:34:11.320000+00:00,2025,34.097880236674,-118.34425026668,123.5915622555,True,ebelmudez,https://www.mapillary.com/app/?pKey=1257551248569727,CC BY-SA 4.0,1,164,1,unknown,,0.0
hollywood/529621968446663_0,hollywood,crops/hollywood/529621968446663_0.jpg,529621968446663,2018-08-16T14:20:53.410000+00:00,2018,34.104226295053,-118.33837223353,237.98806762695,False,lvl5,https://www.mapillary.com/app/?pKey=529621968446663,CC BY-SA 4.0,1,64,1,unknown,R ,0.772
hollywood/481475313062267_0,hollywood,crops/hollywood/481475313062267_0.jpg,481475313062267,2017-06-28T15:13:54+00:00,2017,34.089925,-118.32221138889,0.0,False,mly_la,https://www.mapillary.com/app/?pKey=481475313062267,CC BY-SA 4.0,2,163,1,unknown,,0.0
hollywood/463638654933674_0,hollywood,crops/hollywood/463638654933674_0.jpg,463638654933674,2017-07-01T14:36:37+00:00,2017,34.094284722222,-118.34394138889,179.99997158486,False,mly_la,https://www.mapillary.com/app/?pKey=463638654933674,CC BY-SA 4.0,1,163,1,unknown,,0.0
hollywood/3941062869344261_0,hollywood,crops/hollywood/3941062869344261_0.jpg,3941062869344261,2021-05-06T22:33:47.379000+00:00,2021,34.101513241047,-118.33864927515,0.0,False,etunell,https://www.mapillary.com/app/?pKey=3941062869344261,CC BY-SA 4.0,1,163,1,unknown,,0.0
hollywood/3070615166420780_0,hollywood,crops/hollywood/3070615166420780_0.jpg,3070615166420780,2025-05-29T14:42:36.719000+00:00,2025,34.1015766,-118.3405335,276.74295914141,False,MicahStokes,https://www.mapillary.com/app/?pKey=3070615166420780,CC BY-SA 4.0,1,77,1,unknown,oee,0.56
hollywood/204967264790229_1,hollywood,crops/hollywood/204967264790229_1.jpg,204967264790229,2017-07-19T14:43:30+00:00,2017,34.089096388889,-118.32664138889,269.26777867535,False,mly_la,https://www.mapillary.com/app/?pKey=204967264790229,CC BY-SA 4.0,1,60,1,unknown,01,0.845
hollywood/1433851516961457_0,hollywood,crops/hollywood/1433851516961457_0.jpg,1433851516961457,2017-07-19T14:38:47+00:00,2017,34.091191388889,-118.31574,92.182804087556,False,mly_la,https://www.mapillary.com/app/?pKey=1433851516961457,CC BY-SA 4.0,3,161,1,unknown,,0.0
hollywood/316754763162726_0,hollywood,crops/hollywood/316754763162726_0.jpg,316754763162726,2017-07-19T17:01:15+00:00,2017,34.092638055556,-118.29943472222,270.0,False,mly_la,https://www.mapillary.com/app/?pKey=316754763162726,CC BY-SA 4.0,2,161,1,unknown,,0.0
hollywood/908606459712378_0,hollywood,crops/hollywood/908606459712378_0.jpg,908606459712378,2017-08-07T07:33:42+00:00,2017,34.09103,-118.32676305556,173.87886641799,False,mly_la,https://www.mapillary.com/app/?pKey=908606459712378,CC BY-SA 4.0,1,161,1,unknown,,0.0
hollywood/1086842435161415_0,hollywood,crops/hollywood/1086842435161415_0.jpg,1086842435161415,2014-02-08T19:04:03+00:00,2014,34.098058,-118.303852,118.2228,False,gyllen,https://www.mapillary.com/app/?pKey=1086842435161415,CC BY-SA 4.0,1,161,1,unknown,,0.0
hollywood/790230295214301_0,hollywood,crops/hollywood/790230295214301_0.jpg,790230295214301,2018-12-28T22:51:01.795000+00:00,2018,34.094379939964,-118.34448912978,270.62530517578,False,lvl5,https://www.mapillary.com/app/?pKey=790230295214301,CC BY-SA 4.0,3,161,1,unknown,,0.0
hollywood/722624156881556_1,hollywood,crops/hollywood/722624156881556_1.jpg,722624156881556,2025-05-29T14:39:44.800000+00:00,2025,34.1015771792,-118.3384158916,268.92736385449,False,MicahStokes,https://www.mapillary.com/app/?pKey=722624156881556,CC BY-SA 4.0,1,77,1,unknown,23,0.547
hollywood/694460490046200_0,hollywood,crops/hollywood/694460490046200_0.jpg,694460490046200,2025-05-29T14:28:33.859000+00:00,2025,34.103685175,-118.318015905,180.39771380011,False,MicahStokes,https://www.mapillary.com/app/?pKey=694460490046200,CC BY-SA 4.0,2,160,1,unknown,,0.0
hollywood/516904279682236_0,hollywood,crops/hollywood/516904279682236_0.jpg,516904279682236,2017-07-01T12:16:40+00:00,2017,34.089154722222,-118.33104138889,180.0,False,mly_la,https://www.mapillary.com/app/?pKey=516904279682236,CC BY-SA 4.0,2,70,1,unknown,STPP,0.642
hollywood/1823640464897219_0,hollywood,crops/hollywood/1823640464897219_0.jpg,1823640464897219,2025-07-09T05:33:58.007000+00:00,2025,34.097897245168,-118.34447926154,91.773561492312,True,ebelmudez,https://www.mapillary.com/app/?pKey=1823640464897219,CC BY-SA 4.0,1,160,1,unknown,,0.0
hollywood/583357442641008_0,hollywood,crops/hollywood/583357442641008_0.jpg,583357442641008,2015-11-30T00:05:54.144000+00:00,2015,34.104191,-118.309267,354.5515,False,studs_twerkel,https://www.mapillary.com/app/?pKey=583357442641008,CC BY-SA 4.0,1,160,1,unknown,,0.0
hollywood/173213801545461_1,hollywood,crops/hollywood/173213801545461_1.jpg,173213801545461,2021-08-11T20:32:54.545000+00:00,2021,34.103677462013,-118.33336811808,315.78930161,False,etunell,https://www.mapillary.com/app/?pKey=173213801545461,CC BY-SA 4.0,1,159,1,unknown,,0.0
hollywood/481912709807488_0,hollywood,crops/hollywood/481912709807488_0.jpg,481912709807488,2017-07-19T15:06:45+00:00,2017,34.098066388889,-118.31765805556,180.00001596458,False,mly_la,https://www.mapillary.com/app/?pKey=481912709807488,CC BY-SA 4.0,1,76,1,unknown,H,0.548
hollywood/928194144420607_0,hollywood,crops/hollywood/928194144420607_0.jpg,928194144420607,2018-09-06T17:44:15.375000+00:00,2018,34.095828078846,-118.28591370124,267.46957397461,False,lvl5,https://www.mapillary.com/app/?pKey=928194144420607,CC BY-SA 4.0,1,158,1,unknown,,0.0
hollywood/951113249051835_0,hollywood,crops/hollywood/951113249051835_0.jpg,951113249051835,2018-11-30T14:47:31.018000+00:00,2018,34.095011192756,-118.31906714657,179.85960388184,False,lvl5,https://www.mapillary.com/app/?pKey=951113249051835,CC BY-SA 4.0,1,157,2,unknown,,0.0
hollywood/474792653825180_0,hollywood,crops/hollywood/474792653825180_0.jpg,474792653825180,2017-07-02T12:02:00+00:00,2017,34.088921388889,-118.33615472222,92.292172932554,False,mly_la,https://www.mapillary.com/app/?pKey=474792653825180,CC BY-SA 4.0,1,72,1,unknown,DE,0.593
hollywood/1758377817666815_1,hollywood,crops/hollywood/1758377817666815_1.jpg,1758377817666815,2016-10-21T21:28:36.800000+00:00,2016,34.094448997535,-118.34420044321,177.14894294739,False,jopparn,https://www.mapillary.com/app/?pKey=1758377817666815,CC BY-SA 4.0,1,157,1,unknown,,0.0
hollywood/3039138476357627_1,hollywood,crops/hollywood/3039138476357627_1.jpg,3039138476357627,2021-05-06T20:31:54.123000+00:00,2021,34.104174471534,-118.34286450306,268.82069282779,False,etunell,https://www.mapillary.com/app/?pKey=3039138476357627,CC BY-SA 4.0,1,157,1,unknown,,0.0
hollywood/1005227155107257_1,hollywood,crops/hollywood/1005227155107257_1.jpg,1005227155107257,2025-05-29T14:38:31.361000+00:00,2025,34.10157767,-118.33838695,268.57450054795,False,MicahStokes,https://www.mapillary.com/app/?pKey=1005227155107257,CC BY-SA 4.0,1,78,1,unknown,国,0.508
hollywood/2615698785397590_0,hollywood,crops/hollywood/2615698785397590_0.jpg,2615698785397590,2014-06-08T01:45:47+00:00,2014,34.090713,-118.33437,84.61453,False,gyllen,https://www.mapillary.com/app/?pKey=2615698785397590,CC BY-SA 4.0,1,157,1,unknown,,0.0
hollywood/1156651828147530_2,hollywood,crops/hollywood/1156651828147530_2.jpg,1156651828147530,2018-07-17T17:51:21.672000+00:00,2018,34.101236250852,-118.33868720861,359.8359375,False,lvl5,https://www.mapillary.com/app/?pKey=1156651828147530,CC BY-SA 4.0,1,73,1,unknown,D,0.571
hollywood/1106808119810106_0,hollywood,crops/hollywood/1106808119810106_0.jpg,1106808119810106,2017-07-02T10:47:46+00:00,2017,34.090586388889,-118.32989638889,33.525350416739,False,mly_la,https://www.mapillary.com/app/?pKey=1106808119810106,CC BY-SA 4.0,1,57,1,unknown,HF,0.86
hollywood/2122550604906771_0,hollywood,crops/hollywood/2122550604906771_0.jpg,2122550604906771,2025-07-09T05:34:10.353000+00:00,2025,34.097892753522,-118.34427980142,99.146962754911,True,ebelmudez,https://www.mapillary.com/app/?pKey=2122550604906771,CC BY-SA 4.0,1,156,1,unknown,,0.0
hollywood/5001577099906810_0,hollywood,crops/hollywood/5001577099906810_0.jpg,5001577099906810,2017-07-02T12:05:06+00:00,2017,34.089693055556,-118.333405,172.86036742614,False,mly_la,https://www.mapillary.com/app/?pKey=5001577099906810,CC BY-SA 4.0,1,155,1,unknown,,0.0
hollywood/3968167986597235_0,hollywood,crops/hollywood/3968167986597235_0.jpg,3968167986597235,2017-07-02T12:33:08+00:00,2017,34.088889722222,-118.33650138889,264.00601271034,False,mly_la,https://www.mapillary.com/app/?pKey=3968167986597235,CC BY-SA 4.0,2,155,1,unknown,,0.0
hollywood/221027619846008_0,hollywood,crops/hollywood/221027619846008_0.jpg,221027619846008,2018-10-03T00:51:43.999000+00:00,2018,34.103092307006,-118.33618423282,356.13366699219,False,lvl5,https://www.mapillary.com/app/?pKey=221027619846008,CC BY-SA 4.0,2,153,1,unknown,,0.0
hollywood/223327116270329_0,hollywood,crops/hollywood/223327116270329_0.jpg,223327116270329,2017-07-19T17:08:22+00:00,2017,34.095074722222,-118.30435305556,180.88692772845,False,mly_la,https://www.mapillary.com/app/?pKey=223327116270329,CC BY-SA 4.0,2,153,1,unknown,,0.0
hollywood/815649139385803_0,hollywood,crops/hollywood/815649139385803_0.jpg,815649139385803,2017-01-30T19:56:41.945000+00:00,2017,34.102431785116,-118.34468443314,358.15185873272,False,gyllen,https://www.mapillary.com/app/?pKey=815649139385803,CC BY-SA 4.0,1,153,1,unknown,,0.0
hollywood/499912367716317_0,hollywood,crops/hollywood/499912367716317_0.jpg,499912367716317,2017-07-19T14:15:18+00:00,2017,34.096211388889,-118.32469972222,1.04560242849,False,mly_la,https://www.mapillary.com/app/?pKey=499912367716317,CC BY-SA 4.0,2,153,1,unknown,,0.0
hollywood/4152549111531717_0,hollywood,crops/hollywood/4152549111531717_0.jpg,4152549111531717,2017-07-19T17:37:18+00:00,2017,34.095464722222,-118.29443305556,175.39731580253,False,mly_la,https://www.mapillary.com/app/?pKey=4152549111531717,CC BY-SA 4.0,1,153,1,unknown,,0.0
hollywood/534339231069078_1,hollywood,crops/hollywood/534339231069078_1.jpg,534339231069078,2021-05-06T22:53:50.498000+00:00,2021,34.101582578348,-118.32956790103,0.0,False,etunell,https://www.mapillary.com/app/?pKey=534339231069078,CC BY-SA 4.0,1,151,1,unknown,,0.0
hollywood/1624556577934483_0,hollywood,crops/hollywood/1624556577934483_0.jpg,1624556577934483,2017-06-13T14:38:37+00:00,2017,34.104194722222,-118.33842,334.59653114772,False,mly_la,https://www.mapillary.com/app/?pKey=1624556577934483,CC BY-SA 4.0,3,151,1,unknown,,0.0
hollywood/502949444167821_0,hollywood,crops/hollywood/502949444167821_0.jpg,502949444167821,2014-06-08T01:45:49+00:00,2014,34.090695,-118.334001,96.34717,False,gyllen,https://www.mapillary.com/app/?pKey=502949444167821,CC BY-SA 4.0,1,150,1,unknown,,0.0
hollywood/458620038733378_0,hollywood,crops/hollywood/458620038733378_0.jpg,458620038733378,2017-06-04T11:08:06+00:00,2017,34.098,-118.32841138889,3.7839967660602e-05,False,mly_la,https://www.mapillary.com/app/?pKey=458620038733378,CC BY-SA 4.0,2,150,1,unknown,,0.0
hollywood/769936647249059_3,hollywood,crops/hollywood/769936647249059_3.jpg,769936647249059,2017-07-03T08:45:26+00:00,2017,34.104179722222,-118.33834472222,323.04448970627,False,mly_la,https://www.mapillary.com/app/?pKey=769936647249059,CC BY-SA 4.0,1,72,1,unknown,120,0.538
hollywood/946202759531650_0,hollywood,crops/hollywood/946202759531650_0.jpg,946202759531650,2017-07-01T11:52:27+00:00,2017,34.097911388889,-118.34027305556,179.99996776513,False,mly_la,https://www.mapillary.com/app/?pKey=946202759531650,CC BY-SA 4.0,1,149,1,unknown,,0.0
hollywood/1043769644381211_0,hollywood,crops/hollywood/1043769644381211_0.jpg,1043769644381211,2025-05-29T14:37:12.535000+00:00,2025,34.1016071,-118.332058475,269.31327696911,False,MicahStokes,https://www.mapillary.com/app/?pKey=1043769644381211,CC BY-SA 4.0,2,149,1,unknown,,0.0
hollywood/370223257734210_0,hollywood,crops/hollywood/370223257734210_0.jpg,370223257734210,2017-07-02T16:25:12+00:00,2017,34.088944722222,-118.32614472222,269.99997477823,False,mly_la,https://www.mapillary.com/app/?pKey=370223257734210,CC BY-SA 4.0,1,57,1,unknown,口,0.791
hollywood/180341950624527_0,hollywood,crops/hollywood/180341950624527_0.jpg,180341950624527,2017-07-19T17:26:43+00:00,2017,34.093453055556,-118.29429,359.99996021659,False,mly_la,https://www.mapillary.com/app/?pKey=180341950624527,CC BY-SA 4.0,2,148,1,unknown,,0.0
hollywood/3847580328692117_0,hollywood,crops/hollywood/3847580328692117_0.jpg,3847580328692117,2017-07-02T12:32:34+00:00,2017,34.088884722222,-118.33637638889,173.11496040429,False,mly_la,https://www.mapillary.com/app/?pKey=3847580328692117,CC BY-SA 4.0,1,57,1,unknown,OVER 60 LES,0.786
hollywood/293209172457182_0,hollywood,crops/hollywood/293209172457182_0.jpg,293209172457182,2017-06-13T14:38:57+00:00,2017,34.104134722222,-118.34018472222,88.669592791724,False,mly_la,https://www.mapillary.com/app/?pKey=293209172457182,CC BY-SA 4.0,1,59,1,unknown,UI | DO NOT | 8LOCK | 國,0.744
hollywood/187806249851740_0,hollywood,crops/hollywood/187806249851740_0.jpg,187806249851740,2017-07-20T07:01:30+00:00,2017,34.092498055556,-118.32892805556,268.41878169896,False,mly_la,https://www.mapillary.com/app/?pKey=187806249851740,CC BY-SA 4.0,1,147,1,unknown,,0.0
hollywood/317728409925166_1,hollywood,crops/hollywood/317728409925166_1.jpg,317728409925166,2017-06-29T14:40:47+00:00,2017,34.097948055556,-118.33481638889,358.9648033828,False,mly_la,https://www.mapillary.com/app/?pKey=317728409925166,CC BY-SA 4.0,1,146,1,unknown,,0.0
hollywood/167692221944762_0,hollywood,crops/hollywood/167692221944762_0.jpg,167692221944762,2020-01-21T20:38:19.384000+00:00,2020,34.097991,-118.328823,323.97930908203,False,mezaab113,https://www.mapillary.com/app/?pKey=167692221944762,CC BY-SA 4.0,1,145,1,unknown,,0.0
hollywood/2879969925559189_0,hollywood,crops/hollywood/2879969925559189_0.jpg,2879969925559189,2017-07-14T15:07:12+00:00,2017,34.101743055556,-118.32945138889,325.93205912147,False,mly_la,https://www.mapillary.com/app/?pKey=2879969925559189,CC BY-SA 4.0,2,144,1,unknown,,0.0
hollywood/275496367614096_0,hollywood,crops/hollywood/275496367614096_0.jpg,275496367614096,2017-07-19T17:48:28+00:00,2017,34.098034722222,-118.32212138889,172.75558344319,False,mly_la,https://www.mapillary.com/app/?pKey=275496367614096,CC BY-SA 4.0,2,144,1,unknown,,0.0
hollywood/161871989084626_0,hollywood,crops/hollywood/161871989084626_0.jpg,161871989084626,2017-07-19T15:23:29+00:00,2017,34.090573055556,-118.31360305556,0.0,False,mly_la,https://www.mapillary.com/app/?pKey=161871989084626,CC BY-SA 4.0,1,144,1,unknown,,0.0
hollywood/210346127320156_1,hollywood,crops/hollywood/210346127320156_1.jpg,210346127320156,2015-10-06T19:43:19.827000+00:00,2015,34.098181,-118.296539,78.5542,False,ahealthydesign,https://www.mapillary.com/app/?pKey=210346127320156,CC BY-SA 4.0,1,143,1,unknown,,0.0
hollywood/472643477284061_0,hollywood,crops/hollywood/472643477284061_0.jpg,472643477284061,2016-11-02T17:14:28.598000+00:00,2016,34.102628,-118.344673,29.49719,False,gyllen,https://www.mapillary.com/app/?pKey=472643477284061,CC BY-SA 4.0,1,143,1,unknown,,0.0
hollywood/4601252776568862_0,hollywood,crops/hollywood/4601252776568862_0.jpg,4601252776568862,2021-05-06T22:48:40.544000+00:00,2021,34.103244954303,-118.33107326554,0.0,False,etunell,https://www.mapillary.com/app/?pKey=4601252776568862,CC BY-SA 4.0,1,143,1,unknown,,0.0
hollywood/221006516095185_0,hollywood,crops/hollywood/221006516095185_0.jpg,221006516095185,2017-07-19T14:25:01+00:00,2017,34.096091388889,-118.32370305556,92.107786203219,False,mly_la,https://www.mapillary.com/app/?pKey=221006516095185,CC BY-SA 4.0,2,143,1,unknown,,0.0
hollywood/3068356683383690_0,hollywood,crops/hollywood/3068356683383690_0.jpg,3068356683383690,2017-03-22T12:50:35+00:00,2017,34.090705,-118.30940638889,178.74226861025,False,wsp_us,https://www.mapillary.com/app/?pKey=3068356683383690,CC BY-SA 4.0,1,143,1,unknown,,0.0
hollywood/724308923428303_1,hollywood,crops/hollywood/724308923428303_1.jpg,724308923428303,2025-05-29T14:36:49.585000+00:00,2025,34.1015917,-118.32953662,270.39361379438,False,MicahStokes,https://www.mapillary.com/app/?pKey=724308923428303,CC BY-SA 4.0,2,142,1,unknown,,0.0
hollywood/1457898852050555_0,hollywood,crops/hollywood/1457898852050555_0.jpg,1457898852050555,2025-05-29T14:28:16.809000+00:00,2025,34.10461978,-118.31802547,179.8268552108,False,MicahStokes,https://www.mapillary.com/app/?pKey=1457898852050555,CC BY-SA 4.0,1,142,1,unknown,,0.0
hollywood/505117680674893_0,hollywood,crops/hollywood/505117680674893_0.jpg,505117680674893,2017-06-14T15:17:40+00:00,2017,34.090473055556,-118.33628305556,260.85220000749,False,mly_la,https://www.mapillary.com/app/?pKey=505117680674893,CC BY-SA 4.0,1,59,1,unknown,9,0.707
hollywood/200676862038194_1,hollywood,crops/hollywood/200676862038194_1.jpg,200676862038194,2021-08-11T17:44:08.532000+00:00,2021,34.101577122701,-118.32748327809,92.849837304412,False,etunell,https://www.mapillary.com/app/?pKey=200676862038194,CC BY-SA 4.0,1,141,1,unknown,,0.0
hollywood/1212138112542189_0,hollywood,crops/hollywood/1212138112542189_0.jpg,1212138112542189,2020-01-21T20:54:43.670000+00:00,2020,34.090736,-118.329911,39.6298828125,False,mezaab113,https://www.mapillary.com/app/?pKey=1212138112542189,CC BY-SA 4.0,1,141,1,unknown,,0.0
hollywood/393034855234721_0,hollywood,crops/hollywood/393034855234721_0.jpg,393034855234721,2021-05-06T22:53:47.926000+00:00,2021,34.101581757733,-118.32975058594,89.519405428871,False,etunell,https://www.mapillary.com/app/?pKey=393034855234721,CC BY-SA 4.0,1,141,1,unknown,,0.0
hollywood/1443434123658455_0,hollywood,crops/hollywood/1443434123658455_0.jpg,1443434123658455,2016-07-13T05:56:18.334000+00:00,2016,34.09163815873,-118.34281416706,2.3710984980157,True,jperez6AM_cramobility,https://www.mapillary.com/app/?pKey=1443434123658455,CC BY-SA 4.0,1,141,1,unknown,,0.0
hollywood/148932003847953_0,hollywood,crops/hollywood/148932003847953_0.jpg,148932003847953,2014-06-08T01:48:40+00:00,2014,34.09073,-118.322598,91.05231,False,gyllen,https://www.mapillary.com/app/?pKey=148932003847953,CC BY-SA 4.0,1,140,1,unknown,,0.0
hollywood/770287153682677_0,hollywood,crops/hollywood/770287153682677_0.jpg,770287153682677,2017-07-19T14:09:53+00:00,2017,34.091726388889,-118.32655,180.0,False,mly_la,https://www.mapillary.com/app/?pKey=770287153682677,CC BY-SA 4.0,1,140,1,unknown,,0.0
hollywood/3446317695469344_0,hollywood,crops/hollywood/3446317695469344_0.jpg,3446317695469344,2017-07-02T11:18:57+00:00,2017,34.095283055556,-118.34032638889,9.3415083597392e-06,False,mly_la,https://www.mapillary.com/app/?pKey=3446317695469344,CC BY-SA 4.0,1,140,1,unknown,,0.0
hollywood/270409058137357_0,hollywood,crops/hollywood/270409058137357_0.jpg,270409058137357,2017-01-17T00:18:16.428000+00:00,2017,34.102526,-118.344726,358.8511,False,gyllen,https://www.mapillary.com/app/?pKey=270409058137357,CC BY-SA 4.0,1,140,1,unknown,,0.0
hollywood/1775522856731799_0,hollywood,crops/hollywood/1775522856731799_0.jpg,1775522856731799,2025-05-29T14:34:36.445000+00:00,2025,34.10156698,-118.3275549,270.85487992778,False,MicahStokes,https://www.mapillary.com/app/?pKey=1775522856731799,CC BY-SA 4.0,2,139,1,unknown,,0.0
hollywood/1216443835453006_1,hollywood,crops/hollywood/1216443835453006_1.jpg,1216443835453006,2018-08-07T15:19:38.497000+00:00,2018,34.092953081094,-118.34408055585,359.22845458984,False,lvl5,https://www.mapillary.com/app/?pKey=1216443835453006,CC BY-SA 4.0,1,57,1,unknown,7,0.712
hollywood/137172731675943_0,hollywood,crops/hollywood/137172731675943_0.jpg,137172731675943,2017-06-29T14:43:25+00:00,2017,34.101725,-118.32746638889,315.98927670981,False,mly_la,https://www.mapillary.com/app/?pKey=137172731675943,CC BY-SA 4.0,2,139,1,unknown,,0.0
hollywood/148651310562827_0,hollywood,crops/hollywood/148651310562827_0.jpg,148651310562827,2017-06-29T14:43:14+00:00,2017,34.10153,-118.32791305556,262.57965919649,False,mly_la,https://www.mapillary.com/app/?pKey=148651310562827,CC BY-SA 4.0,1,139,2,unknown,,0.0
hollywood/314443336743878_0,hollywood,crops/hollywood/314443336743878_0.jpg,314443336743878,2017-07-03T15:12:02+00:00,2017,34.088498055556,-118.30911638889,0.0,False,mly_la,https://www.mapillary.com/app/?pKey=314443336743878,CC BY-SA 4.0,1,58,1,unknown,2,0.704
hollywood/321222186033308_0,hollywood,crops/hollywood/321222186033308_0.jpg,321222186033308,2018-07-20T14:28:14.879000+00:00,2018,34.098822847552,-118.3325163739,1.40625,False,lvl5,https://www.mapillary.com/app/?pKey=321222186033308,CC BY-SA 4.0,1,139,1,unknown,,0.0
hollywood/290153732644995_0,hollywood,crops/hollywood/290153732644995_0.jpg,290153732644995,2013-12-07T23:21:05+00:00,2013,34.103729628524,-118.29171538353,156.2372,False,jenmalone666,https://www.mapillary.com/app/?pKey=290153732644995,CC BY-SA 4.0,1,139,1,unknown,,0.0
hollywood/769339460445890_0,hollywood,crops/hollywood/769339460445890_0.jpg,769339460445890,2014-06-08T01:39:34+00:00,2014,34.091429,-118.338608,168.7037,False,gyllen,https://www.mapillary.com/app/?pKey=769339460445890,CC BY-SA 4.0,1,139,1,unknown,,0.0
hollywood/299833541515591_0,hollywood,crops/hollywood/299833541515591_0.jpg,299833541515591,2017-07-19T17:46:12+00:00,2017,34.098024722222,-118.32121972222,8.8970417732245,False,mly_la,https://www.mapillary.com/app/?pKey=299833541515591,CC BY-SA 4.0,3,138,1,unknown,,0.0
hollywood/291223115835988_0,hollywood,crops/hollywood/291223115835988_0.jpg,291223115835988,2017-07-01T12:16:18+00:00,2017,34.090643055556,-118.33102638889,268.20325091148,False,mly_la,https://www.mapillary.com/app/?pKey=291223115835988,CC BY-SA 4.0,2,138,1,unknown,,0.0
hollywood/106048194879163_0,hollywood,crops/hollywood/106048194879163_0.jpg,106048194879163,2017-07-19T14:49:28+00:00,2017,34.090706388889,-118.31588805556,178.35316823575,False,mly_la,https://www.mapillary.com/app/?pKey=106048194879163,CC BY-SA 4.0,2,138,1,unknown,,0.0
hollywood/325757912380072_0,hollywood,crops/hollywood/325757912380072_0.jpg,325757912380072,2017-07-19T15:01:28+00:00,2017,34.097666388889,-118.30048305556,102.23673675399,False,mly_la,https://www.mapillary.com/app/?pKey=325757912380072,CC BY-SA 4.0,1,138,1,unknown,,0.0
hollywood/1687072264816485_0,hollywood,crops/hollywood/1687072264816485_0.jpg,1687072264816485,2018-12-28T22:43:20.908000+00:00,2018,34.098023237792,-118.33010580068,264.59005737305,False,lvl5,https://www.mapillary.com/app/?pKey=1687072264816485,CC BY-SA 4.0,2,138,1,unknown,,0.0
hollywood/299651648491524_0,hollywood,crops/hollywood/299651648491524_0.jpg,299651648491524,2017-07-19T15:00:53+00:00,2017,34.095856388889,-118.30048138889,88.175745095862,False,mly_la,https://www.mapillary.com/app/?pKey=299651648491524,CC BY-SA 4.0,2,138,1,unknown,,0.0
hollywood/466362831303125_0,hollywood,crops/hollywood/466362831303125_0.jpg,466362831303125,2017-07-19T17:34:37+00:00,2017,34.093553055556,-118.29321472222,189.40422652079,False,mly_la,https://www.mapillary.com/app/?pKey=466362831303125,CC BY-SA 4.0,1,138,1,unknown,,0.0
hollywood/829272317685079_0,hollywood,crops/hollywood/829272317685079_0.jpg,829272317685079,2017-07-01T16:14:08+00:00,2017,34.094598055556,-118.32660472222,91.054266519691,False,mly_la,https://www.mapillary.com/app/?pKey=829272317685079,CC BY-SA 4.0,1,59,1,unknown,国 | ANTINE,0.674
hollywood/200437355257055_1,hollywood,crops/hollywood/200437355257055_1.jpg,200437355257055,2018-12-28T22:38:09.561000+00:00,2018,34.092295477628,-118.32884513046,161.84774780273,False,lvl5,https://www.mapillary.com/app/?pKey=200437355257055,CC BY-SA 4.0,1,137,1,unknown,,0.0
hollywood/3036126910040891_0,hollywood,crops/hollywood/3036126910040891_0.jpg,3036126910040891,2021-08-19T18:14:43.460000+00:00,2021,34.104089996117,-118.34325434255,48.922218261683,False,etunell,https://www.mapillary.com/app/?pKey=3036126910040891,CC BY-SA 4.0,1,137,1,unknown,,0.0
hollywood/459720485111789_0,hollywood,crops/hollywood/459720485111789_0.jpg,459720485111789,2017-07-19T14:36:06+00:00,2017,34.093748055556,-118.31575638889,90.0,False,mly_la,https://www.mapillary.com/app/?pKey=459720485111789,CC BY-SA 4.0,2,137,1,unknown,,0.0
hollywood/303668224470453_0,hollywood,crops/hollywood/303668224470453_0.jpg,303668224470453,2017-07-01T14:48:33+00:00,2017,34.092941388889,-118.34411805556,268.46150450934,False,mly_la,https://www.mapillary.com/app/?pKey=303668224470453,CC BY-SA 4.0,1,137,1,unknown,,0.0
hollywood/151759900255541_0,hollywood,crops/hollywood/151759900255541_0.jpg,151759900255541,2018-08-13T22:49:10.571000+00:00,2018,34.101770453652,-118.34333420906,1.5556268692017,False,lvl5,https://www.mapillary.com/app/?pKey=151759900255541,CC BY-SA 4.0,1,136,1,unknown,,0.0
hollywood/1214090877123330_0,hollywood,crops/hollywood/1214090877123330_0.jpg,1214090877123330,2025-05-29T14:34:08.842000+00:00,2025,34.10164123,-118.32606262,262.90579450515,False,MicahStokes,https://www.mapillary.com/app/?pKey=1214090877123330,CC BY-SA 4.0,1,136,1,unknown,,0.0
hollywood/489969382195913_0,hollywood,crops/hollywood/489969382195913_0.jpg,489969382195913,2017-06-04T11:05:05+00:00,2017,34.097841388889,-118.31909638889,0.0,False,mly_la,https://www.mapillary.com/app/?pKey=489969382195913,CC BY-SA 4.0,1,136,1,unknown,,0.0
hollywood/493945512055347_1,hollywood,crops/hollywood/493945512055347_1.jpg,493945512055347,2018-10-03T01:30:36.687000+00:00,2018,34.104259983547,-118.33838688263,236.05346679688,False,lvl5,https://www.mapillary.com/app/?pKey=493945512055347,CC BY-SA 4.0,1,136,1,unknown,,0.0
hollywood/1453945941609124_0,hollywood,crops/hollywood/1453945941609124_0.jpg,1453945941609124,2021-05-06T20:25:33.560000+00:00,2021,34.103678636444,-118.33618713499,179.36131763452,False,etunell,https://www.mapillary.com/app/?pKey=1453945941609124,CC BY-SA 4.0,1,135,1,unknown,,0.0
hollywood/449638786134458_0,hollywood,crops/hollywood/449638786134458_0.jpg,449638786134458,2015-10-06T19:41:59.822000+00:00,2015,34.098229,-118.297712,105.1054,False,ahealthydesign,https://www.mapillary.com/app/?pKey=449638786134458,CC BY-SA 4.0,2,135,1,unknown,,0.0
hollywood/1054784889314925_0,hollywood,crops/hollywood/1054784889314925_0.jpg,1054784889314925,2025-05-29T12:50:49.294000+00:00,2025,34.0943054974,-118.3441306808,180.40990714375,False,MicahStokes,https://www.mapillary.com/app/?pKey=1054784889314925,CC BY-SA 4.0,1,134,1,unknown,,0.0
hollywood/913138729511077_0,hollywood,crops/hollywood/913138729511077_0.jpg,913138729511077,2018-03-30T11:48:27+00:00,2018,34.0982478,-118.29331879997,98.0,False,fta,https://www.mapillary.com/app/?pKey=913138729511077,CC BY-SA 4.0,1,134,1,unknown,,0.0
hollywood/301658058155191_0,hollywood,crops/hollywood/301658058155191_0.jpg,301658058155191,2017-11-09T18:12:21.688000+00:00,2017,34.102376726231,-118.34469542313,7.2563177749921,False,gyllen,https://www.mapillary.com/app/?pKey=301658058155191,CC BY-SA 4.0,1,134,1,unknown,,0.0
hollywood/1413933655649160_0,hollywood,crops/hollywood/1413933655649160_0.jpg,1413933655649160,2016-08-01T17:23:51.713000+00:00,2016,34.09801,-118.33414,277.9679,False,mapkin,https://www.mapillary.com/app/?pKey=1413933655649160,CC BY-SA 4.0,1,134,1,unknown,,0.0
hollywood/785204892180052_2,hollywood,crops/hollywood/785204892180052_2.jpg,785204892180052,2015-11-30T00:05:52.147000+00:00,2015,34.104185,-118.309228,356.0328,False,studs_twerkel,https://www.mapillary.com/app/?pKey=785204892180052,CC BY-SA 4.0,1,134,1,unknown,,0.0
hollywood/491899748525382_0,hollywood,crops/hollywood/491899748525382_0.jpg,491899748525382,2017-07-19T15:16:13+00:00,2017,34.093778055556,-118.31567138889,359.99997718846,False,mly_la,https://www.mapillary.com/app/?pKey=491899748525382,CC BY-SA 4.0,2,134,1,unknown,,0.0
hollywood/302931438083603_0,hollywood,crops/hollywood/302931438083603_0.jpg,302931438083603,2017-07-19T14:37:48+00:00,2017,34.092173055556,-118.31573805556,90.0,False,mly_la,https://www.mapillary.com/app/?pKey=302931438083603,CC BY-SA 4.0,2,133,1,unknown,,0.0
hollywood/171884431575216_0,hollywood,crops/hollywood/171884431575216_0.jpg,171884431575216,2017-07-19T14:43:32+00:00,2017,34.088918055556,-118.32664,270.0,False,mly_la,https://www.mapillary.com/app/?pKey=171884431575216,CC BY-SA 4.0,1,133,1,unknown,,0.0
hollywood/167692221944762_1,hollywood,crops/hollywood/167692221944762_1.jpg,167692221944762,2020-01-21T20:38:19.384000+00:00,2020,34.097991,-118.328823,323.97930908203,False,mezaab113,https://www.mapillary.com/app/?pKey=167692221944762,CC BY-SA 4.0,1,133,1,unknown,,0.0
hollywood/1237869219991048_1,hollywood,crops/hollywood/1237869219991048_1.jpg,1237869219991048,2021-08-19T18:11:13.577000+00:00,2021,34.104095686626,-118.34396879505,90.475608304212,False,etunell,https://www.mapillary.com/app/?pKey=1237869219991048,CC BY-SA 4.0,1,133,1,unknown,,0.0
hollywood/735995425533544_0,hollywood,crops/hollywood/735995425533544_0.jpg,735995425533544,2025-05-29T14:35:25.094000+00:00,2025,34.1015689207,-118.3277871906,270.37090302249,False,MicahStokes,https://www.mapillary.com/app/?pKey=735995425533544,CC BY-SA 4.0,2,132,1,unknown,,0.0
hollywood/157971396257283_0,hollywood,crops/hollywood/157971396257283_0.jpg,157971396257283,2018-03-30T11:48:51+00:00,2018,34.0969331,-118.2929402,180.9,False,fta,https://www.mapillary.com/app/?pKey=157971396257283,CC BY-SA 4.0,1,132,1,unknown,,0.0
hollywood/181127020550143_0,hollywood,crops/hollywood/181127020550143_0.jpg,181127020550143,2017-07-01T11:52:30+00:00,2017,34.09791,-118.339925,181.25778700336,False,mly_la,https://www.mapillary.com/app/?pKey=181127020550143,CC BY-SA 4.0,1,132,1,unknown,,0.0
hollywood/210278033991132_1,hollywood,crops/hollywood/210278033991132_1.jpg,210278033991132,2017-06-13T14:40:04+00:00,2017,34.103543055556,-118.34339638889,270.0,False,mly_la,https://www.mapillary.com/app/?pKey=210278033991132,CC BY-SA 4.0,1,132,1,unknown,,0.0
hollywood/212521090330020_0,hollywood,crops/hollywood/212521090330020_0.jpg,212521090330020,2018-07-30T23:29:53.121000+00:00,2018,34.101598539379,-118.34029723912,239.403713133,False,gyllen,https://www.mapillary.com/app/?pKey=212521090330020,CC BY-SA 4.0,1,131,1,unknown,,0.0
hollywood/192682869345387_0,hollywood,crops/hollywood/192682869345387_0.jpg,192682869345387,2020-01-21T21:16:48.311000+00:00,2020,34.096542,-118.291734,0.52716064453125,False,mezaab113,https://www.mapillary.com/app/?pKey=192682869345387,CC BY-SA 4.0,1,131,1,unknown,,0.0
hollywood/815079866091593_0,hollywood,crops/hollywood/815079866091593_0.jpg,815079866091593,2017-03-22T12:47:28+00:00,2017,34.090701388889,-118.32030305556,269.99996263269,False,wsp_us,https://www.mapillary.com/app/?pKey=815079866091593,CC BY-SA 4.0,2,131,1,unknown,,0.0
hollywood/793816941275049_0,hollywood,crops/hollywood/793816941275049_0.jpg,793816941275049,2013-12-07T23:29:31+00:00,2013,34.103473,-118.291737,15.66797,False,jenmalone666,https://www.mapillary.com/app/?pKey=793816941275049,CC BY-SA 4.0,1,131,1,unknown,,0.0
hollywood/889905134907589_0,hollywood,crops/hollywood/889905134907589_0.jpg,889905134907589,2018-09-06T17:44:40.820000+00:00,2018,34.097210877547,-118.28738728283,344.61810302734,False,lvl5,https://www.mapillary.com/app/?pKey=889905134907589,CC BY-SA 4.0,2,131,1,unknown,,0.0
hollywood/907184714867665_0,hollywood,crops/hollywood/907184714867665_0.jpg,907184714867665,2025-05-29T14:28:33.509000+00:00,2025,34.10371406,-118.31801554,180.75392927814,False,MicahStokes,https://www.mapillary.com/app/?pKey=907184714867665,CC BY-SA 4.0,2,131,1,unknown,,0.0
hollywood/1263926305263159_3,hollywood,crops/hollywood/1263926305263159_3.jpg,1263926305263159,2025-05-29T14:38:31.961000+00:00,2025,34.1015771,-118.338421,268.92736385449,False,MicahStokes,https://www.mapillary.com/app/?pKey=1263926305263159,CC BY-SA 4.0,2,131,1,unknown,,0.0
hollywood/512525776448687_0,hollywood,crops/hollywood/512525776448687_0.jpg,512525776448687,2017-07-19T17:26:35+00:00,2017,34.093434722222,-118.29528,359.99997002621,False,mly_la,https://www.mapillary.com/app/?pKey=512525776448687,CC BY-SA 4.0,2,129,1,unknown,,0.0
hollywood/1787998185470102_0,hollywood,crops/hollywood/1787998185470102_0.jpg,1787998185470102,2025-07-13T13:47:39.758000+00:00,2025,34.091721268889,-118.3428024,0.0,True,jperez12PM_cramobility,https://www.mapillary.com/app/?pKey=1787998185470102,CC BY-SA 4.0,1,129,1,unknown,,0.0
hollywood/769936647249059_2,hollywood,crops/hollywood/769936647249059_2.jpg,769936647249059,2017-07-03T08:45:26+00:00,2017,34.104179722222,-118.33834472222,323.04448970627,False,mly_la,https://www.mapillary.com/app/?pKey=769936647249059,CC BY-SA 4.0,1,64,1,unknown,C,0.502
hollywood/998932920847206_0,hollywood,crops/hollywood/998932920847206_0.jpg,998932920847206,2017-06-29T14:43:16+00:00,2017,34.101615,-118.32760638889,354.38233620104,False,mly_la,https://www.mapillary.com/app/?pKey=998932920847206,CC BY-SA 4.0,2,129,1,unknown,,0.0
hollywood/1406793576366320_0,hollywood,crops/hollywood/1406793576366320_0.jpg,1406793576366320,2017-07-14T15:05:40+00:00,2017,34.101408055556,-118.32668805556,165.80133870261,False,mly_la,https://www.mapillary.com/app/?pKey=1406793576366320,CC BY-SA 4.0,2,129,1,unknown,,0.0
hollywood/158812049502766_0,hollywood,crops/hollywood/158812049502766_0.jpg,158812049502766,2017-07-19T14:56:05+00:00,2017,34.090769722222,-118.30935305556,269.99997150784,False,mly_la,https://www.mapillary.com/app/?pKey=158812049502766,CC BY-SA 4.0,1,129,1,unknown,,0.0
hollywood/141092157996805_0,hollywood,crops/hollywood/141092157996805_0.jpg,141092157996805,2016-01-30T20:16:54.837000+00:00,2016,34.098084,-118.317977,89.162999763026,False,gyllen,https://www.mapillary.com/app/?pKey=141092157996805,CC BY-SA 4.0,1,128,1,unknown,,0.0
hollywood/280765907058565_0,hollywood,crops/hollywood/280765907058565_0.jpg,280765907058565,2017-07-19T17:44:30+00:00,2017,34.09812,-118.31764138889,176.58057159251,False,mly_la,https://www.mapillary.com/app/?pKey=280765907058565,CC BY-SA 4.0,1,59,1,unknown,制,0.594
hollywood/696383313115756_0,hollywood,crops/hollywood/696383313115756_0.jpg,696383313115756,2025-05-29T12:18:21.509000+00:00,2025,34.10160435,-118.3322701,269.02636997492,False,MicahStokes,https://www.mapillary.com/app/?pKey=696383313115756,CC BY-SA 4.0,2,128,1,unknown,,0.0
hollywood/680196951393281_0,hollywood,crops/hollywood/680196951393281_0.jpg,680196951393281,2025-05-29T14:34:06.692000+00:00,2025,34.10164726,-118.325964275,270.91490258236,False,MicahStokes,https://www.mapillary.com/app/?pKey=680196951393281,CC BY-SA 4.0,1,128,1,unknown,,0.0
hollywood/1973862579436824_0,hollywood,crops/hollywood/1973862579436824_0.jpg,1973862579436824,2018-12-28T22:38:21.183000+00:00,2018,34.093578817016,-118.3288565093,359.6484375,False,lvl5,https://www.mapillary.com/app/?pKey=1973862579436824,CC BY-SA 4.0,1,128,1,unknown,,0.0
hollywood/2201160450018123_1,hollywood,crops/hollywood/2201160450018123_1.jpg,2201160450018123,2017-06-14T15:16:59+00:00,2017,34.088749722222,-118.33624305556,86.614613572745,False,mly_la,https://www.mapillary.com/app/?pKey=2201160450018123,CC BY-SA 4.0,1,128,1,unknown,,0.0
hollywood/1267623135031183_0,hollywood,crops/hollywood/1267623135031183_0.jpg,1267623135031183,2025-05-29T14:38:29.861000+00:00,2025,34.10157986,-118.33825138,269.25532052774,False,MicahStokes,https://www.mapillary.com/app/?pKey=1267623135031183,CC BY-SA 4.0,1,127,1,unknown,,0.0
hollywood/998932920847206_1,hollywood,crops/hollywood/998932920847206_1.jpg,998932920847206,2017-06-29T14:43:16+00:00,2017,34.101615,-118.32760638889,354.38233620104,False,mly_la,https://www.mapillary.com/app/?pKey=998932920847206,CC BY-SA 4.0,2,126,1,unknown,,0.0
hollywood/1024642299848062_0,hollywood,crops/hollywood/1024642299848062_0.jpg,1024642299848062,2025-05-29T14:32:01.028000+00:00,2025,34.101699202,-118.3214633908,271.2488251406,False,MicahStokes,https://www.mapillary.com/app/?pKey=1024642299848062,CC BY-SA 4.0,1,126,1,unknown,,0.0
hollywood/499526587840764_2,hollywood,crops/hollywood/499526587840764_2.jpg,499526587840764,2017-08-07T07:33:44+00:00,2017,34.090908055556,-118.32677,267.29655441229,False,mly_la,https://www.mapillary.com/app/?pKey=499526587840764,CC BY-SA 4.0,1,125,1,unknown,,0.0
hollywood/373705223992808_0,hollywood,crops/hollywood/373705223992808_0.jpg,373705223992808,2017-07-19T14:15:16+00:00,2017,34.096214722222,-118.32480805556,270.00003176653,False,mly_la,https://www.mapillary.com/app/?pKey=373705223992808,CC BY-SA 4.0,2,124,1,unknown,,0.0
hollywood/975031569972876_0,hollywood,crops/hollywood/975031569972876_0.jpg,975031569972876,2017-07-19T16:47:20+00:00,2017,34.089596388889,-118.29919472222,90.878637492843,False,mly_la,https://www.mapillary.com/app/?pKey=975031569972876,CC BY-SA 4.0,2,124,1,unknown,,0.0
hollywood/173574074650876_1,hollywood,crops/hollywood/173574074650876_1.jpg,173574074650876,2016-03-22T23:23:39.742000+00:00,2016,34.099561,-118.344508,347.1326200179,False,sarawabreus,https://www.mapillary.com/app/?pKey=173574074650876,CC BY-SA 4.0,1,123,1,unknown,,0.0
hollywood/1148996158897944_0,hollywood,crops/hollywood/1148996158897944_0.jpg,1148996158897944,2020-06-04T01:41:55.035000+00:00,2020,34.088770276449,-118.33454071821,83.749626159668,False,ajchatham,https://www.mapillary.com/app/?pKey=1148996158897944,CC BY-SA 4.0,1,123,1,unknown,,0.0
hollywood/1208481820957705_0,hollywood,crops/hollywood/1208481820957705_0.jpg,1208481820957705,2025-05-29T14:34:56.468000+00:00,2025,34.1015943,-118.3263506208,270.00002265034,False,MicahStokes,https://www.mapillary.com/app/?pKey=1208481820957705,CC BY-SA 4.0,1,123,1,unknown,,0.0
hollywood/902164230328737_0,hollywood,crops/hollywood/902164230328737_0.jpg,902164230328737,2018-12-28T22:51:00.990000+00:00,2018,34.094384332379,-118.34438643707,270.30679321289,False,lvl5,https://www.mapillary.com/app/?pKey=902164230328737,CC BY-SA 4.0,3,123,1,unknown,,0.0
hollywood/748100712552285_0,hollywood,crops/hollywood/748100712552285_0.jpg,748100712552285,2017-06-29T07:02:28+00:00,2017,34.097638055556,-118.33873305556,180.65893974542,False,mly_la,https://www.mapillary.com/app/?pKey=748100712552285,CC BY-SA 4.0,1,123,1,unknown,,0.0
hollywood/210278033991132_2,hollywood,crops/hollywood/210278033991132_2.jpg,210278033991132,2017-06-13T14:40:04+00:00,2017,34.103543055556,-118.34339638889,270.0,False,mly_la,https://www.mapillary.com/app/?pKey=210278033991132,CC BY-SA 4.0,1,123,1,unknown,,0.0
hollywood/301083801628675_0,hollywood,crops/hollywood/301083801628675_0.jpg,301083801628675,2013-12-05T21:50:53+00:00,2013,34.101599726967,-118.34348469973,266.169,False,gyllen,https://www.mapillary.com/app/?pKey=301083801628675,CC BY-SA 4.0,1,122,1,unknown,,0.0
hollywood/322996785893218_0,hollywood,crops/hollywood/322996785893218_0.jpg,322996785893218,2018-07-20T14:33:26.494000+00:00,2018,34.103201325836,-118.33614999416,358.59375,False,lvl5,https://www.mapillary.com/app/?pKey=322996785893218,CC BY-SA 4.0,2,122,1,unknown,,0.0
hollywood/748100712552285_1,hollywood,crops/hollywood/748100712552285_1.jpg,748100712552285,2017-06-29T07:02:28+00:00,2017,34.097638055556,-118.33873305556,180.65893974542,False,mly_la,https://www.mapillary.com/app/?pKey=748100712552285,CC BY-SA 4.0,2,122,1,unknown,,0.0
hollywood/875545579735978_0,hollywood,crops/hollywood/875545579735978_0.jpg,875545579735978,2021-08-11T19:39:19.514000+00:00,2021,34.103276648808,-118.33108059647,178.94925063787,False,etunell,https://www.mapillary.com/app/?pKey=875545579735978,CC BY-SA 4.0,1,121,1,unknown,,0.0
hollywood/466750821256392_0,hollywood,crops/hollywood/466750821256392_0.jpg,466750821256392,2017-07-19T15:20:15+00:00,2017,34.097573055556,-118.31575305556,92.540066980405,False,mly_la,https://www.mapillary.com/app/?pKey=466750821256392,CC BY-SA 4.0,1,121,1,unknown,,0.0
hollywood/1797788971136008_0,hollywood,crops/hollywood/1797788971136008_0.jpg,1797788971136008,2025-07-09T05:33:56.672000+00:00,2025,34.0978968,-118.34458038167,89.999998847274,True,ebelmudez,https://www.mapillary.com/app/?pKey=1797788971136008,CC BY-SA 4.0,1,121,1,unknown,,0.0
hollywood/922399698303109_0,hollywood,crops/hollywood/922399698303109_0.jpg,922399698303109,2017-07-14T15:09:50+00:00,2017,34.103106388889,-118.32948472222,86.840366376816,False,mly_la,https://www.mapillary.com/app/?pKey=922399698303109,CC BY-SA 4.0,1,60,1,unknown,E,0.515
hollywood/4236671053024089_0,hollywood,crops/hollywood/4236671053024089_0.jpg,4236671053024089,2017-07-01T14:40:55+00:00,2017,34.095271388889,-118.33198305556,267.11959227579,False,mly_la,https://www.mapillary.com/app/?pKey=4236671053024089,CC BY-SA 4.0,1,121,1,unknown,,0.0
hollywood/788938608395171_1,hollywood,crops/hollywood/788938608395171_1.jpg,788938608395171,2017-08-08T08:34:27+00:00,2017,34.092455,-118.32893305556,359.40067029407,False,mly_la,https://www.mapillary.com/app/?pKey=788938608395171,CC BY-SA 4.0,1,121,1,unknown,,0.0
hollywood/518892342796742_0,hollywood,crops/hollywood/518892342796742_0.jpg,518892342796742,2017-08-07T08:34:05+00:00,2017,34.088843055556,-118.32671638889,270.0,False,mly_la,https://www.mapillary.com/app/?pKey=518892342796742,CC BY-SA 4.0,1,121,1,unknown,,0.0
hollywood/268754855089617_0,hollywood,crops/hollywood/268754855089617_0.jpg,268754855089617,2018-07-20T19:16:25.638000+00:00,2018,34.098037668169,-118.34477664192,271.69873046875,False,lvl5,https://www.mapillary.com/app/?pKey=268754855089617,CC BY-SA 4.0,1,121,1,unknown,,0.0
hollywood/190607349568264_0,hollywood,crops/hollywood/190607349568264_0.jpg,190607349568264,2015-10-08T00:42:57.146000+00:00,2015,34.094892,-118.300582,184.6295,False,ahealthydesign,https://www.mapillary.com/app/?pKey=190607349568264,CC BY-SA 4.0,1,121,1,unknown,,0.0
hollywood/139345864836734_0,hollywood,crops/hollywood/139345864836734_0.jpg,139345864836734,2017-03-22T12:40:52+00:00,2017,34.094305,-118.34443805556,356.3486500331,False,wsp_us,https://www.mapillary.com/app/?pKey=139345864836734,CC BY-SA 4.0,1,59,1,unknown,9.0,0.514
hollywood/147612173985606_0,hollywood,crops/hollywood/147612173985606_0.jpg,147612173985606,2015-02-01T21:24:27+00:00,2015,34.097981,-118.344631,292.5836,False,jesolem,https://www.mapillary.com/app/?pKey=147612173985606,CC BY-SA 4.0,1,120,1,unknown,,0.0
hollywood/290490756112663_0,hollywood,crops/hollywood/290490756112663_0.jpg,290490756112663,2015-10-25T23:04:57.126000+00:00,2015,34.097989,-118.341776,179.3907,False,jenmalone666,https://www.mapillary.com/app/?pKey=290490756112663,CC BY-SA 4.0,1,120,1,unknown,,0.0
hollywood/2103930946415023_1,hollywood,crops/hollywood/2103930946415023_1.jpg,2103930946415023,2016-03-24T17:08:50.344000+00:00,2016,34.101716,-118.322357,250.9857,False,jesolem,https://www.mapillary.com/app/?pKey=2103930946415023,CC BY-SA 4.0,1,120,1,unknown,,0.0
hollywood/1889433404546937_0,hollywood,crops/hollywood/1889433404546937_0.jpg,1889433404546937,2018-10-03T00:51:43.333000+00:00,2018,34.103057692742,-118.33619070382,358.00549316406,False,lvl5,https://www.mapillary.com/app/?pKey=1889433404546937,CC BY-SA 4.0,2,119,1,unknown,,0.0
hollywood/1238210976593866_0,hollywood,crops/hollywood/1238210976593866_0.jpg,1238210976593866,2017-07-19T17:28:09+00:00,2017,34.090946388889,-118.29605638889,322.7965482048,False,mly_la,https://www.mapillary.com/app/?pKey=1238210976593866,CC BY-SA 4.0,1,119,1,unknown,,0.0
hollywood/256237622509065_0,hollywood,crops/hollywood/256237622509065_0.jpg,256237622509065,2017-07-20T07:01:29+00:00,2017,34.092541388889,-118.32893,267.8718767501,False,mly_la,https://www.mapillary.com/app/?pKey=256237622509065,CC BY-SA 4.0,1,119,1,unknown,,0.0
hollywood/313191590381023_0,hollywood,crops/hollywood/313191590381023_0.jpg,313191590381023,2015-02-06T19:44:28+00:00,2015,34.098041,-118.318131,94.36542,False,sarawabreus,https://www.mapillary.com/app/?pKey=313191590381023,CC BY-SA 4.0,1,119,1,unknown,,0.0
hollywood/207667830885284_0,hollywood,crops/hollywood/207667830885284_0.jpg,207667830885284,2015-11-30T00:05:48.144000+00:00,2015,34.1039,-118.30921,356.988,False,studs_twerkel,https://www.mapillary.com/app/?pKey=207667830885284,CC BY-SA 4.0,1,119,2,unknown,,0.0
hollywood/417960599643611_0,hollywood,crops/hollywood/417960599643611_0.jpg,417960599643611,2021-08-11T20:02:24.252000+00:00,2021,34.101607394468,-118.33853625461,0.0,False,etunell,https://www.mapillary.com/app/?pKey=417960599643611,CC BY-SA 4.0,1,119,1,unknown,,0.0
hollywood/223950705918494_2,hollywood,crops/hollywood/223950705918494_2.jpg,223950705918494,2021-05-06T19:30:00.029000+00:00,2021,34.099739144097,-118.33629125078,88.832996549157,False,etunell,https://www.mapillary.com/app/?pKey=223950705918494,CC BY-SA 4.0,1,119,1,unknown,,0.0
hollywood/2492597817550837_0,hollywood,crops/hollywood/2492597817550837_0.jpg,2492597817550837,2017-07-19T14:15:05+00:00,2017,34.096153055556,-118.32368305556,75.878909290755,False,mly_la,https://www.mapillary.com/app/?pKey=2492597817550837,CC BY-SA 4.0,2,118,1,unknown,,0.0
hollywood/1110251777811314_0,hollywood,crops/hollywood/1110251777811314_0.jpg,1110251777811314,2025-05-29T14:34:21.242000+00:00,2025,34.1015979,-118.3263154,262.0419870558,False,MicahStokes,https://www.mapillary.com/app/?pKey=1110251777811314,CC BY-SA 4.0,1,118,1,unknown,,0.0
hollywood/3897565823689878_0,hollywood,crops/hollywood/3897565823689878_0.jpg,3897565823689878,2016-01-30T20:21:37.837000+00:00,2016,34.098233,-118.293951,90.296890459148,False,gyllen,https://www.mapillary.com/app/?pKey=3897565823689878,CC BY-SA 4.0,1,118,1,unknown,,0.0
hollywood/833651734174179_0,hollywood,crops/hollywood/833651734174179_0.jpg,833651734174179,2017-06-04T17:04:18+00:00,2017,34.104098055556,-118.33862638889,179.99997056351,False,mly_la,https://www.mapillary.com/app/?pKey=833651734174179,CC BY-SA 4.0,1,59,1,unknown,2,0.505
hollywood/831583224450312_0,hollywood,crops/hollywood/831583224450312_0.jpg,831583224450312,2017-06-30T07:36:36+00:00,2017,34.10301,-118.33880305556,1.0740488713678,False,mly_la,https://www.mapillary.com/app/?pKey=831583224450312,CC BY-SA 4.0,2,117,1,unknown,,0.0
hollywood/379659839964086_0,hollywood,crops/hollywood/379659839964086_0.jpg,379659839964086,2017-07-19T14:37:50+00:00,2017,34.092061388889,-118.31573805556,90.0,False,mly_la,https://www.mapillary.com/app/?pKey=379659839964086,CC BY-SA 4.0,2,117,1,unknown,,0.0
hollywood/2648742192092435_1,hollywood,crops/hollywood/2648742192092435_1.jpg,2648742192092435,2017-08-07T07:34:03+00:00,2017,34.089075,-118.32673305556,358.70504424989,False,mly_la,https://www.mapillary.com/app/?pKey=2648742192092435,CC BY-SA 4.0,1,117,1,unknown,,0.0
hollywood/1005227155107257_0,hollywood,crops/hollywood/1005227155107257_0.jpg,1005227155107257,2025-05-29T14:38:31.361000+00:00,2025,34.10157767,-118.33838695,268.57450054795,False,MicahStokes,https://www.mapillary.com/app/?pKey=1005227155107257,CC BY-SA 4.0,1,116,1,unknown,,0.0
hollywood/281685737055004_0,hollywood,crops/hollywood/281685737055004_0.jpg,281685737055004,2018-07-17T14:21:54.231000+00:00,2018,34.097975255349,-118.34464893026,82.861785888672,False,lvl5,https://www.mapillary.com/app/?pKey=281685737055004,CC BY-SA 4.0,1,116,1,unknown,,0.0
hollywood/784559308860287_0,hollywood,crops/hollywood/784559308860287_0.jpg,784559308860287,2017-07-02T10:47:20+00:00,2017,34.088228055556,-118.32992805556,90.0,False,mly_la,https://www.mapillary.com/app/?pKey=784559308860287,CC BY-SA 4.0,2,116,1,unknown,,0.0
hollywood/288003099474261_0,hollywood,crops/hollywood/288003099474261_0.jpg,288003099474261,2017-08-07T07:33:46+00:00,2017,34.090798055556,-118.32675305556,178.89665823411,False,mly_la,https://www.mapillary.com/app/?pKey=288003099474261,CC BY-SA 4.0,1,115,1,unknown,,0.0
hollywood/901432853978558_0,hollywood,crops/hollywood/901432853978558_0.jpg,901432853978558,2017-03-22T12:43:43+00:00,2017,34.090666388889,-118.33876,269.9999751671,False,wsp_us,https://www.mapillary.com/app/?pKey=901432853978558,CC BY-SA 4.0,1,115,1,unknown,,0.0
hollywood/1065084022203759_0,hollywood,crops/hollywood/1065084022203759_0.jpg,1065084022203759,2025-05-29T12:22:06.037000+00:00,2025,34.097360798,-118.3441552618,180.83722026721,False,MicahStokes,https://www.mapillary.com/app/?pKey=1065084022203759,CC BY-SA 4.0,1,115,1,unknown,,0.0
hollywood/1169237016837103_0,hollywood,crops/hollywood/1169237016837103_0.jpg,1169237016837103,2017-07-02T12:21:26+00:00,2017,34.089008055556,-118.32671972222,180.64998023399,False,mly_la,https://www.mapillary.com/app/?pKey=1169237016837103,CC BY-SA 4.0,1,115,1,unknown,,0.0
hollywood/1110251777811314_1,hollywood,crops/hollywood/1110251777811314_1.jpg,1110251777811314,2025-05-29T14:34:21.242000+00:00,2025,34.1015979,-118.3263154,262.0419870558,False,MicahStokes,https://www.mapillary.com/app/?pKey=1110251777811314,CC BY-SA 4.0,2,114,1,unknown,,0.0
hollywood/717354180710799_0,hollywood,crops/hollywood/717354180710799_0.jpg,717354180710799,2025-05-29T12:50:48.994000+00:00,2025,34.0943332774,-118.3441304408,180.40990714375,False,MicahStokes,https://www.mapillary.com/app/?pKey=717354180710799,CC BY-SA 4.0,1,114,1,unknown,,0.0
hollywood/843458309576373_0,hollywood,crops/hollywood/843458309576373_0.jpg,843458309576373,2017-07-19T17:46:11+00:00,2017,34.098026388889,-118.32114638889,358.42788920157,False,mly_la,https://www.mapillary.com/app/?pKey=843458309576373,CC BY-SA 4.0,4,113,1,unknown,,0.0
hollywood/197389025551509_0,hollywood,crops/hollywood/197389025551509_0.jpg,197389025551509,2017-07-02T16:32:33+00:00,2017,34.089541388889,-118.32227138889,180.0,False,mly_la,https://www.mapillary.com/app/?pKey=197389025551509,CC BY-SA 4.0,2,113,1,unknown,,0.0
hollywood/1984057481741828_0,hollywood,crops/hollywood/1984057481741828_0.jpg,1984057481741828,2018-11-30T14:47:34.690000+00:00,2018,34.094848811772,-118.31907606637,179.85960388184,False,lvl5,https://www.mapillary.com/app/?pKey=1984057481741828,CC BY-SA 4.0,1,113,1,unknown,,0.0
hollywood/294835705502166_0,hollywood,crops/hollywood/294835705502166_0.jpg,294835705502166,2017-07-19T14:47:33+00:00,2017,34.090715,-118.31755805556,269.99997898109,False,mly_la,https://www.mapillary.com/app/?pKey=294835705502166,CC BY-SA 4.0,1,113,1,unknown,,0.0
hollywood/899048974251242_0,hollywood,crops/hollywood/899048974251242_0.jpg,899048974251242,2017-07-02T10:43:44+00:00,2017,34.092448055556,-118.32894305556,355.78993673397,False,mly_la,https://www.mapillary.com/app/?pKey=899048974251242,CC BY-SA 4.0,1,113,1,unknown,,0.0
hollywood/3635703539872109_0,hollywood,crops/hollywood/3635703539872109_0.jpg,3635703539872109,2015-05-08T20:35:20.395000+00:00,2015,34.101558,-118.340346,117.4737,False,jenmalone666,https://www.mapillary.com/app/?pKey=3635703539872109,CC BY-SA 4.0,1,113,1,unknown,,0.0
hollywood/1195019054283778_0,hollywood,crops/hollywood/1195019054283778_0.jpg,1195019054283778,2017-07-14T15:03:53+00:00,2017,34.09721,-118.32658638889,180.0,False,mly_la,https://www.mapillary.com/app/?pKey=1195019054283778,CC BY-SA 4.0,3,112,1,unknown,,0.0
hollywood/564916404484772_1,hollywood,crops/hollywood/564916404484772_1.jpg,564916404484772,2017-07-02T10:43:43+00:00,2017,34.092511388889,-118.32897138889,267.50428507954,False,mly_la,https://www.mapillary.com/app/?pKey=564916404484772,CC BY-SA 4.0,2,112,1,unknown,,0.0
hollywood/281685737055004_1,hollywood,crops/hollywood/281685737055004_1.jpg,281685737055004,2018-07-17T14:21:54.231000+00:00,2018,34.097975255349,-118.34464893026,82.861785888672,False,lvl5,https://www.mapillary.com/app/?pKey=281685737055004,CC BY-SA 4.0,1,112,1,unknown,,0.0
hollywood/2862819447303304_0,hollywood,crops/hollywood/2862819447303304_0.jpg,2862819447303304,2017-06-04T11:06:14+00:00,2017,34.098046388889,-118.32129638889,1.2612242699106e-05,False,mly_la,https://www.mapillary.com/app/?pKey=2862819447303304,CC BY-SA 4.0,4,112,1,unknown,,0.0
hollywood/296409088649487_0,hollywood,crops/hollywood/296409088649487_0.jpg,296409088649487,2017-07-20T07:01:31+00:00,2017,34.092195,-118.32889805556,88.847553598011,False,mly_la,https://www.mapillary.com/app/?pKey=296409088649487,CC BY-SA 4.0,2,111,1,unknown,,0.0
hollywood/994222757999412_0,hollywood,crops/hollywood/994222757999412_0.jpg,994222757999412,2014-02-08T19:08:27+00:00,2014,34.09813,-118.287478,125.6965,False,gyllen,https://www.mapillary.com/app/?pKey=994222757999412,CC BY-SA 4.0,1,111,1,unknown,,0.0
hollywood/851676765425358_0,hollywood,crops/hollywood/851676765425358_0.jpg,851676765425358,2017-03-22T12:49:17+00:00,2017,34.090738055556,-118.31354,269.99997477769,False,wsp_us,https://www.mapillary.com/app/?pKey=851676765425358,CC BY-SA 4.0,1,110,1,unknown,,0.0
hollywood/161108912503461_0,hollywood,crops/hollywood/161108912503461_0.jpg,161108912503461,2017-03-22T12:47:58+00:00,2017,34.090711388889,-118.31671638889,269.99998084945,False,wsp_us,https://www.mapillary.com/app/?pKey=161108912503461,CC BY-SA 4.0,2,109,1,unknown,,0.0
hollywood/1205499069871922_0,hollywood,crops/hollywood/1205499069871922_0.jpg,1205499069871922,2017-06-04T11:09:18+00:00,2017,34.097903055556,-118.32959138889,94.413366543549,False,mly_la,https://www.mapillary.com/app/?pKey=1205499069871922,CC BY-SA 4.0,2,109,1,unknown,,0.0
hollywood/146747240736502_2,hollywood,crops/hollywood/146747240736502_2.jpg,146747240736502,2015-10-25T22:58:58.128000+00:00,2015,34.097981,-118.330271,183.9934,False,jenmalone666,https://www.mapillary.com/app/?pKey=146747240736502,CC BY-SA 4.0,1,109,1,unknown,,0.0
hollywood/1039709951462673_0,hollywood,crops/hollywood/1039709951462673_0.jpg,1039709951462673,2025-05-29T14:28:16.459000+00:00,2025,34.104648075,-118.318025075,181.00426832005,False,MicahStokes,https://www.mapillary.com/app/?pKey=1039709951462673,CC BY-SA 4.0,1,109,1,unknown,,0.0
hollywood/278096250650774_0,hollywood,crops/hollywood/278096250650774_0.jpg,278096250650774,2015-05-08T20:38:28.382000+00:00,2015,34.101696,-118.338821,121.9315,False,jenmalone666,https://www.mapillary.com/app/?pKey=278096250650774,CC BY-SA 4.0,1,109,1,unknown,,0.0
hollywood/335786604802824_0,hollywood,crops/hollywood/335786604802824_0.jpg,335786604802824,2018-07-12T02:43:09.804000+00:00,2018,34.095438856132,-118.31797277602,0.071677781641483,False,lvl5,https://www.mapillary.com/app/?pKey=335786604802824,CC BY-SA 4.0,1,109,1,unknown,,0.0
hollywood/492658181975556_0,hollywood,crops/hollywood/492658181975556_0.jpg,492658181975556,2017-06-29T14:43:20+00:00,2017,34.101576388889,-118.327635,259.65054202128,False,mly_la,https://www.mapillary.com/app/?pKey=492658181975556,CC BY-SA 4.0,2,108,1,unknown,,0.0
hollywood/1224076898067183_0,hollywood,crops/hollywood/1224076898067183_0.jpg,1224076898067183,2018-07-20T19:16:25.344000+00:00,2018,34.098036890186,-118.34474912848,271.07720947266,False,lvl5,https://www.mapillary.com/app/?pKey=1224076898067183,CC BY-SA 4.0,1,108,1,unknown,,0.0
hollywood/1263926305263159_2,hollywood,crops/hollywood/1263926305263159_2.jpg,1263926305263159,2025-05-29T14:38:31.961000+00:00,2025,34.1015771,-118.338421,268.92736385449,False,MicahStokes,https://www.mapillary.com/app/?pKey=1263926305263159,CC BY-SA 4.0,1,108,1,unknown,,0.0
hollywood/804620610452734_0,hollywood,crops/hollywood/804620610452734_0.jpg,804620610452734,2017-07-19T14:56:04+00:00,2017,34.090758055556,-118.30950805556,1.1724393338285,False,mly_la,https://www.mapillary.com/app/?pKey=804620610452734,CC BY-SA 4.0,2,108,1,unknown,,0.0
hollywood/3844189095676537_0,hollywood,crops/hollywood/3844189095676537_0.jpg,3844189095676537,2017-06-14T15:19:06+00:00,2017,34.090766388889,-118.33824,4.62803726982,False,mly_la,https://www.mapillary.com/app/?pKey=3844189095676537,CC BY-SA 4.0,2,108,1,unknown,,0.0
hollywood/1216443835453006_0,hollywood,crops/hollywood/1216443835453006_0.jpg,1216443835453006,2018-08-07T15:19:38.497000+00:00,2018,34.092953081094,-118.34408055585,359.22845458984,False,lvl5,https://www.mapillary.com/app/?pKey=1216443835453006,CC BY-SA 4.0,2,108,1,unknown,,0.0
hollywood/768943737112344_0,hollywood,crops/hollywood/768943737112344_0.jpg,768943737112344,2017-07-03T08:45:25+00:00,2017,34.104238055556,-118.33823138889,328.13448947582,False,mly_la,https://www.mapillary.com/app/?pKey=768943737112344,CC BY-SA 4.0,3,107,1,unknown,,0.0
hollywood/473853957156312_0,hollywood,crops/hollywood/473853957156312_0.jpg,473853957156312,2017-07-03T15:14:13+00:00,2017,34.093811388889,-118.31778972222,25.714723838876,False,mly_la,https://www.mapillary.com/app/?pKey=473853957156312,CC BY-SA 4.0,2,107,1,unknown,,0.0
hollywood/298461638455435_0,hollywood,crops/hollywood/298461638455435_0.jpg,298461638455435,2017-07-19T14:15:08+00:00,2017,34.096201388889,-118.32372805556,17.999587638049,False,mly_la,https://www.mapillary.com/app/?pKey=298461638455435,CC BY-SA 4.0,1,107,1,unknown,,0.0
hollywood/462757244992686_1,hollywood,crops/hollywood/462757244992686_1.jpg,462757244992686,2017-07-19T14:34:49+00:00,2017,34.095453055556,-118.31576138889,85.820931732261,False,mly_la,https://www.mapillary.com/app/?pKey=462757244992686,CC BY-SA 4.0,2,107,1,unknown,,0.0
hollywood/209364257617632_0,hollywood,crops/hollywood/209364257617632_0.jpg,209364257617632,2017-06-13T14:39:55+00:00,2017,34.104071388889,-118.34340638889,97.85738665718,False,mly_la,https://www.mapillary.com/app/?pKey=209364257617632,CC BY-SA 4.0,1,107,1,unknown,,0.0
hollywood/300660291594541_0,hollywood,crops/hollywood/300660291594541_0.jpg,300660291594541,2017-07-02T12:04:28+00:00,2017,34.090664722222,-118.33352,93.604831648273,False,mly_la,https://www.mapillary.com/app/?pKey=300660291594541,CC BY-SA 4.0,1,107,1,unknown,,0.0
hollywood/362570695190000_1,hollywood,crops/hollywood/362570695190000_1.jpg,362570695190000,2015-10-02T16:51:56.545000+00:00,2015,34.098124,-118.299223,70.27722,False,ahealthydesign,https://www.mapillary.com/app/?pKey=362570695190000,CC BY-SA 4.0,1,106,1,unknown,,0.0
hollywood/1704664600255701_2,hollywood,crops/hollywood/1704664600255701_2.jpg,1704664600255701,2025-05-29T14:34:25.592000+00:00,2025,34.101588715,-118.326668375,269.92094565566,False,MicahStokes,https://www.mapillary.com/app/?pKey=1704664600255701,CC BY-SA 4.0,1,106,1,unknown,,0.0
hollywood/476119833625703_0,hollywood,crops/hollywood/476119833625703_0.jpg,476119833625703,2016-08-01T17:20:47.779000+00:00,2016,34.098055,-118.320968,281.3697,False,mapkin,https://www.mapillary.com/app/?pKey=476119833625703,CC BY-SA 4.0,1,106,1,unknown,,0.0
hollywood/490006972126347_0,hollywood,crops/hollywood/490006972126347_0.jpg,490006972126347,2015-02-06T19:37:58+00:00,2015,34.097982,-118.342479,106.6265,False,sarawabreus,https://www.mapillary.com/app/?pKey=490006972126347,CC BY-SA 4.0,1,106,1,unknown,,0.0
hollywood/215735466708727_0,hollywood,crops/hollywood/215735466708727_0.jpg,215735466708727,2017-06-28T07:11:24+00:00,2017,34.088591388889,-118.30926638889,177.62881585309,False,mly_la,https://www.mapillary.com/app/?pKey=215735466708727,CC BY-SA 4.0,1,106,1,unknown,,0.0
hollywood/1173214029784145_0,hollywood,crops/hollywood/1173214029784145_0.jpg,1173214029784145,2017-06-14T15:23:06+00:00,2017,34.099418055556,-118.33628805556,97.210189355657,False,mly_la,https://www.mapillary.com/app/?pKey=1173214029784145,CC BY-SA 4.0,1,106,1,unknown,,0.0
hollywood/1875397882623279_0,hollywood,crops/hollywood/1875397882623279_0.jpg,1875397882623279,2018-08-13T22:49:06.135000+00:00,2018,34.101474860752,-118.34332226765,5.0,False,lvl5,https://www.mapillary.com/app/?pKey=1875397882623279,CC BY-SA 4.0,2,105,1,unknown,,0.0
hollywood/1704664600255701_0,hollywood,crops/hollywood/1704664600255701_0.jpg,1704664600255701,2025-05-29T14:34:25.592000+00:00,2025,34.101588715,-118.326668375,269.92094565566,False,MicahStokes,https://www.mapillary.com/app/?pKey=1704664600255701,CC BY-SA 4.0,1,105,1,unknown,,0.0
hollywood/713462534528960_0,hollywood,crops/hollywood/713462534528960_0.jpg,713462534528960,2025-05-29T14:36:49.985000+00:00,2025,34.1015923,-118.32957282,271.85743268173,False,MicahStokes,https://www.mapillary.com/app/?pKey=713462534528960,CC BY-SA 4.0,1,105,1,unknown,,0.0
hollywood/467996087792659_0,hollywood,crops/hollywood/467996087792659_0.jpg,467996087792659,2017-06-14T15:25:17+00:00,2017,34.103026388889,-118.33615138889,0.0,False,mly_la,https://www.mapillary.com/app/?pKey=467996087792659,CC BY-SA 4.0,2,105,1,unknown,,0.0
hollywood/247058417166921_0,hollywood,crops/hollywood/247058417166921_0.jpg,247058417166921,2017-07-19T15:07:36+00:00,2017,34.095428055556,-118.31798805556,90.0,False,mly_la,https://www.mapillary.com/app/?pKey=247058417166921,CC BY-SA 4.0,2,105,1,unknown,,0.0
hollywood/313191590381023_1,hollywood,crops/hollywood/313191590381023_1.jpg,313191590381023,2015-02-06T19:44:28+00:00,2015,34.098041,-118.318131,94.36542,False,sarawabreus,https://www.mapillary.com/app/?pKey=313191590381023,CC BY-SA 4.0,1,105,1,unknown,,0.0
hollywood/510515506639022_0,hollywood,crops/hollywood/510515506639022_0.jpg,510515506639022,2017-06-29T14:43:21+00:00,2017,34.101665,-118.32739305556,262.96945810994,False,mly_la,https://www.mapillary.com/app/?pKey=510515506639022,CC BY-SA 4.0,1,104,1,unknown,,0.0
hollywood/323815276020482_0,hollywood,crops/hollywood/323815276020482_0.jpg,323815276020482,2015-10-02T16:51:50.560000+00:00,2015,34.097997,-118.299426,42.59222,False,ahealthydesign,https://www.mapillary.com/app/?pKey=323815276020482,CC BY-SA 4.0,1,104,1,unknown,,0.0
hollywood/5452746114800365_0,hollywood,crops/hollywood/5452746114800365_0.jpg,5452746114800365,2018-12-28T22:43:20.639000+00:00,2018,34.098022416235,-118.33006719874,264.21243286133,False,lvl5,https://www.mapillary.com/app/?pKey=5452746114800365,CC BY-SA 4.0,1,104,1,unknown,,0.0
hollywood/543233997004351_0,hollywood,crops/hollywood/543233997004351_0.jpg,543233997004351,2018-11-30T14:47:34.200000+00:00,2018,34.094880183478,-118.31907314711,179.85960388184,False,lvl5,https://www.mapillary.com/app/?pKey=543233997004351,CC BY-SA 4.0,2,104,1,unknown,,0.0
hollywood/1626084294244173_0,hollywood,crops/hollywood/1626084294244173_0.jpg,1626084294244173,2017-07-19T17:17:52+00:00,2017,34.094801388889,-118.30464305556,274.50945021568,False,mly_la,https://www.mapillary.com/app/?pKey=1626084294244173,CC BY-SA 4.0,2,104,1,unknown,,0.0
hollywood/750232655644565_0,hollywood,crops/hollywood/750232655644565_0.jpg,750232655644565,2017-07-19T17:48:49+00:00,2017,34.097075,-118.32233138889,180.0,False,mly_la,https://www.mapillary.com/app/?pKey=750232655644565,CC BY-SA 4.0,2,104,1,unknown,,0.0
hollywood/3934861433300279_0,hollywood,crops/hollywood/3934861433300279_0.jpg,3934861433300279,2017-06-04T17:02:05+00:00,2017,34.104106388889,-118.34392305556,178.96730264386,False,mly_la,https://www.mapillary.com/app/?pKey=3934861433300279,CC BY-SA 4.0,1,104,1,unknown,,0.0
hollywood/3120245424815651_0,hollywood,crops/hollywood/3120245424815651_0.jpg,3120245424815651,2025-05-29T14:38:30.961000+00:00,2025,34.10157835,-118.33835395,268.57450054795,False,MicahStokes,https://www.mapillary.com/app/?pKey=3120245424815651,CC BY-SA 4.0,1,104,1,unknown,,0.0
hollywood/2819640458365418_0,hollywood,crops/hollywood/2819640458365418_0.jpg,2819640458365418,2017-07-01T14:47:03+00:00,2017,34.097873055556,-118.34431138889,281.86082840001,False,mly_la,https://www.mapillary.com/app/?pKey=2819640458365418,CC BY-SA 4.0,1,103,1,unknown,,0.0
hollywood/1214121052356084_1,hollywood,crops/hollywood/1214121052356084_1.jpg,1214121052356084,2016-03-24T17:09:14.329000+00:00,2016,34.101736,-118.324851,249.3973,False,jesolem,https://www.mapillary.com/app/?pKey=1214121052356084,CC BY-SA 4.0,1,103,1,unknown,,0.0
hollywood/463032571439108_0,hollywood,crops/hollywood/463032571439108_0.jpg,463032571439108,2017-07-19T17:30:41+00:00,2017,34.098068055556,-118.29454305556,89.204709497537,False,mly_la,https://www.mapillary.com/app/?pKey=463032571439108,CC BY-SA 4.0,1,103,1,unknown,,0.0
hollywood/1233040630481421_0,hollywood,crops/hollywood/1233040630481421_0.jpg,1233040630481421,2018-08-13T22:48:20.159000+00:00,2018,34.101321608366,-118.3433215985,2.0,False,lvl5,https://www.mapillary.com/app/?pKey=1233040630481421,CC BY-SA 4.0,1,102,1,unknown,,0.0
hollywood/2092653854572240_0,hollywood,crops/hollywood/2092653854572240_0.jpg,2092653854572240,2025-05-29T14:30:03.927000+00:00,2025,34.1019957,-118.318005,181.0905178004,False,MicahStokes,https://www.mapillary.com/app/?pKey=2092653854572240,CC BY-SA 4.0,1,101,1,unknown,,0.0
hollywood/208518284154094_0,hollywood,crops/hollywood/208518284154094_0.jpg,208518284154094,2016-03-24T17:10:59.545000+00:00,2016,34.101664,-118.331942,248.5574,False,jesolem,https://www.mapillary.com/app/?pKey=208518284154094,CC BY-SA 4.0,1,101,1,unknown,,0.0
hollywood/2873600772968442_0,hollywood,crops/hollywood/2873600772968442_0.jpg,2873600772968442,2018-10-03T01:33:21.792000+00:00,2018,34.097368275286,-118.33869981743,179.72369384766,False,lvl5,https://www.mapillary.com/app/?pKey=2873600772968442,CC BY-SA 4.0,1,101,1,unknown,,0.0
hollywood/217186836457173_0,hollywood,crops/hollywood/217186836457173_0.jpg,217186836457173,2017-03-22T12:40:48+00:00,2017,34.094301388889,-118.34466305556,1.3302770009797,False,wsp_us,https://www.mapillary.com/app/?pKey=217186836457173,CC BY-SA 4.0,1,100,1,unknown,,0.0
hollywood/111102441043575_0,hollywood,crops/hollywood/111102441043575_0.jpg,111102441043575,2017-07-19T14:28:15+00:00,2017,34.092566388889,-118.32374472222,1.2352588676961,False,mly_la,https://www.mapillary.com/app/?pKey=111102441043575,CC BY-SA 4.0,1,100,1,unknown,,0.0
hollywood/213374956889316_0,hollywood,crops/hollywood/213374956889316_0.jpg,213374956889316,2013-12-07T23:30:53+00:00,2013,34.102201,-118.291653,271.2073,False,gyllen,https://www.mapillary.com/app/?pKey=213374956889316,CC BY-SA 4.0,1,100,1,unknown,,0.0
hollywood/886997828822504_0,hollywood,crops/hollywood/886997828822504_0.jpg,886997828822504,2017-06-29T14:40:49+00:00,2017,34.097916388889,-118.33457305556,179.99996916676,False,mly_la,https://www.mapillary.com/app/?pKey=886997828822504,CC BY-SA 4.0,1,100,1,unknown,,0.0
hollywood/819716035649543_0,hollywood,crops/hollywood/819716035649543_0.jpg,819716035649543,2017-07-19T17:48:48+00:00,2017,34.097086388889,-118.32233138889,180.0,False,mly_la,https://www.mapillary.com/app/?pKey=819716035649543,CC BY-SA 4.0,2,99,1,unknown,,0.0
hollywood/196498732297231_0,hollywood,crops/hollywood/196498732297231_0.jpg,196498732297231,2017-07-01T14:45:48+00:00,2017,34.096169722222,-118.34399805556,267.6155419057,False,mly_la,https://www.mapillary.com/app/?pKey=196498732297231,CC BY-SA 4.0,2,99,1,unknown,,0.0
hollywood/490377742403071_0,hollywood,crops/hollywood/490377742403071_0.jpg,490377742403071,2017-06-30T07:36:41+00:00,2017,34.102443055556,-118.33876638889,269.34109766443,False,mly_la,https://www.mapillary.com/app/?pKey=490377742403071,CC BY-SA 4.0,1,99,1,unknown,,0.0
hollywood/1245548200309997_0,hollywood,crops/hollywood/1245548200309997_0.jpg,1245548200309997,2025-05-29T12:51:01.294000+00:00,2025,34.0929283399,-118.3441225427,179.12771587612,False,MicahStokes,https://www.mapillary.com/app/?pKey=1245548200309997,CC BY-SA 4.0,1,99,1,unknown,,0.0
hollywood/245760374007006_0,hollywood,crops/hollywood/245760374007006_0.jpg,245760374007006,2017-06-04T11:09:18+00:00,2017,34.097806388889,-118.32961638889,7.2079748434222,False,mly_la,https://www.mapillary.com/app/?pKey=245760374007006,CC BY-SA 4.0,2,98,1,unknown,,0.0
hollywood/157266956258945_0,hollywood,crops/hollywood/157266956258945_0.jpg,157266956258945,2016-03-26T17:32:59.383000+00:00,2016,34.090781,-118.340095,270.424,False,jesolem,https://www.mapillary.com/app/?pKey=157266956258945,CC BY-SA 4.0,1,98,1,unknown,,0.0
hollywood/1075266589663333_1,hollywood,crops/hollywood/1075266589663333_1.jpg,1075266589663333,2017-07-19T14:24:40+00:00,2017,34.096123055556,-118.32228138889,267.93799877391,False,mly_la,https://www.mapillary.com/app/?pKey=1075266589663333,CC BY-SA 4.0,2,98,1,unknown,,0.0
hollywood/181435733837190_0,hollywood,crops/hollywood/181435733837190_0.jpg,181435733837190,2017-07-02T11:59:13+00:00,2017,34.088914722222,-118.32707638889,271.15293404256,False,mly_la,https://www.mapillary.com/app/?pKey=181435733837190,CC BY-SA 4.0,2,98,1,unknown,,0.0
hollywood/173991167850676_1,hollywood,crops/hollywood/173991167850676_1.jpg,173991167850676,2017-07-19T14:21:24+00:00,2017,34.092448055556,-118.32118138889,98.149977041395,False,mly_la,https://www.mapillary.com/app/?pKey=173991167850676,CC BY-SA 4.0,2,98,1,unknown,,0.0
hollywood/187351723148216_0,hollywood,crops/hollywood/187351723148216_0.jpg,187351723148216,2018-07-17T14:24:39.146000+00:00,2018,34.098595709928,-118.32667366138,179.93359375,False,lvl5,https://www.mapillary.com/app/?pKey=187351723148216,CC BY-SA 4.0,1,98,1,unknown,,0.0
hollywood/1145152207416519_0,hollywood,crops/hollywood/1145152207416519_0.jpg,1145152207416519,2025-05-29T14:39:44.250000+00:00,2025,34.101577753554,-118.3383828952,268.57450054795,False,MicahStokes,https://www.mapillary.com/app/?pKey=1145152207416519,CC BY-SA 4.0,1,97,1,unknown,,0.0
hollywood/200126065113299_1,hollywood,crops/hollywood/200126065113299_1.jpg,200126065113299,2015-09-09T21:14:27.375000+00:00,2015,34.10159,-118.338348,248.5515,False,canadarunner,https://www.mapillary.com/app/?pKey=200126065113299,CC BY-SA 4.0,1,97,1,unknown,,0.0
hollywood/225081948955272_0,hollywood,crops/hollywood/225081948955272_0.jpg,225081948955272,2017-07-19T14:05:52+00:00,2017,34.099673055556,-118.32374638889,99.59586499486,False,mly_la,https://www.mapillary.com/app/?pKey=225081948955272,CC BY-SA 4.0,2,97,1,unknown,,0.0
hollywood/483394032878453_0,hollywood,crops/hollywood/483394032878453_0.jpg,483394032878453,2017-07-19T14:51:46+00:00,2017,34.090745,-118.312735,179.99998777939,False,mly_la,https://www.mapillary.com/app/?pKey=483394032878453,CC BY-SA 4.0,1,96,1,unknown,,0.0
hollywood/141870277908252_1,hollywood,crops/hollywood/141870277908252_1.jpg,141870277908252,2015-10-08T00:42:41.113000+00:00,2015,34.095057,-118.300591,183.0692,False,ahealthydesign,https://www.mapillary.com/app/?pKey=141870277908252,CC BY-SA 4.0,1,96,1,unknown,,0.0
hollywood/470730980850601_0,hollywood,crops/hollywood/470730980850601_0.jpg,470730980850601,2014-06-08T01:51:05+00:00,2014,34.090733,-118.314159,97.19702,False,gyllen,https://www.mapillary.com/app/?pKey=470730980850601,CC BY-SA 4.0,1,96,1,unknown,,0.0
hollywood/508666373837002_0,hollywood,crops/hollywood/508666373837002_0.jpg,508666373837002,2015-02-06T19:41:28+00:00,2015,34.097922,-118.329173,105.137,False,sarawabreus,https://www.mapillary.com/app/?pKey=508666373837002,CC BY-SA 4.0,1,96,1,unknown,,0.0
hollywood/767085637338989_0,hollywood,crops/hollywood/767085637338989_0.jpg,767085637338989,2016-03-24T17:10:58.542000+00:00,2016,34.101665,-118.331832,250.3947,False,jesolem,https://www.mapillary.com/app/?pKey=767085637338989,CC BY-SA 4.0,1,96,1,unknown,,0.0
hollywood/266065145246211_1,hollywood,crops/hollywood/266065145246211_1.jpg,266065145246211,2013-12-05T21:51:11+00:00,2013,34.101597505978,-118.34372878075,274.896689,False,gyllen,https://www.mapillary.com/app/?pKey=266065145246211,CC BY-SA 4.0,1,96,1,unknown,,0.0
hollywood/303619371430319_0,hollywood,crops/hollywood/303619371430319_0.jpg,303619371430319,2017-07-19T14:37:51+00:00,2017,34.092014722222,-118.31573805556,92.634190132548,False,mly_la,https://www.mapillary.com/app/?pKey=303619371430319,CC BY-SA 4.0,2,96,1,unknown,,0.0
hollywood/1024642299848062_1,hollywood,crops/hollywood/1024642299848062_1.jpg,1024642299848062,2025-05-29T14:32:01.028000+00:00,2025,34.101699202,-118.3214633908,271.2488251406,False,MicahStokes,https://www.mapillary.com/app/?pKey=1024642299848062,CC BY-SA 4.0,1,96,1,unknown,,0.0
hollywood/235548518321402_0,hollywood,crops/hollywood/235548518321402_0.jpg,235548518321402,2017-06-14T15:17:07+00:00,2017,34.088964722222,-118.336265,87.283517976402,False,mly_la,https://www.mapillary.com/app/?pKey=235548518321402,CC BY-SA 4.0,1,95,1,unknown,,0.0
hollywood/4122655837756932_0,hollywood,crops/hollywood/4122655837756932_0.jpg,4122655837756932,2017-06-29T07:02:25+00:00,2017,34.097971388889,-118.33873638889,178.5137884791,False,mly_la,https://www.mapillary.com/app/?pKey=4122655837756932,CC BY-SA 4.0,1,95,1,unknown,,0.0
hollywood/1223632405837786_0,hollywood,crops/hollywood/1223632405837786_0.jpg,1223632405837786,2025-05-29T12:18:21.809000+00:00,2025,34.10160384,-118.33230634,269.02636997492,False,MicahStokes,https://www.mapillary.com/app/?pKey=1223632405837786,CC BY-SA 4.0,1,95,1,unknown,,0.0
hollywood/688757950448961_0,hollywood,crops/hollywood/688757950448961_0.jpg,688757950448961,2025-05-29T14:43:06.187000+00:00,2025,34.101545299,-118.34084514,269.50578884638,False,MicahStokes,https://www.mapillary.com/app/?pKey=688757950448961,CC BY-SA 4.0,1,95,1,unknown,,0.0
hollywood/1128280249022724_0,hollywood,crops/hollywood/1128280249022724_0.jpg,1128280249022724,2025-05-29T14:42:32.969000+00:00,2025,34.101576425,-118.340298805,270.7074833711,False,MicahStokes,https://www.mapillary.com/app/?pKey=1128280249022724,CC BY-SA 4.0,1,95,1,unknown,,0.0
hollywood/1075266589663333_0,hollywood,crops/hollywood/1075266589663333_0.jpg,1075266589663333,2017-07-19T14:24:40+00:00,2017,34.096123055556,-118.32228138889,267.93799877391,False,mly_la,https://www.mapillary.com/app/?pKey=1075266589663333,CC BY-SA 4.0,1,94,1,unknown,,0.0
hollywood/1173214029784145_1,hollywood,crops/hollywood/1173214029784145_1.jpg,1173214029784145,2017-06-14T15:23:06+00:00,2017,34.099418055556,-118.33628805556,97.210189355657,False,mly_la,https://www.mapillary.com/app/?pKey=1173214029784145,CC BY-SA 4.0,1,94,1,unknown,,0.0
hollywood/1024179241446516_0,hollywood,crops/hollywood/1024179241446516_0.jpg,1024179241446516,2017-06-04T10:05:29+00:00,2017,34.098083055556,-118.31755638889,91.017442360824,False,mly_la,https://www.mapillary.com/app/?pKey=1024179241446516,CC BY-SA 4.0,1,94,1,unknown,,0.0
hollywood/2304313799703095_0,hollywood,crops/hollywood/2304313799703095_0.jpg,2304313799703095,2017-07-19T15:05:12+00:00,2017,34.098144722222,-118.31238305556,358.80724699608,False,mly_la,https://www.mapillary.com/app/?pKey=2304313799703095,CC BY-SA 4.0,1,94,1,unknown,,0.0
hollywood/464740181421550_0,hollywood,crops/hollywood/464740181421550_0.jpg,464740181421550,2018-10-03T01:31:33.092000+00:00,2018,34.10134974555,-118.33876408186,179.83595275879,False,lvl5,https://www.mapillary.com/app/?pKey=464740181421550,CC BY-SA 4.0,1,93,1,unknown,,0.0
hollywood/266022391894796_0,hollywood,crops/hollywood/266022391894796_0.jpg,266022391894796,2017-07-19T14:40:45+00:00,2017,34.090799722222,-118.32345805556,2.1018930965511e-05,False,mly_la,https://www.mapillary.com/app/?pKey=266022391894796,CC BY-SA 4.0,1,93,1,unknown,,0.0
hollywood/2072734442869105_0,hollywood,crops/hollywood/2072734442869105_0.jpg,2072734442869105,2018-07-17T14:22:42.141000+00:00,2018,34.10451107547,-118.32688061172,180.31024169922,False,lvl5,https://www.mapillary.com/app/?pKey=2072734442869105,CC BY-SA 4.0,1,93,1,unknown,,0.0
hollywood/575217670119286_1,hollywood,crops/hollywood/575217670119286_1.jpg,575217670119286,2018-08-16T14:21:03.044000+00:00,2018,34.104110621544,-118.33975312572,269.66647338867,False,lvl5,https://www.mapillary.com/app/?pKey=575217670119286,CC BY-SA 4.0,1,92,1,unknown,,0.0
hollywood/712569111271367_0,hollywood,crops/hollywood/712569111271367_0.jpg,712569111271367,2025-05-29T14:35:25.944000+00:00,2025,34.1015691098,-118.3278975692,269.89292481997,False,MicahStokes,https://www.mapillary.com/app/?pKey=712569111271367,CC BY-SA 4.0,1,92,1,unknown,,0.0
hollywood/574018847321750_0,hollywood,crops/hollywood/574018847321750_0.jpg,574018847321750,2018-12-28T22:43:20.395000+00:00,2018,34.098021667353,-118.33003201154,263.86819458008,False,lvl5,https://www.mapillary.com/app/?pKey=574018847321750,CC BY-SA 4.0,1,92,1,unknown,,0.0
hollywood/1198673550571405_0,hollywood,crops/hollywood/1198673550571405_0.jpg,1198673550571405,2017-07-19T16:40:16+00:00,2017,34.089751388889,-118.29496638889,269.13733689389,False,mly_la,https://www.mapillary.com/app/?pKey=1198673550571405,CC BY-SA 4.0,2,91,1,unknown,,0.0
hollywood/1704664600255701_1,hollywood,crops/hollywood/1704664600255701_1.jpg,1704664600255701,2025-05-29T14:34:25.592000+00:00,2025,34.101588715,-118.326668375,269.92094565566,False,MicahStokes,https://www.mapillary.com/app/?pKey=1704664600255701,CC BY-SA 4.0,1,91,1,unknown,,0.0
hollywood/1231899915270066_0,hollywood,crops/hollywood/1231899915270066_0.jpg,1231899915270066,2025-05-29T14:38:30.561000+00:00,2025,34.10157903,-118.33832095,268.57450054795,False,MicahStokes,https://www.mapillary.com/app/?pKey=1231899915270066,CC BY-SA 4.0,1,91,2,unknown,,0.0
hollywood/3667238716742610_1,hollywood,crops/hollywood/3667238716742610_1.jpg,3667238716742610,2025-05-29T14:41:55.931000+00:00,2025,34.1015682,-118.3386402,270.20204476322,False,MicahStokes,https://www.mapillary.com/app/?pKey=3667238716742610,CC BY-SA 4.0,1,91,1,unknown,,0.0
hollywood/1166657488564253_0,hollywood,crops/hollywood/1166657488564253_0.jpg,1166657488564253,2025-05-29T14:34:38.145000+00:00,2025,34.10156885,-118.327774,270.37090302249,False,MicahStokes,https://www.mapillary.com/app/?pKey=1166657488564253,CC BY-SA 4.0,1,91,1,unknown,,0.0
hollywood/273112367880985_0,hollywood,crops/hollywood/273112367880985_0.jpg,273112367880985,2018-07-28T01:37:05.291000+00:00,2018,34.090032835782,-118.31574604211,359.85076904297,False,lvl5,https://www.mapillary.com/app/?pKey=273112367880985,CC BY-SA 4.0,2,90,1,unknown,,0.0
hollywood/949528395864042_0,hollywood,crops/hollywood/949528395864042_0.jpg,949528395864042,2017-07-19T14:56:06+00:00,2017,34.090784722222,-118.309585,179.9999761007,False,mly_la,https://www.mapillary.com/app/?pKey=949528395864042,CC BY-SA 4.0,2,90,1,unknown,,0.0
hollywood/3896793453744042_0,hollywood,crops/hollywood/3896793453744042_0.jpg,3896793453744042,2017-07-19T17:38:45+00:00,2017,34.098161388889,-118.29405972222,285.98983139546,False,mly_la,https://www.mapillary.com/app/?pKey=3896793453744042,CC BY-SA 4.0,1,90,1,unknown,,0.0
hollywood/2658633064441480_0,hollywood,crops/hollywood/2658633064441480_0.jpg,2658633064441480,2017-11-09T18:12:44.343000+00:00,2017,34.102354552067,-118.34466687924,172.17810058594,False,gyllen,https://www.mapillary.com/app/?pKey=2658633064441480,CC BY-SA 4.0,1,90,1,unknown,,0.0
hollywood/1263926305263159_0,hollywood,crops/hollywood/1263926305263159_0.jpg,1263926305263159,2025-05-29T14:38:31.961000+00:00,2025,34.1015771,-118.338421,268.92736385449,False,MicahStokes,https://www.mapillary.com/app/?pKey=1263926305263159,CC BY-SA 4.0,1,90,1,unknown,,0.0
hollywood/1716941232251522_0,hollywood,crops/hollywood/1716941232251522_0.jpg,1716941232251522,2025-05-29T14:43:58.951000+00:00,2025,34.0979668335,-118.3441722872,173.3922611678,False,MicahStokes,https://www.mapillary.com/app/?pKey=1716941232251522,CC BY-SA 4.0,1,90,1,unknown,,0.0
hollywood/1005131518369227_0,hollywood,crops/hollywood/1005131518369227_0.jpg,1005131518369227,2025-05-29T14:34:25.192000+00:00,2025,34.101588755,-118.326633375,269.92094565566,False,MicahStokes,https://www.mapillary.com/app/?pKey=1005131518369227,CC BY-SA 4.0,1,89,1,unknown,,0.0
hollywood/1145152207416519_1,hollywood,crops/hollywood/1145152207416519_1.jpg,1145152207416519,2025-05-29T14:39:44.250000+00:00,2025,34.101577753554,-118.3383828952,268.57450054795,False,MicahStokes,https://www.mapillary.com/app/?pKey=1145152207416519,CC BY-SA 4.0,1,88,1,unknown,,0.0
hollywood/172360501444650_0,hollywood,crops/hollywood/172360501444650_0.jpg,172360501444650,2017-07-20T07:01:25+00:00,2017,34.092543055556,-118.32890805556,87.937909736014,False,mly_la,https://www.mapillary.com/app/?pKey=172360501444650,CC BY-SA 4.0,1,88,1,unknown,,0.0
hollywood/823886598505782_0,hollywood,crops/hollywood/823886598505782_0.jpg,823886598505782,2017-07-19T14:37:52+00:00,2017,34.091979722222,-118.31574,96.189354647567,False,mly_la,https://www.mapillary.com/app/?pKey=823886598505782,CC BY-SA 4.0,1,88,1,unknown,,0.0
hollywood/299855815086900_0,hollywood,crops/hollywood/299855815086900_0.jpg,299855815086900,2017-03-22T12:46:07+00:00,2017,34.090718055556,-118.32457972222,359.12267738559,False,wsp_us,https://www.mapillary.com/app/?pKey=299855815086900,CC BY-SA 4.0,1,88,1,unknown,,0.0
hollywood/570910180554425_0,hollywood,crops/hollywood/570910180554425_0.jpg,570910180554425,2017-07-01T11:52:46+00:00,2017,34.097893055556,-118.33816805556,92.560911599872,False,mly_la,https://www.mapillary.com/app/?pKey=570910180554425,CC BY-SA 4.0,1,87,1,unknown,,0.0
hollywood/1115707485506532_0,hollywood,crops/hollywood/1115707485506532_0.jpg,1115707485506532,2018-08-13T21:13:05.699000+00:00,2018,34.090777368088,-118.32419723693,270.0,False,lvl5,https://www.mapillary.com/app/?pKey=1115707485506532,CC BY-SA 4.0,1,87,1,unknown,,0.0
hollywood/299568881740864_0,hollywood,crops/hollywood/299568881740864_0.jpg,299568881740864,2017-07-01T11:50:09+00:00,2017,34.097918055556,-118.34472638889,181.92123656004,False,mly_la,https://www.mapillary.com/app/?pKey=299568881740864,CC BY-SA 4.0,1,87,1,unknown,,0.0
hollywood/293349992277318_0,hollywood,crops/hollywood/293349992277318_0.jpg,293349992277318,2017-06-13T14:40:02+00:00,2017,34.103663055556,-118.34338305556,91.355242819744,False,mly_la,https://www.mapillary.com/app/?pKey=293349992277318,CC BY-SA 4.0,1,86,1,unknown,,0.0
hollywood/311694817026737_0,hollywood,crops/hollywood/311694817026737_0.jpg,311694817026737,2017-07-19T15:20:06+00:00,2017,34.097004722222,-118.31576138889,269.10486544382,False,mly_la,https://www.mapillary.com/app/?pKey=311694817026737,CC BY-SA 4.0,1,86,1,unknown,,0.0
hollywood/841799880041864_0,hollywood,crops/hollywood/841799880041864_0.jpg,841799880041864,2018-07-20T19:05:09.734000+00:00,2018,34.103006854065,-118.32526666066,50.68643951416,False,lvl5,https://www.mapillary.com/app/?pKey=841799880041864,CC BY-SA 4.0,3,86,1,unknown,,0.0
hollywood/303668224470453_1,hollywood,crops/hollywood/303668224470453_1.jpg,303668224470453,2017-07-01T14:48:33+00:00,2017,34.092941388889,-118.34411805556,268.46150450934,False,mly_la,https://www.mapillary.com/app/?pKey=303668224470453,CC BY-SA 4.0,1,86,1,unknown,,0.0
hollywood/1379620400136194_0,hollywood,crops/hollywood/1379620400136194_0.jpg,1379620400136194,2025-05-29T14:36:48.785000+00:00,2025,34.1015913,-118.3294663,270.51255763171,False,MicahStokes,https://www.mapillary.com/app/?pKey=1379620400136194,CC BY-SA 4.0,1,86,1,unknown,,0.0
hollywood/1263926305263159_1,hollywood,crops/hollywood/1263926305263159_1.jpg,1263926305263159,2025-05-29T14:38:31.961000+00:00,2025,34.1015771,-118.338421,268.92736385449,False,MicahStokes,https://www.mapillary.com/app/?pKey=1263926305263159,CC BY-SA 4.0,1,86,1,unknown,,0.0
hollywood/1005227155107257_2,hollywood,crops/hollywood/1005227155107257_2.jpg,1005227155107257,2025-05-29T14:38:31.361000+00:00,2025,34.10157767,-118.33838695,268.57450054795,False,MicahStokes,https://www.mapillary.com/app/?pKey=1005227155107257,CC BY-SA 4.0,1,86,1,unknown,,0.0
hollywood/181530337165659_0,hollywood,crops/hollywood/181530337165659_0.jpg,181530337165659,2017-07-19T14:37:57+00:00,2017,34.091968055556,-118.31574305556,270.0,False,mly_la,https://www.mapillary.com/app/?pKey=181530337165659,CC BY-SA 4.0,1,85,2,unknown,,0.0
hollywood/742098629791366_1,hollywood,crops/hollywood/742098629791366_1.jpg,742098629791366,2017-07-19T14:09:03+00:00,2017,34.091,-118.32444305556,273.04202203098,False,mly_la,https://www.mapillary.com/app/?pKey=742098629791366,CC BY-SA 4.0,1,85,1,unknown,,0.0
hollywood/462757244992686_0,hollywood,crops/hollywood/462757244992686_0.jpg,462757244992686,2017-07-19T14:34:49+00:00,2017,34.095453055556,-118.31576138889,85.820931732261,False,mly_la,https://www.mapillary.com/app/?pKey=462757244992686,CC BY-SA 4.0,1,85,1,unknown,,0.0
hollywood/200437355257055_0,hollywood,crops/hollywood/200437355257055_0.jpg,200437355257055,2018-12-28T22:38:09.561000+00:00,2018,34.092295477628,-118.32884513046,161.84774780273,False,lvl5,https://www.mapillary.com/app/?pKey=200437355257055,CC BY-SA 4.0,1,85,1,unknown,,0.0
hollywood/328012838670333_0,hollywood,crops/hollywood/328012838670333_0.jpg,328012838670333,2017-07-19T17:28:38+00:00,2017,34.093359722222,-118.29609805556,93.159996790389,False,mly_la,https://www.mapillary.com/app/?pKey=328012838670333,CC BY-SA 4.0,1,84,1,unknown,,0.0
hollywood/1005973388366328_1,hollywood,crops/hollywood/1005973388366328_1.jpg,1005973388366328,2025-05-29T12:22:00.337000+00:00,2025,34.0978982092,-118.3441626931,176.39930072874,False,MicahStokes,https://www.mapillary.com/app/?pKey=1005973388366328,CC BY-SA 4.0,1,84,1,unknown,,0.0
hollywood/491899748525382_1,hollywood,crops/hollywood/491899748525382_1.jpg,491899748525382,2017-07-19T15:16:13+00:00,2017,34.093778055556,-118.31567138889,359.99997718846,False,mly_la,https://www.mapillary.com/app/?pKey=491899748525382,CC BY-SA 4.0,2,84,1,unknown,,0.0
hollywood/1039613861479265_0,hollywood,crops/hollywood/1039613861479265_0.jpg,1039613861479265,2025-05-29T14:34:37.045000+00:00,2025,34.10156778,-118.32763196,270.64920940544,False,MicahStokes,https://www.mapillary.com/app/?pKey=1039613861479265,CC BY-SA 4.0,1,83,1,unknown,,0.0
hollywood/717354180710799_1,hollywood,crops/hollywood/717354180710799_1.jpg,717354180710799,2025-05-29T12:50:48.994000+00:00,2025,34.0943332774,-118.3441304408,180.40990714375,False,MicahStokes,https://www.mapillary.com/app/?pKey=717354180710799,CC BY-SA 4.0,1,83,1,unknown,,0.0
hollywood/1243572289394076_0,hollywood,crops/hollywood/1243572289394076_0.jpg,1243572289394076,2017-07-02T12:06:32+00:00,2017,34.088803055556,-118.33212,358.97494016513,False,mly_la,https://www.mapillary.com/app/?pKey=1243572289394076,CC BY-SA 4.0,1,83,1,unknown,,0.0
hollywood/300026168275768_0,hollywood,crops/hollywood/300026168275768_0.jpg,300026168275768,2018-08-13T22:48:18.584000+00:00,2018,34.101306061516,-118.34332092809,2.0,False,lvl5,https://www.mapillary.com/app/?pKey=300026168275768,CC BY-SA 4.0,1,83,1,unknown,,0.0
hollywood/273801807807880_0,hollywood,crops/hollywood/273801807807880_0.jpg,273801807807880,2017-07-19T17:24:39+00:00,2017,34.092305,-118.29180472222,90.0,False,mly_la,https://www.mapillary.com/app/?pKey=273801807807880,CC BY-SA 4.0,1,83,1,unknown,,0.0
hollywood/506747657124121_0,hollywood,crops/hollywood/506747657124121_0.jpg,506747657124121,2017-07-19T14:53:31+00:00,2017,34.090801388889,-118.31129638889,174.25389970136,False,mly_la,https://www.mapillary.com/app/?pKey=506747657124121,CC BY-SA 4.0,1,83,1,unknown,,0.0
hollywood/3786696658122372_0,hollywood,crops/hollywood/3786696658122372_0.jpg,3786696658122372,2017-07-19T14:08:10+00:00,2017,34.094548055556,-118.32445805556,274.30528329939,False,mly_la,https://www.mapillary.com/app/?pKey=3786696658122372,CC BY-SA 4.0,1,83,1,unknown,,0.0
hollywood/854468525138455_1,hollywood,crops/hollywood/854468525138455_1.jpg,854468525138455,2017-07-20T07:01:25+00:00,2017,34.092563055556,-118.32891305556,185.25725702427,False,mly_la,https://www.mapillary.com/app/?pKey=854468525138455,CC BY-SA 4.0,1,83,1,unknown,,0.0
hollywood/1154400871648130_1,hollywood,crops/hollywood/1154400871648130_1.jpg,1154400871648130,2017-06-04T17:04:17+00:00,2017,34.104098055556,-118.33874305556,179.99996729141,False,mly_la,https://www.mapillary.com/app/?pKey=1154400871648130,CC BY-SA 4.0,1,83,1,unknown,,0.0
hollywood/24014032531534989_0,hollywood,crops/hollywood/24014032531534989_0.jpg,24014032531534989,2025-05-29T14:32:18.395000+00:00,2025,34.1016944,-118.3223392,267.25873889488,False,MicahStokes,https://www.mapillary.com/app/?pKey=24014032531534989,CC BY-SA 4.0,1,82,1,unknown,,0.0
hollywood/717354180710799_2,hollywood,crops/hollywood/717354180710799_2.jpg,717354180710799,2025-05-29T12:50:48.994000+00:00,2025,34.0943332774,-118.3441304408,180.40990714375,False,MicahStokes,https://www.mapillary.com/app/?pKey=717354180710799,CC BY-SA 4.0,1,82,1,unknown,,0.0
hollywood/1003096918661598_0,hollywood,crops/hollywood/1003096918661598_0.jpg,1003096918661598,2025-05-29T14:38:29.161000+00:00,2025,34.1015803,-118.33818029,270.00002822736,False,MicahStokes,https://www.mapillary.com/app/?pKey=1003096918661598,CC BY-SA 4.0,1,82,1,unknown,,0.0
hollywood/130300059084995_0,hollywood,crops/hollywood/130300059084995_0.jpg,130300059084995,2017-07-19T17:46:16+00:00,2017,34.098043055556,-118.32157138889,355.77152336111,False,mly_la,https://www.mapillary.com/app/?pKey=130300059084995,CC BY-SA 4.0,2,81,1,unknown,,0.0
hollywood/977382299467384_0,hollywood,crops/hollywood/977382299467384_0.jpg,977382299467384,2017-07-19T15:01:16+00:00,2017,34.096733055556,-118.30049138889,90.0,False,mly_la,https://www.mapillary.com/app/?pKey=977382299467384,CC BY-SA 4.0,1,81,1,unknown,,0.0
hollywood/176511664349205_0,hollywood,crops/hollywood/176511664349205_0.jpg,176511664349205,2017-07-19T14:23:50+00:00,2017,34.095325,-118.323395,358.02392705382,False,mly_la,https://www.mapillary.com/app/?pKey=176511664349205,CC BY-SA 4.0,1,81,1,unknown,,0.0
hollywood/131483182360119_0,hollywood,crops/hollywood/131483182360119_0.jpg,131483182360119,2017-07-02T11:40:42+00:00,2017,34.090691388889,-118.33089638889,89.077575984625,False,mly_la,https://www.mapillary.com/app/?pKey=131483182360119,CC BY-SA 4.0,1,81,1,unknown,,0.0
hollywood/985689055304494_0,hollywood,crops/hollywood/985689055304494_0.jpg,985689055304494,2017-07-20T07:01:36+00:00,2017,34.092113055556,-118.32891972222,268.78354638603,False,mly_la,https://www.mapillary.com/app/?pKey=985689055304494,CC BY-SA 4.0,1,81,1,unknown,,0.0
hollywood/308536410718991_0,hollywood,crops/hollywood/308536410718991_0.jpg,308536410718991,2018-08-13T21:05:39.090000+00:00,2018,34.100836159689,-118.30936280157,180.0,False,lvl5,https://www.mapillary.com/app/?pKey=308536410718991,CC BY-SA 4.0,1,81,1,unknown,,0.0
hollywood/315927646827491_0,hollywood,crops/hollywood/315927646827491_0.jpg,315927646827491,2017-07-01T11:51:45+00:00,2017,34.09791,-118.342335,88.751240239382,False,mly_la,https://www.mapillary.com/app/?pKey=315927646827491,CC BY-SA 4.0,1,81,1,unknown,,0.0
hollywood/647006596162352_0,hollywood,crops/hollywood/647006596162352_0.jpg,647006596162352,2017-07-19T16:47:13+00:00,2017,34.089343055556,-118.29920638889,270.0,False,mly_la,https://www.mapillary.com/app/?pKey=647006596162352,CC BY-SA 4.0,1,81,1,unknown,,0.0
hollywood/1603247177019530_0,hollywood,crops/hollywood/1603247177019530_0.jpg,1603247177019530,2025-05-29T14:44:49.725000+00:00,2025,34.0945957082,-118.344130198,178.67857929112,False,MicahStokes,https://www.mapillary.com/app/?pKey=1603247177019530,CC BY-SA 4.0,1,81,1,unknown,,0.0
hollywood/680196951393281_1,hollywood,crops/hollywood/680196951393281_1.jpg,680196951393281,2025-05-29T14:34:06.692000+00:00,2025,34.10164726,-118.325964275,270.91490258236,False,MicahStokes,https://www.mapillary.com/app/?pKey=680196951393281,CC BY-SA 4.0,1,81,1,unknown,,0.0
hollywood/762144551331375_0,hollywood,crops/hollywood/762144551331375_0.jpg,762144551331375,2017-07-19T14:49:57+00:00,2017,34.09075,-118.31476805556,98.018832023086,False,mly_la,https://www.mapillary.com/app/?pKey=762144551331375,CC BY-SA 4.0,1,81,1,unknown,,0.0
hollywood/465069854775038_0,hollywood,crops/hollywood/465069854775038_0.jpg,465069854775038,2018-10-03T01:31:12.171000+00:00,2018,34.102654942975,-118.33883338145,168.64068603516,False,lvl5,https://www.mapillary.com/app/?pKey=465069854775038,CC BY-SA 4.0,1,81,1,unknown,,0.0
hollywood/490822379028886_1,hollywood,crops/hollywood/490822379028886_1.jpg,490822379028886,2017-06-29T14:43:13+00:00,2017,34.101534722222,-118.32783138889,177.51553279583,False,mly_la,https://www.mapillary.com/app/?pKey=490822379028886,CC BY-SA 4.0,1,81,1,unknown,,0.0
hollywood/722624156881556_0,hollywood,crops/hollywood/722624156881556_0.jpg,722624156881556,2025-05-29T14:39:44.800000+00:00,2025,34.1015771792,-118.3384158916,268.92736385449,False,MicahStokes,https://www.mapillary.com/app/?pKey=722624156881556,CC BY-SA 4.0,1,81,1,unknown,,0.0
hollywood/1185344545314979_0,hollywood,crops/hollywood/1185344545314979_0.jpg,1185344545314979,2017-07-02T11:08:24+00:00,2017,34.092641388889,-118.33528972222,343.20177869159,False,mly_la,https://www.mapillary.com/app/?pKey=1185344545314979,CC BY-SA 4.0,1,80,1,unknown,,0.0
hollywood/312000227057488_0,hollywood,crops/hollywood/312000227057488_0.jpg,312000227057488,2017-07-20T07:00:48+00:00,2017,34.092695,-118.32891138889,90.0,False,mly_la,https://www.mapillary.com/app/?pKey=312000227057488,CC BY-SA 4.0,1,80,1,unknown,,0.0
hollywood/152442513486418_0,hollywood,crops/hollywood/152442513486418_0.jpg,152442513486418,2017-06-14T15:25:22+00:00,2017,34.103251388889,-118.336135,269.28121213229,False,mly_la,https://www.mapillary.com/app/?pKey=152442513486418,CC BY-SA 4.0,2,80,1,unknown,,0.0
hollywood/338222434392964_0,hollywood,crops/hollywood/338222434392964_0.jpg,338222434392964,2018-08-13T21:05:50.128000+00:00,2018,34.099784040551,-118.30935448745,180.3515625,False,lvl5,https://www.mapillary.com/app/?pKey=338222434392964,CC BY-SA 4.0,1,80,1,unknown,,0.0
hollywood/1232253425041454_0,hollywood,crops/hollywood/1232253425041454_0.jpg,1232253425041454,2025-05-29T14:39:45.500000+00:00,2025,34.1015767505,-118.3384487392,271.80134000925,False,MicahStokes,https://www.mapillary.com/app/?pKey=1232253425041454,CC BY-SA 4.0,1,80,1,unknown,,0.0
hollywood/703707198916824_0,hollywood,crops/hollywood/703707198916824_0.jpg,703707198916824,2025-05-29T12:50:47.694000+00:00,2025,34.094450212,-118.3441296255,180.26958614638,False,MicahStokes,https://www.mapillary.com/app/?pKey=703707198916824,CC BY-SA 4.0,1,79,1,unknown,,0.0
hollywood/926999954752864_0,hollywood,crops/hollywood/926999954752864_0.jpg,926999954752864,2017-07-02T12:21:25+00:00,2017,34.089128055556,-118.32671805556,180.65900598958,False,mly_la,https://www.mapillary.com/app/?pKey=926999954752864,CC BY-SA 4.0,1,79,1,unknown,,0.0
hollywood/1791887954323123_1,hollywood,crops/hollywood/1791887954323123_1.jpg,1791887954323123,2017-07-19T14:54:53+00:00,2017,34.090803055556,-118.30998305556,179.99997337658,False,mly_la,https://www.mapillary.com/app/?pKey=1791887954323123,CC BY-SA 4.0,1,79,1,unknown,,0.0
hollywood/1866535557530546_0,hollywood,crops/hollywood/1866535557530546_0.jpg,1866535557530546,2025-05-29T14:37:11.635000+00:00,2025,34.101608,-118.3319498,270.00003364038,False,MicahStokes,https://www.mapillary.com/app/?pKey=1866535557530546,CC BY-SA 4.0,1,78,1,unknown,,0.0
hollywood/1019445817056386_0,hollywood,crops/hollywood/1019445817056386_0.jpg,1019445817056386,2025-05-29T14:45:19.575000+00:00,2025,34.0912782862,-118.3441527251,180.07437186624,False,MicahStokes,https://www.mapillary.com/app/?pKey=1019445817056386,CC BY-SA 4.0,1,78,1,unknown,,0.0
hollywood/971858855155577_0,hollywood,crops/hollywood/971858855155577_0.jpg,971858855155577,2025-05-29T14:34:42.018000+00:00,2025,34.101644295,-118.3259969894,263.03113208916,False,MicahStokes,https://www.mapillary.com/app/?pKey=971858855155577,CC BY-SA 4.0,1,78,1,unknown,,0.0
hollywood/1050643049762060_0,hollywood,crops/hollywood/1050643049762060_0.jpg,1050643049762060,2025-05-29T12:22:05.437000+00:00,2025,34.097421998,-118.3441541818,180.83722026721,False,MicahStokes,https://www.mapillary.com/app/?pKey=1050643049762060,CC BY-SA 4.0,1,78,1,unknown,,0.0
hollywood/1156651828147530_3,hollywood,crops/hollywood/1156651828147530_3.jpg,1156651828147530,2018-07-17T17:51:21.672000+00:00,2018,34.101236250852,-118.33868720861,359.8359375,False,lvl5,https://www.mapillary.com/app/?pKey=1156651828147530,CC BY-SA 4.0,1,78,1,unknown,,0.0
hollywood/510539690080982_0,hollywood,crops/hollywood/510539690080982_0.jpg,510539690080982,2017-06-29T14:35:39+00:00,2017,34.092618055556,-118.340465,271.58121404746,False,mly_la,https://www.mapillary.com/app/?pKey=510539690080982,CC BY-SA 4.0,1,78,1,unknown,,0.0
hollywood/1127781137699469_0,hollywood,crops/hollywood/1127781137699469_0.jpg,1127781137699469,2017-07-19T16:48:11+00:00,2017,34.089461388889,-118.29786972222,90.0,False,mly_la,https://www.mapillary.com/app/?pKey=1127781137699469,CC BY-SA 4.0,1,78,1,unknown,,0.0
hollywood/3894444433983273_0,hollywood,crops/hollywood/3894444433983273_0.jpg,3894444433983273,2017-06-14T15:19:14+00:00,2017,34.09085,-118.33851305556,70.982806116726,False,mly_la,https://www.mapillary.com/app/?pKey=3894444433983273,CC BY-SA 4.0,1,78,1,unknown,,0.0
hollywood/2819640458365418_1,hollywood,crops/hollywood/2819640458365418_1.jpg,2819640458365418,2017-07-01T14:47:03+00:00,2017,34.097873055556,-118.34431138889,281.86082840001,False,mly_la,https://www.mapillary.com/app/?pKey=2819640458365418,CC BY-SA 4.0,1,78,1,unknown,,0.0
hollywood/1172854183216754_0,hollywood,crops/hollywood/1172854183216754_0.jpg,1172854183216754,2018-09-04T14:50:11.002000+00:00,2018,34.094333493529,-118.3440848363,0.98474854230881,False,lvl5,https://www.mapillary.com/app/?pKey=1172854183216754,CC BY-SA 4.0,1,78,1,unknown,,0.0
hollywood/373670090661305_0,hollywood,crops/hollywood/373670090661305_0.jpg,373670090661305,2017-07-02T10:43:41+00:00,2017,34.092615,-118.32896805556,351.56754289711,False,mly_la,https://www.mapillary.com/app/?pKey=373670090661305,CC BY-SA 4.0,1,77,1,unknown,,0.0
hollywood/2989716834594758_0,hollywood,crops/hollywood/2989716834594758_0.jpg,2989716834594758,2017-07-02T10:38:15+00:00,2017,34.093546388889,-118.32892305556,270.0,False,mly_la,https://www.mapillary.com/app/?pKey=2989716834594758,CC BY-SA 4.0,1,77,1,unknown,,0.0
hollywood/507197930281401_0,hollywood,crops/hollywood/507197930281401_0.jpg,507197930281401,2017-07-19T14:20:46+00:00,2017,34.090898055556,-118.32010638889,98.8262901808,False,mly_la,https://www.mapillary.com/app/?pKey=507197930281401,CC BY-SA 4.0,1,77,1,unknown,,0.0
hollywood/529134948253863_0,hollywood,crops/hollywood/529134948253863_0.jpg,529134948253863,2017-06-13T14:40:00+00:00,2017,34.103996388889,-118.34341,353.37490302599,False,mly_la,https://www.mapillary.com/app/?pKey=529134948253863,CC BY-SA 4.0,1,77,1,unknown,,0.0
hollywood/713462534528960_1,hollywood,crops/hollywood/713462534528960_1.jpg,713462534528960,2025-05-29T14:36:49.985000+00:00,2025,34.1015923,-118.32957282,271.85743268173,False,MicahStokes,https://www.mapillary.com/app/?pKey=713462534528960,CC BY-SA 4.0,1,77,1,unknown,,0.0
hollywood/1263926305263159_4,hollywood,crops/hollywood/1263926305263159_4.jpg,1263926305263159,2025-05-29T14:38:31.961000+00:00,2025,34.1015771,-118.338421,268.92736385449,False,MicahStokes,https://www.mapillary.com/app/?pKey=1263926305263159,CC BY-SA 4.0,1,77,1,unknown,,0.0
hollywood/303848864693984_0,hollywood,crops/hollywood/303848864693984_0.jpg,303848864693984,2017-07-02T10:43:42+00:00,2017,34.09257,-118.32896,351.49904652119,False,mly_la,https://www.mapillary.com/app/?pKey=303848864693984,CC BY-SA 4.0,1,77,1,unknown,,0.0
hollywood/2917944398475325_0,hollywood,crops/hollywood/2917944398475325_0.jpg,2917944398475325,2017-06-04T11:22:04+00:00,2017,34.098,-118.34431805556,3.6907601099756e-05,False,mly_la,https://www.mapillary.com/app/?pKey=2917944398475325,CC BY-SA 4.0,1,77,1,unknown,,0.0
hollywood/376861803851756_0,hollywood,crops/hollywood/376861803851756_0.jpg,376861803851756,2018-07-18T18:13:28.726000+00:00,2018,34.104509777456,-118.3378442215,222.63272094727,False,lvl5,https://www.mapillary.com/app/?pKey=376861803851756,CC BY-SA 4.0,1,76,1,unknown,,0.0
hollywood/485849345943239_0,hollywood,crops/hollywood/485849345943239_0.jpg,485849345943239,2017-07-20T07:01:32+00:00,2017,34.092388055556,-118.328925,268.61634958754,False,mly_la,https://www.mapillary.com/app/?pKey=485849345943239,CC BY-SA 4.0,1,76,1,unknown,,0.0
hollywood/1407451337054147_0,hollywood,crops/hollywood/1407451337054147_0.jpg,1407451337054147,2025-05-29T14:44:07.776000+00:00,2025,34.0996083936,-118.344653292,166.25853249487,False,MicahStokes,https://www.mapillary.com/app/?pKey=1407451337054147,CC BY-SA 4.0,1,76,1,unknown,,0.0
hollywood/465884327851912_0,hollywood,crops/hollywood/465884327851912_0.jpg,465884327851912,2017-07-19T17:45:01+00:00,2017,34.098063055556,-118.32068805556,180.00003036509,False,mly_la,https://www.mapillary.com/app/?pKey=465884327851912,CC BY-SA 4.0,2,76,1,unknown,,0.0
hollywood/870346400232433_0,hollywood,crops/hollywood/870346400232433_0.jpg,870346400232433,2017-07-19T14:50:00+00:00,2017,34.090736388889,-118.31479638889,171.41663985295,False,mly_la,https://www.mapillary.com/app/?pKey=870346400232433,CC BY-SA 4.0,1,76,1,unknown,,0.0
hollywood/1238632447851581_0,hollywood,crops/hollywood/1238632447851581_0.jpg,1238632447851581,2025-05-29T14:35:25.344000+00:00,2025,34.1015690957,-118.3278198406,270.37090302249,False,MicahStokes,https://www.mapillary.com/app/?pKey=1238632447851581,CC BY-SA 4.0,1,75,1,unknown,,0.0
hollywood/3667238716742610_0,hollywood,crops/hollywood/3667238716742610_0.jpg,3667238716742610,2025-05-29T14:41:55.931000+00:00,2025,34.1015682,-118.3386402,270.20204476322,False,MicahStokes,https://www.mapillary.com/app/?pKey=3667238716742610,CC BY-SA 4.0,1,75,1,unknown,,0.0
hollywood/322996785893218_1,hollywood,crops/hollywood/322996785893218_1.jpg,322996785893218,2018-07-20T14:33:26.494000+00:00,2018,34.103201325836,-118.33614999416,358.59375,False,lvl5,https://www.mapillary.com/app/?pKey=322996785893218,CC BY-SA 4.0,1,75,1,unknown,,0.0
hollywood/516067443135647_0,hollywood,crops/hollywood/516067443135647_0.jpg,516067443135647,2017-07-19T14:50:01+00:00,2017,34.090738055556,-118.31478305556,179.99999634253,False,mly_la,https://www.mapillary.com/app/?pKey=516067443135647,CC BY-SA 4.0,1,75,1,unknown,,0.0
hollywood/5992286534179358_1,hollywood,crops/hollywood/5992286534179358_1.jpg,5992286534179358,2018-07-20T19:05:09.268000+00:00,2018,34.103060308309,-118.32526685582,132.8699798584,False,lvl5,https://www.mapillary.com/app/?pKey=5992286534179358,CC BY-SA 4.0,1,75,1,unknown,,0.0
hollywood/266168115211198_0,hollywood,crops/hollywood/266168115211198_0.jpg,266168115211198,2017-06-14T15:17:07+00:00,2017,34.088829722222,-118.33627972222,189.40473819329,False,mly_la,https://www.mapillary.com/app/?pKey=266168115211198,CC BY-SA 4.0,1,75,1,unknown,,0.0
hollywood/467719144498696_0,hollywood,crops/hollywood/467719144498696_0.jpg,467719144498696,2017-07-19T17:48:43+00:00,2017,34.097546388889,-118.32232,270.9642540026,False,mly_la,https://www.mapillary.com/app/?pKey=467719144498696,CC BY-SA 4.0,1,75,1,unknown,,0.0
hollywood/537832417544509_0,hollywood,crops/hollywood/537832417544509_0.jpg,537832417544509,2017-07-19T14:59:15+00:00,2017,34.09078,-118.30497138889,358.3948188977,False,mly_la,https://www.mapillary.com/app/?pKey=537832417544509,CC BY-SA 4.0,1,75,1,unknown,,0.0
hollywood/637808644282662_0,hollywood,crops/hollywood/637808644282662_0.jpg,637808644282662,2017-07-20T07:01:28+00:00,2017,34.092396388889,-118.328905,87.36582080274,False,mly_la,https://www.mapillary.com/app/?pKey=637808644282662,CC BY-SA 4.0,1,75,1,unknown,,0.0
hollywood/2548017415506048_1,hollywood,crops/hollywood/2548017415506048_1.jpg,2548017415506048,2017-07-01T11:52:16+00:00,2017,34.097911388889,-118.34163305556,179.99996636292,False,mly_la,https://www.mapillary.com/app/?pKey=2548017415506048,CC BY-SA 4.0,1,74,1,unknown,,0.0
hollywood/2946709295595236_0,hollywood,crops/hollywood/2946709295595236_0.jpg,2946709295595236,2017-07-19T17:45:08+00:00,2017,34.098073055556,-118.32110138889,8.5840854688922,False,mly_la,https://www.mapillary.com/app/?pKey=2946709295595236,CC BY-SA 4.0,1,74,1,unknown,,0.0
hollywood/221006516095185_1,hollywood,crops/hollywood/221006516095185_1.jpg,221006516095185,2017-07-19T14:25:01+00:00,2017,34.096091388889,-118.32370305556,92.107786203219,False,mly_la,https://www.mapillary.com/app/?pKey=221006516095185,CC BY-SA 4.0,1,74,1,unknown,,0.0
hollywood/1371289089916592_0,hollywood,crops/hollywood/1371289089916592_0.jpg,1371289089916592,2018-07-20T14:28:10.440000+00:00,2018,34.098677164148,-118.33249295364,0.81631720066071,False,lvl5,https://www.mapillary.com/app/?pKey=1371289089916592,CC BY-SA 4.0,1,74,1,unknown,,0.0
hollywood/321466872953539_0,hollywood,crops/hollywood/321466872953539_0.jpg,321466872953539,2017-07-19T14:41:17+00:00,2017,34.090803055556,-118.324355,179.03921758146,False,mly_la,https://www.mapillary.com/app/?pKey=321466872953539,CC BY-SA 4.0,1,74,1,unknown,,0.0
hollywood/293349992277318_1,hollywood,crops/hollywood/293349992277318_1.jpg,293349992277318,2017-06-13T14:40:02+00:00,2017,34.103663055556,-118.34338305556,91.355242819744,False,mly_la,https://www.mapillary.com/app/?pKey=293349992277318,CC BY-SA 4.0,1,74,1,unknown,,0.0
hollywood/295280265541031_0,hollywood,crops/hollywood/295280265541031_0.jpg,295280265541031,2017-07-19T15:00:24+00:00,2017,34.094301388889,-118.30046472222,90.0,False,mly_la,https://www.mapillary.com/app/?pKey=295280265541031,CC BY-SA 4.0,1,74,1,unknown,,0.0
hollywood/807977003247007_0,hollywood,crops/hollywood/807977003247007_0.jpg,807977003247007,2018-07-18T18:13:32.361000+00:00,2018,34.104348913723,-118.33810750313,246.05497741699,False,lvl5,https://www.mapillary.com/app/?pKey=807977003247007,CC BY-SA 4.0,1,74,1,unknown,,0.0
hollywood/826371968232874_0,hollywood,crops/hollywood/826371968232874_0.jpg,826371968232874,2018-07-17T14:24:38.481000+00:00,2018,34.098653839665,-118.3266740657,179.81671142578,False,lvl5,https://www.mapillary.com/app/?pKey=826371968232874,CC BY-SA 4.0,1,74,1,unknown,,0.0
hollywood/895090041285603_1,hollywood,crops/hollywood/895090041285603_1.jpg,895090041285603,2017-06-04T11:18:36+00:00,2017,34.09797,-118.32965305556,30.859037125555,False,mly_la,https://www.mapillary.com/app/?pKey=895090041285603,CC BY-SA 4.0,1,73,1,unknown,,0.0
hollywood/960003181469972_0,hollywood,crops/hollywood/960003181469972_0.jpg,960003181469972,2017-06-04T11:06:31+00:00,2017,34.098031388889,-118.321415,88.068032812383,False,mly_la,https://www.mapillary.com/app/?pKey=960003181469972,CC BY-SA 4.0,1,73,1,unknown,,0.0
hollywood/462805968331526_0,hollywood,crops/hollywood/462805968331526_0.jpg,462805968331526,2017-06-04T11:07:20+00:00,2017,34.098036388889,-118.324125,271.30940844639,False,mly_la,https://www.mapillary.com/app/?pKey=462805968331526,CC BY-SA 4.0,1,73,1,unknown,,0.0
hollywood/518098892547471_0,hollywood,crops/hollywood/518098892547471_0.jpg,518098892547471,2017-07-19T14:56:07+00:00,2017,34.090784722222,-118.30949972222,179.99997290913,False,mly_la,https://www.mapillary.com/app/?pKey=518098892547471,CC BY-SA 4.0,1,73,1,unknown,,0.0
hollywood/785805755397884_0,hollywood,crops/hollywood/785805755397884_0.jpg,785805755397884,2017-03-22T12:49:33+00:00,2017,34.090731388889,-118.31154472222,271.68691751242,False,wsp_us,https://www.mapillary.com/app/?pKey=785805755397884,CC BY-SA 4.0,1,73,1,unknown,,0.0
hollywood/2767710483446108_0,hollywood,crops/hollywood/2767710483446108_0.jpg,2767710483446108,2017-07-03T15:18:59+00:00,2017,34.102763055556,-118.32520805556,91.801029584283,False,mly_la,https://www.mapillary.com/app/?pKey=2767710483446108,CC BY-SA 4.0,1,72,1,unknown,,0.0
hollywood/506967627002028_0,hollywood,crops/hollywood/506967627002028_0.jpg,506967627002028,2017-07-01T11:50:09+00:00,2017,34.097923055556,-118.34471972222,84.692822743739,False,mly_la,https://www.mapillary.com/app/?pKey=506967627002028,CC BY-SA 4.0,1,72,1,unknown,,0.0
hollywood/798950107403114_0,hollywood,crops/hollywood/798950107403114_0.jpg,798950107403114,2018-11-30T14:43:57.036000+00:00,2018,34.09822860978,-118.31763867627,73.347274780273,False,lvl5,https://www.mapillary.com/app/?pKey=798950107403114,CC BY-SA 4.0,1,72,1,unknown,,0.0
hollywood/899048974251242_1,hollywood,crops/hollywood/899048974251242_1.jpg,899048974251242,2017-07-02T10:43:44+00:00,2017,34.092448055556,-118.32894305556,355.78993673397,False,mly_la,https://www.mapillary.com/app/?pKey=899048974251242,CC BY-SA 4.0,1,72,1,unknown,,0.0
hollywood/1153892615082146_0,hollywood,crops/hollywood/1153892615082146_0.jpg,1153892615082146,2018-08-13T21:13:06.604000+00:00,2018,34.090777768691,-118.32432541003,270.0,False,lvl5,https://www.mapillary.com/app/?pKey=1153892615082146,CC BY-SA 4.0,1,72,1,unknown,,0.0
hollywood/227501688730115_0,hollywood,crops/hollywood/227501688730115_0.jpg,227501688730115,2018-07-12T02:40:56.933000+00:00,2018,34.09079680757,-118.31378352628,268.31753540039,False,lvl5,https://www.mapillary.com/app/?pKey=227501688730115,CC BY-SA 4.0,1,72,1,unknown,,0.0
hollywood/279080923933671_0,hollywood,crops/hollywood/279080923933671_0.jpg,279080923933671,2017-07-14T15:07:12+00:00,2017,34.101761388889,-118.32941305556,164.56973366835,False,mly_la,https://www.mapillary.com/app/?pKey=279080923933671,CC BY-SA 4.0,1,72,1,unknown,,0.0
hollywood/221839889312223_0,hollywood,crops/hollywood/221839889312223_0.jpg,221839889312223,2017-06-04T10:05:35+00:00,2017,34.098083055556,-118.31834305556,268.18380764864,False,mly_la,https://www.mapillary.com/app/?pKey=221839889312223,CC BY-SA 4.0,1,72,1,unknown,,0.0
hollywood/480519309936820_0,hollywood,crops/hollywood/480519309936820_0.jpg,480519309936820,2017-07-14T15:07:11+00:00,2017,34.101744722222,-118.32939638889,140.37378032082,False,mly_la,https://www.mapillary.com/app/?pKey=480519309936820,CC BY-SA 4.0,1,71,1,unknown,,0.0
hollywood/487351675942476_0,hollywood,crops/hollywood/487351675942476_0.jpg,487351675942476,2017-07-19T15:19:51+00:00,2017,34.095448055556,-118.31573805556,358.93900928351,False,mly_la,https://www.mapillary.com/app/?pKey=487351675942476,CC BY-SA 4.0,1,71,1,unknown,,0.0
hollywood/465815241161141_0,hollywood,crops/hollywood/465815241161141_0.jpg,465815241161141,2017-07-19T16:40:29+00:00,2017,34.090786388889,-118.29496805556,270.0,False,mly_la,https://www.mapillary.com/app/?pKey=465815241161141,CC BY-SA 4.0,1,71,1,unknown,,0.0
hollywood/5992286534179358_0,hollywood,crops/hollywood/5992286534179358_0.jpg,5992286534179358,2018-07-20T19:05:09.268000+00:00,2018,34.103060308309,-118.32526685582,132.8699798584,False,lvl5,https://www.mapillary.com/app/?pKey=5992286534179358,CC BY-SA 4.0,1,70,1,unknown,,0.0
hollywood/157794929635855_0,hollywood,crops/hollywood/157794929635855_0.jpg,157794929635855,2018-07-20T14:32:33.778000+00:00,2018,34.099720351695,-118.33656492982,89.530319213867,False,lvl5,https://www.mapillary.com/app/?pKey=157794929635855,CC BY-SA 4.0,1,70,1,unknown,,0.0
hollywood/171884431575216_1,hollywood,crops/hollywood/171884431575216_1.jpg,171884431575216,2017-07-19T14:43:32+00:00,2017,34.088918055556,-118.32664,270.0,False,mly_la,https://www.mapillary.com/app/?pKey=171884431575216,CC BY-SA 4.0,1,70,1,unknown,,0.0
hollywood/282481246861568_0,hollywood,crops/hollywood/282481246861568_0.jpg,282481246861568,2017-07-01T11:51:21+00:00,2017,34.097911388889,-118.34458805556,179.99998878764,False,mly_la,https://www.mapillary.com/app/?pKey=282481246861568,CC BY-SA 4.0,1,69,1,unknown,,0.0
hollywood/473757877040044_0,hollywood,crops/hollywood/473757877040044_0.jpg,473757877040044,2018-08-16T14:25:32.851000+00:00,2018,34.094688009593,-118.34410982961,179.44619750977,False,lvl5,https://www.mapillary.com/app/?pKey=473757877040044,CC BY-SA 4.0,1,69,1,unknown,,0.0
hollywood/577544723418101_0,hollywood,crops/hollywood/577544723418101_0.jpg,577544723418101,2018-07-18T18:13:31.665000+00:00,2018,34.104370150068,-118.33806297601,243.04188537598,False,lvl5,https://www.mapillary.com/app/?pKey=577544723418101,CC BY-SA 4.0,1,69,1,unknown,,0.0
hollywood/1595977477280101_1,hollywood,crops/hollywood/1595977477280101_1.jpg,1595977477280101,2017-06-14T15:17:41+00:00,2017,34.090471388889,-118.33627472222,74.567771568677,False,mly_la,https://www.mapillary.com/app/?pKey=1595977477280101,CC BY-SA 4.0,1,69,1,unknown,,0.0
hollywood/152538960140599_0,hollywood,crops/hollywood/152538960140599_0.jpg,152538960140599,2017-06-04T11:06:34+00:00,2017,34.098038055556,-118.32155138889,1.5372333266379,False,mly_la,https://www.mapillary.com/app/?pKey=152538960140599,CC BY-SA 4.0,1,69,1,unknown,,0.0
hollywood/4611540248862415_0,hollywood,crops/hollywood/4611540248862415_0.jpg,4611540248862415,2017-03-22T12:50:34+00:00,2017,34.090706388889,-118.30947805556,181.34053295398,False,wsp_us,https://www.mapillary.com/app/?pKey=4611540248862415,CC BY-SA 4.0,1,68,1,unknown,,0.0
hollywood/742781119696809_0,hollywood,crops/hollywood/742781119696809_0.jpg,742781119696809,2017-07-19T16:45:14+00:00,2017,34.08855,-118.30012638889,272.34752994576,False,mly_la,https://www.mapillary.com/app/?pKey=742781119696809,CC BY-SA 4.0,1,68,1,unknown,,0.0
hollywood/1383566658711865_0,hollywood,crops/hollywood/1383566658711865_0.jpg,1383566658711865,2018-11-30T14:43:47.364000+00:00,2018,34.098288319722,-118.31777347071,57.050636291504,False,lvl5,https://www.mapillary.com/app/?pKey=1383566658711865,CC BY-SA 4.0,1,68,1,unknown,,0.0
hollywood/2880937255457495_1,hollywood,crops/hollywood/2880937255457495_1.jpg,2880937255457495,2018-07-17T14:27:58.802000+00:00,2018,34.089191643446,-118.3266039265,179.76219177246,False,lvl5,https://www.mapillary.com/app/?pKey=2880937255457495,CC BY-SA 4.0,1,68,1,unknown,,0.0
hollywood/1450253155324930_0,hollywood,crops/hollywood/1450253155324930_0.jpg,1450253155324930,2018-07-28T01:39:44.921000+00:00,2018,34.094735582864,-118.3151009192,90.068984985352,False,lvl5,https://www.mapillary.com/app/?pKey=1450253155324930,CC BY-SA 4.0,1,68,1,unknown,,0.0
hollywood/459704471785653_0,hollywood,crops/hollywood/459704471785653_0.jpg,459704471785653,2017-06-14T15:17:06+00:00,2017,34.088946388889,-118.33628138889,0.0,False,mly_la,https://www.mapillary.com/app/?pKey=459704471785653,CC BY-SA 4.0,1,68,1,unknown,,0.0
hollywood/558378141978819_0,hollywood,crops/hollywood/558378141978819_0.jpg,558378141978819,2018-07-18T18:13:28.428000+00:00,2018,34.104527043694,-118.33782300155,220.42863464355,False,lvl5,https://www.mapillary.com/app/?pKey=558378141978819,CC BY-SA 4.0,1,68,2,unknown,,0.0
hollywood/511017356734640_0,hollywood,crops/hollywood/511017356734640_0.jpg,511017356734640,2017-03-22T12:50:38+00:00,2017,34.090723055556,-118.30915,358.85023411158,False,wsp_us,https://www.mapillary.com/app/?pKey=511017356734640,CC BY-SA 4.0,2,67,1,unknown,,0.0
hollywood/166671915378117_0,hollywood,crops/hollywood/166671915378117_0.jpg,166671915378117,2017-06-29T14:37:50+00:00,2017,34.094396388889,-118.33887805556,180.0,False,mly_la,https://www.mapillary.com/app/?pKey=166671915378117,CC BY-SA 4.0,1,67,1,unknown,,0.0
hollywood/2966758966942612_1,hollywood,crops/hollywood/2966758966942612_1.jpg,2966758966942612,2018-10-03T00:36:05.504000+00:00,2018,34.103918697264,-118.33006805308,220.18394470215,False,lvl5,https://www.mapillary.com/app/?pKey=2966758966942612,CC BY-SA 4.0,1,67,1,unknown,,0.0
hollywood/491522205600487_0,hollywood,crops/hollywood/491522205600487_0.jpg,491522205600487,2017-07-19T16:51:14+00:00,2017,34.088578055556,-118.29798638889,182.29397458944,False,mly_la,https://www.mapillary.com/app/?pKey=491522205600487,CC BY-SA 4.0,1,67,1,unknown,,0.0
hollywood/926999954752864_1,hollywood,crops/hollywood/926999954752864_1.jpg,926999954752864,2017-07-02T12:21:25+00:00,2017,34.089128055556,-118.32671805556,180.65900598958,False,mly_la,https://www.mapillary.com/app/?pKey=926999954752864,CC BY-SA 4.0,1,67,1,unknown,,0.0
hollywood/1148054358941607_1,hollywood,crops/hollywood/1148054358941607_1.jpg,1148054358941607,2017-07-02T16:31:55+00:00,2017,34.090706388889,-118.32474138889,89.999968237482,False,mly_la,https://www.mapillary.com/app/?pKey=1148054358941607,CC BY-SA 4.0,1,67,1,unknown,,0.0
hollywood/838872076725474_0,hollywood,crops/hollywood/838872076725474_0.jpg,838872076725474,2017-06-04T11:18:14+00:00,2017,34.097831388889,-118.32957472222,202.9913016351,False,mly_la,https://www.mapillary.com/app/?pKey=838872076725474,CC BY-SA 4.0,1,67,1,unknown,,0.0
hollywood/372537557535150_0,hollywood,crops/hollywood/372537557535150_0.jpg,372537557535150,2018-10-03T00:42:05.679000+00:00,2018,34.103056269399,-118.3296144022,205.91027832031,False,lvl5,https://www.mapillary.com/app/?pKey=372537557535150,CC BY-SA 4.0,1,67,1,unknown,,0.0
hollywood/299855815086900_1,hollywood,crops/hollywood/299855815086900_1.jpg,299855815086900,2017-03-22T12:46:07+00:00,2017,34.090718055556,-118.32457972222,359.12267738559,False,wsp_us,https://www.mapillary.com/app/?pKey=299855815086900,CC BY-SA 4.0,1,67,1,unknown,,0.0
hollywood/3326168230818979_0,hollywood,crops/hollywood/3326168230818979_0.jpg,3326168230818979,2017-06-29T14:35:43+00:00,2017,34.092893055556,-118.34041805556,88.023771497035,False,mly_la,https://www.mapillary.com/app/?pKey=3326168230818979,CC BY-SA 4.0,1,67,1,unknown,,0.0
hollywood/173700954565623_0,hollywood,crops/hollywood/173700954565623_0.jpg,173700954565623,2018-08-13T21:11:25.514000+00:00,2018,34.090800682506,-118.31097116787,270.68927001953,False,lvl5,https://www.mapillary.com/app/?pKey=173700954565623,CC BY-SA 4.0,1,67,1,unknown,,0.0
hollywood/477988756755926_0,hollywood,crops/hollywood/477988756755926_0.jpg,477988756755926,2018-08-07T15:25:56.415000+00:00,2018,34.104139675211,-118.33852102783,87.47811126709,False,lvl5,https://www.mapillary.com/app/?pKey=477988756755926,CC BY-SA 4.0,1,67,1,unknown,,0.0
hollywood/378979970031616_0,hollywood,crops/hollywood/378979970031616_0.jpg,378979970031616,2017-07-01T14:48:07+00:00,2017,34.094066388889,-118.34417472222,270.0,False,mly_la,https://www.mapillary.com/app/?pKey=378979970031616,CC BY-SA 4.0,1,66,1,unknown,,0.0
hollywood/326673678873714_1,hollywood,crops/hollywood/326673678873714_1.jpg,326673678873714,2017-07-19T16:47:29+00:00,2017,34.090553055556,-118.29918972222,92.90956662132,False,mly_la,https://www.mapillary.com/app/?pKey=326673678873714,CC BY-SA 4.0,1,66,1,unknown,,0.0
hollywood/531003428274764_0,hollywood,crops/hollywood/531003428274764_0.jpg,531003428274764,2017-07-19T15:16:12+00:00,2017,34.093768055556,-118.31583,179.99999572213,False,mly_la,https://www.mapillary.com/app/?pKey=531003428274764,CC BY-SA 4.0,1,66,1,unknown,,0.0
hollywood/798091494157902_0,hollywood,crops/hollywood/798091494157902_0.jpg,798091494157902,2017-07-19T15:03:41+00:00,2017,34.098151388889,-118.30683138889,179.19926115114,False,mly_la,https://www.mapillary.com/app/?pKey=798091494157902,CC BY-SA 4.0,1,66,1,unknown,,0.0
hollywood/321466872953539_1,hollywood,crops/hollywood/321466872953539_1.jpg,321466872953539,2017-07-19T14:41:17+00:00,2017,34.090803055556,-118.324355,179.03921758146,False,mly_la,https://www.mapillary.com/app/?pKey=321466872953539,CC BY-SA 4.0,1,66,1,unknown,,0.0
hollywood/909309652977700_0,hollywood,crops/hollywood/909309652977700_0.jpg,909309652977700,2017-07-19T14:09:49+00:00,2017,34.091401388889,-118.32655805556,270.0,False,mly_la,https://www.mapillary.com/app/?pKey=909309652977700,CC BY-SA 4.0,1,66,1,unknown,,0.0
hollywood/954207861788245_0,hollywood,crops/hollywood/954207861788245_0.jpg,954207861788245,2017-07-19T14:49:55+00:00,2017,34.090748055556,-118.31481805556,85.524888141138,False,mly_la,https://www.mapillary.com/app/?pKey=954207861788245,CC BY-SA 4.0,1,66,1,unknown,,0.0
hollywood/496186304836145_0,hollywood,crops/hollywood/496186304836145_0.jpg,496186304836145,2017-07-19T14:27:37+00:00,2017,34.090796388889,-118.324145,275.42781273602,False,mly_la,https://www.mapillary.com/app/?pKey=496186304836145,CC BY-SA 4.0,1,66,1,unknown,,0.0
hollywood/291869325732088_0,hollywood,crops/hollywood/291869325732088_0.jpg,291869325732088,2017-06-14T15:23:10+00:00,2017,34.099501388889,-118.33627805556,77.046253534497,False,mly_la,https://www.mapillary.com/app/?pKey=291869325732088,CC BY-SA 4.0,1,66,1,unknown,,0.0
hollywood/966660830743796_0,hollywood,crops/hollywood/966660830743796_0.jpg,966660830743796,2017-07-02T10:52:27+00:00,2017,34.097743055556,-118.33031805556,359.08766027139,False,mly_la,https://www.mapillary.com/app/?pKey=966660830743796,CC BY-SA 4.0,1,66,1,unknown,,0.0
hollywood/1930279403814554_0,hollywood,crops/hollywood/1930279403814554_0.jpg,1930279403814554,2017-06-04T11:07:57+00:00,2017,34.098028055556,-118.32721,180.00003643958,False,mly_la,https://www.mapillary.com/app/?pKey=1930279403814554,CC BY-SA 4.0,1,66,1,unknown,,0.0
hollywood/286516326357581_0,hollywood,crops/hollywood/286516326357581_0.jpg,286516326357581,2017-06-14T15:23:16+00:00,2017,34.099548055556,-118.33629805556,180.0,False,mly_la,https://www.mapillary.com/app/?pKey=286516326357581,CC BY-SA 4.0,1,65,1,unknown,,0.0
hollywood/111023817718983_0,hollywood,crops/hollywood/111023817718983_0.jpg,111023817718983,2017-07-01T11:52:14+00:00,2017,34.097911388889,-118.34183805556,179.99997337202,False,mly_la,https://www.mapillary.com/app/?pKey=111023817718983,CC BY-SA 4.0,1,65,1,unknown,,0.0
hollywood/219042779561928_0,hollywood,crops/hollywood/219042779561928_0.jpg,219042779561928,2017-07-02T11:55:30+00:00,2017,34.092261388889,-118.33629972222,0.0,False,mly_la,https://www.mapillary.com/app/?pKey=219042779561928,CC BY-SA 4.0,1,65,1,unknown,,0.0
hollywood/2277319459068122_0,hollywood,crops/hollywood/2277319459068122_0.jpg,2277319459068122,2017-07-01T12:15:49+00:00,2017,34.092138055556,-118.33104472222,358.51755498099,False,mly_la,https://www.mapillary.com/app/?pKey=2277319459068122,CC BY-SA 4.0,1,65,1,unknown,,0.0
hollywood/179929510569075_0,hollywood,crops/hollywood/179929510569075_0.jpg,179929510569075,2017-07-19T14:41:24+00:00,2017,34.090799722222,-118.32479805556,358.50176595075,False,mly_la,https://www.mapillary.com/app/?pKey=179929510569075,CC BY-SA 4.0,1,65,1,unknown,,0.0
hollywood/151038680301056_0,hollywood,crops/hollywood/151038680301056_0.jpg,151038680301056,2017-03-22T12:49:16+00:00,2017,34.09072,-118.31364805556,89.999976644187,False,wsp_us,https://www.mapillary.com/app/?pKey=151038680301056,CC BY-SA 4.0,1,65,1,unknown,,0.0
hollywood/1238251503261802_2,hollywood,crops/hollywood/1238251503261802_2.jpg,1238251503261802,2018-07-17T17:51:21.265000+00:00,2018,34.101203005225,-118.33868617153,359.8359375,False,lvl5,https://www.mapillary.com/app/?pKey=1238251503261802,CC BY-SA 4.0,1,65,1,unknown,,0.0
hollywood/258157425992991_0,hollywood,crops/hollywood/258157425992991_0.jpg,258157425992991,2017-07-19T16:48:29+00:00,2017,34.088284722222,-118.29787305556,180.0,False,mly_la,https://www.mapillary.com/app/?pKey=258157425992991,CC BY-SA 4.0,1,64,1,unknown,,0.0
hollywood/469064051026204_0,hollywood,crops/hollywood/469064051026204_0.jpg,469064051026204,2017-07-02T10:43:40+00:00,2017,34.092648055556,-118.32897305556,150.46336920501,False,mly_la,https://www.mapillary.com/app/?pKey=469064051026204,CC BY-SA 4.0,1,64,1,unknown,,0.0
hollywood/291903129231541_0,hollywood,crops/hollywood/291903129231541_0.jpg,291903129231541,2017-07-02T11:57:55+00:00,2017,34.09268,-118.32892305556,180.72674386602,False,mly_la,https://www.mapillary.com/app/?pKey=291903129231541,CC BY-SA 4.0,1,64,1,unknown,,0.0
hollywood/2586576198314179_0,hollywood,crops/hollywood/2586576198314179_0.jpg,2586576198314179,2018-08-13T22:04:17.093000+00:00,2018,34.099499363417,-118.34453490717,347.76254272461,False,lvl5,https://www.mapillary.com/app/?pKey=2586576198314179,CC BY-SA 4.0,1,64,2,unknown,,0.0
hollywood/825402738383555_0,hollywood,crops/hollywood/825402738383555_0.jpg,825402738383555,2017-06-04T11:09:17+00:00,2017,34.097896388889,-118.32956638889,24.704581646653,False,mly_la,https://www.mapillary.com/app/?pKey=825402738383555,CC BY-SA 4.0,1,64,1,unknown,,0.0
hollywood/1153892615082146_1,hollywood,crops/hollywood/1153892615082146_1.jpg,1153892615082146,2018-08-13T21:13:06.604000+00:00,2018,34.090777768691,-118.32432541003,270.0,False,lvl5,https://www.mapillary.com/app/?pKey=1153892615082146,CC BY-SA 4.0,1,64,1,unknown,,0.0
hollywood/960055048134734_0,hollywood,crops/hollywood/960055048134734_0.jpg,960055048134734,2017-07-03T15:19:00+00:00,2017,34.102888055556,-118.32521,1.7785286131422,False,mly_la,https://www.mapillary.com/app/?pKey=960055048134734,CC BY-SA 4.0,1,64,1,unknown,,0.0
hollywood/468329407728930_0,hollywood,crops/hollywood/468329407728930_0.jpg,468329407728930,2017-07-14T15:01:39+00:00,2017,34.088863055556,-118.32655638889,180.0,False,mly_la,https://www.mapillary.com/app/?pKey=468329407728930,CC BY-SA 4.0,1,64,1,unknown,,0.0
hollywood/819193848976703_0,hollywood,crops/hollywood/819193848976703_0.jpg,819193848976703,2017-07-01T12:17:02+00:00,2017,34.08815,-118.33102805556,266.35484578725,False,mly_la,https://www.mapillary.com/app/?pKey=819193848976703,CC BY-SA 4.0,1,64,1,unknown,,0.0
hollywood/530168654659986_0,hollywood,crops/hollywood/530168654659986_0.jpg,530168654659986,2017-06-29T14:35:41+00:00,2017,34.092741388889,-118.34046305556,270.0,False,mly_la,https://www.mapillary.com/app/?pKey=530168654659986,CC BY-SA 4.0,1,64,1,unknown,,0.0
hollywood/1197275757391568_1,hollywood,crops/hollywood/1197275757391568_1.jpg,1197275757391568,2018-10-03T01:33:20.861000+00:00,2018,34.09744997334,-118.33871464259,179.72369384766,False,lvl5,https://www.mapillary.com/app/?pKey=1197275757391568,CC BY-SA 4.0,1,64,1,unknown,,0.0
hollywood/297152232142707_1,hollywood,crops/hollywood/297152232142707_1.jpg,297152232142707,2017-07-01T14:48:02+00:00,2017,34.094506388889,-118.34417472222,269.02847220389,False,mly_la,https://www.mapillary.com/app/?pKey=297152232142707,CC BY-SA 4.0,1,64,1,unknown,,0.0
hollywood/1193830064410626_0,hollywood,crops/hollywood/1193830064410626_0.jpg,1193830064410626,2017-07-02T12:44:59+00:00,2017,34.090443055556,-118.3386,1.8446281994109,False,mly_la,https://www.mapillary.com/app/?pKey=1193830064410626,CC BY-SA 4.0,1,64,1,unknown,,0.0
hollywood/929953424465262_0,hollywood,crops/hollywood/929953424465262_0.jpg,929953424465262,2017-03-22T12:47:11+00:00,2017,34.090709722222,-118.32244,181.21356666316,False,wsp_us,https://www.mapillary.com/app/?pKey=929953424465262,CC BY-SA 4.0,1,63,1,unknown,,0.0
hollywood/2880937255457495_2,hollywood,crops/hollywood/2880937255457495_2.jpg,2880937255457495,2018-07-17T14:27:58.802000+00:00,2018,34.089191643446,-118.3266039265,179.76219177246,False,lvl5,https://www.mapillary.com/app/?pKey=2880937255457495,CC BY-SA 4.0,1,63,1,unknown,,0.0
hollywood/2948120738765657_0,hollywood,crops/hollywood/2948120738765657_0.jpg,2948120738765657,2017-07-19T17:48:15+00:00,2017,34.098024722222,-118.32211972222,354.25342959669,False,mly_la,https://www.mapillary.com/app/?pKey=2948120738765657,CC BY-SA 4.0,1,63,1,unknown,,0.0
hollywood/4073545356027656_0,hollywood,crops/hollywood/4073545356027656_0.jpg,4073545356027656,2017-06-14T09:26:03+00:00,2017,34.090736388889,-118.34032805556,2.6935767694571,False,mly_la,https://www.mapillary.com/app/?pKey=4073545356027656,CC BY-SA 4.0,1,63,1,unknown,,0.0
hollywood/496186304836145_1,hollywood,crops/hollywood/496186304836145_1.jpg,496186304836145,2017-07-19T14:27:37+00:00,2017,34.090796388889,-118.324145,275.42781273602,False,mly_la,https://www.mapillary.com/app/?pKey=496186304836145,CC BY-SA 4.0,1,63,1,unknown,,0.0
hollywood/851676765425358_1,hollywood,crops/hollywood/851676765425358_1.jpg,851676765425358,2017-03-22T12:49:17+00:00,2017,34.090738055556,-118.31354,269.99997477769,False,wsp_us,https://www.mapillary.com/app/?pKey=851676765425358,CC BY-SA 4.0,1,63,1,unknown,,0.0
hollywood/907543870100770_0,hollywood,crops/hollywood/907543870100770_0.jpg,907543870100770,2017-06-30T07:38:19+00:00,2017,34.099158055556,-118.33870638889,90.0,False,mly_la,https://www.mapillary.com/app/?pKey=907543870100770,CC BY-SA 4.0,1,63,1,unknown,,0.0
hollywood/798091494157902_1,hollywood,crops/hollywood/798091494157902_1.jpg,798091494157902,2017-07-19T15:03:41+00:00,2017,34.098151388889,-118.30683138889,179.19926115114,False,mly_la,https://www.mapillary.com/app/?pKey=798091494157902,CC BY-SA 4.0,1,62,1,unknown,,0.0
hollywood/173342204660236_0,hollywood,crops/hollywood/173342204660236_0.jpg,173342204660236,2017-06-04T11:15:39+00:00,2017,34.094391388889,-118.33381305556,358.8072456637,False,mly_la,https://www.mapillary.com/app/?pKey=173342204660236,CC BY-SA 4.0,1,62,1,unknown,,0.0
hollywood/867241227481841_0,hollywood,crops/hollywood/867241227481841_0.jpg,867241227481841,2018-08-07T15:22:13.827000+00:00,2018,34.099184320504,-118.34448287838,346.21865844727,False,lvl5,https://www.mapillary.com/app/?pKey=867241227481841,CC BY-SA 4.0,1,62,1,unknown,,0.0
hollywood/855016102027651_0,hollywood,crops/hollywood/855016102027651_0.jpg,855016102027651,2017-07-02T11:51:48+00:00,2017,34.092636388889,-118.33054138889,3.9477826333676,False,mly_la,https://www.mapillary.com/app/?pKey=855016102027651,CC BY-SA 4.0,1,62,1,unknown,,0.0
hollywood/313623003443612_0,hollywood,crops/hollywood/313623003443612_0.jpg,313623003443612,2017-07-01T16:12:22+00:00,2017,34.089,-118.32659138889,90.0,False,mly_la,https://www.mapillary.com/app/?pKey=313623003443612,CC BY-SA 4.0,1,62,1,unknown,,0.0
hollywood/304713591329738_0,hollywood,crops/hollywood/304713591329738_0.jpg,304713591329738,2018-08-13T21:07:45.162000+00:00,2018,34.096724899295,-118.30932613136,177.59652709961,False,lvl5,https://www.mapillary.com/app/?pKey=304713591329738,CC BY-SA 4.0,1,62,1,unknown,,0.0
hollywood/253100999937485_0,hollywood,crops/hollywood/253100999937485_0.jpg,253100999937485,2017-06-29T14:43:07+00:00,2017,34.10156,-118.32790638889,359.99999859152,False,mly_la,https://www.mapillary.com/app/?pKey=253100999937485,CC BY-SA 4.0,1,62,1,unknown,,0.0
hollywood/3376067992496246_0,hollywood,crops/hollywood/3376067992496246_0.jpg,3376067992496246,2018-08-07T15:22:13.428000+00:00,2018,34.099145563147,-118.34447165604,346.21865844727,False,lvl5,https://www.mapillary.com/app/?pKey=3376067992496246,CC BY-SA 4.0,1,62,1,unknown,,0.0
hollywood/1436732726668622_0,hollywood,crops/hollywood/1436732726668622_0.jpg,1436732726668622,2018-10-03T01:34:45.400000+00:00,2018,34.09463730247,-118.33866095153,180.0,False,lvl5,https://www.mapillary.com/app/?pKey=1436732726668622,CC BY-SA 4.0,1,61,1,unknown,,0.0
hollywood/988071941962071_0,hollywood,crops/hollywood/988071941962071_0.jpg,988071941962071,2017-07-02T10:36:42+00:00,2017,34.101768055556,-118.32956805556,358.17586778723,False,mly_la,https://www.mapillary.com/app/?pKey=988071941962071,CC BY-SA 4.0,1,61,1,unknown,,0.0
hollywood/905376376911308_1,hollywood,crops/hollywood/905376376911308_1.jpg,905376376911308,2018-09-04T14:50:11.334000+00:00,2018,34.094364966172,-118.34408429662,120.59907531738,False,lvl5,https://www.mapillary.com/app/?pKey=905376376911308,CC BY-SA 4.0,1,61,1,unknown,,0.0
hollywood/238066048076439_0,hollywood,crops/hollywood/238066048076439_0.jpg,238066048076439,2017-07-19T17:37:51+00:00,2017,34.096088055556,-118.29393972222,98.856882247312,False,mly_la,https://www.mapillary.com/app/?pKey=238066048076439,CC BY-SA 4.0,1,61,1,unknown,,0.0
hollywood/473357193897475_0,hollywood,crops/hollywood/473357193897475_0.jpg,473357193897475,2017-07-20T07:00:47+00:00,2017,34.092688055556,-118.32891638889,170.59567908975,False,mly_la,https://www.mapillary.com/app/?pKey=473357193897475,CC BY-SA 4.0,1,61,1,unknown,,0.0
hollywood/301522221631579_0,hollywood,crops/hollywood/301522221631579_0.jpg,301522221631579,2017-07-19T14:45:27+00:00,2017,34.090743055556,-118.32443972222,178.77408963225,False,mly_la,https://www.mapillary.com/app/?pKey=301522221631579,CC BY-SA 4.0,1,61,1,unknown,,0.0
hollywood/922334775195899_0,hollywood,crops/hollywood/922334775195899_0.jpg,922334775195899,2017-06-04T11:07:27+00:00,2017,34.098038055556,-118.324415,87.827512501885,False,mly_la,https://www.mapillary.com/app/?pKey=922334775195899,CC BY-SA 4.0,1,61,1,unknown,,0.0
hollywood/790230295214301_1,hollywood,crops/hollywood/790230295214301_1.jpg,790230295214301,2018-12-28T22:51:01.795000+00:00,2018,34.094379939964,-118.34448912978,270.62530517578,False,lvl5,https://www.mapillary.com/app/?pKey=790230295214301,CC BY-SA 4.0,1,61,1,unknown,,0.0
hollywood/800835100554321_0,hollywood,crops/hollywood/800835100554321_0.jpg,800835100554321,2017-07-19T17:47:47+00:00,2017,34.098018055556,-118.32211,44.982924670253,False,mly_la,https://www.mapillary.com/app/?pKey=800835100554321,CC BY-SA 4.0,1,61,1,unknown,,0.0
hollywood/594404575286704_0,hollywood,crops/hollywood/594404575286704_0.jpg,594404575286704,2017-07-19T17:46:22+00:00,2017,34.098063055556,-118.32199305556,171.4159155787,False,mly_la,https://www.mapillary.com/app/?pKey=594404575286704,CC BY-SA 4.0,1,61,1,unknown,,0.0
hollywood/212567920419889_0,hollywood,crops/hollywood/212567920419889_0.jpg,212567920419889,2017-07-01T14:42:54+00:00,2017,34.094791388889,-118.330975,88.117849415207,False,mly_la,https://www.mapillary.com/app/?pKey=212567920419889,CC BY-SA 4.0,1,60,1,unknown,,0.0
hollywood/3677951452327946_0,hollywood,crops/hollywood/3677951452327946_0.jpg,3677951452327946,2017-06-04T11:07:29+00:00,2017,34.098034722222,-118.32447305556,177.96583711413,False,mly_la,https://www.mapillary.com/app/?pKey=3677951452327946,CC BY-SA 4.0,1,60,1,unknown,,0.0
hollywood/802210107387568_0,hollywood,crops/hollywood/802210107387568_0.jpg,802210107387568,2017-07-20T07:01:28+00:00,2017,34.092444722222,-118.32891638889,178.68221486224,False,mly_la,https://www.mapillary.com/app/?pKey=802210107387568,CC BY-SA 4.0,1,60,1,unknown,,0.0
hollywood/982231799195794_0,hollywood,crops/hollywood/982231799195794_0.jpg,982231799195794,2017-07-19T14:30:27+00:00,2017,34.091066388889,-118.31899972222,271.93597002335,False,mly_la,https://www.mapillary.com/app/?pKey=982231799195794,CC BY-SA 4.0,1,60,1,unknown,,0.0
hollywood/287325082977557_0,hollywood,crops/hollywood/287325082977557_0.jpg,287325082977557,2017-07-19T15:19:51+00:00,2017,34.095426388889,-118.31574972222,270.0,False,mly_la,https://www.mapillary.com/app/?pKey=287325082977557,CC BY-SA 4.0,1,60,1,unknown,,0.0
hollywood/895531011292246_0,hollywood,crops/hollywood/895531011292246_0.jpg,895531011292246,2017-06-29T14:35:52+00:00,2017,34.093594722222,-118.340435,90.0,False,mly_la,https://www.mapillary.com/app/?pKey=895531011292246,CC BY-SA 4.0,1,60,1,unknown,,0.0
hollywood/461318405168906_0,hollywood,crops/hollywood/461318405168906_0.jpg,461318405168906,2017-07-01T14:37:14+00:00,2017,34.094299722222,-118.34087805556,177.17825647706,False,mly_la,https://www.mapillary.com/app/?pKey=461318405168906,CC BY-SA 4.0,1,60,1,unknown,,0.0
hollywood/296925215470037_0,hollywood,crops/hollywood/296925215470037_0.jpg,296925215470037,2017-07-19T17:40:00+00:00,2017,34.098173055556,-118.29939,269.25609316295,False,mly_la,https://www.mapillary.com/app/?pKey=296925215470037,CC BY-SA 4.0,1,60,1,unknown,,0.0
hollywood/925806291570737_0,hollywood,crops/hollywood/925806291570737_0.jpg,925806291570737,2017-07-19T14:56:05+00:00,2017,34.090756388889,-118.30940972222,359.99997103893,False,mly_la,https://www.mapillary.com/app/?pKey=925806291570737,CC BY-SA 4.0,1,60,1,unknown,,0.0
hollywood/345668513650363_0,hollywood,crops/hollywood/345668513650363_0.jpg,345668513650363,2017-07-14T15:02:53+00:00,2017,34.090816388889,-118.32656,177.82627600061,False,mly_la,https://www.mapillary.com/app/?pKey=345668513650363,CC BY-SA 4.0,1,60,1,unknown,,0.0
hollywood/839273466661026_0,hollywood,crops/hollywood/839273466661026_0.jpg,839273466661026,2017-07-20T07:01:27+00:00,2017,34.092596388889,-118.32892638889,276.82126474136,False,mly_la,https://www.mapillary.com/app/?pKey=839273466661026,CC BY-SA 4.0,1,60,1,unknown,,0.0
hollywood/509997816700584_0,hollywood,crops/hollywood/509997816700584_0.jpg,509997816700584,2017-07-14T15:03:34+00:00,2017,34.095254722222,-118.32657805556,180.0,False,mly_la,https://www.mapillary.com/app/?pKey=509997816700584,CC BY-SA 4.0,1,60,1,unknown,,0.0
hollywood/377453646877567_0,hollywood,crops/hollywood/377453646877567_0.jpg,377453646877567,2017-07-20T07:00:36+00:00,2017,34.093498055556,-118.32893305556,269.29185591668,False,mly_la,https://www.mapillary.com/app/?pKey=377453646877567,CC BY-SA 4.0,1,60,1,unknown,,0.0
hollywood/5506633729407640_0,hollywood,crops/hollywood/5506633729407640_0.jpg,5506633729407640,2017-07-03T08:48:00+00:00,2017,34.101571388889,-118.33888,270.6082276933,False,mly_la,https://www.mapillary.com/app/?pKey=5506633729407640,CC BY-SA 4.0,1,60,1,unknown,,0.0
hollywood/491522205600487_1,hollywood,crops/hollywood/491522205600487_1.jpg,491522205600487,2017-07-19T16:51:14+00:00,2017,34.088578055556,-118.29798638889,182.29397458944,False,mly_la,https://www.mapillary.com/app/?pKey=491522205600487,CC BY-SA 4.0,1,59,1,unknown,,0.0
hollywood/251962883286290_0,hollywood,crops/hollywood/251962883286290_0.jpg,251962883286290,2017-03-22T12:49:14+00:00,2017,34.09072,-118.31382638889,359.99998458469,False,wsp_us,https://www.mapillary.com/app/?pKey=251962883286290,CC BY-SA 4.0,1,59,1,unknown,,0.0
hollywood/3046267308993360_0,hollywood,crops/hollywood/3046267308993360_0.jpg,3046267308993360,2017-07-19T14:51:08+00:00,2017,34.090736388889,-118.31430138889,91.516846765061,False,mly_la,https://www.mapillary.com/app/?pKey=3046267308993360,CC BY-SA 4.0,1,59,1,unknown,,0.0
hollywood/827075408186006_1,hollywood,crops/hollywood/827075408186006_1.jpg,827075408186006,2017-06-28T07:05:36+00:00,2017,34.092516388889,-118.30929638889,182.24187993798,False,mly_la,https://www.mapillary.com/app/?pKey=827075408186006,CC BY-SA 4.0,1,59,1,unknown,,0.0
hollywood/330797595067275_0,hollywood,crops/hollywood/330797595067275_0.jpg,330797595067275,2017-07-19T17:48:31+00:00,2017,34.098,-118.32226638889,208.90105171209,False,mly_la,https://www.mapillary.com/app/?pKey=330797595067275,CC BY-SA 4.0,1,59,1,unknown,,0.0
hollywood/314893410422930_0,hollywood,crops/hollywood/314893410422930_0.jpg,314893410422930,2018-07-17T14:23:45.129000+00:00,2018,34.104110489004,-118.34416532369,87.630157470703,False,lvl5,https://www.mapillary.com/app/?pKey=314893410422930,CC BY-SA 4.0,1,59,1,unknown,,0.0
hollywood/1176604192775693_0,hollywood,crops/hollywood/1176604192775693_0.jpg,1176604192775693,2017-07-19T14:48:22+00:00,2017,34.090715,-118.31678305556,89.999988323415,False,mly_la,https://www.mapillary.com/app/?pKey=1176604192775693,CC BY-SA 4.0,1,59,1,unknown,,0.0
hollywood/2650552235244298_0,hollywood,crops/hollywood/2650552235244298_0.jpg,2650552235244298,2018-12-28T22:37:03.150000+00:00,2018,34.090788569333,-118.32663896575,270.0,False,lvl5,https://www.mapillary.com/app/?pKey=2650552235244298,CC BY-SA 4.0,1,59,1,unknown,,0.0
hollywood/204967264790229_0,hollywood,crops/hollywood/204967264790229_0.jpg,204967264790229,2017-07-19T14:43:30+00:00,2017,34.089096388889,-118.32664138889,269.26777867535,False,mly_la,https://www.mapillary.com/app/?pKey=204967264790229,CC BY-SA 4.0,1,59,1,unknown,,0.0
hollywood/476889050180528_0,hollywood,crops/hollywood/476889050180528_0.jpg,476889050180528,2017-06-13T14:38:41+00:00,2017,34.104143055556,-118.33875,188.43630062703,False,mly_la,https://www.mapillary.com/app/?pKey=476889050180528,CC BY-SA 4.0,1,59,1,unknown,,0.0
hollywood/1027032964768988_0,hollywood,crops/hollywood/1027032964768988_0.jpg,1027032964768988,2017-07-01T14:46:37+00:00,2017,34.097886388889,-118.34438972222,89.999992062095,False,mly_la,https://www.mapillary.com/app/?pKey=1027032964768988,CC BY-SA 4.0,1,59,1,unknown,,0.0
hollywood/162361142398775_0,hollywood,crops/hollywood/162361142398775_0.jpg,162361142398775,2017-07-19T17:45:02+00:00,2017,34.098063055556,-118.32079638889,182.34418236286,False,mly_la,https://www.mapillary.com/app/?pKey=162361142398775,CC BY-SA 4.0,1,59,1,unknown,,0.0
hollywood/303893821384220_0,hollywood,crops/hollywood/303893821384220_0.jpg,303893821384220,2017-07-19T14:09:47+00:00,2017,34.091328055556,-118.32656,358.4742178696,False,mly_la,https://www.mapillary.com/app/?pKey=303893821384220,CC BY-SA 4.0,1,58,1,unknown,,0.0
hollywood/1198755210544991_0,hollywood,crops/hollywood/1198755210544991_0.jpg,1198755210544991,2017-03-22T12:47:11+00:00,2017,34.090708055556,-118.32236638889,269.99997158606,False,wsp_us,https://www.mapillary.com/app/?pKey=1198755210544991,CC BY-SA 4.0,1,58,1,unknown,,0.0
hollywood/214369606783678_0,hollywood,crops/hollywood/214369606783678_0.jpg,214369606783678,2017-07-19T14:50:13+00:00,2017,34.090746388889,-118.31457305556,92.400846330436,False,mly_la,https://www.mapillary.com/app/?pKey=214369606783678,CC BY-SA 4.0,1,57,1,unknown,,0.0
hollywood/467996087792659_1,hollywood,crops/hollywood/467996087792659_1.jpg,467996087792659,2017-06-14T15:25:17+00:00,2017,34.103026388889,-118.33615138889,0.0,False,mly_la,https://www.mapillary.com/app/?pKey=467996087792659,CC BY-SA 4.0,1,57,1,unknown,,0.0
hollywood/200353781930685_0,hollywood,crops/hollywood/200353781930685_0.jpg,200353781930685,2017-07-01T11:50:12+00:00,2017,34.097916388889,-118.34461305556,179.9999953258,False,mly_la,https://www.mapillary.com/app/?pKey=200353781930685,CC BY-SA 4.0,1,57,1,unknown,,0.0
hollywood/549582962677188_1,hollywood,crops/hollywood/549582962677188_1.jpg,549582962677188,2017-07-01T16:16:51+00:00,2017,34.101468055556,-118.32673638889,174.0906074809,False,mly_la,https://www.mapillary.com/app/?pKey=549582962677188,CC BY-SA 4.0,1,57,1,unknown,,0.0
hollywood/774596270093819_0,hollywood,crops/hollywood/774596270093819_0.jpg,774596270093819,2017-07-20T06:59:03+00:00,2017,34.102125,-118.32960638889,269.27201003752,False,mly_la,https://www.mapillary.com/app/?pKey=774596270093819,CC BY-SA 4.0,1,57,1,unknown,,0.0
hollywood/1011814299352839_1,hollywood,crops/hollywood/1011814299352839_1.jpg,1011814299352839,2017-07-02T10:43:41+00:00,2017,34.092616388889,-118.32895138889,156.76120194976,False,mly_la,https://www.mapillary.com/app/?pKey=1011814299352839,CC BY-SA 4.0,1,57,1,unknown,,0.0
hollywood/2090544547763004_0,hollywood,crops/hollywood/2090544547763004_0.jpg,2090544547763004,2018-07-20T18:54:36.108000+00:00,2018,34.096743210988,-118.32664697883,38.848323822021,False,lvl5,https://www.mapillary.com/app/?pKey=2090544547763004,CC BY-SA 4.0,1,57,1,unknown,,0.0
hollywood/309971467192581_0,hollywood,crops/hollywood/309971467192581_0.jpg,309971467192581,2017-06-30T07:36:05+00:00,2017,34.104064722222,-118.33856638889,305.82419110743,False,mly_la,https://www.mapillary.com/app/?pKey=309971467192581,CC BY-SA 4.0,1,57,1,unknown,,0.0
hollywood/1838489469661632_1,hollywood,crops/hollywood/1838489469661632_1.jpg,1838489469661632,2017-06-04T11:20:59+00:00,2017,34.098046388889,-118.34014472222,179.32172667991,False,mly_la,https://www.mapillary.com/app/?pKey=1838489469661632,CC BY-SA 4.0,1,57,1,unknown,,0.0
hollywood/1169237016837103_1,hollywood,crops/hollywood/1169237016837103_1.jpg,1169237016837103,2017-07-02T12:21:26+00:00,2017,34.089008055556,-118.32671972222,180.64998023399,False,mly_la,https://www.mapillary.com/app/?pKey=1169237016837103,CC BY-SA 4.0,1,56,1,unknown,,0.0
