candidate_id,area,crop_path,image_id,captured_at,year,lat,lon,compass_angle,is_pano,creator_username,source_url,license,n_panels_detected,height_native,n_views,ocr_status,ocr_text,ocr_conf
koreatown/313031176994892_0,koreatown,crops/koreatown/313031176994892_0.jpg,313031176994892,2020-01-18T19:51:55.156000+00:00,2020,34.060482,-118.291601,358.36364746094,False,cfwarren3,https://www.mapillary.com/app/?pKey=313031176994892,CC BY-SA 4.0,4,1040,1,parking,ATURAL | ISTORY | USEUM | ANGELES COUNTY | 7-9 AM | 4-7 PM | MON-FRI | PARKING | PUBLIC | LIDOT Lot 691 | 682 S Vermont A | Wishie Citer 9005 | NOSTOPI | TOW-AW | 865 | SIKE | PM7PM | AM9AM,0.906
koreatown/261632642326397_0,koreatown,crops/koreatown/261632642326397_0.jpg,261632642326397,2019-12-21T19:16:28.203000+00:00,2019,34.063629,-118.29217,269.29431152344,False,mikaeljudah,https://www.mapillary.com/app/?pKey=261632642326397,CC BY-SA 4.0,3,786,1,parking,ROAD WORK | END | SCHOOL | ZONE | SPEED | LIMIT | 35 | ANTI-GRIDLOCK | ZONE | NO STOPPING | TOW-AWAY | 7AM9AM | 4PM=7PM | 2 | PARKING | HOUR | 9AM4PM,0.986
koreatown/883879805510315_0,koreatown,crops/koreatown/883879805510315_0.jpg,883879805510315,2020-01-18T23:00:18.172000+00:00,2020,34.063572,-118.297451,90.720397949219,False,cfwarren3,https://www.mapillary.com/app/?pKey=883879805510315,CC BY-SA 4.0,3,748,2,parking,NOSTOPPING | TOW-AWAY | 7AM-9AM | 4PM-7PM | NO | PARKING | ANY TIME,0.968
koreatown/301147248346937_0,koreatown,crops/koreatown/301147248346937_0.jpg,301147248346937,2019-12-21T19:09:08.174000+00:00,2019,34.061803,-118.290787,89.999938964844,False,mikaeljudah,https://www.mapillary.com/app/?pKey=301147248346937,CC BY-SA 4.0,3,770,1,parking,RIGHT | LANE | ENDS | 7 AM - 9 AM | 4 PM-7PM | MON-FRI | ENTCOOLOCK | Shatto | 600 S | TOW-AWAY | NOSTOPPING | 7=9AM | 4=7em | 1P | PARKING | HOUR | 9AM42M,0.912
koreatown/2888009808153633_0,koreatown,crops/koreatown/2888009808153633_0.jpg,2888009808153633,2020-01-20T19:46:28.124000+00:00,2020,34.063674,-118.300814,270.0,False,cfwarren3,https://www.mapillary.com/app/?pKey=2888009808153633,CC BY-SA 4.0,3,728,1,parking,SPÉED | LIMIT | 35 | BEIIW-AWAY | NU | STOPPING | 7AM=9AM | 4PM=7PM | 2 | PARKING | HOUR | 9AM=4PM,0.965
koreatown/4035386066550944_0,koreatown,crops/koreatown/4035386066550944_0.jpg,4035386066550944,2020-01-20T23:42:18.129000+00:00,2020,34.055847,-118.309457,92.116058349609,False,cfwarren3,https://www.mapillary.com/app/?pKey=4035386066550944,CC BY-SA 4.0,1,734,1,unknown,昌 | 元山麵屋,0.904
koreatown/464194177990495_0,koreatown,crops/koreatown/464194177990495_0.jpg,464194177990495,2017-08-04T12:54:42+00:00,2017,34.052641388889,-118.29617,260.47535118151,False,mly_la,https://www.mapillary.com/app/?pKey=464194177990495,CC BY-SA 4.0,2,837,1,unknown,Clveland | III,0.672
koreatown/854641141929795_0,koreatown,crops/koreatown/854641141929795_0.jpg,854641141929795,2020-01-18T20:36:32.112000+00:00,2020,34.063573,-118.292502,88.043273925781,False,cfwarren3,https://www.mapillary.com/app/?pKey=854641141929795,CC BY-SA 4.0,3,637,1,parking,SCHOOL | SPEED | LIMIT | 25 | ARE PRESENT | CHILDREN | WHEN | PR | ARKING | ROAD | WORK | AHEAD,0.994
koreatown/1099426298028935_0,koreatown,crops/koreatown/1099426298028935_0.jpg,1099426298028935,2024-04-17T21:37:25.055000+00:00,2024,34.052802685838,-118.29752760066,264.77593534125,False,dan613,https://www.mapillary.com/app/?pKey=1099426298028935,CC BY-SA 4.0,1,619,1,parking,豆副 | DONOT | ENTER | TOLE | NO PARKING | NO | C | MEMORY LOOK | e | CUSTOMER | PARKING | 1OT | UNAUTHDRIZED | E | VEHIOLES WILL BE | TOWED AT | 00 | OWNER'S EXPENSE,0.95
koreatown/942700087409049_0,koreatown,crops/koreatown/942700087409049_0.jpg,942700087409049,2024-04-17T21:37:26.105000+00:00,2024,34.052800446418,-118.29754654022,273.7766469375,False,dan613,https://www.mapillary.com/app/?pKey=942700087409049,CC BY-SA 4.0,1,565,1,parking,ENIE | NOPARKING | NO | MEMORY LOOK | CUSTOMER | PARKING | UNAUTHORIZED | VEHICLES WILL BE | TOWED AT | OWNER'S EXPENSE,0.983
koreatown/335209014688214_0,koreatown,crops/koreatown/335209014688214_0.jpg,335209014688214,2017-08-04T08:42:43+00:00,2017,34.061203055556,-118.29175638889,270.0,False,mly_la,https://www.mapillary.com/app/?pKey=335209014688214,CC BY-SA 4.0,1,555,12,parking,P | PUBLIC | PUBLIC | PARKING | PARKING | NL,0.996
koreatown/295433162173587_0,koreatown,crops/koreatown/295433162173587_0.jpg,295433162173587,2015-10-03T22:31:45.262000+00:00,2015,34.063499,-118.309228,327.8207,False,angelk,https://www.mapillary.com/app/?pKey=295433162173587,CC BY-SA 4.0,2,525,1,parking,"7AM9AM | 4PM7PM | EXCEPT SAT, AND SUN",0.984
koreatown/466520251227069_0,koreatown,crops/koreatown/466520251227069_0.jpg,466520251227069,2020-01-23T23:16:18.183000+00:00,2020,34.053811,-118.304187,180.97869873047,False,cfwarren3,https://www.mapillary.com/app/?pKey=466520251227069,CC BY-SA 4.0,2,526,1,parking,PASSENGER | LOADING ONLY | 6:30AM-9AM | 130PM-4PM | 2PARKING | 9AM-130M | NOSTOPPING | 6AM | 5PM,0.976
koreatown/541001873951093_0,koreatown,crops/koreatown/541001873951093_0.jpg,541001873951093,2017-08-04T08:27:40+00:00,2017,34.064746388889,-118.29177805556,274.11307309264,False,mly_la,https://www.mapillary.com/app/?pKey=541001873951093,CC BY-SA 4.0,1,518,1,parking,ANTI-GRIDLOCK | ZONE | TOW-AWAY | NOPPOISING | 7AM=9AM | 4PM | HOUR | PARKING | 9AM4PM,0.947
koreatown/506989847333619_0,koreatown,crops/koreatown/506989847333619_0.jpg,506989847333619,2017-08-04T12:53:35+00:00,2017,34.052603055556,-118.30270138889,89.999968269232,False,mly_la,https://www.mapillary.com/app/?pKey=506989847333619,CC BY-SA 4.0,2,502,1,parking,SPEED | LIMIT | 35 | CMIDLOCK | NO STOPPING | TOW-AWAY,0.973
koreatown/308230087373990_0,koreatown,crops/koreatown/308230087373990_0.jpg,308230087373990,2020-01-20T20:56:13.205000+00:00,2020,34.066616,-118.300406,179.18170166016,False,cfwarren3,https://www.mapillary.com/app/?pKey=308230087373990,CC BY-SA 4.0,2,502,1,parking,8AM=10AM | TOW-AWAY | NO STOPPING | 7AM=9AM,0.954
koreatown/1213640135738354_0,koreatown,crops/koreatown/1213640135738354_0.jpg,1213640135738354,2020-01-23T23:34:43.188000+00:00,2020,34.05445,-118.305862,90.658569335938,False,cfwarren3,https://www.mapillary.com/app/?pKey=1213640135738354,CC BY-SA 4.0,3,488,1,parking,"10AM""1PM | WEDNESDAY | STREET CLEANING | PASS2NGER | LOADING ONLY | 6:30AM | 09AM | 1:30PM | 104PM | SCHOOL DAYS | PARKING | HOUR | 9AM | TO | 1:30PM | CHOOL DAY",0.951
koreatown/380837541606433_0,koreatown,crops/koreatown/380837541606433_0.jpg,380837541606433,2024-04-17T21:37:23.548000+00:00,2024,34.052801714218,-118.29751387283,256.7029970236,False,dan613,https://www.mapillary.com/app/?pKey=380837541606433,CC BY-SA 4.0,2,488,1,parking,LON | DONOT | ENTER | NO PARKING | NO | WORY LO0X,0.935
koreatown/903213210248516_0,koreatown,crops/koreatown/903213210248516_0.jpg,903213210248516,2016-10-19T18:18:21.620000+00:00,2016,34.052695641532,-118.29795999277,337.86060539318,False,jopparn,https://www.mapillary.com/app/?pKey=903213210248516,CC BY-SA 4.0,2,478,1,parking,0121 | SCHEOL | SPEED | ARE PRESENT | CHILDREN | WHEN | NO | TOW | STOPPING | -AWAY | 2,0.966
koreatown/769457490433348_0,koreatown,crops/koreatown/769457490433348_0.jpg,769457490433348,2020-01-24T00:57:38.150000+00:00,2020,34.065142,-118.307858,0.0,False,cfwarren3,https://www.mapillary.com/app/?pKey=769457490433348,CC BY-SA 4.0,2,459,1,parking,STOP | ALL WAY | TOW-AWAY | NOPARKING | TEMPORARY | ANY TIME,0.995
koreatown/177279144270403_0,koreatown,crops/koreatown/177279144270403_0.jpg,177279144270403,2020-01-24T23:01:51.209000+00:00,2020,34.060494,-118.304186,0.98880004882812,False,turne514,https://www.mapillary.com/app/?pKey=177279144270403,CC BY-SA 4.0,2,494,1,parking,ROAD | WORK | AHEAD | 10AM-1PW | 2 | NIOUR | PARKING | 8AK6M,0.889
koreatown/484173176164381_0,koreatown,crops/koreatown/484173176164381_0.jpg,484173176164381,2020-01-18T19:54:35.130000+00:00,2020,34.059736,-118.290034,88.271514892578,False,cfwarren3,https://www.mapillary.com/app/?pKey=484173176164381,CC BY-SA 4.0,4,475,1,parking,2 | PARKING | AELNE | END | NOPARKING | 6:304PM,0.9
koreatown/369819964470275_0,koreatown,crops/koreatown/369819964470275_0.jpg,369819964470275,2019-12-21T19:19:40.179000+00:00,2019,34.063589,-118.300772,266.71014404297,False,mikaeljudah,https://www.mapillary.com/app/?pKey=369819964470275,CC BY-SA 4.0,3,480,1,parking,SPÉED | LIMIT | 35 | YOSTOPPING | LW-AWAY | 7AM=9AM | 4P=7FM | 2 PARKING | 9AN4PM,0.885
koreatown/1591535464390510_0,koreatown,crops/koreatown/1591535464390510_0.jpg,1591535464390510,2020-01-20T22:48:31.105000+00:00,2020,34.069053,-118.305235,273.8369140625,False,cfwarren3,https://www.mapillary.com/app/?pKey=1591535464390510,CC BY-SA 4.0,1,439,3,unknown,3rd St,0.984
koreatown/485426192780711_0,koreatown,crops/koreatown/485426192780711_0.jpg,485426192780711,2017-08-04T08:42:41+00:00,2017,34.061483055556,-118.29174305556,179.13704712153,False,mly_la,https://www.mapillary.com/app/?pKey=485426192780711,CC BY-SA 4.0,3,432,12,parking,P | PUBLIC | PARKING | WILMONT,0.997
koreatown/846230323978841_0,koreatown,crops/koreatown/846230323978841_0.jpg,846230323978841,2024-04-17T21:37:24.060000+00:00,2024,34.052801714218,-118.29751387283,267.60794575525,False,dan613,https://www.mapillary.com/app/?pKey=846230323978841,CC BY-SA 4.0,2,445,1,parking,DONOT | N | ENTER | NO PARKING | ON | MEMORYLOOK | CUSTOMER | PARKING | UNAUTHDA | VEHICLES RLLBE | TORED AT | ONNERS EXPENSE,0.948
koreatown/1119481208528568_0,koreatown,crops/koreatown/1119481208528568_0.jpg,1119481208528568,2016-10-19T18:50:58.376000+00:00,2016,34.061789192396,-118.30502682825,281.41319713822,False,jopparn,https://www.mapillary.com/app/?pKey=1119481208528568,CC BY-SA 4.0,1,447,1,parking,·TOW-AWAY | NOSTOPPING | 7199 AM. | 40 7 PM. | 2 | HOUR | PARKING | 9AM'4M,0.914
koreatown/186057413345829_0,koreatown,crops/koreatown/186057413345829_0.jpg,186057413345829,2016-10-19T20:33:19.530000+00:00,2016,34.068509356881,-118.30902407839,16.807998075404,False,jopparn,https://www.mapillary.com/app/?pKey=186057413345829,CC BY-SA 4.0,1,425,1,parking,TOW-AWAY | THE | EROS | TIME | ANY |  380 | OSCLSH | JOIK,0.934
koreatown/797486671159367_0,koreatown,crops/koreatown/797486671159367_0.jpg,797486671159367,2020-01-23T23:19:45.178000+00:00,2020,34.06976,-118.291764,180.0,False,turne514,https://www.mapillary.com/app/?pKey=797486671159367,CC BY-SA 4.0,3,430,1,parking,NOSTL | 7AM | APM | PARKING | HOUR | 4PM | PARKING | PASSENGER | EOADING ONLY | 2AM,0.913
koreatown/782372136002731_0,koreatown,crops/koreatown/782372136002731_0.jpg,782372136002731,2015-09-11T00:17:26.696000+00:00,2015,34.06176,-118.301761,273.0219,False,canadarunner,https://www.mapillary.com/app/?pKey=782372136002731,CC BY-SA 4.0,2,409,1,parking,WAY | NO STOPPING | 1PARKING | 9AM4p,0.951
koreatown/817540112189153_0,koreatown,crops/koreatown/817540112189153_0.jpg,817540112189153,2020-01-25T00:51:52.233000+00:00,2020,34.061753,-118.299184,91.024475097656,False,turne514,https://www.mapillary.com/app/?pKey=817540112189153,CC BY-SA 4.0,2,494,1,unknown,内,0.698
koreatown/329498208698975_0,koreatown,crops/koreatown/329498208698975_0.jpg,329498208698975,2019-12-21T19:48:12.656000+00:00,2019,34.06718170412,-118.30327077528,78.624206542969,False,mikaeljudah,https://www.mapillary.com/app/?pKey=329498208698975,CC BY-SA 4.0,2,397,1,parking,8AM10AM | THURSDAY | STBEET CLEA | 2HOUR | PARKING | 8AM6PM,0.983
koreatown/1012453355956617_0,koreatown,crops/koreatown/1012453355956617_0.jpg,1012453355956617,2019-12-21T19:47:58.142000+00:00,2019,34.067154,-118.303148,266.16320800781,False,mikaeljudah,https://www.mapillary.com/app/?pKey=1012453355956617,CC BY-SA 4.0,2,402,1,parking,8AM10AM | WEDNESDAY | STREET | 2 | HOUR | PARKING | 8AM6PM,0.966
koreatown/1416218309007868_0,koreatown,crops/koreatown/1416218309007868_0.jpg,1416218309007868,2024-03-27T18:54:33.262000+00:00,2024,34.058829223298,-118.29072359814,227.12733914995,False,dan613,https://www.mapillary.com/app/?pKey=1416218309007868,CC BY-SA 4.0,2,392,1,parking,TOW-AWAY | TEMPORARY | NOPARKING | 6PM | 6AM | MY 4 SUNDAY,0.976
koreatown/305547004582759_0,koreatown,crops/koreatown/305547004582759_0.jpg,305547004582759,2020-01-20T22:40:22.101000+00:00,2020,34.069604,-118.30044,185.18701171875,False,cfwarren3,https://www.mapillary.com/app/?pKey=305547004582759,CC BY-SA 4.0,2,403,1,parking,TOW AWAY | NO STOPPING | 7AM109A | 12NOON2PM | FRIDAY,0.93
koreatown/6090829964276262_0,koreatown,crops/koreatown/6090829964276262_0.jpg,6090829964276262,2017-08-04T08:27:55+00:00,2017,34.064274722222,-118.29196138889,17.102872273932,False,mly_la,https://www.mapillary.com/app/?pKey=6090829964276262,CC BY-SA 4.0,2,390,3,unknown,PRIYATE | PROPERTY | REXCESSIVE ID | UNASTHORIZED VENILCES,0.953
koreatown/1084170915326121_0,koreatown,crops/koreatown/1084170915326121_0.jpg,1084170915326121,2020-01-20T23:59:37.084000+00:00,2020,34.052219,-118.300045,178.84234619141,False,cfwarren3,https://www.mapillary.com/app/?pKey=1084170915326121,CC BY-SA 4.0,3,422,1,parking,NOSTOPPING | 4pm7PM,0.832
koreatown/960270391375844_0,koreatown,crops/koreatown/960270391375844_0.jpg,960270391375844,2020-01-25T00:02:18.167000+00:00,2020,34.063183,-118.309097,127.76550292969,False,turne514,https://www.mapillary.com/app/?pKey=960270391375844,CC BY-SA 4.0,2,379,1,parking,PASSENGER | LOADING ONLY | HOUR | PARKING | 8AM11AM | HOUR | PARKING | 8AM 6FM,0.981
koreatown/1078571849301065_0,koreatown,crops/koreatown/1078571849301065_0.jpg,1078571849301065,2017-08-10T07:49:41+00:00,2017,34.059998055556,-118.30792638889,267.67636946259,False,mly_la,https://www.mapillary.com/app/?pKey=1078571849301065,CC BY-SA 4.0,2,382,1,parking,10 | HOUR | PKING | 6P.M.,0.94
koreatown/131603785678876_0,koreatown,crops/koreatown/131603785678876_0.jpg,131603785678876,2020-01-23T23:15:59.224000+00:00,2020,34.054969,-118.304188,179.45440673828,False,cfwarren3,https://www.mapillary.com/app/?pKey=131603785678876,CC BY-SA 4.0,1,365,2,unknown,SOHOOD,0.997
koreatown/307518580776345_0,koreatown,crops/koreatown/307518580776345_0.jpg,307518580776345,2020-01-20T19:34:28.228000+00:00,2020,34.055872,-118.303934,91.369140625,False,cfwarren3,https://www.mapillary.com/app/?pKey=307518580776345,CC BY-SA 4.0,2,365,1,parking,OPARKING | 6AM | 6PM,0.974
koreatown/495260971625720_0,koreatown,crops/koreatown/495260971625720_0.jpg,495260971625720,2019-12-21T20:08:14.168000+00:00,2019,34.065286,-118.308982,89.999969482422,False,mikaeljudah,https://www.mapillary.com/app/?pKey=495260971625720,CC BY-SA 4.0,2,355,1,parking,2HOUR | PARKING | 8AM6PM,0.968
koreatown/405407567596371_0,koreatown,crops/koreatown/405407567596371_0.jpg,405407567596371,2019-12-21T19:48:11.340000+00:00,2019,34.067181,-118.303275,78.624206542969,False,mikaeljudah,https://www.mapillary.com/app/?pKey=405407567596371,CC BY-SA 4.0,2,345,1,parking,8AM10AM | 2HOUR | PARKING | 8AM6PM,0.957
koreatown/1571092247072573_0,koreatown,crops/koreatown/1571092247072573_0.jpg,1571092247072573,2024-04-17T21:37:43.082000+00:00,2024,34.052797999529,-118.29780819681,117.17890017674,False,dan613,https://www.mapillary.com/app/?pKey=1571092247072573,CC BY-SA 4.0,1,439,1,unknown,SON CRISG,0.642
koreatown/2904772606447639_0,koreatown,crops/koreatown/2904772606447639_0.jpg,2904772606447639,2020-01-18T23:00:55.123000+00:00,2020,34.06358,-118.294468,90.853790283203,False,cfwarren3,https://www.mapillary.com/app/?pKey=2904772606447639,CC BY-SA 4.0,1,337,1,parking,Y | TOW-AWA | NO | STOPPING | 9AM | 7AM- | 4PM-7PM | NO | PARKING | ANY TIME,0.981
koreatown/462533661521707_0,koreatown,crops/koreatown/462533661521707_0.jpg,462533661521707,2016-10-19T18:26:40.577000+00:00,2016,34.062946650862,-118.30038535763,187.13547625728,False,jopparn,https://www.mapillary.com/app/?pKey=462533661521707,CC BY-SA 4.0,3,345,1,parking,NOSTOPPN | 7 | 9 | 2PARKI | 9 | 6 | J0A,0.885
koreatown/132877705551533_0,koreatown,crops/koreatown/132877705551533_0.jpg,132877705551533,2020-01-23T23:08:11.269000+00:00,2020,34.052689,-118.303732,270.74359130859,False,cfwarren3,https://www.mapillary.com/app/?pKey=132877705551533,CC BY-SA 4.0,1,315,1,unknown,ALUX | NAHUAL | EN CONCIERTO | SAB 29 FEB | 323-694-9949 | TICKETON,0.987
koreatown/496810371373082_0,koreatown,crops/koreatown/496810371373082_0.jpg,496810371373082,2020-01-20T20:57:18.096000+00:00,2020,34.063486,-118.300412,180.0,False,cfwarren3,https://www.mapillary.com/app/?pKey=496810371373082,CC BY-SA 4.0,2,332,1,parking,NOSTOPPING | 7AM9AM | 8A1A,0.87
koreatown/456950222275122_0,koreatown,crops/koreatown/456950222275122_0.jpg,456950222275122,2020-01-17T22:46:58.090000+00:00,2020,34.061709,-118.302365,88.682830810547,False,cfwarren3,https://www.mapillary.com/app/?pKey=456950222275122,CC BY-SA 4.0,1,306,1,parking,ANTI-GRIDLOCK | ZONE | NOSTOPPING | PARKING,0.979
koreatown/1107416096447373_0,koreatown,crops/koreatown/1107416096447373_0.jpg,1107416096447373,2020-01-17T22:58:10.131000+00:00,2020,34.057783,-118.294509,258.24395751953,False,cfwarren3,https://www.mapillary.com/app/?pKey=1107416096447373,CC BY-SA 4.0,1,327,1,unknown,A,0.882
koreatown/479522773166628_0,koreatown,crops/koreatown/479522773166628_0.jpg,479522773166628,2015-09-11T00:19:02.694000+00:00,2015,34.068163,-118.302873,358.7328,False,canadarunner,https://www.mapillary.com/app/?pKey=479522773166628,CC BY-SA 4.0,2,315,1,parking,8AM=1 | 10AM | 2 | HOUR | PARKING | BAMPM,0.92
koreatown/888918591838929_0,koreatown,crops/koreatown/888918591838929_0.jpg,888918591838929,2016-10-19T18:55:15.845000+00:00,2016,34.062827048946,-118.30786789989,343.19734728787,False,jopparn,https://www.mapillary.com/app/?pKey=888918591838929,CC BY-SA 4.0,2,324,2,parking,-10AM | HOUR | PARKING | BA6P.M,0.877
koreatown/768755117175174_0,koreatown,crops/koreatown/768755117175174_0.jpg,768755117175174,2019-12-21T19:32:55.166000+00:00,2019,34.067186,-118.303478,89.999969482422,False,mikaeljudah,https://www.mapillary.com/app/?pKey=768755117175174,CC BY-SA 4.0,2,303,3,parking,8AM 10AM | 2HOUR | PARKING | 8AM 6PM,0.951
koreatown/476477656737670_0,koreatown,crops/koreatown/476477656737670_0.jpg,476477656737670,2020-01-18T19:07:27.314000+00:00,2020,34.069596,-118.291644,359.560546875,False,cfwarren3,https://www.mapillary.com/app/?pKey=476477656737670,CC BY-SA 4.0,1,308,1,parking,ANTI-GRIDLOCK | ZONE | TOW-AWAY | NO STOPPING | 7AM=9AM | 4PM=7PM | e | HOUR | 1 | PARKING | 9AM | 4PM,0.921
koreatown/372582960706845_0,koreatown,crops/koreatown/372582960706845_0.jpg,372582960706845,2017-08-04T08:27:33+00:00,2017,34.065384722222,-118.29176638889,179.40967483139,False,mly_la,https://www.mapillary.com/app/?pKey=372582960706845,CC BY-SA 4.0,1,295,2,parking,ANTI-GRIDLOCK | ZONE | TOW-AWAY | NO STOPPING | 7AM9AM | 4PM=7PM | B | HOUR | PARKING | AM4PM,0.98
koreatown/777782219594075_0,koreatown,crops/koreatown/777782219594075_0.jpg,777782219594075,2020-01-18T23:59:29.178000+00:00,2020,34.069146,-118.291296,272.30438232422,False,cfwarren3,https://www.mapillary.com/app/?pKey=777782219594075,CC BY-SA 4.0,1,294,1,unknown,BRYNDIS | CAMINANTES | RAMIBEZ | DEAGUST | FUSITIVOS-GRUPO VENUS | SAB 15 FEB | 323-244-2540,0.982
koreatown/951616358941478_0,koreatown,crops/koreatown/951616358941478_0.jpg,951616358941478,2016-10-19T20:33:17.913000+00:00,2016,34.06848307303,-118.30902698824,19.902899219605,False,jopparn,https://www.mapillary.com/app/?pKey=951616358941478,CC BY-SA 4.0,1,295,3,parking,TOW-AWAY | NOS | STOPD | ING | THE | EROS | TIME | ANY | 380E,0.963
koreatown/598029561590701_0,koreatown,crops/koreatown/598029561590701_0.jpg,598029561590701,2017-08-10T07:48:20+00:00,2017,34.063438055556,-118.30791305556,270.9685790899,False,mly_la,https://www.mapillary.com/app/?pKey=598029561590701,CC BY-SA 4.0,2,304,1,parking,8AM | 30 | PARKING | 8,0.918
koreatown/544182600078778_0,koreatown,crops/koreatown/544182600078778_0.jpg,544182600078778,2018-12-28T21:47:31.896000+00:00,2018,34.058797497217,-118.3078400661,1.0546875,False,lvl5,https://www.mapillary.com/app/?pKey=544182600078778,CC BY-SA 4.0,2,297,1,parking,END | ROAD WORK | 10AMIPM | AOUR | PARKING | how,0.947
koreatown/294358228906432_0,koreatown,crops/koreatown/294358228906432_0.jpg,294358228906432,2017-07-17T07:25:57+00:00,2017,34.065073055556,-118.29176305556,179.32995053659,False,mly_la,https://www.mapillary.com/app/?pKey=294358228906432,CC BY-SA 4.0,3,296,1,parking,THRU | TRAFFIC | MERGE | LEFT | -CROLOC | TOW-AWAY | NO STOPPING | 7AM=9AM | 4PM=7PH,0.95
koreatown/376348350388874_0,koreatown,crops/koreatown/376348350388874_0.jpg,376348350388874,2020-01-20T23:28:57.105000+00:00,2020,34.060719,-118.30972,271.75036621094,False,cfwarren3,https://www.mapillary.com/app/?pKey=376348350388874,CC BY-SA 4.0,2,317,1,parking,TAH=2PH | 2HOUR | PARKING | 6Ps,0.845
koreatown/840835610181444_0,koreatown,crops/koreatown/840835610181444_0.jpg,840835610181444,2017-07-19T16:19:51+00:00,2017,34.069464722222,-118.30788805556,89.121153818259,False,mly_la,https://www.mapillary.com/app/?pKey=840835610181444,CC BY-SA 4.0,3,302,1,parking,SCHOOL | PARKING | 8AM6P,0.896
koreatown/372422340837586_0,koreatown,crops/koreatown/372422340837586_0.jpg,372422340837586,2020-01-23T23:48:19.181000+00:00,2020,34.065725,-118.302923,184.08477783203,False,cfwarren3,https://www.mapillary.com/app/?pKey=372422340837586,CC BY-SA 4.0,2,289,1,parking,PARKING | 2HOUR | PARKING | BAH69M,0.951
koreatown/411175521628713_0,koreatown,crops/koreatown/411175521628713_0.jpg,411175521628713,2024-04-17T21:42:04.086000+00:00,2024,34.052562681323,-118.29902384042,180.47539002473,False,dan613,https://www.mapillary.com/app/?pKey=411175521628713,CC BY-SA 4.0,2,318,1,unknown,OVER 6.000 LBS | 12800m-37,0.815
koreatown/1252215821948408_0,koreatown,crops/koreatown/1252215821948408_0.jpg,1252215821948408,2016-10-19T18:53:31.585000+00:00,2016,34.06177023609,-118.30721992794,273.29054950086,False,jopparn,https://www.mapillary.com/app/?pKey=1252215821948408,CC BY-SA 4.0,1,295,2,parking,15 | MINUTE | PARKING | 8AM T0 6PM,0.896
koreatown/293927392200513_0,koreatown,crops/koreatown/293927392200513_0.jpg,293927392200513,2020-01-24T00:58:08.171000+00:00,2020,34.065314,-118.309123,211.67016601562,False,cfwarren3,https://www.mapillary.com/app/?pKey=293927392200513,CC BY-SA 4.0,1,391,1,unknown,2,0.55
koreatown/470746617533294_0,koreatown,crops/koreatown/470746617533294_0.jpg,470746617533294,2020-01-23T23:41:33.177000+00:00,2020,34.063444,-118.309079,91.757781982422,False,turne514,https://www.mapillary.com/app/?pKey=470746617533294,CC BY-SA 4.0,1,274,24,parking,7AM | 9AM | 4PM | 7PM,0.995
koreatown/486109869472373_0,koreatown,crops/koreatown/486109869472373_0.jpg,486109869472373,2016-10-19T18:55:51.773000+00:00,2016,34.063094802132,-118.30786245961,4.0769771663776,False,jopparn,https://www.mapillary.com/app/?pKey=486109869472373,CC BY-SA 4.0,2,272,6,parking,PARKING,0.999
koreatown/250686736803514_0,koreatown,crops/koreatown/250686736803514_0.jpg,250686736803514,2020-01-20T22:26:54.116000+00:00,2020,34.06532,-118.309088,1.0910034179688,False,cfwarren3,https://www.mapillary.com/app/?pKey=250686736803514,CC BY-SA 4.0,1,283,1,parking,11PM6AM | NIGHTLYC,0.944
koreatown/355762869299823_0,koreatown,crops/koreatown/355762869299823_0.jpg,355762869299823,2020-01-18T20:12:56.437000+00:00,2020,34.063582,-118.300237,277.76092529297,False,cfwarren3,https://www.mapillary.com/app/?pKey=355762869299823,CC BY-SA 4.0,1,317,1,parking,4PM7PM | SAT&SUN | SEWP | ERCEP,0.787
koreatown/932663620882924_0,koreatown,crops/koreatown/932663620882924_0.jpg,932663620882924,2020-01-20T23:43:11.147000+00:00,2020,34.054501,-118.309389,268.630859375,False,cfwarren3,https://www.mapillary.com/app/?pKey=932663620882924,CC BY-SA 4.0,2,299,1,parking,PARKING | ONLY | 1l2PM,0.857
koreatown/1462497850753678_0,koreatown,crops/koreatown/1462497850753678_0.jpg,1462497850753678,2017-08-10T07:52:51+00:00,2017,34.057606388889,-118.30095638889,266.92062237364,False,mly_la,https://www.mapillary.com/app/?pKey=1462497850753678,CC BY-SA 4.0,2,301,1,parking,10AMIPM | 2FOUR | PARKING | 8AN | 6PM,0.843
koreatown/512783949727652_0,koreatown,crops/koreatown/512783949727652_0.jpg,512783949727652,2016-10-19T18:26:25.620000+00:00,2016,34.063541050678,-118.30046924489,109.74740195805,False,jopparn,https://www.mapillary.com/app/?pKey=512783949727652,CC BY-SA 4.0,1,290,5,parking,4PM×7PM,0.886
koreatown/219466769627236_0,koreatown,crops/koreatown/219466769627236_0.jpg,219466769627236,2020-01-25T00:41:03.195000+00:00,2020,34.061937,-118.29577,283.42059326172,False,turne514,https://www.mapillary.com/app/?pKey=219466769627236,CC BY-SA 4.0,2,343,1,unknown,V,0.669
koreatown/134438485366615_0,koreatown,crops/koreatown/134438485366615_0.jpg,134438485366615,2015-09-11T00:15:00.702000+00:00,2015,34.058596,-118.298709,356.9661,False,canadarunner,https://www.mapillary.com/app/?pKey=134438485366615,CC BY-SA 4.0,2,290,1,parking,10AM=IPM | 2HOUR | PARKING | 8HMA6PM,0.868
koreatown/591609588583290_0,koreatown,crops/koreatown/591609588583290_0.jpg,591609588583290,2020-01-25T00:02:04.170000+00:00,2020,34.063321,-118.309159,178.02307128906,False,turne514,https://www.mapillary.com/app/?pKey=591609588583290,CC BY-SA 4.0,2,288,1,parking,PASSENGER | LOADING ONLY | PARKING | 8AM1IAM | 18ouw | PARKING | BAM'6PM,0.879
koreatown/1107495826966059_0,koreatown,crops/koreatown/1107495826966059_0.jpg,1107495826966059,2024-03-27T18:43:01.805000+00:00,2024,34.05769841297,-118.29131983073,268.43128617213,False,dan613,https://www.mapillary.com/app/?pKey=1107495826966059,CC BY-SA 4.0,1,276,2,parking,7AM=7PM | EXCEPT SAT AND SUN,0.936
koreatown/826577264956143_1,koreatown,crops/koreatown/826577264956143_1.jpg,826577264956143,2017-08-10T07:48:21+00:00,2017,34.063356388889,-118.30791472222,267.15444526605,False,mly_la,https://www.mapillary.com/app/?pKey=826577264956143,CC BY-SA 4.0,2,300,1,parking,30RINUTE | PARKING | 81M6,0.817
koreatown/300426311691298_0,koreatown,crops/koreatown/300426311691298_0.jpg,300426311691298,2019-12-21T19:49:05.191000+00:00,2019,34.069179,-118.302916,0.59326171875,False,mikaeljudah,https://www.mapillary.com/app/?pKey=300426311691298,CC BY-SA 4.0,1,266,1,parking,NOPARKING | 8AM | 6PM | 2,0.982
koreatown/517505909632199_0,koreatown,crops/koreatown/517505909632199_0.jpg,517505909632199,2015-09-11T00:19:42.696000+00:00,2015,34.069576,-118.30292,0.8952332,False,canadarunner,https://www.mapillary.com/app/?pKey=517505909632199,CC BY-SA 4.0,3,263,1,parking,NOPARKING | 6PM | 8AM | 2 | 8AM | 6PM | NO | PARKING,0.993
koreatown/1379803169072446_0,koreatown,crops/koreatown/1379803169072446_0.jpg,1379803169072446,2019-12-21T19:48:45.219000+00:00,2019,34.068105,-118.302852,0.0,False,mikaeljudah,https://www.mapillary.com/app/?pKey=1379803169072446,CC BY-SA 4.0,2,261,1,parking,2 | HOUR | PARKING,1.0
koreatown/492959478690089_0,koreatown,crops/koreatown/492959478690089_0.jpg,492959478690089,2017-08-04T08:42:40+00:00,2017,34.061571388889,-118.29174472222,179.10448905064,False,mly_la,https://www.mapillary.com/app/?pKey=492959478690089,CC BY-SA 4.0,2,261,1,unknown,P,0.997
koreatown/786823448635082_0,koreatown,crops/koreatown/786823448635082_0.jpg,786823448635082,2020-01-25T00:23:31.195000+00:00,2020,34.057193,-118.300851,355.78820800781,False,turne514,https://www.mapillary.com/app/?pKey=786823448635082,CC BY-SA 4.0,2,274,1,parking,NO | PARKING | NOSTOFFANG | 9AM | 2FARKING | 9am | 6eM,0.899
koreatown/492387845530222_0,koreatown,crops/koreatown/492387845530222_0.jpg,492387845530222,2020-01-23T23:14:20.211000+00:00,2020,34.061475,-118.304256,172.84558105469,False,cfwarren3,https://www.mapillary.com/app/?pKey=492387845530222,CC BY-SA 4.0,2,266,1,parking,NO | PARKING | 10AM | 2HOUR | PARKING | =60M,0.935
koreatown/4307857002592599_0,koreatown,crops/koreatown/4307857002592599_0.jpg,4307857002592599,2020-01-18T23:02:21.185000+00:00,2020,34.063634,-118.290884,85.264312744141,False,cfwarren3,https://www.mapillary.com/app/?pKey=4307857002592599,CC BY-SA 4.0,2,762,1,unknown,,0.0
koreatown/272307042616926_0,koreatown,crops/koreatown/272307042616926_0.jpg,272307042616926,2024-04-17T21:39:56.171000+00:00,2024,34.052769494997,-118.29939573523,277.1844463353,False,dan613,https://www.mapillary.com/app/?pKey=272307042616926,CC BY-SA 4.0,2,264,1,parking,TOW-AWAY | NO STOPPNG,0.933
koreatown/886416535424089_0,koreatown,crops/koreatown/886416535424089_0.jpg,886416535424089,2017-07-17T07:25:20+00:00,2017,34.069381388889,-118.29176138889,265.41674764036,False,mly_la,https://www.mapillary.com/app/?pKey=886416535424089,CC BY-SA 4.0,2,257,4,unknown,294 | 308 | 318 | ATR | 76,0.971
koreatown/480697099659750_0,koreatown,crops/koreatown/480697099659750_0.jpg,480697099659750,2020-01-24T00:57:33.214000+00:00,2020,34.065047,-118.30786,0.0,False,cfwarren3,https://www.mapillary.com/app/?pKey=480697099659750,CC BY-SA 4.0,2,300,1,parking,2HOUR,0.753
koreatown/1132788567235033_0,koreatown,crops/koreatown/1132788567235033_0.jpg,1132788567235033,2020-01-20T22:25:51.106000+00:00,2020,34.063527,-118.309112,1.232666015625,False,cfwarren3,https://www.mapillary.com/app/?pKey=1132788567235033,CC BY-SA 4.0,1,282,1,parking,7AM°7PM | EXCEPT SAT AND SUN | TRARS RSTE CIDOTE,0.824
koreatown/1121292055016559_0,koreatown,crops/koreatown/1121292055016559_0.jpg,1121292055016559,2020-01-23T23:43:08.248000+00:00,2020,34.063284,-118.301641,180.0,False,cfwarren3,https://www.mapillary.com/app/?pKey=1121292055016559,CC BY-SA 4.0,2,270,1,parking,TIOUR | PARKING | 6r.,0.879
koreatown/524045278604042_0,koreatown,crops/koreatown/524045278604042_0.jpg,524045278604042,2019-12-21T19:47:36.136000+00:00,2019,34.067183,-118.302355,272.43969726562,False,mikaeljudah,https://www.mapillary.com/app/?pKey=524045278604042,CC BY-SA 4.0,2,256,1,parking,2 | PARKING | 6P,0.947
koreatown/323630229328815_0,koreatown,crops/koreatown/323630229328815_0.jpg,323630229328815,2020-01-23T23:41:32.181000+00:00,2020,34.065735,-118.301665,180.0,False,cfwarren3,https://www.mapillary.com/app/?pKey=323630229328815,CC BY-SA 4.0,2,256,1,parking,BAM-10AM | 2HOBR | PARKING,0.943
koreatown/1439332196419945_0,koreatown,crops/koreatown/1439332196419945_0.jpg,1439332196419945,2017-08-10T07:48:28+00:00,2017,34.062906388889,-118.30786805556,358.92137313804,False,mly_la,https://www.mapillary.com/app/?pKey=1439332196419945,CC BY-SA 4.0,1,273,1,parking,7 | P | PUBLIC | PARNSG,0.848
koreatown/277795054067214_0,koreatown,crops/koreatown/277795054067214_0.jpg,277795054067214,2017-08-10T07:52:18+00:00,2017,34.057646388889,-118.30150138889,287.47812925896,False,mly_la,https://www.mapillary.com/app/?pKey=277795054067214,CC BY-SA 4.0,1,246,1,unknown,TO | CESA | NOO | 666,0.988
koreatown/1350938548625309_0,koreatown,crops/koreatown/1350938548625309_0.jpg,1350938548625309,2017-08-10T07:49:51+00:00,2017,34.059641388889,-118.30791638889,271.05470349541,False,mly_la,https://www.mapillary.com/app/?pKey=1350938548625309,CC BY-SA 4.0,2,250,1,parking,10AM | 1HOUR | PARKING | 8AM=6PM,0.961
koreatown/924709124740699_0,koreatown,crops/koreatown/924709124740699_0.jpg,924709124740699,2016-10-19T18:26:32.600000+00:00,2016,34.063362312374,-118.30039706558,195.15491621613,False,jopparn,https://www.mapillary.com/app/?pKey=924709124740699,CC BY-SA 4.0,2,287,1,parking,UWAY | NOSPPNG | 9M | 2PARKING | 9Am | 6PM,0.739
koreatown/501925230960775_0,koreatown,crops/koreatown/501925230960775_0.jpg,501925230960775,2020-01-23T23:51:18.154000+00:00,2020,34.063962,-118.307913,358.64410400391,False,cfwarren3,https://www.mapillary.com/app/?pKey=501925230960775,CC BY-SA 4.0,2,266,1,parking,R | 2HVUR | PARKING,0.836
koreatown/1681257895409201_0,koreatown,crops/koreatown/1681257895409201_0.jpg,1681257895409201,2016-10-19T18:24:14.601000+00:00,2016,34.061862602735,-118.30082280997,279.78594687642,False,jopparn,https://www.mapillary.com/app/?pKey=1681257895409201,CC BY-SA 4.0,2,248,1,parking,NOSTOPPING | SIGHT SEEING | BUS ZONE | 9AM | 4PM | ANTY-CHIDLOCK | ZONE,0.928
koreatown/3005574869719856_0,koreatown,crops/koreatown/3005574869719856_0.jpg,3005574869719856,2019-12-21T19:07:44.175000+00:00,2019,34.061829,-118.292876,88.797332763672,False,mikaeljudah,https://www.mapillary.com/app/?pKey=3005574869719856,CC BY-SA 4.0,1,242,1,parking,ANTI-GRIDLO | TOW-AWAY | NOSTOPPING | 9 | AM | 7 | PM | PARKING | 9AM | 4PM,0.961
koreatown/1616286288577778_1,koreatown,crops/koreatown/1616286288577778_1.jpg,1616286288577778,2020-01-18T23:01:40.175000+00:00,2020,34.063588,-118.292528,88.544219970703,False,cfwarren3,https://www.mapillary.com/app/?pKey=1616286288577778,CC BY-SA 4.0,2,244,1,parking,NO STOPPING | 7AM-9AM | 4p-7P | NO | PARKING | ANY TIME,0.945
koreatown/257910342703447_0,koreatown,crops/koreatown/257910342703447_0.jpg,257910342703447,2016-10-19T20:26:58.596000+00:00,2016,34.067110447557,-118.30898907297,1.6672734419778,False,jopparn,https://www.mapillary.com/app/?pKey=257910342703447,CC BY-SA 4.0,1,248,3,unknown,RELUEST | GREEN | WAIT | ON ,0.917
koreatown/2161979983932320_0,koreatown,crops/koreatown/2161979983932320_0.jpg,2161979983932320,2017-08-04T08:27:09+00:00,2017,34.068391388889,-118.291785,269.30787730048,False,mly_la,https://www.mapillary.com/app/?pKey=2161979983932320,CC BY-SA 4.0,1,238,1,unknown,ACOS | EL TOR | DOM20A | 213-999,0.963
koreatown/1904436046372094_0,koreatown,crops/koreatown/1904436046372094_0.jpg,1904436046372094,2020-01-18T22:59:30.595000+00:00,2020,34.063129,-118.297878,350.59246826172,False,cfwarren3,https://www.mapillary.com/app/?pKey=1904436046372094,CC BY-SA 4.0,2,254,1,parking,8AM=10AM | ROUR | PARKING,0.869
koreatown/191032876069615_0,koreatown,crops/koreatown/191032876069615_0.jpg,191032876069615,2016-10-19T18:53:18.458000+00:00,2016,34.061739210857,-118.30704449582,315.66282906342,False,jopparn,https://www.mapillary.com/app/?pKey=191032876069615,CC BY-SA 4.0,1,281,3,parking,15 FNUIE | PARKING | 8AM69H | 明,0.737
koreatown/476008786843794_0,koreatown,crops/koreatown/476008786843794_0.jpg,476008786843794,2020-01-20T19:56:07.142000+00:00,2020,34.065325,-118.309574,93.004364013672,False,cfwarren3,https://www.mapillary.com/app/?pKey=476008786843794,CC BY-SA 4.0,2,240,1,parking,NO | PARKING | 2 | 2ROUR | PARKING | 8AN | 6m,0.941
koreatown/178298577502491_0,koreatown,crops/koreatown/178298577502491_0.jpg,178298577502491,2020-01-23T23:14:31.240000+00:00,2020,34.060462,-118.304235,180.0,False,cfwarren3,https://www.mapillary.com/app/?pKey=178298577502491,CC BY-SA 4.0,1,232,1,parking,NO | PARKING | 10AM | HOUR | PARKING,0.981
koreatown/325160192295666_0,koreatown,crops/koreatown/325160192295666_0.jpg,325160192295666,2017-07-03T15:00:43+00:00,2017,34.052228055556,-118.30895305556,91.611247535317,False,mly_la,https://www.mapillary.com/app/?pKey=325160192295666,CC BY-SA 4.0,2,237,1,unknown,ar | ICUN | EJIAG | Yainn | M21 | -448,0.934
koreatown/301447641456955_0,koreatown,crops/koreatown/301447641456955_0.jpg,301447641456955,2017-08-04T08:27:24+00:00,2017,34.066396388889,-118.29178305556,270.0,False,mly_la,https://www.mapillary.com/app/?pKey=301447641456955,CC BY-SA 4.0,1,230,2,parking,TOW-AWAY | STOPPING,0.969
koreatown/1541320016225984_0,koreatown,crops/koreatown/1541320016225984_0.jpg,1541320016225984,2020-01-20T20:56:33.161000+00:00,2020,34.064628,-118.300406,178.36376953125,False,cfwarren3,https://www.mapillary.com/app/?pKey=1541320016225984,CC BY-SA 4.0,3,254,1,unknown,MOST,0.827
koreatown/1116436912194316_0,koreatown,crops/koreatown/1116436912194316_0.jpg,1116436912194316,2020-01-18T20:33:30.273000+00:00,2020,34.062859,-118.296691,185.25909423828,False,cfwarren3,https://www.mapillary.com/app/?pKey=1116436912194316,CC BY-SA 4.0,1,234,1,unknown,E,0.94
koreatown/909807399861543_0,koreatown,crops/koreatown/909807399861543_0.jpg,909807399861543,2017-08-04T08:43:41+00:00,2017,34.057038055556,-118.29168305556,181.66509208208,False,mly_la,https://www.mapillary.com/app/?pKey=909807399861543,CC BY-SA 4.0,1,226,1,unknown,HECTOR | ACOSTA | EL TORITO | DOM20 AGOSTO | LYNWOODPARK | 213-999-9226,0.98
koreatown/1138015373299769_0,koreatown,crops/koreatown/1138015373299769_0.jpg,1138015373299769,2016-10-19T18:19:17.597000+00:00,2016,34.053085764598,-118.30011832074,352.81824628864,False,jopparn,https://www.mapillary.com/app/?pKey=1138015373299769,CC BY-SA 4.0,1,226,1,unknown,FESTIVAL | DON.28deAGO. | Lynwood Park | 213-233-9491,0.982
koreatown/170262561668908_0,koreatown,crops/koreatown/170262561668908_0.jpg,170262561668908,2017-08-04T08:27:36+00:00,2017,34.065069722222,-118.29176805556,270.87889379253,False,mly_la,https://www.mapillary.com/app/?pKey=170262561668908,CC BY-SA 4.0,1,259,1,parking,TOVI-AWAY | osen | NOSIIE,0.79
koreatown/537114717661330_0,koreatown,crops/koreatown/537114717661330_0.jpg,537114717661330,2019-12-21T19:18:44.197000+00:00,2019,34.063571,-118.298763,272.03338623047,False,mikaeljudah,https://www.mapillary.com/app/?pKey=537114717661330,CC BY-SA 4.0,1,230,1,parking,TOW-AWAY | NO STOPPING | 7AM9 | 9AM | 4PM | 7PM,0.948
koreatown/3887087364659937_0,koreatown,crops/koreatown/3887087364659937_0.jpg,3887087364659937,2020-01-24T22:33:31.741000+00:00,2020,34.069409814959,-118.30165200863,358.69989013672,False,turne514,https://www.mapillary.com/app/?pKey=3887087364659937,CC BY-SA 4.0,2,248,1,parking,NOPARKING | 6r8Am | PARKING | 8AM=6PM,0.836
koreatown/330734295063510_0,koreatown,crops/koreatown/330734295063510_0.jpg,330734295063510,2020-01-18T23:01:37.127000+00:00,2020,34.063572,-118.292802,83.737487792969,False,cfwarren3,https://www.mapillary.com/app/?pKey=330734295063510,CC BY-SA 4.0,2,230,2,parking,TOW-AWAY | NO STOPPING | 7AM-9AM | 4P-7p | NO PARKING | ANY TIME,0.942
koreatown/854870125386257_0,koreatown,crops/koreatown/854870125386257_0.jpg,854870125386257,2017-07-14T08:14:06+00:00,2017,34.065008055556,-118.29173305556,267.21020751656,False,mly_la,https://www.mapillary.com/app/?pKey=854870125386257,CC BY-SA 4.0,2,252,1,parking,OLICK | NO STOPPING | -AWAY | KY6CK | 4PH=7PM,0.81
koreatown/870662363488646_0,koreatown,crops/koreatown/870662363488646_0.jpg,870662363488646,2020-01-18T23:59:27.192000+00:00,2020,34.069144,-118.291128,271.51983642578,False,cfwarren3,https://www.mapillary.com/app/?pKey=870662363488646,CC BY-SA 4.0,1,222,3,unknown,GRUPO | VIE14 FEB. | 213-321-7260,0.977
koreatown/199714395177630_0,koreatown,crops/koreatown/199714395177630_0.jpg,199714395177630,2020-01-18T19:05:30.354000+00:00,2020,34.06824,-118.291636,0.9305419921875,False,cfwarren3,https://www.mapillary.com/app/?pKey=199714395177630,CC BY-SA 4.0,1,224,1,parking,TOW-AWAY | NOSTOPPING | 7 | 9AM | 4 | 2M | NO PARKING | ANY,0.962
koreatown/320220149468236_0,koreatown,crops/koreatown/320220149468236_0.jpg,320220149468236,2020-01-25T19:23:52.086000+00:00,2020,34.052535,-118.30641,91.819183349609,False,jennyluisa96,https://www.mapillary.com/app/?pKey=320220149468236,CC BY-SA 4.0,1,276,2,unknown,新 | K,0.679
koreatown/870766150170663_0,koreatown,crops/koreatown/870766150170663_0.jpg,870766150170663,2020-01-18T20:10:37.465000+00:00,2020,34.063614,-118.291977,267.72113037109,False,cfwarren3,https://www.mapillary.com/app/?pKey=870766150170663,CC BY-SA 4.0,1,218,1,unknown,OVER 6.000 LBS.,0.99
koreatown/3872937712742384_0,koreatown,crops/koreatown/3872937712742384_0.jpg,3872937712742384,2017-08-04T12:58:36+00:00,2017,34.057249722222,-118.29154305556,12.574092331193,False,mly_la,https://www.mapillary.com/app/?pKey=3872937712742384,CC BY-SA 4.0,1,219,3,parking,AOUR | 1 | PARKING | 8AM6PM,0.973
koreatown/479521243372054_0,koreatown,crops/koreatown/479521243372054_0.jpg,479521243372054,2020-01-18T20:13:20.462000+00:00,2020,34.063628412659,-118.30035030554,340.07788085938,False,cfwarren3,https://www.mapillary.com/app/?pKey=479521243372054,CC BY-SA 4.0,2,244,1,parking,NO STOPPNG | 4pM=7PM | 2PARXING | 8m=4m,0.818
koreatown/467282222318321_0,koreatown,crops/koreatown/467282222318321_0.jpg,467282222318321,2024-04-17T21:51:02.627000+00:00,2024,34.052589359948,-118.29297716448,81.312389933916,False,dan613,https://www.mapillary.com/app/?pKey=467282222318321,CC BY-SA 4.0,1,230,1,parking,TOW-AWAY | OSTOPING | ANY TIME,0.882
koreatown/472601713796504_0,koreatown,crops/koreatown/472601713796504_0.jpg,472601713796504,2019-12-16T23:02:08.170000+00:00,2019,34.061668,-118.309929,62.270416259766,False,mikaeljudah,https://www.mapillary.com/app/?pKey=472601713796504,CC BY-SA 4.0,1,213,1,parking,PARKING | 9AM4PM,0.975
koreatown/590575981847116_0,koreatown,crops/koreatown/590575981847116_0.jpg,590575981847116,2020-01-18T19:04:53.380000+00:00,2020,34.068041,-118.291635,356.97332763672,False,cfwarren3,https://www.mapillary.com/app/?pKey=590575981847116,CC BY-SA 4.0,1,210,1,parking,TOW-AWAY | NO | STOPPING | 7AM | 9AM | 4PM | 7PM | PARKING | 4PM,0.99
koreatown/3083665135200601_0,koreatown,crops/koreatown/3083665135200601_0.jpg,3083665135200601,2016-10-19T20:26:39.442000+00:00,2016,34.0670417327,-118.30887882074,274.27496197054,False,jopparn,https://www.mapillary.com/app/?pKey=3083665135200601,CC BY-SA 4.0,1,216,1,parking,DASHI | WIL | SHIRE | STOPI 2524,0.949
koreatown/199024465376278_0,koreatown,crops/koreatown/199024465376278_0.jpg,199024465376278,2020-01-20T20:54:52.107000+00:00,2020,34.068923,-118.302075,89.286956787109,False,cfwarren3,https://www.mapillary.com/app/?pKey=199024465376278,CC BY-SA 4.0,1,213,1,parking,AOUR | PARKING | 8AM 6PM,0.957
koreatown/160620279322065_0,koreatown,crops/koreatown/160620279322065_0.jpg,160620279322065,2016-10-19T18:32:27.611000+00:00,2016,34.063680005047,-118.30292364364,192.52049078738,False,jopparn,https://www.mapillary.com/app/?pKey=160620279322065,CC BY-SA 4.0,1,230,1,parking,104M | 4HOUR | PARKING | 82K61m,0.837
koreatown/497921688220978_1,koreatown,crops/koreatown/497921688220978_1.jpg,497921688220978,2020-02-12T01:39:28.146000+00:00,2020,34.061670424448,-118.30773655336,90.960896864826,False,cfwarren3,https://www.mapillary.com/app/?pKey=497921688220978,CC BY-SA 4.0,1,246,3,unknown,童,0.745
koreatown/515050999508217_1,koreatown,crops/koreatown/515050999508217_1.jpg,515050999508217,2019-12-21T19:07:21.173000+00:00,2019,34.061786,-118.295561,89.999969482422,False,mikaeljudah,https://www.mapillary.com/app/?pKey=515050999508217,CC BY-SA 4.0,2,219,1,parking,TOW-AWAY | NO STOPPING | 7AM-9AM | 4=7 | PARKING | 47m,0.882
koreatown/1958567070961534_0,koreatown,crops/koreatown/1958567070961534_0.jpg,1958567070961534,2017-08-04T08:27:24+00:00,2017,34.066395,-118.29175805556,180.0,False,mly_la,https://www.mapillary.com/app/?pKey=1958567070961534,CC BY-SA 4.0,3,233,1,parking,TOW-AWAY | POPRPNG | 4PH,0.792
koreatown/1344459366243807_0,koreatown,crops/koreatown/1344459366243807_0.jpg,1344459366243807,2024-03-27T18:43:31.181000+00:00,2024,34.057851224725,-118.29148960864,23.132146988731,False,dan613,https://www.mapillary.com/app/?pKey=1344459366243807,CC BY-SA 4.0,1,599,1,unknown,,0.0
koreatown/817765506855515_0,koreatown,crops/koreatown/817765506855515_0.jpg,817765506855515,2024-03-27T18:41:44.521000+00:00,2024,34.057652436517,-118.29038779307,278.93535736426,False,dan613,https://www.mapillary.com/app/?pKey=817765506855515,CC BY-SA 4.0,1,204,4,parking,5 | PARKING | ONLY,0.962
koreatown/2855552834699559_0,koreatown,crops/koreatown/2855552834699559_0.jpg,2855552834699559,2016-10-19T18:20:35.616000+00:00,2016,34.057096534591,-118.30089429566,8.7003125490439,False,jopparn,https://www.mapillary.com/app/?pKey=2855552834699559,CC BY-SA 4.0,2,226,1,parking,NODNG | AWAY | 9LM | 2 | REING | 9AM | 61m,0.816
koreatown/295408585382300_0,koreatown,crops/koreatown/295408585382300_0.jpg,295408585382300,2020-01-20T20:58:34.131000+00:00,2020,34.061762,-118.300829,272.52868652344,False,cfwarren3,https://www.mapillary.com/app/?pKey=295408585382300,CC BY-SA 4.0,2,232,1,parking,9AM=4PM,0.782
koreatown/137299408383852_0,koreatown,crops/koreatown/137299408383852_0.jpg,137299408383852,2020-01-24T00:34:24.298000+00:00,2020,34.057694,-118.307094,270.0,False,turne514,https://www.mapillary.com/app/?pKey=137299408383852,CC BY-SA 4.0,1,250,1,parking,KOSOPPING,0.687
koreatown/347720664963748_0,koreatown,crops/koreatown/347720664963748_0.jpg,347720664963748,2024-04-17T21:45:01.908000+00:00,2024,34.052565792511,-118.29695331016,259.7700068837,False,dan613,https://www.mapillary.com/app/?pKey=347720664963748,CC BY-SA 4.0,1,242,1,unknown,51,0.719
koreatown/294459275494420_0,koreatown,crops/koreatown/294459275494420_0.jpg,294459275494420,2020-01-20T23:58:33.171000+00:00,2020,34.052581,-118.303571,89.418853759766,False,cfwarren3,https://www.mapillary.com/app/?pKey=294459275494420,CC BY-SA 4.0,1,197,1,parking,ANTI-GRIDLOCK | TOW-AWAY | NO STOPPING | 10AM | 7AM | 7PM | 3PM,0.99
koreatown/442531518432100_0,koreatown,crops/koreatown/442531518432100_0.jpg,442531518432100,2024-04-17T21:44:17.920000+00:00,2024,34.052564356004,-118.29743504331,80.901887264185,False,dan613,https://www.mapillary.com/app/?pKey=442531518432100,CC BY-SA 4.0,1,212,2,parking,VCE9Y | TOW·AWAY | NOSTOPPING | 710AM. | 37PM,0.886
koreatown/178217594178443_0,koreatown,crops/koreatown/178217594178443_0.jpg,178217594178443,2020-01-24T00:46:24.293000+00:00,2020,34.063538749087,-118.30902661056,359.08728027344,False,turne514,https://www.mapillary.com/app/?pKey=178217594178443,CC BY-SA 4.0,1,208,24,parking,7AM=7PM | CKCEPTSAT AND OUN,0.909
koreatown/3783478601761010_0,koreatown,crops/koreatown/3783478601761010_0.jpg,3783478601761010,2020-01-24T21:46:07.218000+00:00,2020,34.064453,-118.300407,176.42242431641,False,turne514,https://www.mapillary.com/app/?pKey=3783478601761010,CC BY-SA 4.0,5,585,1,unknown,,0.0
koreatown/295836642029346_0,koreatown,crops/koreatown/295836642029346_0.jpg,295836642029346,2020-01-20T20:58:44.135000+00:00,2020,34.061756,-118.301782,268.24963378906,False,cfwarren3,https://www.mapillary.com/app/?pKey=295836642029346,CC BY-SA 4.0,1,205,1,parking,ZONE | TOW-AWAY | NOSTOPPING | 9859 | 4-7m | HOUR | 9AM4PM,0.922
koreatown/451028230826358_0,koreatown,crops/koreatown/451028230826358_0.jpg,451028230826358,2024-04-17T21:35:17.554000+00:00,2024,34.052775421911,-118.29624797438,270.91719969927,False,dan613,https://www.mapillary.com/app/?pKey=451028230826358,CC BY-SA 4.0,1,193,3,unknown,HEAD,1.0
koreatown/977512633041130_0,koreatown,crops/koreatown/977512633041130_0.jpg,977512633041130,2020-01-25T00:28:06.253000+00:00,2020,34.063628,-118.297818,96.169738769531,False,turne514,https://www.mapillary.com/app/?pKey=977512633041130,CC BY-SA 4.0,1,195,2,unknown,Marlbora | 807,0.987
koreatown/2518197205141683_0,koreatown,crops/koreatown/2518197205141683_0.jpg,2518197205141683,2020-01-20T20:55:45.101000+00:00,2020,34.068938,-118.300518,113.87606811523,False,cfwarren3,https://www.mapillary.com/app/?pKey=2518197205141683,CC BY-SA 4.0,1,192,2,parking,7AM=7PM,0.996
koreatown/223857155762410_0,koreatown,crops/koreatown/223857155762410_0.jpg,223857155762410,2020-01-18T19:02:14.187000+00:00,2020,34.063997,-118.291585,358.26403808594,False,cfwarren3,https://www.mapillary.com/app/?pKey=223857155762410,CC BY-SA 4.0,1,222,1,parking,4MARKING,0.791
koreatown/471788810720461_0,koreatown,crops/koreatown/471788810720461_0.jpg,471788810720461,2017-07-17T07:29:09+00:00,2017,34.061236388889,-118.29172638889,269.44290311642,False,mly_la,https://www.mapillary.com/app/?pKey=471788810720461,CC BY-SA 4.0,1,194,1,unknown,P | P | PUBLIC PUBLIC | LY,0.977
koreatown/1537672749905364_0,koreatown,crops/koreatown/1537672749905364_0.jpg,1537672749905364,2017-08-04T12:57:55+00:00,2017,34.056358055556,-118.29155,178.95913248736,False,mly_la,https://www.mapillary.com/app/?pKey=1537672749905364,CC BY-SA 4.0,1,192,1,parking,ROUR | PARKING | 8AM6PM,0.987
koreatown/313370293489792_0,koreatown,crops/koreatown/313370293489792_0.jpg,313370293489792,2017-07-17T07:29:08+00:00,2017,34.06135,-118.29173,268.49164661908,False,mly_la,https://www.mapillary.com/app/?pKey=313370293489792,CC BY-SA 4.0,1,193,1,parking,P | P | PUBLIC PUBLIC | PARKINGPARKING,0.977
koreatown/134286618724745_0,koreatown,crops/koreatown/134286618724745_0.jpg,134286618724745,2017-08-10T07:48:25+00:00,2017,34.06304,-118.30790638889,271.0994429772,False,mly_la,https://www.mapillary.com/app/?pKey=134286618724745,CC BY-SA 4.0,1,194,1,parking,P | solair | RETALPARNNGA | PUBLIC | PARKING,0.949
koreatown/298087145312189_0,koreatown,crops/koreatown/298087145312189_0.jpg,298087145312189,2016-10-19T18:50:56.844000+00:00,2016,34.061789283225,-118.30495187391,273.27754527481,False,jopparn,https://www.mapillary.com/app/?pKey=298087145312189,CC BY-SA 4.0,1,193,1,parking,V-AWAY | STOPPING | 9 AM. | PM,0.95
koreatown/517514292758819_0,koreatown,crops/koreatown/517514292758819_0.jpg,517514292758819,2020-01-17T22:22:06.142000+00:00,2020,34.055344,-118.291728,180.0,False,cfwarren3,https://www.mapillary.com/app/?pKey=517514292758819,CC BY-SA 4.0,1,191,1,parking,HOURS | PARKING | 8AM6PM,0.964
koreatown/773780449993500_0,koreatown,crops/koreatown/773780449993500_0.jpg,773780449993500,2020-01-17T23:42:23.121000+00:00,2020,34.052397,-118.290281,87.566436767578,False,cfwarren3,https://www.mapillary.com/app/?pKey=773780449993500,CC BY-SA 4.0,1,220,1,unknown,盟,0.751
koreatown/1470438313297293_0,koreatown,crops/koreatown/1470438313297293_0.jpg,1470438313297293,2020-01-24T23:01:42.228000+00:00,2020,34.059736,-118.304184,357.03594970703,False,turne514,https://www.mapillary.com/app/?pKey=1470438313297293,CC BY-SA 4.0,1,193,1,parking,2HOUR | PARKING,0.92
koreatown/945757755965034_0,koreatown,crops/koreatown/945757755965034_0.jpg,945757755965034,2020-01-18T20:11:32.114000+00:00,2020,34.063625,-118.293474,269.26428222656,False,cfwarren3,https://www.mapillary.com/app/?pKey=945757755965034,CC BY-SA 4.0,1,185,1,parking,TOW | STOPPING | AM | 4PM,0.977
koreatown/157765299681735_0,koreatown,crops/koreatown/157765299681735_0.jpg,157765299681735,2020-01-18T21:35:28.261000+00:00,2020,34.069109,-118.290858,268.8076171875,False,cfwarren3,https://www.mapillary.com/app/?pKey=157765299681735,CC BY-SA 4.0,1,191,1,parking,TOW-AWAY | NOSTOPPING | 4PM | RPARKIPO,0.928
koreatown/311019533800275_0,koreatown,crops/koreatown/311019533800275_0.jpg,311019533800275,2020-01-24T00:47:03.338000+00:00,2020,34.067084,-118.309078,2.4119262695312,False,turne514,https://www.mapillary.com/app/?pKey=311019533800275,CC BY-SA 4.0,1,184,3,parking,11PM6AM | NIGHTLY,0.985
koreatown/2922818737991581_0,koreatown,crops/koreatown/2922818737991581_0.jpg,2922818737991581,2020-01-20T19:47:27.177000+00:00,2020,34.063595,-118.307449,270.83325195312,False,cfwarren3,https://www.mapillary.com/app/?pKey=2922818737991581,CC BY-SA 4.0,1,199,1,parking,TOW-AWAY | NOSTOPPING | 7AM | NY6 | 4pu=7pm | PARKING | 9AM=4PM,0.865
koreatown/453311663759158_0,koreatown,crops/koreatown/453311663759158_0.jpg,453311663759158,2024-04-17T21:48:55.724000+00:00,2024,34.052585556843,-118.29438994274,88.499429517025,False,dan613,https://www.mapillary.com/app/?pKey=453311663759158,CC BY-SA 4.0,2,190,2,parking,OWANAY | STOPPING | 10AM.,0.932
koreatown/518057885875388_0,koreatown,crops/koreatown/518057885875388_0.jpg,518057885875388,2016-09-03T21:47:02+00:00,2016,34.063598422942,-118.29669032959,91.937085437065,True,gyllen,https://www.mapillary.com/app/?pKey=518057885875388,CC BY-SA 4.0,1,243,1,unknown,鲜,0.615
koreatown/535292954521037_0,koreatown,crops/koreatown/535292954521037_0.jpg,535292954521037,2017-08-04T08:44:02+00:00,2017,34.055058055556,-118.2917,270.0,False,mly_la,https://www.mapillary.com/app/?pKey=535292954521037,CC BY-SA 4.0,1,187,1,parking,1 | AOUR | PARKING | 8AM²6PM,0.948
koreatown/4151383051548783_0,koreatown,crops/koreatown/4151383051548783_0.jpg,4151383051548783,2017-08-04T08:43:22+00:00,2017,34.058511388889,-118.29171972222,267.00477618935,False,mly_la,https://www.mapillary.com/app/?pKey=4151383051548783,CC BY-SA 4.0,1,192,1,unknown,ENVIOS DE DINERO | MEXICO | 17 | 726,0.901
koreatown/441287581886577_0,koreatown,crops/koreatown/441287581886577_0.jpg,441287581886577,2024-04-17T21:34:41.747000+00:00,2024,34.052795596683,-118.29590593362,343.54847406493,False,dan613,https://www.mapillary.com/app/?pKey=441287581886577,CC BY-SA 4.0,1,221,2,unknown,图,0.717
koreatown/459671698461075_0,koreatown,crops/koreatown/459671698461075_0.jpg,459671698461075,2019-12-21T20:25:04.206000+00:00,2019,34.069036,-118.305631,267.94641113281,False,mikaeljudah,https://www.mapillary.com/app/?pKey=459671698461075,CC BY-SA 4.0,1,184,1,parking,AOUR | PARKING | 8AM-6PM,0.962
koreatown/803665763893616_0,koreatown,crops/koreatown/803665763893616_0.jpg,803665763893616,2020-01-17T23:26:49.066000+00:00,2020,34.061837,-118.297069,260.89666748047,False,cfwarren3,https://www.mapillary.com/app/?pKey=803665763893616,CC BY-SA 4.0,2,203,1,parking,PARING,0.815
koreatown/229292662327358_0,koreatown,crops/koreatown/229292662327358_0.jpg,229292662327358,2017-08-04T08:27:39+00:00,2017,34.06482,-118.29175638889,180.0,False,mly_la,https://www.mapillary.com/app/?pKey=229292662327358,CC BY-SA 4.0,1,190,1,parking,KIPLOCK | TOW-ANAY,0.901
koreatown/1086220768567428_0,koreatown,crops/koreatown/1086220768567428_0.jpg,1086220768567428,2020-01-20T19:46:20.913000+00:00,2020,34.063650732582,-118.30036738607,326.46624755859,False,cfwarren3,https://www.mapillary.com/app/?pKey=1086220768567428,CC BY-SA 4.0,1,179,1,parking,4PM7PM,0.986
koreatown/1099359893806032_1,koreatown,crops/koreatown/1099359893806032_1.jpg,1099359893806032,2020-01-24T21:46:16.210000+00:00,2020,34.063567,-118.300432,176.73010253906,False,turne514,https://www.mapillary.com/app/?pKey=1099359893806032,CC BY-SA 4.0,1,181,1,parking,4PM=7PM | EXCERT SATAND SUN,0.954
koreatown/564392097876867_0,koreatown,crops/koreatown/564392097876867_0.jpg,564392097876867,2017-08-04T12:58:46+00:00,2017,34.057708055556,-118.29142638889,171.20331875711,False,mly_la,https://www.mapillary.com/app/?pKey=564392097876867,CC BY-SA 4.0,1,186,3,parking,AOUR | PARKING | 8AM-6PM,0.902
koreatown/208308084231487_0,koreatown,crops/koreatown/208308084231487_0.jpg,208308084231487,2017-08-04T09:43:59+00:00,2017,34.055398055556,-118.291705,268.16401475293,False,mly_la,https://www.mapillary.com/app/?pKey=208308084231487,CC BY-SA 4.0,1,180,1,unknown,豆可 | Thom | AU | BO,0.942
koreatown/311236953732853_0,koreatown,crops/koreatown/311236953732853_0.jpg,311236953732853,2020-01-20T19:37:30.205000+00:00,2020,34.059679,-118.308267,90.875335693359,False,cfwarren3,https://www.mapillary.com/app/?pKey=311236953732853,CC BY-SA 4.0,1,173,1,parking,IPM | 10AM,0.989
koreatown/557612341875347_0,koreatown,crops/koreatown/557612341875347_0.jpg,557612341875347,2017-07-14T08:18:29+00:00,2017,34.055788055556,-118.29171472222,272.69342533396,False,mly_la,https://www.mapillary.com/app/?pKey=557612341875347,CC BY-SA 4.0,1,173,1,unknown,D | AN | BBQ,0.985
koreatown/302195664895450_0,koreatown,crops/koreatown/302195664895450_0.jpg,302195664895450,2016-10-19T18:53:16.339000+00:00,2016,34.061709371784,-118.30698846607,307.15848821578,False,jopparn,https://www.mapillary.com/app/?pKey=302195664895450,CC BY-SA 4.0,1,198,1,parking,15 | PARKING | 84=6PM,0.796
koreatown/662233071275516_0,koreatown,crops/koreatown/662233071275516_0.jpg,662233071275516,2019-12-21T20:24:12.214000+00:00,2019,34.069072,-118.301796,269.24822998047,False,mikaeljudah,https://www.mapillary.com/app/?pKey=662233071275516,CC BY-SA 4.0,1,178,1,parking,1 | AOUR | PARKING | 8AM=6PM,0.94
koreatown/3985858851522028_0,koreatown,crops/koreatown/3985858851522028_0.jpg,3985858851522028,2020-01-20T20:58:43.116000+00:00,2020,34.061754,-118.301713,272.00390625,False,cfwarren3,https://www.mapillary.com/app/?pKey=3985858851522028,CC BY-SA 4.0,2,185,1,parking,OR-AWAY | NOSTOPPING | PARKONG | 9Ax4PM,0.875
koreatown/293587835806392_0,koreatown,crops/koreatown/293587835806392_0.jpg,293587835806392,2017-08-04T12:53:27+00:00,2017,34.052541388889,-118.30336638889,178.80440013763,False,mly_la,https://www.mapillary.com/app/?pKey=293587835806392,CC BY-SA 4.0,1,177,1,parking,ANTI-GRID | DLOCK | ZON | TOW-AWAY | NO STOPPING | 7 | AM | 10AM | 3PM | 7PM,0.943
koreatown/1163268404100860_0,koreatown,crops/koreatown/1163268404100860_0.jpg,1163268404100860,2017-08-10T07:47:02+00:00,2017,34.067176388889,-118.30821472222,89.999978525534,False,mly_la,https://www.mapillary.com/app/?pKey=1163268404100860,CC BY-SA 4.0,1,177,1,parking,PARKING | 8AM | 10,0.937
koreatown/293978965545006_0,koreatown,crops/koreatown/293978965545006_0.jpg,293978965545006,2017-07-17T07:25:13+00:00,2017,34.069446388889,-118.29177972222,180.0,False,mly_la,https://www.mapillary.com/app/?pKey=293978965545006,CC BY-SA 4.0,2,174,1,unknown,201 | GO,0.951
koreatown/191871796106047_0,koreatown,crops/koreatown/191871796106047_0.jpg,191871796106047,2016-10-19T18:22:17.598000+00:00,2016,34.060535422053,-118.30092308906,12.918616787092,False,jopparn,https://www.mapillary.com/app/?pKey=191871796106047,CC BY-SA 4.0,2,185,1,parking,OW-AWAY | NOSTOPPNG | NO PARTA,0.856
koreatown/1197388257354272_0,koreatown,crops/koreatown/1197388257354272_0.jpg,1197388257354272,2020-01-18T20:31:26.521000+00:00,2020,34.068177,-118.2967,180.44775390625,False,cfwarren3,https://www.mapillary.com/app/?pKey=1197388257354272,CC BY-SA 4.0,1,169,1,parking,NOW LEASING | 213385-6046,0.983
koreatown/208308084231487_1,koreatown,crops/koreatown/208308084231487_1.jpg,208308084231487,2017-08-04T09:43:59+00:00,2017,34.055398055556,-118.291705,268.16401475293,False,mly_la,https://www.mapillary.com/app/?pKey=208308084231487,CC BY-SA 4.0,1,171,1,unknown,一,0.967
koreatown/1099359893806032_0,koreatown,crops/koreatown/1099359893806032_0.jpg,1099359893806032,2020-01-24T21:46:16.210000+00:00,2020,34.063567,-118.300432,176.73010253906,False,turne514,https://www.mapillary.com/app/?pKey=1099359893806032,CC BY-SA 4.0,1,192,1,parking,4PM107PM | EXCEPT SAT & SUN | RAMSIT SUSES DTN,0.801
koreatown/826577264956143_0,koreatown,crops/koreatown/826577264956143_0.jpg,826577264956143,2017-08-10T07:48:21+00:00,2017,34.063356388889,-118.30791472222,267.15444526605,False,mly_la,https://www.mapillary.com/app/?pKey=826577264956143,CC BY-SA 4.0,1,167,1,parking,TOW-AWAY | TEMP | NOPARKING | 6PM | 6AM | XCEPT SUNDAY,0.989
koreatown/313830890281033_0,koreatown,crops/koreatown/313830890281033_0.jpg,313830890281033,2020-01-24T00:56:21.148000+00:00,2020,34.063475,-118.309685,93.369873046875,False,cfwarren3,https://www.mapillary.com/app/?pKey=313830890281033,CC BY-SA 4.0,1,173,2,parking,"PARKING | 8AM""6PM | M | KIC",0.934
koreatown/513681109663578_0,koreatown,crops/koreatown/513681109663578_0.jpg,513681109663578,2017-08-04T08:43:44+00:00,2017,34.056751388889,-118.29168805556,179.17927256374,False,mly_la,https://www.mapillary.com/app/?pKey=513681109663578,CC BY-SA 4.0,1,167,2,parking,ROUR | PARKING | 8AM6PM,0.988
koreatown/472549380741163_0,koreatown,crops/koreatown/472549380741163_0.jpg,472549380741163,2020-01-25T00:00:21.178000+00:00,2020,34.065413,-118.309164,178.38232421875,False,turne514,https://www.mapillary.com/app/?pKey=472549380741163,CC BY-SA 4.0,1,168,1,parking,11PM=6AM | NIGHTLY,0.974
koreatown/503140404457126_0,koreatown,crops/koreatown/503140404457126_0.jpg,503140404457126,2016-09-03T13:45:22+00:00,2016,34.063536388889,-118.30325638889,172.49808753501,False,gyllen,https://www.mapillary.com/app/?pKey=503140404457126,CC BY-SA 4.0,1,175,2,parking,TOW-AWAY | NO STOPPING | 7-M | 4PM-7PM | NO | PARKING | ANY TIME,0.911
koreatown/1669833199867151_0,koreatown,crops/koreatown/1669833199867151_0.jpg,1669833199867151,2017-08-04T08:44:21+00:00,2017,34.054775,-118.29171472222,270.0,False,mly_la,https://www.mapillary.com/app/?pKey=1669833199867151,CC BY-SA 4.0,1,172,1,parking,AOUR | PARKING | 8AM=6PM,0.928
koreatown/522365168934478_0,koreatown,crops/koreatown/522365168934478_0.jpg,522365168934478,2020-01-20T22:40:47.105000+00:00,2020,34.069259,-118.301682,357.84368896484,False,cfwarren3,https://www.mapillary.com/app/?pKey=522365168934478,CC BY-SA 4.0,1,173,1,parking,NO PARKING | PARNING,0.919
koreatown/370233927741381_0,koreatown,crops/koreatown/370233927741381_0.jpg,370233927741381,2020-01-23T23:42:12.258000+00:00,2020,34.063499,-118.3053,89.999969482422,False,turne514,https://www.mapillary.com/app/?pKey=370233927741381,CC BY-SA 4.0,1,165,1,parking,TOW | AWAY | NO | STOPPING | 9AM | NO | PARKING,0.97
koreatown/3880659035362561_0,koreatown,crops/koreatown/3880659035362561_0.jpg,3880659035362561,2017-08-04T08:43:57+00:00,2017,34.055486388889,-118.29169805556,176.72040318105,False,mly_la,https://www.mapillary.com/app/?pKey=3880659035362561,CC BY-SA 4.0,1,165,2,parking,AOUR | 1 | PARKING | 8AM6PM,0.965
koreatown/158470796214951_0,koreatown,crops/koreatown/158470796214951_0.jpg,158470796214951,2017-07-19T16:16:21+00:00,2017,34.069601388889,-118.30914638889,268.30544336813,False,mly_la,https://www.mapillary.com/app/?pKey=158470796214951,CC BY-SA 4.0,2,185,1,unknown,CUN | Y(inn | M21 | -448,0.801
koreatown/474944340230818_0,koreatown,crops/koreatown/474944340230818_0.jpg,474944340230818,2020-01-23T23:44:57.164000+00:00,2020,34.064291,-118.304134,359.01123046875,False,cfwarren3,https://www.mapillary.com/app/?pKey=474944340230818,CC BY-SA 4.0,1,163,1,parking,R | 10AM | 8AM,0.976
koreatown/1992109660941181_0,koreatown,crops/koreatown/1992109660941181_0.jpg,1992109660941181,2018-12-28T21:44:25.819000+00:00,2018,34.05777753961,-118.29346323608,271.55493164062,False,lvl5,https://www.mapillary.com/app/?pKey=1992109660941181,CC BY-SA 4.0,1,162,1,unknown,EL | GER,0.978
koreatown/291725262687285_0,koreatown,crops/koreatown/291725262687285_0.jpg,291725262687285,2018-12-28T22:21:22.473000+00:00,2018,34.059737683712,-118.30838818926,271.84963989258,False,lvl5,https://www.mapillary.com/app/?pKey=291725262687285,CC BY-SA 4.0,2,170,2,parking,1OAM | 10 HOUR | PARKING,0.909
koreatown/190992006181625_0,koreatown,crops/koreatown/190992006181625_0.jpg,190992006181625,2016-09-03T13:43:53+00:00,2016,34.063516388889,-118.30993305556,88.523515932179,False,gyllen,https://www.mapillary.com/app/?pKey=190992006181625,CC BY-SA 4.0,2,160,2,parking,PUBLIC | PARKING,1.0
koreatown/335617224659511_0,koreatown,crops/koreatown/335617224659511_0.jpg,335617224659511,2020-01-23T23:20:01.168000+00:00,2020,34.053294,-118.309034,359.45440673828,False,cfwarren3,https://www.mapillary.com/app/?pKey=335617224659511,CC BY-SA 4.0,1,173,1,parking,HOUR | STKING | 8AM6PH,0.876
koreatown/127740756015603_0,koreatown,crops/koreatown/127740756015603_0.jpg,127740756015603,2017-08-04T09:27:53+00:00,2017,34.064228055556,-118.29198805556,86.399854613902,False,mly_la,https://www.mapillary.com/app/?pKey=127740756015603,CC BY-SA 4.0,1,161,8,parking,PARKING | PRIVATE PROPERTY,0.982
koreatown/219797469646671_0,koreatown,crops/koreatown/219797469646671_0.jpg,219797469646671,2018-12-28T22:21:28.686000+00:00,2018,34.059741309799,-118.30879588877,268.11654663086,False,lvl5,https://www.mapillary.com/app/?pKey=219797469646671,CC BY-SA 4.0,1,164,1,parking,10AM | 10HOUR | PARKING,0.947
koreatown/472786967269169_0,koreatown,crops/koreatown/472786967269169_0.jpg,472786967269169,2020-01-24T22:37:21.278000+00:00,2020,34.063459,-118.302911,179.22192382812,False,turne514,https://www.mapillary.com/app/?pKey=472786967269169,CC BY-SA 4.0,1,172,1,parking,R | 4ouk | FARKING,0.874
koreatown/470450947569146_0,koreatown,crops/koreatown/470450947569146_0.jpg,470450947569146,2020-01-20T20:53:59.156000+00:00,2020,34.068897,-118.309052,89.371185302734,False,cfwarren3,https://www.mapillary.com/app/?pKey=470450947569146,CC BY-SA 4.0,1,163,1,parking,AOUR | PARKING | 8AM 6PM,0.949
koreatown/479448976609379_0,koreatown,crops/koreatown/479448976609379_0.jpg,479448976609379,2020-01-24T23:35:21.228000+00:00,2020,34.058705,-118.307894,180.53332519531,False,turne514,https://www.mapillary.com/app/?pKey=479448976609379,CC BY-SA 4.0,1,160,1,parking,NO STOPPING | ANY TIME,0.971
koreatown/576748416644330_0,koreatown,crops/koreatown/576748416644330_0.jpg,576748416644330,2017-08-04T08:43:34+00:00,2017,34.057748055556,-118.29170972222,275.70992947293,False,mly_la,https://www.mapillary.com/app/?pKey=576748416644330,CC BY-SA 4.0,1,167,4,parking,7AM-7PM,0.903
koreatown/370127764417435_0,koreatown,crops/koreatown/370127764417435_0.jpg,370127764417435,2019-12-21T20:25:21.173000+00:00,2019,34.069037,-118.307241,258.98181152344,False,mikaeljudah,https://www.mapillary.com/app/?pKey=370127764417435,CC BY-SA 4.0,1,162,1,parking,AOUR | PARKING | 8AM6PM,0.95
koreatown/195368925605061_0,koreatown,crops/koreatown/195368925605061_0.jpg,195368925605061,2017-08-10T07:49:52+00:00,2017,34.059566388889,-118.30791805556,269.05074555028,False,mly_la,https://www.mapillary.com/app/?pKey=195368925605061,CC BY-SA 4.0,3,467,1,unknown,,0.0
koreatown/215749160359103_0,koreatown,crops/koreatown/215749160359103_0.jpg,215749160359103,2019-12-21T20:24:39.265000+00:00,2019,34.069078,-118.303214,270.00006103516,False,mikaeljudah,https://www.mapillary.com/app/?pKey=215749160359103,CC BY-SA 4.0,1,167,1,unknown,DASTI,0.871
koreatown/1099881297088398_0,koreatown,crops/koreatown/1099881297088398_0.jpg,1099881297088398,2017-08-10T07:47:52+00:00,2017,34.064798055556,-118.30791805556,267.84355836408,False,mly_la,https://www.mapillary.com/app/?pKey=1099881297088398,CC BY-SA 4.0,1,161,1,parking,R | 8AM 10AM,0.916
koreatown/2332888310189045_0,koreatown,crops/koreatown/2332888310189045_0.jpg,2332888310189045,2019-12-21T20:25:15.215000+00:00,2019,34.069044,-118.306805,270.0,False,mikaeljudah,https://www.mapillary.com/app/?pKey=2332888310189045,CC BY-SA 4.0,1,155,2,parking,PARKING | 8AM 6P,0.97
koreatown/2820492958205337_0,koreatown,crops/koreatown/2820492958205337_0.jpg,2820492958205337,2017-08-04T08:26:28+00:00,2017,34.069849722222,-118.29178638889,272.96368363782,False,mly_la,https://www.mapillary.com/app/?pKey=2820492958205337,CC BY-SA 4.0,1,158,1,parking,TOW-AWAY | SUNDAY ONLY,0.937
koreatown/499825767813050_0,koreatown,crops/koreatown/499825767813050_0.jpg,499825767813050,2017-08-04T12:57:56+00:00,2017,34.056431388889,-118.29153472222,357.51411614629,False,mly_la,https://www.mapillary.com/app/?pKey=499825767813050,CC BY-SA 4.0,1,159,1,parking,ROURL1 | PARKING | 8AM6PM,0.916
koreatown/483517399427050_0,koreatown,crops/koreatown/483517399427050_0.jpg,483517399427050,2020-01-25T00:00:04.156000+00:00,2020,34.067177,-118.309151,182.37176513672,False,turne514,https://www.mapillary.com/app/?pKey=483517399427050,CC BY-SA 4.0,1,176,3,parking,11PM=6AM | NICTLY,0.778
koreatown/913978309386959_0,koreatown,crops/koreatown/913978309386959_0.jpg,913978309386959,2020-01-17T23:26:15.067000+00:00,2020,34.061872,-118.294816,275.47235107422,False,cfwarren3,https://www.mapillary.com/app/?pKey=913978309386959,CC BY-SA 4.0,1,450,2,unknown,,0.0
koreatown/151574846938954_0,koreatown,crops/koreatown/151574846938954_0.jpg,151574846938954,2020-01-23T23:40:16.174000+00:00,2020,34.068974,-118.303805,88.404205322266,False,cfwarren3,https://www.mapillary.com/app/?pKey=151574846938954,CC BY-SA 4.0,1,165,2,parking,HOUR | 1 | PARKING | 8AM6PM,0.857
koreatown/1149422505539295_0,koreatown,crops/koreatown/1149422505539295_0.jpg,1149422505539295,2020-01-24T23:16:38.239000+00:00,2020,34.052997,-118.305214,34.955993652344,False,turne514,https://www.mapillary.com/app/?pKey=1149422505539295,CC BY-SA 4.0,1,165,1,unknown,P | TORES,0.855
koreatown/329164141957675_0,koreatown,crops/koreatown/329164141957675_0.jpg,329164141957675,2020-01-24T23:54:40.261000+00:00,2020,34.066815,-118.309104,358.66949462891,False,turne514,https://www.mapillary.com/app/?pKey=329164141957675,CC BY-SA 4.0,1,157,1,parking,11PM=6AM | NIGHTLY,0.919
koreatown/783361085899966_0,koreatown,crops/koreatown/783361085899966_0.jpg,783361085899966,2016-10-19T18:53:28.647000+00:00,2016,34.061777131949,-118.30719143329,290.01014042822,False,jopparn,https://www.mapillary.com/app/?pKey=783361085899966,CC BY-SA 4.0,1,161,3,parking,15 | MINUTE | PARKING | 81M1= 6FM,0.886
koreatown/950475579585275_0,koreatown,crops/koreatown/950475579585275_0.jpg,950475579585275,2024-03-27T18:53:16.619000+00:00,2024,34.058830464364,-118.29000045532,256.29606224439,False,dan613,https://www.mapillary.com/app/?pKey=950475579585275,CC BY-SA 4.0,1,171,1,unknown,V,0.802
koreatown/2247394748735968_0,koreatown,crops/koreatown/2247394748735968_0.jpg,2247394748735968,2017-08-10T07:51:18+00:00,2017,34.057634722222,-118.305695,183.52700012043,False,mly_la,https://www.mapillary.com/app/?pKey=2247394748735968,CC BY-SA 4.0,1,156,1,parking,AOUR | PARKING | 8AM=6PM,0.932
koreatown/216610643300971_0,koreatown,crops/koreatown/216610643300971_0.jpg,216610643300971,2017-08-04T08:26:27+00:00,2017,34.069884722222,-118.29178638889,270.0,False,mly_la,https://www.mapillary.com/app/?pKey=216610643300971,CC BY-SA 4.0,1,152,1,parking,TOW-AWAY | TEMPORARY | NOSTOPPING | 1lAM | MIDNIGHT | SUNDAY ONLY,0.958
koreatown/1408030416486075_0,koreatown,crops/koreatown/1408030416486075_0.jpg,1408030416486075,2024-03-27T18:45:42.085000+00:00,2024,34.057842354299,-118.2900458892,221.97655598319,False,dan613,https://www.mapillary.com/app/?pKey=1408030416486075,CC BY-SA 4.0,1,165,3,unknown,Rm CPA | CPA.ATTORNEY | (213)361-6000 | KEUM KYU KIM | ATTORNEY | 20309900,0.836
koreatown/308193154168063_1,koreatown,crops/koreatown/308193154168063_1.jpg,308193154168063,2020-01-18T23:59:28.187000+00:00,2020,34.069146,-118.291219,270.0,False,cfwarren3,https://www.mapillary.com/app/?pKey=308193154168063,CC BY-SA 4.0,1,161,1,unknown,CANINANTES | DESSESTIN NANIRIZ | SAB 15 FEB | 321-244-2510,0.87
koreatown/170543548307553_0,koreatown,crops/koreatown/170543548307553_0.jpg,170543548307553,2017-07-14T08:17:08+00:00,2017,34.06146,-118.29171472222,266.66890866215,False,mly_la,https://www.mapillary.com/app/?pKey=170543548307553,CC BY-SA 4.0,1,160,1,parking,PUBLIC PUBLIC | PARKINGPARKIING,0.873
koreatown/468269850917331_1,koreatown,crops/koreatown/468269850917331_1.jpg,468269850917331,2020-01-20T20:57:15.194000+00:00,2020,34.063647,-118.300415,178.36370849609,False,cfwarren3,https://www.mapillary.com/app/?pKey=468269850917331,CC BY-SA 4.0,1,181,5,parking,4PMW7PM,0.715
koreatown/3834667993312482_1,koreatown,crops/koreatown/3834667993312482_1.jpg,3834667993312482,2020-01-25T19:23:45.086000+00:00,2020,34.052562,-118.307112,92.094604492188,False,jennyluisa96,https://www.mapillary.com/app/?pKey=3834667993312482,CC BY-SA 4.0,1,147,1,parking,NOSTOPPING,0.991
koreatown/2891079714441094_0,koreatown,crops/koreatown/2891079714441094_0.jpg,2891079714441094,2020-01-17T22:08:41.303000+00:00,2020,34.068947,-118.295476,182.91821289062,False,cfwarren3,https://www.mapillary.com/app/?pKey=2891079714441094,CC BY-SA 4.0,1,159,1,unknown,OVER 6000 LBS,0.872
koreatown/536660351044064_0,koreatown,crops/koreatown/536660351044064_0.jpg,536660351044064,2019-12-21T19:20:32.167000+00:00,2019,34.063574,-118.305925,266.36474609375,False,mikaeljudah,https://www.mapillary.com/app/?pKey=536660351044064,CC BY-SA 4.0,1,188,1,parking,AS ON | PATAYA | PARNG,0.665
koreatown/288213419634877_0,koreatown,crops/koreatown/288213419634877_0.jpg,288213419634877,2019-12-21T20:24:42.228000+00:00,2019,34.069079,-118.303557,231.17291259766,False,mikaeljudah,https://www.mapillary.com/app/?pKey=288213419634877,CC BY-SA 4.0,1,147,1,parking,HOUR | PARKING | 8AM6PM,0.986
koreatown/288367556333424_0,koreatown,crops/koreatown/288367556333424_0.jpg,288367556333424,2020-01-18T19:04:47.388000+00:00,2020,34.06782,-118.291636,0.0,False,cfwarren3,https://www.mapillary.com/app/?pKey=288367556333424,CC BY-SA 4.0,1,145,1,parking,OPEN | 24 | HOURS,1.0
koreatown/807569836836187_0,koreatown,crops/koreatown/807569836836187_0.jpg,807569836836187,2020-01-23T23:24:17.124000+00:00,2020,34.053091,-118.308996,357.36462402344,False,cfwarren3,https://www.mapillary.com/app/?pKey=807569836836187,CC BY-SA 4.0,1,147,1,parking,HOUR,0.984
koreatown/1093433111943173_0,koreatown,crops/koreatown/1093433111943173_0.jpg,1093433111943173,2024-03-27T18:56:29.135000+00:00,2024,34.058661021538,-118.29139485666,84.709318193122,False,dan613,https://www.mapillary.com/app/?pKey=1093433111943173,CC BY-SA 4.0,1,433,1,unknown,,0.0
koreatown/470166837643246_0,koreatown,crops/koreatown/470166837643246_0.jpg,470166837643246,2016-10-19T18:53:15.339000+00:00,2016,34.061695773519,-118.30695333947,301.7171799948,False,jopparn,https://www.mapillary.com/app/?pKey=470166837643246,CC BY-SA 4.0,1,165,1,parking,15m | PARING | 6,0.808
koreatown/499159034591156_0,koreatown,crops/koreatown/499159034591156_0.jpg,499159034591156,2017-08-04T12:56:29+00:00,2017,34.055931388889,-118.29307305556,181.41105434669,False,mly_la,https://www.mapillary.com/app/?pKey=499159034591156,CC BY-SA 4.0,1,161,1,parking,NOPARKON | 6AM | 6PM,0.835
koreatown/419527932641829_0,koreatown,crops/koreatown/419527932641829_0.jpg,419527932641829,2016-10-19T21:36:03.425000+00:00,2016,34.061729614393,-118.30305141279,332.83879470825,False,jopparn,https://www.mapillary.com/app/?pKey=419527932641829,CC BY-SA 4.0,2,430,1,unknown,,0.0
koreatown/756943501639937_0,koreatown,crops/koreatown/756943501639937_0.jpg,756943501639937,2020-01-25T00:26:07.030000+00:00,2020,34.062535776851,-118.30034065179,356.8388671875,False,turne514,https://www.mapillary.com/app/?pKey=756943501639937,CC BY-SA 4.0,1,143,1,unknown,R,0.991
koreatown/2696730150618630_0,koreatown,crops/koreatown/2696730150618630_0.jpg,2696730150618630,2020-01-23T23:35:01.236000+00:00,2020,34.055148,-118.305321,0.52743530273438,False,cfwarren3,https://www.mapillary.com/app/?pKey=2696730150618630,CC BY-SA 4.0,1,157,1,unknown,R,0.857
koreatown/339128054298561_0,koreatown,crops/koreatown/339128054298561_0.jpg,339128054298561,2016-09-03T13:46:59+00:00,2016,34.063538055556,-118.29711,89.999962114877,False,gyllen,https://www.mapillary.com/app/?pKey=339128054298561,CC BY-SA 4.0,2,146,1,parking,TOW-AWAY | NO | STOPPING | 7AM-9AM | 4Px-7PM | NO | PARKING | ANY TIME,0.96
koreatown/552968225670418_0,koreatown,crops/koreatown/552968225670418_0.jpg,552968225670418,2017-08-10T07:46:53+00:00,2017,34.067141388889,-118.30897,170.48213175174,False,mly_la,https://www.mapillary.com/app/?pKey=552968225670418,CC BY-SA 4.0,1,148,1,parking,8AM10AM,0.929
koreatown/1401289266937346_0,koreatown,crops/koreatown/1401289266937346_0.jpg,1401289266937346,2017-08-10T07:50:59+00:00,2017,34.057623055556,-118.30761472222,178.49688545396,False,mly_la,https://www.mapillary.com/app/?pKey=1401289266937346,CC BY-SA 4.0,1,144,1,parking,AOUR | PARKING | 8AM 6PM,0.963
koreatown/175294091172233_0,koreatown,crops/koreatown/175294091172233_0.jpg,175294091172233,2020-02-12T01:41:23.105000+00:00,2020,34.061626168,-118.30413753178,92.942453571047,False,cfwarren3,https://www.mapillary.com/app/?pKey=175294091172233,CC BY-SA 4.0,1,199,1,unknown,B,0.56
koreatown/3571636143061021_0,koreatown,crops/koreatown/3571636143061021_0.jpg,3571636143061021,2017-08-04T09:27:49+00:00,2017,34.064138055556,-118.29183805556,1.4003810747454e-05,False,mly_la,https://www.mapillary.com/app/?pKey=3571636143061021,CC BY-SA 4.0,2,422,1,unknown,,0.0
koreatown/3005016056440115_0,koreatown,crops/koreatown/3005016056440115_0.jpg,3005016056440115,2020-01-18T19:50:17.165000+00:00,2020,34.05719,-118.291602,2.1566467285156,False,cfwarren3,https://www.mapillary.com/app/?pKey=3005016056440115,CC BY-SA 4.0,1,145,2,parking,ROUR | PARKING | 8AM 6PM,0.954
koreatown/607991913507875_0,koreatown,crops/koreatown/607991913507875_0.jpg,607991913507875,2016-10-19T21:39:31.745000+00:00,2016,34.05569483421,-118.30910475262,359.90148544312,False,jopparn,https://www.mapillary.com/app/?pKey=607991913507875,CC BY-SA 4.0,1,141,1,parking,ROUR | PARKING,0.992
koreatown/158357106234125_0,koreatown,crops/koreatown/158357106234125_0.jpg,158357106234125,2017-08-10T07:56:05+00:00,2017,34.052579722222,-118.293325,89.999972391361,False,mly_la,https://www.mapillary.com/app/?pKey=158357106234125,CC BY-SA 4.0,1,140,1,parking,TOW-AWAY | NOSTOPPING,0.999
koreatown/760986129432140_0,koreatown,crops/koreatown/760986129432140_0.jpg,760986129432140,2024-04-17T21:50:59.657000+00:00,2024,34.052588551248,-118.29301674989,82.10035720261,False,dan613,https://www.mapillary.com/app/?pKey=760986129432140,CC BY-SA 4.0,1,147,1,parking,STOPP | TIME,0.931
koreatown/459881841942009_0,koreatown,crops/koreatown/459881841942009_0.jpg,459881841942009,2017-08-04T09:27:48+00:00,2017,34.064161388889,-118.29180638889,318.34805302699,False,mly_la,https://www.mapillary.com/app/?pKey=459881841942009,CC BY-SA 4.0,3,420,1,unknown,,0.0
koreatown/450614190763632_0,koreatown,crops/koreatown/450614190763632_0.jpg,450614190763632,2024-03-27T18:41:39.462000+00:00,2024,34.057645921496,-118.29029910998,262.35086869948,False,dan613,https://www.mapillary.com/app/?pKey=450614190763632,CC BY-SA 4.0,1,145,1,parking,5 | FARKING | ONLY,0.946
koreatown/143659457740000_0,koreatown,crops/koreatown/143659457740000_0.jpg,143659457740000,2020-01-17T22:20:13.158000+00:00,2020,34.055891,-118.298653,89.999969482422,False,cfwarren3,https://www.mapillary.com/app/?pKey=143659457740000,CC BY-SA 4.0,1,168,1,unknown,R | I ,0.747
koreatown/794011754653530_0,koreatown,crops/koreatown/794011754653530_0.jpg,794011754653530,2020-01-17T21:52:37.325000+00:00,2020,34.069113,-118.296199,268.86627197266,False,cfwarren3,https://www.mapillary.com/app/?pKey=794011754653530,CC BY-SA 4.0,1,143,1,parking,AOUR | PARKING | 8AM=6PM,0.951
koreatown/1124894275602287_0,koreatown,crops/koreatown/1124894275602287_0.jpg,1124894275602287,2024-04-17T21:35:12.056000+00:00,2024,34.052776738057,-118.29615545484,268.90278729455,False,dan613,https://www.mapillary.com/app/?pKey=1124894275602287,CC BY-SA 4.0,2,139,3,unknown,AD | A,0.995
koreatown/313078870183753_0,koreatown,crops/koreatown/313078870183753_0.jpg,313078870183753,2017-08-10T07:45:52+00:00,2017,34.068719722222,-118.30917805556,271.00666491809,False,mly_la,https://www.mapillary.com/app/?pKey=313078870183753,CC BY-SA 4.0,1,144,2,unknown,Go Métro,0.936
koreatown/301147248346937_1,koreatown,crops/koreatown/301147248346937_1.jpg,301147248346937,2019-12-21T19:09:08.174000+00:00,2019,34.061803,-118.290787,89.999938964844,False,mikaeljudah,https://www.mapillary.com/app/?pKey=301147248346937,CC BY-SA 4.0,1,159,1,unknown,US | CROSSWALK,0.795
koreatown/642773590012078_0,koreatown,crops/koreatown/642773590012078_0.jpg,642773590012078,2020-01-17T23:07:14.110000+00:00,2020,34.056441,-118.291622,359.46667480469,False,cfwarren3,https://www.mapillary.com/app/?pKey=642773590012078,CC BY-SA 4.0,1,159,1,parking,TOW-AWAY | NOSTOR,0.79
koreatown/227554379130349_0,koreatown,crops/koreatown/227554379130349_0.jpg,227554379130349,2020-01-23T23:21:37.193000+00:00,2020,34.069121,-118.294277,268.65289306641,False,turne514,https://www.mapillary.com/app/?pKey=227554379130349,CC BY-SA 4.0,1,135,1,parking,PARKING,0.999
koreatown/242624414310444_0,koreatown,crops/koreatown/242624414310444_0.jpg,242624414310444,2017-08-04T12:56:23+00:00,2017,34.055926388889,-118.293465,179.99998778945,False,mly_la,https://www.mapillary.com/app/?pKey=242624414310444,CC BY-SA 4.0,1,142,1,parking,R | 10AM=IPH,0.918
koreatown/926698884849511_0,koreatown,crops/koreatown/926698884849511_0.jpg,926698884849511,2020-01-20T22:48:27.111000+00:00,2020,34.069047,-118.304797,271.72869873047,False,cfwarren3,https://www.mapillary.com/app/?pKey=926698884849511,CC BY-SA 4.0,1,137,1,parking,ROUR | PARKING,0.962
koreatown/3882598325111072_0,koreatown,crops/koreatown/3882598325111072_0.jpg,3882598325111072,2016-10-19T23:03:16.184000+00:00,2016,34.052512963477,-118.30991943382,93.080049514771,False,jopparn,https://www.mapillary.com/app/?pKey=3882598325111072,CC BY-SA 4.0,1,165,1,unknown,T6BF | 29-1 | -2.551,0.706
koreatown/292494605844030_0,koreatown,crops/koreatown/292494605844030_0.jpg,292494605844030,2016-10-19T22:01:05.779000+00:00,2016,34.052456396317,-118.30742821706,2.0316410064697,False,jopparn,https://www.mapillary.com/app/?pKey=292494605844030,CC BY-SA 4.0,1,163,1,unknown,88 | 我,0.718
koreatown/1096512867500138_0,koreatown,crops/koreatown/1096512867500138_0.jpg,1096512867500138,2017-07-19T15:50:23+00:00,2017,34.069371388889,-118.30919305556,269.05085536041,False,mly_la,https://www.mapillary.com/app/?pKey=1096512867500138,CC BY-SA 4.0,1,140,1,parking,DASH | GOOMATTOH | WILSHIRE | STOPI 2519,0.917
koreatown/214109973579105_0,koreatown,crops/koreatown/214109973579105_0.jpg,214109973579105,2020-01-20T20:54:22.086000+00:00,2020,34.068899,-118.306277,89.509429931641,False,cfwarren3,https://www.mapillary.com/app/?pKey=214109973579105,CC BY-SA 4.0,1,135,1,parking,PARKING | 6PM,0.969
koreatown/792355241672656_1,koreatown,crops/koreatown/792355241672656_1.jpg,792355241672656,2020-01-18T20:30:26.251000+00:00,2020,34.068602,-118.30034,1.7572937011719,False,cfwarren3,https://www.mapillary.com/app/?pKey=792355241672656,CC BY-SA 4.0,1,141,1,parking,7 AM= 7PM,0.9
koreatown/308141340918762_0,koreatown,crops/koreatown/308141340918762_0.jpg,308141340918762,2020-01-17T23:29:03.074000+00:00,2020,34.067537,-118.29919,0.48928833007812,False,cfwarren3,https://www.mapillary.com/app/?pKey=308141340918762,CC BY-SA 4.0,1,137,1,parking,R | 8AM10AM,0.929
koreatown/205922517823092_0,koreatown,crops/koreatown/205922517823092_0.jpg,205922517823092,2017-08-04T12:53:59+00:00,2017,34.052605,-118.29958138889,89.999972469935,False,mly_la,https://www.mapillary.com/app/?pKey=205922517823092,CC BY-SA 4.0,1,131,1,unknown,SPEEL,0.988
koreatown/1603018590089043_0,koreatown,crops/koreatown/1603018590089043_0.jpg,1603018590089043,2020-01-24T22:58:52.185000+00:00,2020,34.053447,-118.304152,357.71899414062,False,turne514,https://www.mapillary.com/app/?pKey=1603018590089043,CC BY-SA 4.0,1,135,1,parking,R | 10AM1,0.932
koreatown/860967521300788_1,koreatown,crops/koreatown/860967521300788_1.jpg,860967521300788,2020-01-24T00:56:29.129000+00:00,2020,34.06347,-118.309222,90.973999023438,False,cfwarren3,https://www.mapillary.com/app/?pKey=860967521300788,CC BY-SA 4.0,1,168,2,unknown,O,0.653
koreatown/265605151920437_0,koreatown,crops/koreatown/265605151920437_0.jpg,265605151920437,2016-10-19T18:26:06.589000+00:00,2016,34.063558683648,-118.3010967554,100.64726219464,False,jopparn,https://www.mapillary.com/app/?pKey=265605151920437,CC BY-SA 4.0,1,165,1,parking,TON-AWAY | NO STORES | SSTYEYE ON,0.669
koreatown/1097683924619906_0,koreatown,crops/koreatown/1097683924619906_0.jpg,1097683924619906,2024-03-27T18:58:24.745000+00:00,2024,34.05866439094,-118.29028474078,89.075691839925,False,dan613,https://www.mapillary.com/app/?pKey=1097683924619906,CC BY-SA 4.0,1,141,1,unknown,@,0.867
koreatown/457465538683599_0,koreatown,crops/koreatown/457465538683599_0.jpg,457465538683599,2020-01-18T23:02:29.112000+00:00,2020,34.06364,-118.290294,88.043273925781,False,cfwarren3,https://www.mapillary.com/app/?pKey=457465538683599,CC BY-SA 4.0,1,128,1,parking,NOSTOPPING | ANY TIME,0.997
koreatown/152765540142440_0,koreatown,crops/koreatown/152765540142440_0.jpg,152765540142440,2017-08-04T12:58:50+00:00,2017,34.057721388889,-118.29110138889,178.69532857425,False,mly_la,https://www.mapillary.com/app/?pKey=152765540142440,CC BY-SA 4.0,1,142,1,parking,HOUR | PARKING | 8AM-6PH,0.85
koreatown/482135042906631_0,koreatown,crops/koreatown/482135042906631_0.jpg,482135042906631,2017-08-04T08:43:23+00:00,2017,34.058465,-118.291705,2.3030138697097,False,mly_la,https://www.mapillary.com/app/?pKey=482135042906631,CC BY-SA 4.0,1,152,1,unknown,1N43050 | 726,0.757
koreatown/499941011205415_0,koreatown,crops/koreatown/499941011205415_0.jpg,499941011205415,2019-12-21T19:20:28.198000+00:00,2019,34.063566,-118.305653,275.51593017578,False,mikaeljudah,https://www.mapillary.com/app/?pKey=499941011205415,CC BY-SA 4.0,1,177,1,unknown,OTOOG,0.577
koreatown/1254192854983294_0,koreatown,crops/koreatown/1254192854983294_0.jpg,1254192854983294,2016-09-03T13:45:06+00:00,2016,34.063514722222,-118.30529138889,178.95216245094,False,gyllen,https://www.mapillary.com/app/?pKey=1254192854983294,CC BY-SA 4.0,1,140,1,parking,TOW-AWAY | LNO STOPPINS | J7AN-9AM | 4px-7pm | NO PARKING | ANY TIME,0.853
koreatown/474553743851434_0,koreatown,crops/koreatown/474553743851434_0.jpg,474553743851434,2017-08-04T12:52:56+00:00,2017,34.052605,-118.30670638889,93.216992609166,False,mly_la,https://www.mapillary.com/app/?pKey=474553743851434,CC BY-SA 4.0,1,158,1,unknown,VOI,0.699
koreatown/1166712590903800_0,koreatown,crops/koreatown/1166712590903800_0.jpg,1166712590903800,2024-04-17T21:44:43.651000+00:00,2024,34.052559794288,-118.29712625016,73.292636715302,False,dan613,https://www.mapillary.com/app/?pKey=1166712590903800,CC BY-SA 4.0,2,175,1,unknown,CLT,0.577
koreatown/929151990995616_0,koreatown,crops/koreatown/929151990995616_0.jpg,929151990995616,2016-10-19T18:27:41.631000+00:00,2016,34.062379533554,-118.30159736213,13.748838508648,False,jopparn,https://www.mapillary.com/app/?pKey=929151990995616,CC BY-SA 4.0,1,126,1,parking,NO | PARKING,0.999
koreatown/2664139247209611_0,koreatown,crops/koreatown/2664139247209611_0.jpg,2664139247209611,2017-08-04T12:56:10+00:00,2017,34.055944722222,-118.29456305556,179.9999649987,False,mly_la,https://www.mapillary.com/app/?pKey=2664139247209611,CC BY-SA 4.0,1,131,1,unknown,R | 10,0.927
koreatown/2836019663325022_0,koreatown,crops/koreatown/2836019663325022_0.jpg,2836019663325022,2020-01-18T20:36:19.159000+00:00,2020,34.063564,-118.294135,88.528747558594,False,cfwarren3,https://www.mapillary.com/app/?pKey=2836019663325022,CC BY-SA 4.0,1,145,1,parking,IGHA'SN | TOR-AWAY | ON | NO PARKING,0.782
koreatown/494215655035552_0,koreatown,crops/koreatown/494215655035552_0.jpg,494215655035552,2020-01-23T23:40:29.232000+00:00,2020,34.068979,-118.302125,88.742584228516,False,cfwarren3,https://www.mapillary.com/app/?pKey=494215655035552,CC BY-SA 4.0,1,134,1,parking,ROUR | PARKING | 8AM6M,0.893
koreatown/942889396509889_0,koreatown,crops/koreatown/942889396509889_0.jpg,942889396509889,2020-01-18T20:14:37.523000+00:00,2020,34.065368,-118.297931,92.764404296875,False,cfwarren3,https://www.mapillary.com/app/?pKey=942889396509889,CC BY-SA 4.0,1,127,1,parking,R | 8AM | 10AM,0.96
koreatown/321555223007983_0,koreatown,crops/koreatown/321555223007983_0.jpg,321555223007983,2020-01-17T22:22:40.166000+00:00,2020,34.054529,-118.292149,267.88397216797,False,cfwarren3,https://www.mapillary.com/app/?pKey=321555223007983,CC BY-SA 4.0,1,141,1,unknown,R,0.815
koreatown/4348347715197626_0,koreatown,crops/koreatown/4348347715197626_0.jpg,4348347715197626,2017-07-19T16:19:48+00:00,2017,34.069179722222,-118.30787138889,86.42264941189,False,mly_la,https://www.mapillary.com/app/?pKey=4348347715197626,CC BY-SA 4.0,2,135,1,parking,10AK=120 | 1HOUR | PARKING | 8AM=6PM,0.87
koreatown/3919290318147174_0,koreatown,crops/koreatown/3919290318147174_0.jpg,3919290318147174,2020-01-24T23:01:21.223000+00:00,2020,34.058289,-118.304167,359.08721923828,False,turne514,https://www.mapillary.com/app/?pKey=3919290318147174,CC BY-SA 4.0,1,123,1,unknown,R,0.996
koreatown/1393736677649141_0,koreatown,crops/koreatown/1393736677649141_0.jpg,1393736677649141,2020-01-20T22:27:12.118000+00:00,2020,34.066973,-118.309101,358.53240966797,False,cfwarren3,https://www.mapillary.com/app/?pKey=1393736677649141,CC BY-SA 4.0,1,129,1,parking,R | IIPM6AM,0.921
koreatown/937828543425431_0,koreatown,crops/koreatown/937828543425431_0.jpg,937828543425431,2020-01-23T23:31:19.081000+00:00,2020,34.059683,-118.308258,91.772735595703,False,cfwarren3,https://www.mapillary.com/app/?pKey=937828543425431,CC BY-SA 4.0,1,137,1,parking,R | 10AM | F,0.83
koreatown/464855898070377_0,koreatown,crops/koreatown/464855898070377_0.jpg,464855898070377,2017-08-04T12:57:53+00:00,2017,34.056283055556,-118.29153638889,88.813449128972,False,mly_la,https://www.mapillary.com/app/?pKey=464855898070377,CC BY-SA 4.0,1,156,1,unknown,L,0.673
koreatown/1989761361164672_0,koreatown,crops/koreatown/1989761361164672_0.jpg,1989761361164672,2020-01-24T00:47:02.297000+00:00,2020,34.067023,-118.309076,358.44421386719,False,turne514,https://www.mapillary.com/app/?pKey=1989761361164672,CC BY-SA 4.0,1,134,1,parking,1IPM6AM,0.857
koreatown/279652163803041_0,koreatown,crops/koreatown/279652163803041_0.jpg,279652163803041,2020-01-25T00:02:13.189000+00:00,2020,34.063229,-118.309138,143.55877685547,False,turne514,https://www.mapillary.com/app/?pKey=279652163803041,CC BY-SA 4.0,1,121,1,parking,HOUR | PARKING,0.993
koreatown/157451962983045_0,koreatown,crops/koreatown/157451962983045_0.jpg,157451962983045,2017-08-04T12:53:11+00:00,2017,34.052594722222,-118.30519305556,88.866446570318,False,mly_la,https://www.mapillary.com/app/?pKey=157451962983045,CC BY-SA 4.0,1,127,1,parking,TOW-AWAY | NO | STPINC | 10AM | PM,0.914
koreatown/292866545668623_0,koreatown,crops/koreatown/292866545668623_0.jpg,292866545668623,2020-01-18T19:53:23.134000+00:00,2020,34.061747,-118.290685,94.501220703125,False,cfwarren3,https://www.mapillary.com/app/?pKey=292866545668623,CC BY-SA 4.0,1,127,1,unknown,10,0.908
koreatown/508601410417908_0,koreatown,crops/koreatown/508601410417908_0.jpg,508601410417908,2019-12-21T20:09:53.174000+00:00,2019,34.065349,-118.303799,96.787078857422,False,mikaeljudah,https://www.mapillary.com/app/?pKey=508601410417908,CC BY-SA 4.0,1,123,1,unknown,R,0.947
koreatown/163427639043579_0,koreatown,crops/koreatown/163427639043579_0.jpg,163427639043579,2020-01-17T22:21:05.177000+00:00,2020,34.055916,-118.2936,89.999969482422,False,cfwarren3,https://www.mapillary.com/app/?pKey=163427639043579,CC BY-SA 4.0,1,129,1,parking,R | 10AM=1PM,0.878
koreatown/182810923711628_0,koreatown,crops/koreatown/182810923711628_0.jpg,182810923711628,2020-01-20T22:35:18.085000+00:00,2020,34.069069,-118.303401,266.83044433594,False,cfwarren3,https://www.mapillary.com/app/?pKey=182810923711628,CC BY-SA 4.0,1,123,1,parking,PARKING,0.941
koreatown/2966422470305789_0,koreatown,crops/koreatown/2966422470305789_0.jpg,2966422470305789,2020-01-23T23:12:06.111000+00:00,2020,34.05874,-118.306623,359.19549560547,False,cfwarren3,https://www.mapillary.com/app/?pKey=2966422470305789,CC BY-SA 4.0,1,125,1,parking,NO | PARKING | 10%,0.92
koreatown/214565326852319_0,koreatown,crops/koreatown/214565326852319_0.jpg,214565326852319,2017-08-10T07:47:45+00:00,2017,34.065251388889,-118.30792,271.16889856362,False,mly_la,https://www.mapillary.com/app/?pKey=214565326852319,CC BY-SA 4.0,1,139,1,parking,8AM10AM | 日,0.771
koreatown/956485285187931_0,koreatown,crops/koreatown/956485285187931_0.jpg,956485285187931,2017-07-14T08:17:48+00:00,2017,34.058116388889,-118.29173805556,270.0,False,mly_la,https://www.mapillary.com/app/?pKey=956485285187931,CC BY-SA 4.0,1,117,2,unknown,BR,0.999
koreatown/309288960643056_0,koreatown,crops/koreatown/309288960643056_0.jpg,309288960643056,2017-07-17T07:29:40+00:00,2017,34.057796388889,-118.29173,358.68167576172,False,mly_la,https://www.mapillary.com/app/?pKey=309288960643056,CC BY-SA 4.0,1,167,1,unknown,0,0.549
koreatown/328093075565781_1,koreatown,crops/koreatown/328093075565781_1.jpg,328093075565781,2020-01-17T22:29:24.030000+00:00,2020,34.05453,-118.294129,104.08792114258,False,cfwarren3,https://www.mapillary.com/app/?pKey=328093075565781,CC BY-SA 4.0,1,125,1,parking,NO | PARKING | 10M-In,0.897
koreatown/235144888385841_0,koreatown,crops/koreatown/235144888385841_0.jpg,235144888385841,2020-01-20T22:40:56.082000+00:00,2020,34.069799,-118.301696,356.74633789062,False,cfwarren3,https://www.mapillary.com/app/?pKey=235144888385841,CC BY-SA 4.0,1,148,1,unknown,NO FASING | 6188 | 2FARKIN | 8is6m,0.678
koreatown/911205312781246_1,koreatown,crops/koreatown/911205312781246_1.jpg,911205312781246,2016-08-01T18:42:29.384000+00:00,2016,34.069114,-118.29119,269.37126037272,False,mapkin,https://www.mapillary.com/app/?pKey=911205312781246,CC BY-SA 4.0,1,127,1,unknown,Coeo tro,0.865
koreatown/902475636981293_0,koreatown,crops/koreatown/902475636981293_0.jpg,902475636981293,2020-01-24T23:35:27.205000+00:00,2020,34.058227,-118.307912,184.93231201172,False,turne514,https://www.mapillary.com/app/?pKey=902475636981293,CC BY-SA 4.0,1,127,1,unknown,ANY TIME,0.868
koreatown/929292794539105_0,koreatown,crops/koreatown/929292794539105_0.jpg,929292794539105,2017-07-17T07:25:41+00:00,2017,34.067016388889,-118.29176972222,180.0,False,mly_la,https://www.mapillary.com/app/?pKey=929292794539105,CC BY-SA 4.0,1,125,1,parking,TOW-AWAY | NOSTOPRANG | 4PH=7PM,0.891
koreatown/265667971972041_0,koreatown,crops/koreatown/265667971972041_0.jpg,265667971972041,2020-01-24T00:46:59.202000+00:00,2020,34.066842,-118.309073,359.16735839844,False,turne514,https://www.mapillary.com/app/?pKey=265667971972041,CC BY-SA 4.0,1,128,1,parking,R | 1IPM=6AM | CHTLY,0.851
koreatown/996261594242197_0,koreatown,crops/koreatown/996261594242197_0.jpg,996261594242197,2016-09-03T13:45:53+00:00,2016,34.063538055556,-118.30271305556,180.97399940275,False,gyllen,https://www.mapillary.com/app/?pKey=996261594242197,CC BY-SA 4.0,1,136,1,parking,MOPARING,0.772
koreatown/427999388506068_0,koreatown,crops/koreatown/427999388506068_0.jpg,427999388506068,2018-07-29T22:56:13.616000+00:00,2018,34.052596023868,-118.30281301855,89.513633728027,False,lvl5,https://www.mapillary.com/app/?pKey=427999388506068,CC BY-SA 4.0,2,346,4,unknown,,0.0
koreatown/480314830083140_0,koreatown,crops/koreatown/480314830083140_0.jpg,480314830083140,2017-08-04T08:27:51+00:00,2017,34.064171388889,-118.29193305556,336.77560444927,False,mly_la,https://www.mapillary.com/app/?pKey=480314830083140,CC BY-SA 4.0,1,121,1,parking,PARKING | VAN,0.927
koreatown/375448277120377_0,koreatown,crops/koreatown/375448277120377_0.jpg,375448277120377,2017-08-04T13:53:37+00:00,2017,34.052591388889,-118.30250638889,178.98310383106,False,mly_la,https://www.mapillary.com/app/?pKey=375448277120377,CC BY-SA 4.0,2,346,1,unknown,,0.0
koreatown/471882947355951_0,koreatown,crops/koreatown/471882947355951_0.jpg,471882947355951,2020-01-18T20:27:44.302000+00:00,2020,34.067363,-118.295049,267.64343261719,False,cfwarren3,https://www.mapillary.com/app/?pKey=471882947355951,CC BY-SA 4.0,1,123,1,parking,R | SAM10AM,0.901
koreatown/771460190400748_0,koreatown,crops/koreatown/771460190400748_0.jpg,771460190400748,2017-08-04T08:43:32+00:00,2017,34.057926388889,-118.29169805556,271.83093867217,False,mly_la,https://www.mapillary.com/app/?pKey=771460190400748,CC BY-SA 4.0,1,133,1,parking,O | 7.AM=7PM,0.781
koreatown/193016899220099_0,koreatown,crops/koreatown/193016899220099_0.jpg,193016899220099,2020-01-23T23:28:12.261000+00:00,2020,34.067126,-118.309012,88.463317871094,False,turne514,https://www.mapillary.com/app/?pKey=193016899220099,CC BY-SA 4.0,1,121,2,parking,8AM=10AM,0.9
koreatown/4140540002673997_0,koreatown,crops/koreatown/4140540002673997_0.jpg,4140540002673997,2020-01-18T23:59:24.168000+00:00,2020,34.069139,-118.290758,271.01708984375,False,cfwarren3,https://www.mapillary.com/app/?pKey=4140540002673997,CC BY-SA 4.0,1,137,1,unknown,LS,0.734
koreatown/170148811694387_0,koreatown,crops/koreatown/170148811694387_0.jpg,170148811694387,2017-07-19T15:50:18+00:00,2017,34.06974,-118.30918638889,271.47515636263,False,mly_la,https://www.mapillary.com/app/?pKey=170148811694387,CC BY-SA 4.0,1,113,1,parking,AOUR | PARKING | 8AM6PM,0.98
koreatown/517280456093579_0,koreatown,crops/koreatown/517280456093579_0.jpg,517280456093579,2017-08-04T08:43:33+00:00,2017,34.05784,-118.29170138889,274.2941806182,False,mly_la,https://www.mapillary.com/app/?pKey=517280456093579,CC BY-SA 4.0,1,144,4,parking,Q | TAMTPM,0.663
koreatown/1390777217951340_0,koreatown,crops/koreatown/1390777217951340_0.jpg,1390777217951340,2020-01-24T23:54:10.225000+00:00,2020,34.063611,-118.309078,358.36370849609,False,turne514,https://www.mapillary.com/app/?pKey=1390777217951340,CC BY-SA 4.0,1,120,1,parking,HOUR | PAXNG | 8AM6PM,0.899
koreatown/312942493575648_0,koreatown,crops/koreatown/312942493575648_0.jpg,312942493575648,2020-01-24T23:24:42.263000+00:00,2020,34.064099,-118.306606,0.51589965820312,False,turne514,https://www.mapillary.com/app/?pKey=312942493575648,CC BY-SA 4.0,1,119,1,parking,8AM10AM,0.907
koreatown/828660168059981_0,koreatown,crops/koreatown/828660168059981_0.jpg,828660168059981,2017-07-17T07:26:25+00:00,2017,34.063328055556,-118.29171638889,256.68365727918,False,mly_la,https://www.mapillary.com/app/?pKey=828660168059981,CC BY-SA 4.0,1,120,3,parking,ARKRIG,0.888
koreatown/312651453790642_0,koreatown,crops/koreatown/312651453790642_0.jpg,312651453790642,2017-07-19T16:16:15+00:00,2017,34.069771388889,-118.30914638889,87.210363190433,False,mly_la,https://www.mapillary.com/app/?pKey=312651453790642,CC BY-SA 4.0,1,112,1,unknown,AUTO | SERVICE | BRAKES | OILCHANGE,0.99
koreatown/497148001483825_0,koreatown,crops/koreatown/497148001483825_0.jpg,497148001483825,2016-10-19T20:33:43.785000+00:00,2016,34.068781870564,-118.30901037605,4.2648063444276,False,jopparn,https://www.mapillary.com/app/?pKey=497148001483825,CC BY-SA 4.0,1,119,4,unknown,AHCAD,0.896
koreatown/179129340657307_0,koreatown,crops/koreatown/179129340657307_0.jpg,179129340657307,2020-01-20T19:47:01.170000+00:00,2020,34.063627,-118.304437,268.83776855469,False,cfwarren3,https://www.mapillary.com/app/?pKey=179129340657307,CC BY-SA 4.0,1,131,1,unknown,30A,0.761
koreatown/1125845747925079_0,koreatown,crops/koreatown/1125845747925079_0.jpg,1125845747925079,2020-01-20T19:36:23.109000+00:00,2020,34.05768,-118.307155,269.43316650391,False,cfwarren3,https://www.mapillary.com/app/?pKey=1125845747925079,CC BY-SA 4.0,1,135,1,unknown,KEO,0.713
koreatown/2890131121207321_0,koreatown,crops/koreatown/2890131121207321_0.jpg,2890131121207321,2020-01-20T23:58:54.103000+00:00,2020,34.052586,-118.301192,89.999969482422,False,cfwarren3,https://www.mapillary.com/app/?pKey=2890131121207321,CC BY-SA 4.0,1,135,1,parking,TOKAWAY | 2PNG | 75 | KYOI,0.712
koreatown/445789554624882_0,koreatown,crops/koreatown/445789554624882_0.jpg,445789554624882,2024-04-17T21:34:44+00:00,2024,34.05279418484,-118.29590327364,87.938524971267,False,dan613,https://www.mapillary.com/app/?pKey=445789554624882,CC BY-SA 4.0,1,156,5,unknown,537009 83A0,0.546
koreatown/1222922914772638_0,koreatown,crops/koreatown/1222922914772638_0.jpg,1222922914772638,2020-01-24T23:25:50.226000+00:00,2020,34.067173,-118.306576,357.50354003906,False,turne514,https://www.mapillary.com/app/?pKey=1222922914772638,CC BY-SA 4.0,1,123,1,parking,R | BAM10AM,0.826
koreatown/1212679402577941_0,koreatown,crops/koreatown/1212679402577941_0.jpg,1212679402577941,2017-07-17T07:25:47+00:00,2017,34.066754722222,-118.29177138889,270.0,False,mly_la,https://www.mapillary.com/app/?pKey=1212679402577941,CC BY-SA 4.0,1,111,1,parking,TOW-AWAY | NO STOPPINR | 7AM | 4PM | 7PM,0.951
koreatown/154121666587956_0,koreatown,crops/koreatown/154121666587956_0.jpg,154121666587956,2017-07-17T07:29:04+00:00,2017,34.06147,-118.29173638889,181.45644366956,False,mly_la,https://www.mapillary.com/app/?pKey=154121666587956,CC BY-SA 4.0,1,112,12,parking,P | BUC PUBLIC | SARONGPARKING | INOWIM,0.932
koreatown/497921688220978_0,koreatown,crops/koreatown/497921688220978_0.jpg,497921688220978,2020-02-12T01:39:28.146000+00:00,2020,34.061670424448,-118.30773655336,90.960896864826,False,cfwarren3,https://www.mapillary.com/app/?pKey=497921688220978,CC BY-SA 4.0,1,319,2,unknown,,0.0
koreatown/1068972477530221_0,koreatown,crops/koreatown/1068972477530221_0.jpg,1068972477530221,2024-03-27T18:54:48.276000+00:00,2024,34.058828129349,-118.2909076639,258.51070238521,False,dan613,https://www.mapillary.com/app/?pKey=1068972477530221,CC BY-SA 4.0,1,318,1,unknown,,0.0
koreatown/321913599302498_0,koreatown,crops/koreatown/321913599302498_0.jpg,321913599302498,2017-07-03T15:05:37+00:00,2017,34.069803055556,-118.30904638889,90.0,False,mly_la,https://www.mapillary.com/app/?pKey=321913599302498,CC BY-SA 4.0,1,107,1,parking,HOUR | ENDS,0.975
koreatown/834790637466875_0,koreatown,crops/koreatown/834790637466875_0.jpg,834790637466875,2019-12-21T19:17:55.140000+00:00,2019,34.0636,-118.296228,270.0,False,mikaeljudah,https://www.mapillary.com/app/?pKey=834790637466875,CC BY-SA 4.0,1,125,1,parking,KUNAY | NOSTOPPING | AY6=,0.758
koreatown/310014417196494_0,koreatown,crops/koreatown/310014417196494_0.jpg,310014417196494,2016-09-03T13:47:04+00:00,2016,34.063543055556,-118.29647638889,89.999968725233,False,gyllen,https://www.mapillary.com/app/?pKey=310014417196494,CC BY-SA 4.0,2,112,1,parking,TOW-AWAY | NO STOPPING | 7AN-9AM | 4rM-7FH | NO PARKING | ANY TIME,0.894
koreatown/7616217441732309_0,koreatown,crops/koreatown/7616217441732309_0.jpg,7616217441732309,2024-03-27T18:53:56.173000+00:00,2024,34.058831551009,-118.29031979279,107.32182456762,False,dan613,https://www.mapillary.com/app/?pKey=7616217441732309,CC BY-SA 4.0,1,141,3,unknown,7,0.609
koreatown/4302579719773862_0,koreatown,crops/koreatown/4302579719773862_0.jpg,4302579719773862,2020-01-17T22:31:14.083000+00:00,2020,34.057732,-118.292165,88.786865234375,False,cfwarren3,https://www.mapillary.com/app/?pKey=4302579719773862,CC BY-SA 4.0,1,121,2,parking,O | 7AM-7PM,0.781
koreatown/304422417862164_0,koreatown,crops/koreatown/304422417862164_0.jpg,304422417862164,2017-08-10T07:45:49+00:00,2017,34.068915,-118.30919138889,179.26760419265,False,mly_la,https://www.mapillary.com/app/?pKey=304422417862164,CC BY-SA 4.0,1,152,1,unknown,m>30,0.521
koreatown/3693299964240751_0,koreatown,crops/koreatown/3693299964240751_0.jpg,3693299964240751,2024-03-27T18:53:28.089000+00:00,2024,34.058828369761,-118.29014406956,172.84180054577,False,dan613,https://www.mapillary.com/app/?pKey=3693299964240751,CC BY-SA 4.0,2,310,1,unknown,,0.0
koreatown/971364230999325_0,koreatown,crops/koreatown/971364230999325_0.jpg,971364230999325,2024-04-17T21:37:15.564000+00:00,2024,34.052779722427,-118.29740539835,257.3827909533,False,dan613,https://www.mapillary.com/app/?pKey=971364230999325,CC BY-SA 4.0,1,310,1,unknown,,0.0
koreatown/2978644319124982_0,koreatown,crops/koreatown/2978644319124982_0.jpg,2978644319124982,2016-10-19T18:53:13.013000+00:00,2016,34.061669292473,-118.30685838765,309.47225781709,False,jopparn,https://www.mapillary.com/app/?pKey=2978644319124982,CC BY-SA 4.0,1,131,1,parking,5 | PARKING | Bu-frm | 1,0.675
koreatown/521000189057892_0,koreatown,crops/koreatown/521000189057892_0.jpg,521000189057892,2017-07-19T15:49:26+00:00,2017,34.069929722222,-118.30919305556,275.9115868616,False,mly_la,https://www.mapillary.com/app/?pKey=521000189057892,CC BY-SA 4.0,1,105,1,parking,HOUR | PARKING,0.958
koreatown/208989574091199_0,koreatown,crops/koreatown/208989574091199_0.jpg,208989574091199,2015-10-03T22:29:47.267000+00:00,2015,34.065102,-118.309169,324.0316,False,angelk,https://www.mapillary.com/app/?pKey=208989574091199,CC BY-SA 4.0,1,307,1,unknown,,0.0
koreatown/1241603486347466_0,koreatown,crops/koreatown/1241603486347466_0.jpg,1241603486347466,2016-10-19T20:32:45.760000+00:00,2016,34.06810554686,-118.30904455467,0.48439045673632,False,jopparn,https://www.mapillary.com/app/?pKey=1241603486347466,CC BY-SA 4.0,1,121,3,parking,TOW-AWAY | NOSTIOFENG | ANY TIME | 91,0.764
koreatown/379452885002915_0,koreatown,crops/koreatown/379452885002915_0.jpg,379452885002915,2024-03-27T18:58:17.579000+00:00,2024,34.058665745396,-118.29031766675,33.089726973949,False,dan613,https://www.mapillary.com/app/?pKey=379452885002915,CC BY-SA 4.0,1,143,1,unknown,11138,0.565
koreatown/1208757946220778_0,koreatown,crops/koreatown/1208757946220778_0.jpg,1208757946220778,2020-01-25T19:23:06.093000+00:00,2020,34.052574,-118.309824,88.983123779297,False,jennyluisa96,https://www.mapillary.com/app/?pKey=1208757946220778,CC BY-SA 4.0,1,123,1,unknown,SAnS | 5726,0.733
koreatown/466410775943830_0,koreatown,crops/koreatown/466410775943830_0.jpg,466410775943830,2024-03-27T18:53:33.799000+00:00,2024,34.058824322203,-118.29013501519,195.40350726586,False,dan613,https://www.mapillary.com/app/?pKey=466410775943830,CC BY-SA 4.0,2,298,1,unknown,,0.0
koreatown/822730438336035_0,koreatown,crops/koreatown/822730438336035_0.jpg,822730438336035,2016-08-01T18:42:19.162000+00:00,2016,34.069121,-118.290426,269.41392104254,False,mapkin,https://www.mapillary.com/app/?pKey=822730438336035,CC BY-SA 4.0,3,298,1,unknown,,0.0
koreatown/919357291966777_0,koreatown,crops/koreatown/919357291966777_0.jpg,919357291966777,2017-08-04T13:58:31+00:00,2017,34.057139722222,-118.29155,93.646481338849,False,mly_la,https://www.mapillary.com/app/?pKey=919357291966777,CC BY-SA 4.0,1,142,1,unknown,CORCTY | ANDEC,0.546
koreatown/473550290428411_0,koreatown,crops/koreatown/473550290428411_0.jpg,473550290428411,2017-07-14T08:17:57+00:00,2017,34.057443055556,-118.29173305556,268.57365286253,False,mly_la,https://www.mapillary.com/app/?pKey=473550290428411,CC BY-SA 4.0,1,103,3,parking,AOUR | PARKING | 8AM6PM,0.945
koreatown/1001127984026615_0,koreatown,crops/koreatown/1001127984026615_0.jpg,1001127984026615,2020-01-24T00:56:28.178000+00:00,2020,34.063471,-118.309283,91.133666992188,False,cfwarren3,https://www.mapillary.com/app/?pKey=1001127984026615,CC BY-SA 4.0,1,134,1,unknown,O,0.609
koreatown/887080492149484_0,koreatown,crops/koreatown/887080492149484_0.jpg,887080492149484,2020-01-23T23:16:43.297000+00:00,2020,34.052646,-118.304485,270.65863037109,False,cfwarren3,https://www.mapillary.com/app/?pKey=887080492149484,CC BY-SA 4.0,1,131,1,unknown,NO'ST,0.623
koreatown/1157396465439604_0,koreatown,crops/koreatown/1157396465439604_0.jpg,1157396465439604,2024-04-17T21:37:03.914000+00:00,2024,34.052779811911,-118.29730922191,226.62481300801,False,dan613,https://www.mapillary.com/app/?pKey=1157396465439604,CC BY-SA 4.0,2,290,1,unknown,,0.0
koreatown/853237125544527_0,koreatown,crops/koreatown/853237125544527_0.jpg,853237125544527,2020-01-25T00:45:26.172000+00:00,2020,34.061752,-118.309841,270.98095703125,False,turne514,https://www.mapillary.com/app/?pKey=853237125544527,CC BY-SA 4.0,1,141,1,parking,PARCNG,0.527
koreatown/863887560863768_0,koreatown,crops/koreatown/863887560863768_0.jpg,863887560863768,2020-01-25T00:32:36.484000+00:00,2020,34.063867,-118.295137,236.33636474609,False,turne514,https://www.mapillary.com/app/?pKey=863887560863768,CC BY-SA 4.0,1,123,2,unknown,2,0.682
koreatown/467257531175964_0,koreatown,crops/koreatown/467257531175964_0.jpg,467257531175964,2017-07-17T07:29:54+00:00,2017,34.056808055556,-118.29172805556,270.0,False,mly_la,https://www.mapillary.com/app/?pKey=467257531175964,CC BY-SA 4.0,1,97,1,parking,AOUR | PARKING | 8AM6PM,0.969
koreatown/139916301452017_0,koreatown,crops/koreatown/139916301452017_0.jpg,139916301452017,2017-07-17T07:26:24+00:00,2017,34.063344722222,-118.29172138889,256.04328621121,False,mly_la,https://www.mapillary.com/app/?pKey=139916301452017,CC BY-SA 4.0,1,107,1,parking,P→ | ARKNIG,0.835
koreatown/292339959152681_1,koreatown,crops/koreatown/292339959152681_1.jpg,292339959152681,2016-10-19T18:22:10.580000+00:00,2016,34.059860438168,-118.30089149484,9.1489366546475,False,jopparn,https://www.mapillary.com/app/?pKey=292339959152681,CC BY-SA 4.0,1,121,1,parking,SOPPING | 2inne,0.669
koreatown/542432740078676_0,koreatown,crops/koreatown/542432740078676_0.jpg,542432740078676,2016-10-19T20:18:06.748000+00:00,2016,34.065251922309,-118.3067138207,358.16524555018,False,jopparn,https://www.mapillary.com/app/?pKey=542432740078676,CC BY-SA 4.0,1,121,1,unknown,KYg | 10M,0.666
koreatown/902554183640805_0,koreatown,crops/koreatown/902554183640805_0.jpg,902554183640805,2017-06-28T07:18:12+00:00,2017,34.065351388889,-118.30918805556,172.65720399272,False,mly_la,https://www.mapillary.com/app/?pKey=902554183640805,CC BY-SA 4.0,1,96,1,parking,11PM6AM | NIGHTLY,0.959
koreatown/1357650824616103_0,koreatown,crops/koreatown/1357650824616103_0.jpg,1357650824616103,2017-08-10T07:49:18+00:00,2017,34.061704722222,-118.30790805556,355.01620154018,False,mly_la,https://www.mapillary.com/app/?pKey=1357650824616103,CC BY-SA 4.0,1,115,1,unknown,12,0.702
koreatown/458525131885714_0,koreatown,crops/koreatown/458525131885714_0.jpg,458525131885714,2016-08-01T18:43:09.097000+00:00,2016,34.069097,-118.294683,270.00001988905,False,mapkin,https://www.mapillary.com/app/?pKey=458525131885714,CC BY-SA 4.0,1,98,1,parking,1hOUR | PARKING | 8AM 6PM,0.911
koreatown/302862497965595_0,koreatown,crops/koreatown/302862497965595_0.jpg,302862497965595,2020-01-20T20:59:04.193000+00:00,2020,34.061767,-118.303035,268.80773925781,False,cfwarren3,https://www.mapillary.com/app/?pKey=302862497965595,CC BY-SA 4.0,2,276,1,unknown,,0.0
koreatown/304262524486761_0,koreatown,crops/koreatown/304262524486761_0.jpg,304262524486761,2020-01-23T23:43:52.198000+00:00,2020,34.061789,-118.30264,266.54614257812,False,cfwarren3,https://www.mapillary.com/app/?pKey=304262524486761,CC BY-SA 4.0,1,123,1,unknown,1,0.618
koreatown/285712003289307_0,koreatown,crops/koreatown/285712003289307_0.jpg,285712003289307,2017-08-04T08:27:49+00:00,2017,34.064123055556,-118.29186638889,109.90731184833,False,mly_la,https://www.mapillary.com/app/?pKey=285712003289307,CC BY-SA 4.0,1,136,1,unknown,7,0.511
koreatown/4083590811700921_0,koreatown,crops/koreatown/4083590811700921_0.jpg,4083590811700921,2018-12-28T21:46:23.479000+00:00,2018,34.057696846798,-118.30178751177,265.27963256836,False,lvl5,https://www.mapillary.com/app/?pKey=4083590811700921,CC BY-SA 4.0,1,97,2,parking,ROUR | PARKING | BAM6P,0.919
koreatown/216133276703084_0,koreatown,crops/koreatown/216133276703084_0.jpg,216133276703084,2019-06-19T01:30:21.703000+00:00,2019,34.057687152766,-118.29051743817,92.614501953125,False,worace,https://www.mapillary.com/app/?pKey=216133276703084,CC BY-SA 4.0,1,135,1,unknown,修,0.515
koreatown/196963355437566_0,koreatown,crops/koreatown/196963355437566_0.jpg,196963355437566,2016-10-19T21:25:37.331000+00:00,2016,34.061760871677,-118.30807557954,125.48912334442,False,jopparn,https://www.mapillary.com/app/?pKey=196963355437566,CC BY-SA 4.0,2,272,2,unknown,,0.0
koreatown/4010924272327774_0,koreatown,crops/koreatown/4010924272327774_0.jpg,4010924272327774,2017-07-03T15:01:37+00:00,2017,34.056176388889,-118.30898472222,90.988836657693,False,mly_la,https://www.mapillary.com/app/?pKey=4010924272327774,CC BY-SA 4.0,1,92,1,parking,ROUR | PARKING | 8AM=6PM,0.966
koreatown/282749520070389_0,koreatown,crops/koreatown/282749520070389_0.jpg,282749520070389,2017-07-14T08:17:30+00:00,2017,34.058271388889,-118.29174472222,184.73596177466,False,mly_la,https://www.mapillary.com/app/?pKey=282749520070389,CC BY-SA 4.0,1,91,1,parking,ROUR | PARKING | 8AM6PM,0.968
koreatown/1434734713913651_0,koreatown,crops/koreatown/1434734713913651_0.jpg,1434734713913651,2024-04-17T21:40:53.773000+00:00,2024,34.052515081162,-118.29981025571,287.20393202829,False,dan613,https://www.mapillary.com/app/?pKey=1434734713913651,CC BY-SA 4.0,2,267,2,unknown,,0.0
koreatown/489934415581366_0,koreatown,crops/koreatown/489934415581366_0.jpg,489934415581366,2020-01-25T19:24:05.143000+00:00,2020,34.05241,-118.305244,180.0,False,jennyluisa96,https://www.mapillary.com/app/?pKey=489934415581366,CC BY-SA 4.0,1,131,1,unknown,IL,0.512
koreatown/1609532752574946_0,koreatown,crops/koreatown/1609532752574946_0.jpg,1609532752574946,2017-07-17T07:29:33+00:00,2017,34.058343055556,-118.29173638889,270.0,False,mly_la,https://www.mapillary.com/app/?pKey=1609532752574946,CC BY-SA 4.0,1,91,1,parking,ROUR | PARKING | 8AM=6PM,0.95
koreatown/1001127984026615_2,koreatown,crops/koreatown/1001127984026615_2.jpg,1001127984026615,2020-01-24T00:56:28.178000+00:00,2020,34.063471,-118.309283,91.133666992188,False,cfwarren3,https://www.mapillary.com/app/?pKey=1001127984026615,CC BY-SA 4.0,1,128,3,unknown,2,0.524
koreatown/506165533852800_0,koreatown,crops/koreatown/506165533852800_0.jpg,506165533852800,2018-12-28T21:46:29.862000+00:00,2018,34.057680274304,-118.30226912878,266.88552856445,False,lvl5,https://www.mapillary.com/app/?pKey=506165533852800,CC BY-SA 4.0,1,93,4,parking,"AOUR | PARKING | 8AM""6PM",0.909
koreatown/183850670261060_1,koreatown,crops/koreatown/183850670261060_1.jpg,183850670261060,2020-01-25T00:43:00.225000+00:00,2020,34.061806,-118.303015,268.67022705078,False,turne514,https://www.mapillary.com/app/?pKey=183850670261060,CC BY-SA 4.0,2,262,1,unknown,,0.0
koreatown/300583268243587_0,koreatown,crops/koreatown/300583268243587_0.jpg,300583268243587,2017-06-28T07:16:04+00:00,2017,34.069633055556,-118.30921305556,183.94885185119,False,mly_la,https://www.mapillary.com/app/?pKey=300583268243587,CC BY-SA 4.0,1,93,2,parking,AOUR | PARKING | 8AM=6PM,0.9
koreatown/829114774686000_0,koreatown,crops/koreatown/829114774686000_0.jpg,829114774686000,2017-07-17T07:25:18+00:00,2017,34.069436388889,-118.29176305556,265.6934465227,False,mly_la,https://www.mapillary.com/app/?pKey=829114774686000,CC BY-SA 4.0,1,87,1,unknown,D EATS | GO,0.995
koreatown/517280456093579_1,koreatown,crops/koreatown/517280456093579_1.jpg,517280456093579,2017-08-04T08:43:33+00:00,2017,34.05784,-118.29170138889,274.2941806182,False,mly_la,https://www.mapillary.com/app/?pKey=517280456093579,CC BY-SA 4.0,1,129,1,unknown,O,0.512
koreatown/2824098974518779_0,koreatown,crops/koreatown/2824098974518779_0.jpg,2824098974518779,2016-10-19T21:30:10.792000+00:00,2016,34.061822639725,-118.30419302325,97.830300331116,False,jopparn,https://www.mapillary.com/app/?pKey=2824098974518779,CC BY-SA 4.0,1,119,1,unknown,FF,0.594
koreatown/1230011807469609_0,koreatown,crops/koreatown/1230011807469609_0.jpg,1230011807469609,2018-12-28T22:17:36.417000+00:00,2018,34.061706124891,-118.30049722068,94.153045654297,False,lvl5,https://www.mapillary.com/app/?pKey=1230011807469609,CC BY-SA 4.0,2,106,3,unknown,1 | Koreatqywn,0.723
koreatown/300766421682801_0,koreatown,crops/koreatown/300766421682801_0.jpg,300766421682801,2020-01-17T23:25:13.138000+00:00,2020,34.063219,-118.294137,181.38220214844,False,cfwarren3,https://www.mapillary.com/app/?pKey=300766421682801,CC BY-SA 4.0,2,258,1,unknown,,0.0
koreatown/381515886408197_0,koreatown,crops/koreatown/381515886408197_0.jpg,381515886408197,2017-06-28T07:17:51+00:00,2017,34.067413055556,-118.30922305556,173.11174027242,False,mly_la,https://www.mapillary.com/app/?pKey=381515886408197,CC BY-SA 4.0,1,88,3,parking,11PM6AM | NIGHTLY,0.951
koreatown/1481526638845844_0,koreatown,crops/koreatown/1481526638845844_0.jpg,1481526638845844,2020-01-23T23:44:08.773000+00:00,2020,34.061843,-118.304098,348.29901123047,False,cfwarren3,https://www.mapillary.com/app/?pKey=1481526638845844,CC BY-SA 4.0,1,255,1,unknown,,0.0
koreatown/160725479325733_0,koreatown,crops/koreatown/160725479325733_0.jpg,160725479325733,2017-07-14T08:14:07+00:00,2017,34.064979722222,-118.29173138889,270.0,False,mly_la,https://www.mapillary.com/app/?pKey=160725479325733,CC BY-SA 4.0,1,86,1,parking,AWAY | NOSTOPPING | 4PM,0.976
koreatown/4137305062957261_0,koreatown,crops/koreatown/4137305062957261_0.jpg,4137305062957261,2017-08-04T12:52:40+00:00,2017,34.052618055556,-118.30859305556,178.65555643452,False,mly_la,https://www.mapillary.com/app/?pKey=4137305062957261,CC BY-SA 4.0,1,255,1,unknown,,0.0
koreatown/510890466602534_0,koreatown,crops/koreatown/510890466602534_0.jpg,510890466602534,2020-01-23T23:09:05.368000+00:00,2020,34.052735,-118.305215,322.85583496094,False,cfwarren3,https://www.mapillary.com/app/?pKey=510890466602534,CC BY-SA 4.0,1,255,1,unknown,,0.0
koreatown/832042307404892_0,koreatown,crops/koreatown/832042307404892_0.jpg,832042307404892,2017-07-03T15:01:35+00:00,2017,34.055985,-118.30898138889,88.413698949631,False,mly_la,https://www.mapillary.com/app/?pKey=832042307404892,CC BY-SA 4.0,1,87,1,parking,HOUR | PARKING | 8AM6PM,0.955
koreatown/969796693758162_0,koreatown,crops/koreatown/969796693758162_0.jpg,969796693758162,2016-10-19T18:21:59.792000+00:00,2016,34.058926441635,-118.3009049003,12.827742091178,False,jopparn,https://www.mapillary.com/app/?pKey=969796693758162,CC BY-SA 4.0,1,254,1,unknown,,0.0
koreatown/785545073056076_0,koreatown,crops/koreatown/785545073056076_0.jpg,785545073056076,2024-03-27T18:53:32.986000+00:00,2024,34.058824609319,-118.29014131813,161.00764036407,False,dan613,https://www.mapillary.com/app/?pKey=785545073056076,CC BY-SA 4.0,1,254,1,unknown,,0.0
koreatown/470136867435264_1,koreatown,crops/koreatown/470136867435264_1.jpg,470136867435264,2017-08-10T07:45:54+00:00,2017,34.06844,-118.30918,267.21891491538,False,mly_la,https://www.mapillary.com/app/?pKey=470136867435264,CC BY-SA 4.0,1,115,1,unknown,图,0.6
koreatown/106407158177166_0,koreatown,crops/koreatown/106407158177166_0.jpg,106407158177166,2016-08-01T18:46:53.244000+00:00,2016,34.069002,-118.307884,269.08399541353,False,mapkin,https://www.mapillary.com/app/?pKey=106407158177166,CC BY-SA 4.0,1,96,1,parking,1ROUR | PARKING | 8AM 6F,0.8
koreatown/453170982647793_0,koreatown,crops/koreatown/453170982647793_0.jpg,453170982647793,2016-10-19T20:34:31.333000+00:00,2016,34.068852139284,-118.30937622943,294.60123942007,False,jopparn,https://www.mapillary.com/app/?pKey=453170982647793,CC BY-SA 4.0,1,119,1,unknown,TOCHOS | LNT,0.535
koreatown/302866767957045_0,koreatown,crops/koreatown/302866767957045_0.jpg,302866767957045,2016-09-03T13:45:21+00:00,2016,34.063528055556,-118.303395,89.99997424958,False,gyllen,https://www.mapillary.com/app/?pKey=302866767957045,CC BY-SA 4.0,1,90,1,parking,TOW-AWAY | NO STOPPING | 7am~9Am | Arv-7r | NO PARKING | ANYTIME,0.863
koreatown/800916147470863_0,koreatown,crops/koreatown/800916147470863_0.jpg,800916147470863,2016-09-03T13:46:01+00:00,2016,34.063513055556,-118.30195,83.913178210744,False,gyllen,https://www.mapillary.com/app/?pKey=800916147470863,CC BY-SA 4.0,1,83,1,parking,TOW-AWAY | OSTOPPING | NO | PARKING,0.984
koreatown/4294108827277505_0,koreatown,crops/koreatown/4294108827277505_0.jpg,4294108827277505,2018-12-28T21:47:30.928000+00:00,2018,34.058672517503,-118.30784380507,0.97838360071182,False,lvl5,https://www.mapillary.com/app/?pKey=4294108827277505,CC BY-SA 4.0,2,112,1,unknown,Me,0.593
koreatown/512484886597266_0,koreatown,crops/koreatown/512484886597266_0.jpg,512484886597266,2020-01-24T23:34:39.227000+00:00,2020,34.060015,-118.307919,173.12884521484,False,turne514,https://www.mapillary.com/app/?pKey=512484886597266,CC BY-SA 4.0,2,242,1,unknown,,0.0
koreatown/928723241298912_0,koreatown,crops/koreatown/928723241298912_0.jpg,928723241298912,2017-08-10T07:49:29+00:00,2017,34.060938055556,-118.30793638889,268.9453126212,False,mly_la,https://www.mapillary.com/app/?pKey=928723241298912,CC BY-SA 4.0,2,242,1,unknown,,0.0
koreatown/4232581396775252_0,koreatown,crops/koreatown/4232581396775252_0.jpg,4232581396775252,2017-07-03T15:03:19+00:00,2017,34.063756388889,-118.30904805556,94.620652748695,False,mly_la,https://www.mapillary.com/app/?pKey=4232581396775252,CC BY-SA 4.0,1,95,1,parking,POUR | RKING | 60,0.768
koreatown/2812892008974875_0,koreatown,crops/koreatown/2812892008974875_0.jpg,2812892008974875,2017-07-19T15:50:15+00:00,2017,34.069734722222,-118.30918,181.20442546503,False,mly_la,https://www.mapillary.com/app/?pKey=2812892008974875,CC BY-SA 4.0,1,84,1,parking,AOUR | PARKING | 8A6PM,0.925
koreatown/2916982135246870_0,koreatown,crops/koreatown/2916982135246870_0.jpg,2916982135246870,2016-10-19T21:36:01.384000+00:00,2016,34.061758909037,-118.30297779217,331.4347114563,False,jopparn,https://www.mapillary.com/app/?pKey=2916982135246870,CC BY-SA 4.0,2,238,1,unknown,,0.0
koreatown/984223909053090_0,koreatown,crops/koreatown/984223909053090_0.jpg,984223909053090,2018-07-29T22:55:46.692000+00:00,2018,34.05263773823,-118.3074219167,90.756683349609,False,lvl5,https://www.mapillary.com/app/?pKey=984223909053090,CC BY-SA 4.0,1,79,1,unknown,25,1.0
koreatown/1444884969196499_0,koreatown,crops/koreatown/1444884969196499_0.jpg,1444884969196499,2016-09-03T13:46:46+00:00,2016,34.063523055556,-118.29887305556,89.186333107967,False,gyllen,https://www.mapillary.com/app/?pKey=1444884969196499,CC BY-SA 4.0,1,81,1,parking,TOW-AWAY | NOSTOPPONG | PARKING,0.933
koreatown/285047813321203_0,koreatown,crops/koreatown/285047813321203_0.jpg,285047813321203,2017-08-04T08:26:25+00:00,2017,34.069971388889,-118.29178305556,270.0,False,mly_la,https://www.mapillary.com/app/?pKey=285047813321203,CC BY-SA 4.0,1,230,1,unknown,,0.0
koreatown/192647929344566_0,koreatown,crops/koreatown/192647929344566_0.jpg,192647929344566,2017-07-03T15:00:47+00:00,2017,34.05262,-118.30891638889,359.08424144921,False,mly_la,https://www.mapillary.com/app/?pKey=192647929344566,CC BY-SA 4.0,2,78,1,unknown,B | ope,0.975
koreatown/1126043294564312_0,koreatown,crops/koreatown/1126043294564312_0.jpg,1126043294564312,2016-09-03T13:47:07+00:00,2016,34.063544722222,-118.29615805556,89.999975729808,False,gyllen,https://www.mapillary.com/app/?pKey=1126043294564312,CC BY-SA 4.0,1,81,1,parking,NO | MARKING | ANCUME,0.919
koreatown/166452342034039_1,koreatown,crops/koreatown/166452342034039_1.jpg,166452342034039,2017-07-14T08:17:10+00:00,2017,34.061223055556,-118.29171305556,271.26555844874,False,mly_la,https://www.mapillary.com/app/?pKey=166452342034039,CC BY-SA 4.0,1,77,1,parking,TOW-AWAY | NOSTOPPING | ANY TIME,0.983
koreatown/3772567646300719_0,koreatown,crops/koreatown/3772567646300719_0.jpg,3772567646300719,2017-08-10T07:48:26+00:00,2017,34.062968055556,-118.30790805556,272.25907402283,False,mly_la,https://www.mapillary.com/app/?pKey=3772567646300719,CC BY-SA 4.0,2,227,1,unknown,,0.0
koreatown/479518016628022_0,koreatown,crops/koreatown/479518016628022_0.jpg,479518016628022,2017-08-04T12:53:37+00:00,2017,34.052591388889,-118.30240638889,267.9053258124,False,mly_la,https://www.mapillary.com/app/?pKey=479518016628022,CC BY-SA 4.0,2,226,1,unknown,,0.0
koreatown/416083364644308_0,koreatown,crops/koreatown/416083364644308_0.jpg,416083364644308,2024-04-17T21:41:00.219000+00:00,2024,34.052527273338,-118.29983549786,215.40000363126,False,dan613,https://www.mapillary.com/app/?pKey=416083364644308,CC BY-SA 4.0,1,226,1,unknown,,0.0
koreatown/750280045664183_0,koreatown,crops/koreatown/750280045664183_0.jpg,750280045664183,2018-07-19T18:40:33.453000+00:00,2018,34.052358480975,-118.29012821315,241.55606079102,False,lvl5,https://www.mapillary.com/app/?pKey=750280045664183,CC BY-SA 4.0,2,85,7,unknown,6 | 900,0.792
koreatown/205238608097613_0,koreatown,crops/koreatown/205238608097613_0.jpg,205238608097613,2018-12-28T21:50:05.779000+00:00,2018,34.063607165796,-118.30903486738,270.38565063477,False,lvl5,https://www.mapillary.com/app/?pKey=205238608097613,CC BY-SA 4.0,1,104,2,unknown,N | 7,0.562
koreatown/808282940105165_0,koreatown,crops/koreatown/808282940105165_0.jpg,808282940105165,2016-09-03T13:46:14+00:00,2016,34.063533055556,-118.30161638889,89.999974795569,False,gyllen,https://www.mapillary.com/app/?pKey=808282940105165,CC BY-SA 4.0,1,88,1,parking,-91 | NO PARRING,0.745
koreatown/488863952302490_0,koreatown,crops/koreatown/488863952302490_0.jpg,488863952302490,2017-07-14T08:19:04+00:00,2017,34.054768055556,-118.29172638889,181.58192238081,False,mly_la,https://www.mapillary.com/app/?pKey=488863952302490,CC BY-SA 4.0,1,80,1,parking,ROUR | PARKING | 8AM6PH,0.875
koreatown/161915275880576_0,koreatown,crops/koreatown/161915275880576_0.jpg,161915275880576,2018-07-29T22:57:53.370000+00:00,2018,34.052395017123,-118.29073104262,91.900131225586,False,lvl5,https://www.mapillary.com/app/?pKey=161915275880576,CC BY-SA 4.0,1,98,1,unknown,HE,0.615
koreatown/758538708017759_0,koreatown,crops/koreatown/758538708017759_0.jpg,758538708017759,2017-07-19T16:16:23+00:00,2017,34.069481388889,-118.30913638889,261.08006791734,False,mly_la,https://www.mapillary.com/app/?pKey=758538708017759,CC BY-SA 4.0,1,81,1,unknown,OS | NETA | 1MA1O | 3-9843,0.841
koreatown/1168429083619830_0,koreatown,crops/koreatown/1168429083619830_0.jpg,1168429083619830,2018-12-28T22:17:19.054000+00:00,2018,34.061707943227,-118.30172081694,91.111221313477,False,lvl5,https://www.mapillary.com/app/?pKey=1168429083619830,CC BY-SA 4.0,2,216,4,unknown,,0.0
koreatown/2385770458291158_0,koreatown,crops/koreatown/2385770458291158_0.jpg,2385770458291158,2024-03-26T14:45:09.620000+00:00,2024,34.059803508379,-118.29219520848,269.35107718905,False,dan613,https://www.mapillary.com/app/?pKey=2385770458291158,CC BY-SA 4.0,1,214,1,unknown,,0.0
koreatown/494602715001054_0,koreatown,crops/koreatown/494602715001054_0.jpg,494602715001054,2016-10-19T23:04:39.676000+00:00,2016,34.052458110744,-118.30854486057,90.149597167969,False,jopparn,https://www.mapillary.com/app/?pKey=494602715001054,CC BY-SA 4.0,1,214,1,unknown,,0.0
koreatown/1436352836714943_0,koreatown,crops/koreatown/1436352836714943_0.jpg,1436352836714943,2016-10-19T18:26:16.608000+00:00,2016,34.063548253796,-118.30055891093,105.33396134566,False,jopparn,https://www.mapillary.com/app/?pKey=1436352836714943,CC BY-SA 4.0,1,210,1,unknown,,0.0
koreatown/742167013138327_0,koreatown,crops/koreatown/742167013138327_0.jpg,742167013138327,2017-07-14T08:17:01+00:00,2017,34.062046388889,-118.29165972222,272.4966116285,False,mly_la,https://www.mapillary.com/app/?pKey=742167013138327,CC BY-SA 4.0,1,70,1,unknown,295 | 309 | 23,1.0
koreatown/761277561253495_0,koreatown,crops/koreatown/761277561253495_0.jpg,761277561253495,2017-06-28T07:21:23+00:00,2017,34.052908055556,-118.30914638889,182.63540565884,False,mly_la,https://www.mapillary.com/app/?pKey=761277561253495,CC BY-SA 4.0,1,71,1,unknown,RIGHT LANS | MUST,0.969
koreatown/849273045659609_0,koreatown,crops/koreatown/849273045659609_0.jpg,849273045659609,2020-01-25T00:51:51.234000+00:00,2020,34.061751,-118.29931,88.902282714844,False,turne514,https://www.mapillary.com/app/?pKey=849273045659609,CC BY-SA 4.0,2,208,2,unknown,,0.0
koreatown/1663775047162251_0,koreatown,crops/koreatown/1663775047162251_0.jpg,1663775047162251,2017-06-28T07:18:09+00:00,2017,34.065574722222,-118.30919138889,180.0,False,mly_la,https://www.mapillary.com/app/?pKey=1663775047162251,CC BY-SA 4.0,1,77,1,parking,11PM6AM | NOGNTLY,0.857
koreatown/1423090891370502_0,koreatown,crops/koreatown/1423090891370502_0.jpg,1423090891370502,2019-12-12T00:49:06.147000+00:00,2019,34.054117,-118.303132,359.43487548828,False,mikaeljudah,https://www.mapillary.com/app/?pKey=1423090891370502,CC BY-SA 4.0,2,207,1,unknown,,0.0
koreatown/487109822516355_0,koreatown,crops/koreatown/487109822516355_0.jpg,487109822516355,2017-07-19T15:49:25+00:00,2017,34.069959722222,-118.30919138889,272.63487511005,False,mly_la,https://www.mapillary.com/app/?pKey=487109822516355,CC BY-SA 4.0,1,75,1,parking,ROUR | PARKING,0.867
koreatown/2956964274540804_0,koreatown,crops/koreatown/2956964274540804_0.jpg,2956964274540804,2017-07-17T07:29:03+00:00,2017,34.061571388889,-118.29173138889,182.33948571597,False,mly_la,https://www.mapillary.com/app/?pKey=2956964274540804,CC BY-SA 4.0,1,69,1,unknown,P,0.981
koreatown/215123830377307_1,koreatown,crops/koreatown/215123830377307_1.jpg,215123830377307,2015-10-03T22:31:43.264000+00:00,2015,34.063524,-118.309192,332.2979,False,angelk,https://www.mapillary.com/app/?pKey=215123830377307,CC BY-SA 4.0,1,204,1,unknown,,0.0
koreatown/310629013985296_0,koreatown,crops/koreatown/310629013985296_0.jpg,310629013985296,2016-09-03T21:46:34+00:00,2016,34.063628021287,-118.30035080813,87.840322370371,True,gyllen,https://www.mapillary.com/app/?pKey=310629013985296,CC BY-SA 4.0,1,204,1,unknown,,0.0
koreatown/257271112845979_0,koreatown,crops/koreatown/257271112845979_0.jpg,257271112845979,2020-01-18T23:59:42.195000+00:00,2020,34.069552,-118.291592,359.23455810547,False,cfwarren3,https://www.mapillary.com/app/?pKey=257271112845979,CC BY-SA 4.0,1,204,1,unknown,,0.0
koreatown/625441823089639_0,koreatown,crops/koreatown/625441823089639_0.jpg,625441823089639,2024-03-27T18:43:21.511000+00:00,2024,34.057728762375,-118.29150860607,17.734999776063,False,dan613,https://www.mapillary.com/app/?pKey=625441823089639,CC BY-SA 4.0,1,204,1,unknown,,0.0
koreatown/2447909288679647_0,koreatown,crops/koreatown/2447909288679647_0.jpg,2447909288679647,2017-07-03T15:03:16+00:00,2017,34.063526388889,-118.30904638889,88.945346708764,False,mly_la,https://www.mapillary.com/app/?pKey=2447909288679647,CC BY-SA 4.0,1,81,1,parking,7A9A | 4PM 7PM,0.742
koreatown/1696265447247115_0,koreatown,crops/koreatown/1696265447247115_0.jpg,1696265447247115,2015-09-11T00:19:38.692000+00:00,2015,34.069165,-118.302913,348.2894,False,canadarunner,https://www.mapillary.com/app/?pKey=1696265447247115,CC BY-SA 4.0,2,201,1,unknown,,0.0
koreatown/1372310163144147_0,koreatown,crops/koreatown/1372310163144147_0.jpg,1372310163144147,2018-12-28T21:44:23.283000+00:00,2018,34.057786782954,-118.29305880995,267.34954833984,False,lvl5,https://www.mapillary.com/app/?pKey=1372310163144147,CC BY-SA 4.0,1,78,1,unknown,-,0.786
koreatown/306534557663036_0,koreatown,crops/koreatown/306534557663036_0.jpg,306534557663036,2020-01-18T19:02:42.254000+00:00,2020,34.065753,-118.291599,343.23590087891,False,cfwarren3,https://www.mapillary.com/app/?pKey=306534557663036,CC BY-SA 4.0,1,200,1,unknown,,0.0
koreatown/1429117694365130_0,koreatown,crops/koreatown/1429117694365130_0.jpg,1429117694365130,2024-03-27T18:54:45.550000+00:00,2024,34.058828701522,-118.29088827023,269.58014078515,False,dan613,https://www.mapillary.com/app/?pKey=1429117694365130,CC BY-SA 4.0,1,200,1,unknown,,0.0
koreatown/1365862697121034_0,koreatown,crops/koreatown/1365862697121034_0.jpg,1365862697121034,2020-01-20T20:56:12.187000+00:00,2020,34.066733,-118.300409,178.783203125,False,cfwarren3,https://www.mapillary.com/app/?pKey=1365862697121034,CC BY-SA 4.0,2,198,1,unknown,,0.0
koreatown/311391400389621_0,koreatown,crops/koreatown/311391400389621_0.jpg,311391400389621,2020-01-24T23:51:21.272000+00:00,2020,34.056922,-118.309065,1.913330078125,False,turne514,https://www.mapillary.com/app/?pKey=311391400389621,CC BY-SA 4.0,1,198,1,unknown,,0.0
koreatown/293439915556180_0,koreatown,crops/koreatown/293439915556180_0.jpg,293439915556180,2017-07-19T16:17:41+00:00,2017,34.069286388889,-118.30912305556,90.0,False,mly_la,https://www.mapillary.com/app/?pKey=293439915556180,CC BY-SA 4.0,3,197,1,unknown,,0.0
koreatown/291113389406592_0,koreatown,crops/koreatown/291113389406592_0.jpg,291113389406592,2020-01-17T23:39:56.160000+00:00,2020,34.057988,-118.291705,177.52923583984,False,cfwarren3,https://www.mapillary.com/app/?pKey=291113389406592,CC BY-SA 4.0,1,196,4,unknown,,0.0
koreatown/197876838832104_0,koreatown,crops/koreatown/197876838832104_0.jpg,197876838832104,2017-07-17T07:29:59+00:00,2017,34.055874722222,-118.29173,179.13474280123,False,mly_la,https://www.mapillary.com/app/?pKey=197876838832104,CC BY-SA 4.0,1,67,4,unknown,amasito | AUTO | BODY,0.954
koreatown/459020768531404_0,koreatown,crops/koreatown/459020768531404_0.jpg,459020768531404,2017-07-14T08:19:41+00:00,2017,34.053731388889,-118.29172805556,268.78299528916,False,mly_la,https://www.mapillary.com/app/?pKey=459020768531404,CC BY-SA 4.0,1,71,1,parking,hou | PARKING | 8AM6PH,0.861
koreatown/131123819055997_1,koreatown,crops/koreatown/131123819055997_1.jpg,131123819055997,2017-07-17T07:25:19+00:00,2017,34.069418055556,-118.29176138889,270.0,False,mly_la,https://www.mapillary.com/app/?pKey=131123819055997,CC BY-SA 4.0,1,91,1,unknown,B,0.562
koreatown/2545908239051467_0,koreatown,crops/koreatown/2545908239051467_0.jpg,2545908239051467,2020-02-12T01:39:20.121000+00:00,2020,34.06166946053,-118.30841976229,91.028836794745,False,cfwarren3,https://www.mapillary.com/app/?pKey=2545908239051467,CC BY-SA 4.0,1,191,1,unknown,,0.0
koreatown/2147239562299467_1,koreatown,crops/koreatown/2147239562299467_1.jpg,2147239562299467,2024-04-17T21:37:57.470000+00:00,2024,34.052791296165,-118.29797297592,272.40088165334,False,dan613,https://www.mapillary.com/app/?pKey=2147239562299467,CC BY-SA 4.0,2,190,1,unknown,,0.0
koreatown/1328973710829409_0,koreatown,crops/koreatown/1328973710829409_0.jpg,1328973710829409,2020-01-17T22:44:00.103000+00:00,2020,34.061759,-118.300323,268.54431152344,False,cfwarren3,https://www.mapillary.com/app/?pKey=1328973710829409,CC BY-SA 4.0,1,190,1,unknown,,0.0
koreatown/947434677040233_0,koreatown,crops/koreatown/947434677040233_0.jpg,947434677040233,2024-04-17T21:37:03.185000+00:00,2024,34.052779668894,-118.29729499672,262.18539563096,False,dan613,https://www.mapillary.com/app/?pKey=947434677040233,CC BY-SA 4.0,1,190,3,unknown,,0.0
koreatown/930623481058410_0,koreatown,crops/koreatown/930623481058410_0.jpg,930623481058410,2020-01-17T23:26:03.192000+00:00,2020,34.061844,-118.294319,263.57202148438,False,cfwarren3,https://www.mapillary.com/app/?pKey=930623481058410,CC BY-SA 4.0,1,190,1,unknown,,0.0
koreatown/969333744931101_0,koreatown,crops/koreatown/969333744931101_0.jpg,969333744931101,2024-03-27T18:43:28.036000+00:00,2024,34.057814308864,-118.29149570637,15.01469356886,False,dan613,https://www.mapillary.com/app/?pKey=969333744931101,CC BY-SA 4.0,1,188,2,unknown,,0.0
koreatown/755060628471532_0,koreatown,crops/koreatown/755060628471532_0.jpg,755060628471532,2020-01-17T23:25:33.118000+00:00,2020,34.062093,-118.294166,187.34307861328,False,cfwarren3,https://www.mapillary.com/app/?pKey=755060628471532,CC BY-SA 4.0,1,188,1,unknown,,0.0
koreatown/965963767480430_0,koreatown,crops/koreatown/965963767480430_0.jpg,965963767480430,2017-07-19T16:16:25+00:00,2017,34.069455,-118.30913138889,260.74466525659,False,mly_la,https://www.mapillary.com/app/?pKey=965963767480430,CC BY-SA 4.0,1,68,2,unknown,los | ETA& | 298-9848,0.878
koreatown/321983002880663_0,koreatown,crops/koreatown/321983002880663_0.jpg,321983002880663,2020-01-20T20:56:30.130000+00:00,2020,34.064821,-118.300407,179.29162597656,False,cfwarren3,https://www.mapillary.com/app/?pKey=321983002880663,CC BY-SA 4.0,2,186,1,unknown,,0.0
koreatown/1126514618388037_0,koreatown,crops/koreatown/1126514618388037_0.jpg,1126514618388037,2024-04-17T21:33:17.583000+00:00,2024,34.052793167217,-118.29494282541,266.94948904651,False,dan613,https://www.mapillary.com/app/?pKey=1126514618388037,CC BY-SA 4.0,2,186,1,unknown,,0.0
koreatown/299866738430016_0,koreatown,crops/koreatown/299866738430016_0.jpg,299866738430016,2017-07-17T07:30:08+00:00,2017,34.055056388889,-118.29171805556,180.0,False,mly_la,https://www.mapillary.com/app/?pKey=299866738430016,CC BY-SA 4.0,1,66,1,parking,AOUR | PARKING | 8AM6PM,0.895
koreatown/173162231381132_0,koreatown,crops/koreatown/173162231381132_0.jpg,173162231381132,2020-01-20T20:55:41.136000+00:00,2020,34.068944,-118.300636,92.513549804688,False,cfwarren3,https://www.mapillary.com/app/?pKey=173162231381132,CC BY-SA 4.0,1,185,1,unknown,,0.0
koreatown/537987277192180_0,koreatown,crops/koreatown/537987277192180_0.jpg,537987277192180,2017-08-04T12:53:35+00:00,2017,34.052541388889,-118.30259472222,179.99996787885,False,mly_la,https://www.mapillary.com/app/?pKey=537987277192180,CC BY-SA 4.0,1,184,1,unknown,,0.0
koreatown/2717810351842227_0,koreatown,crops/koreatown/2717810351842227_0.jpg,2717810351842227,2020-01-20T23:58:28.143000+00:00,2020,34.052594,-118.304195,92.110595703125,False,cfwarren3,https://www.mapillary.com/app/?pKey=2717810351842227,CC BY-SA 4.0,2,182,1,unknown,,0.0
koreatown/399220819536389_0,koreatown,crops/koreatown/399220819536389_0.jpg,399220819536389,2024-04-17T21:40:59.609000+00:00,2024,34.052528171529,-118.29983065727,248.88106127473,False,dan613,https://www.mapillary.com/app/?pKey=399220819536389,CC BY-SA 4.0,1,182,1,unknown,,0.0
koreatown/2882818825263102_0,koreatown,crops/koreatown/2882818825263102_0.jpg,2882818825263102,2020-01-23T23:31:32.234000+00:00,2020,34.059337,-118.307883,180.0,False,cfwarren3,https://www.mapillary.com/app/?pKey=2882818825263102,CC BY-SA 4.0,1,182,1,unknown,,0.0
koreatown/963075857566461_0,koreatown,crops/koreatown/963075857566461_0.jpg,963075857566461,2016-09-03T21:45:50+00:00,2016,34.063555391084,-118.30298018354,89.72277474266,True,gyllen,https://www.mapillary.com/app/?pKey=963075857566461,CC BY-SA 4.0,1,181,1,unknown,,0.0
koreatown/484772172723410_0,koreatown,crops/koreatown/484772172723410_0.jpg,484772172723410,2016-10-19T18:21:54.633000+00:00,2016,34.058483449943,-118.30090284199,10.625018155957,False,jopparn,https://www.mapillary.com/app/?pKey=484772172723410,CC BY-SA 4.0,1,181,1,unknown,,0.0
koreatown/261464475677208_0,koreatown,crops/koreatown/261464475677208_0.jpg,261464475677208,2016-10-19T21:48:53.773000+00:00,2016,34.0529840309,-118.30914165612,10.925721168518,False,jopparn,https://www.mapillary.com/app/?pKey=261464475677208,CC BY-SA 4.0,1,179,1,unknown,,0.0
koreatown/845218139410665_0,koreatown,crops/koreatown/845218139410665_0.jpg,845218139410665,2017-07-03T15:04:48+00:00,2017,34.066891388889,-118.30900305556,1.2168139619448,False,mly_la,https://www.mapillary.com/app/?pKey=845218139410665,CC BY-SA 4.0,1,60,1,unknown,R,0.97
koreatown/183850670261060_0,koreatown,crops/koreatown/183850670261060_0.jpg,183850670261060,2020-01-25T00:43:00.225000+00:00,2020,34.061806,-118.303015,268.67022705078,False,turne514,https://www.mapillary.com/app/?pKey=183850670261060,CC BY-SA 4.0,1,177,1,unknown,,0.0
koreatown/277822007399222_0,koreatown,crops/koreatown/277822007399222_0.jpg,277822007399222,2018-12-28T21:47:57.126000+00:00,2018,34.061121725827,-118.30788094385,3.2079873085022,False,lvl5,https://www.mapillary.com/app/?pKey=277822007399222,CC BY-SA 4.0,2,177,1,unknown,,0.0
koreatown/565846791067325_0,koreatown,crops/koreatown/565846791067325_0.jpg,565846791067325,2017-07-19T16:16:13+00:00,2017,34.069888055556,-118.30914472222,90.0,False,mly_la,https://www.mapillary.com/app/?pKey=565846791067325,CC BY-SA 4.0,1,66,1,unknown,FORLEASE | 123.45.0191,0.827
koreatown/1381999475503001_0,koreatown,crops/koreatown/1381999475503001_0.jpg,1381999475503001,2017-06-28T07:17:53+00:00,2017,34.067248055556,-118.30920472222,178.30033985445,False,mly_la,https://www.mapillary.com/app/?pKey=1381999475503001,CC BY-SA 4.0,1,59,1,unknown,R,0.997
koreatown/923846465042464_0,koreatown,crops/koreatown/923846465042464_0.jpg,923846465042464,2015-10-03T22:31:37.265000+00:00,2015,34.063872,-118.309156,323.2533,False,angelk,https://www.mapillary.com/app/?pKey=923846465042464,CC BY-SA 4.0,1,175,1,unknown,,0.0
koreatown/977193462818089_0,koreatown,crops/koreatown/977193462818089_0.jpg,977193462818089,2017-08-04T12:56:24+00:00,2017,34.055926388889,-118.29342138889,177.90525889175,False,mly_la,https://www.mapillary.com/app/?pKey=977193462818089,CC BY-SA 4.0,1,175,1,unknown,,0.0
koreatown/302862497965595_1,koreatown,crops/koreatown/302862497965595_1.jpg,302862497965595,2020-01-20T20:59:04.193000+00:00,2020,34.061767,-118.303035,268.80773925781,False,cfwarren3,https://www.mapillary.com/app/?pKey=302862497965595,CC BY-SA 4.0,1,175,3,unknown,,0.0
koreatown/576091143352622_0,koreatown,crops/koreatown/576091143352622_0.jpg,576091143352622,2018-07-29T22:56:13.015000+00:00,2018,34.052596376454,-118.30290811605,89.302368164062,False,lvl5,https://www.mapillary.com/app/?pKey=576091143352622,CC BY-SA 4.0,2,175,4,unknown,,0.0
koreatown/311400503691309_0,koreatown,crops/koreatown/311400503691309_0.jpg,311400503691309,2018-12-28T22:17:32.776000+00:00,2018,34.061719247602,-118.30077447768,93.737686157227,False,lvl5,https://www.mapillary.com/app/?pKey=311400503691309,CC BY-SA 4.0,1,175,1,unknown,,0.0
koreatown/809479963079756_0,koreatown,crops/koreatown/809479963079756_0.jpg,809479963079756,2020-01-24T21:38:24.275000+00:00,2020,34.06317,-118.296714,177.62811279297,False,turne514,https://www.mapillary.com/app/?pKey=809479963079756,CC BY-SA 4.0,1,173,1,unknown,,0.0
koreatown/522685452240999_0,koreatown,crops/koreatown/522685452240999_0.jpg,522685452240999,2020-01-23T23:08:05.230000+00:00,2020,34.052692,-118.302906,270.47045898438,False,cfwarren3,https://www.mapillary.com/app/?pKey=522685452240999,CC BY-SA 4.0,1,173,1,unknown,,0.0
koreatown/503889874071381_0,koreatown,crops/koreatown/503889874071381_0.jpg,503889874071381,2020-01-20T23:58:36.167000+00:00,2020,34.052581,-118.303219,86.678985595703,False,cfwarren3,https://www.mapillary.com/app/?pKey=503889874071381,CC BY-SA 4.0,1,173,1,unknown,,0.0
koreatown/786949735300181_0,koreatown,crops/koreatown/786949735300181_0.jpg,786949735300181,2017-07-17T07:29:37+00:00,2017,34.057886388889,-118.29174305556,180.0,False,mly_la,https://www.mapillary.com/app/?pKey=786949735300181,CC BY-SA 4.0,1,61,1,unknown,EHICLES | 5000 PO0 | PROHIBITED,0.923
koreatown/221920889309349_0,koreatown,crops/koreatown/221920889309349_0.jpg,221920889309349,2017-07-17T07:30:15+00:00,2017,34.054808055556,-118.291695,266.70712051535,False,mly_la,https://www.mapillary.com/app/?pKey=221920889309349,CC BY-SA 4.0,1,65,1,parking,AOUR | PARKING | 8AM76PH,0.81
koreatown/296751112079365_0,koreatown,crops/koreatown/296751112079365_0.jpg,296751112079365,2020-01-25T00:52:08.245000+00:00,2020,34.061748,-118.296786,93.116943359375,False,turne514,https://www.mapillary.com/app/?pKey=296751112079365,CC BY-SA 4.0,1,170,1,unknown,,0.0
koreatown/1189649588153953_0,koreatown,crops/koreatown/1189649588153953_0.jpg,1189649588153953,2017-07-03T15:00:55+00:00,2017,34.053313055556,-118.30894,359.22438604646,False,mly_la,https://www.mapillary.com/app/?pKey=1189649588153953,CC BY-SA 4.0,1,63,1,parking,HOUR | PARKING | 816,0.846
koreatown/472881407324950_0,koreatown,crops/koreatown/472881407324950_0.jpg,472881407324950,2020-01-25T19:23:51.095000+00:00,2020,34.052537,-118.306507,91.425537109375,False,jennyluisa96,https://www.mapillary.com/app/?pKey=472881407324950,CC BY-SA 4.0,1,169,1,unknown,,0.0
koreatown/274190277731798_0,koreatown,crops/koreatown/274190277731798_0.jpg,274190277731798,2020-02-12T01:39:22.136000+00:00,2020,34.061671891281,-118.30826452944,88.119221971957,False,cfwarren3,https://www.mapillary.com/app/?pKey=274190277731798,CC BY-SA 4.0,1,169,3,unknown,,0.0
koreatown/1416126312058244_0,koreatown,crops/koreatown/1416126312058244_0.jpg,1416126312058244,2017-07-14T08:14:46+00:00,2017,34.063408055556,-118.29173,268.15478115038,False,mly_la,https://www.mapillary.com/app/?pKey=1416126312058244,CC BY-SA 4.0,1,60,1,parking,ARKING,0.891
koreatown/875252739718514_0,koreatown,crops/koreatown/875252739718514_0.jpg,875252739718514,2017-07-03T15:02:18+00:00,2017,34.058968055556,-118.30896138889,4.1808569022325,False,mly_la,https://www.mapillary.com/app/?pKey=875252739718514,CC BY-SA 4.0,1,70,1,unknown,广,0.696
koreatown/943840093980332_0,koreatown,crops/koreatown/943840093980332_0.jpg,943840093980332,2024-03-27T18:41:55.598000+00:00,2024,34.057649652258,-118.2904883987,81.339611861819,False,dan613,https://www.mapillary.com/app/?pKey=943840093980332,CC BY-SA 4.0,1,168,2,unknown,,0.0
koreatown/480859329639510_0,koreatown,crops/koreatown/480859329639510_0.jpg,480859329639510,2017-08-04T12:52:41+00:00,2017,34.05262,-118.30849305556,179.99997200278,False,mly_la,https://www.mapillary.com/app/?pKey=480859329639510,CC BY-SA 4.0,1,167,1,unknown,,0.0
koreatown/309193763894462_0,koreatown,crops/koreatown/309193763894462_0.jpg,309193763894462,2017-07-14T08:18:30+00:00,2017,34.055518055556,-118.29172638889,183.44814659237,False,mly_la,https://www.mapillary.com/app/?pKey=309193763894462,CC BY-SA 4.0,1,60,1,parking,ROUR | PARKING | 8AM6FM,0.879
koreatown/934202410660142_0,koreatown,crops/koreatown/934202410660142_0.jpg,934202410660142,2017-08-10T07:50:10+00:00,2017,34.057889722222,-118.30790305556,270.0,False,mly_la,https://www.mapillary.com/app/?pKey=934202410660142,CC BY-SA 4.0,1,166,1,unknown,,0.0
koreatown/3005151889718511_0,koreatown,crops/koreatown/3005151889718511_0.jpg,3005151889718511,2019-12-21T19:20:02.212000+00:00,2019,34.063625,-118.302898,268.77612304688,False,mikaeljudah,https://www.mapillary.com/app/?pKey=3005151889718511,CC BY-SA 4.0,1,165,1,unknown,,0.0
koreatown/182905697022983_0,koreatown,crops/koreatown/182905697022983_0.jpg,182905697022983,2020-01-23T23:50:12.163000+00:00,2020,34.061769,-118.305184,270.57635498047,False,cfwarren3,https://www.mapillary.com/app/?pKey=182905697022983,CC BY-SA 4.0,1,165,1,unknown,,0.0
koreatown/1397604270638501_0,koreatown,crops/koreatown/1397604270638501_0.jpg,1397604270638501,2020-01-17T23:23:55.178000+00:00,2020,34.067283,-118.294205,179.47845458984,False,cfwarren3,https://www.mapillary.com/app/?pKey=1397604270638501,CC BY-SA 4.0,1,165,1,unknown,,0.0
koreatown/473392830634215_0,koreatown,crops/koreatown/473392830634215_0.jpg,473392830634215,2018-12-28T21:47:53.814000+00:00,2018,34.060639170399,-118.30788528585,359.31979370117,False,lvl5,https://www.mapillary.com/app/?pKey=473392830634215,CC BY-SA 4.0,1,74,1,unknown,R,0.609
koreatown/1834293763411179_0,koreatown,crops/koreatown/1834293763411179_0.jpg,1834293763411179,2017-08-10T07:51:44+00:00,2017,34.057634722222,-118.30528305556,179.99997394187,False,mly_la,https://www.mapillary.com/app/?pKey=1834293763411179,CC BY-SA 4.0,1,163,1,unknown,,0.0
koreatown/217996160098715_0,koreatown,crops/koreatown/217996160098715_0.jpg,217996160098715,2020-01-17T23:39:58.133000+00:00,2020,34.057892,-118.2917,190.88641357422,False,cfwarren3,https://www.mapillary.com/app/?pKey=217996160098715,CC BY-SA 4.0,1,163,1,unknown,,0.0
koreatown/958423364988164_0,koreatown,crops/koreatown/958423364988164_0.jpg,958423364988164,2020-01-20T20:08:44.153000+00:00,2020,34.06717,-118.30874,273.39764404297,False,cfwarren3,https://www.mapillary.com/app/?pKey=958423364988164,CC BY-SA 4.0,1,162,1,unknown,,0.0
koreatown/274239971026771_0,koreatown,crops/koreatown/274239971026771_0.jpg,274239971026771,2017-08-10T07:50:09+00:00,2017,34.057921388889,-118.30790138889,272.49673207696,False,mly_la,https://www.mapillary.com/app/?pKey=274239971026771,CC BY-SA 4.0,1,161,1,unknown,,0.0
koreatown/1897010343788329_1,koreatown,crops/koreatown/1897010343788329_1.jpg,1897010343788329,2017-07-17T07:26:14+00:00,2017,34.063805,-118.29178638889,255.16392325619,False,mly_la,https://www.mapillary.com/app/?pKey=1897010343788329,CC BY-SA 4.0,2,161,1,unknown,,0.0
koreatown/540749997333293_0,koreatown,crops/koreatown/540749997333293_0.jpg,540749997333293,2020-01-20T23:57:43.139000+00:00,2020,34.052654,-118.307408,91.097503662109,False,cfwarren3,https://www.mapillary.com/app/?pKey=540749997333293,CC BY-SA 4.0,1,161,1,unknown,,0.0
koreatown/155816496494706_0,koreatown,crops/koreatown/155816496494706_0.jpg,155816496494706,2020-01-24T22:36:02.179000+00:00,2020,34.066071,-118.30292,178.00231933594,False,turne514,https://www.mapillary.com/app/?pKey=155816496494706,CC BY-SA 4.0,1,159,1,unknown,,0.0
koreatown/3006946786258994_0,koreatown,crops/koreatown/3006946786258994_0.jpg,3006946786258994,2017-08-10T07:50:04+00:00,2017,34.058381388889,-118.30789305556,270.0,False,mly_la,https://www.mapillary.com/app/?pKey=3006946786258994,CC BY-SA 4.0,1,159,1,unknown,,0.0
koreatown/462393991734783_0,koreatown,crops/koreatown/462393991734783_0.jpg,462393991734783,2016-10-19T21:27:18.108000+00:00,2016,34.06182102831,-118.30660726427,93.38941192627,False,jopparn,https://www.mapillary.com/app/?pKey=462393991734783,CC BY-SA 4.0,1,159,1,unknown,,0.0
koreatown/831387124121872_0,koreatown,crops/koreatown/831387124121872_0.jpg,831387124121872,2015-09-11T00:17:06.700000+00:00,2015,34.061749,-118.300528,241.8891,False,canadarunner,https://www.mapillary.com/app/?pKey=831387124121872,CC BY-SA 4.0,1,158,1,unknown,,0.0
koreatown/472879833942473_0,koreatown,crops/koreatown/472879833942473_0.jpg,472879833942473,2020-02-12T01:39:44.131000+00:00,2020,34.061670214901,-118.30669283878,90.786851113879,False,cfwarren3,https://www.mapillary.com/app/?pKey=472879833942473,CC BY-SA 4.0,1,157,1,unknown,,0.0
koreatown/470004897446234_0,koreatown,crops/koreatown/470004897446234_0.jpg,470004897446234,2020-01-18T21:41:17.167000+00:00,2020,34.061947,-118.297979,187.70275878906,False,cfwarren3,https://www.mapillary.com/app/?pKey=470004897446234,CC BY-SA 4.0,1,157,1,unknown,,0.0
koreatown/4062057400542764_1,koreatown,crops/koreatown/4062057400542764_1.jpg,4062057400542764,2020-01-25T00:52:20.283000+00:00,2020,34.061749,-118.295537,99.477478027344,False,turne514,https://www.mapillary.com/app/?pKey=4062057400542764,CC BY-SA 4.0,1,157,1,unknown,,0.0
koreatown/533678651351162_1,koreatown,crops/koreatown/533678651351162_1.jpg,533678651351162,2017-07-19T15:50:26+00:00,2017,34.069156388889,-118.30919805556,281.700032604,False,mly_la,https://www.mapillary.com/app/?pKey=533678651351162,CC BY-SA 4.0,1,70,3,unknown,0>zO,0.62
koreatown/317078259811444_0,koreatown,crops/koreatown/317078259811444_0.jpg,317078259811444,2015-10-03T22:31:41.249000+00:00,2015,34.063649,-118.30918,337.6458,False,angelk,https://www.mapillary.com/app/?pKey=317078259811444,CC BY-SA 4.0,1,157,1,unknown,,0.0
koreatown/1754958518043275_0,koreatown,crops/koreatown/1754958518043275_0.jpg,1754958518043275,2017-07-14T08:17:33+00:00,2017,34.058308055556,-118.29173305556,276.56387716167,False,mly_la,https://www.mapillary.com/app/?pKey=1754958518043275,CC BY-SA 4.0,1,156,1,unknown,,0.0
koreatown/1735448433302029_0,koreatown,crops/koreatown/1735448433302029_0.jpg,1735448433302029,2017-08-04T08:27:21+00:00,2017,34.066778055556,-118.29176138889,179.49934761816,False,mly_la,https://www.mapillary.com/app/?pKey=1735448433302029,CC BY-SA 4.0,1,156,1,unknown,,0.0
koreatown/811277473151519_0,koreatown,crops/koreatown/811277473151519_0.jpg,811277473151519,2017-08-04T08:41:45+00:00,2017,34.062224722222,-118.29174805556,90.0,False,mly_la,https://www.mapillary.com/app/?pKey=811277473151519,CC BY-SA 4.0,1,156,3,unknown,,0.0
koreatown/472150580756045_0,koreatown,crops/koreatown/472150580756045_0.jpg,472150580756045,2018-12-28T22:20:05.019000+00:00,2018,34.059709394978,-118.30381403694,268.61370849609,False,lvl5,https://www.mapillary.com/app/?pKey=472150580756045,CC BY-SA 4.0,2,155,1,unknown,,0.0
koreatown/494320575149836_0,koreatown,crops/koreatown/494320575149836_0.jpg,494320575149836,2020-01-20T20:59:32.225000+00:00,2020,34.06175,-118.305231,267.15032958984,False,cfwarren3,https://www.mapillary.com/app/?pKey=494320575149836,CC BY-SA 4.0,1,155,1,unknown,,0.0
koreatown/293718442227757_0,koreatown,crops/koreatown/293718442227757_0.jpg,293718442227757,2017-07-19T16:17:40+00:00,2017,34.06929,-118.30912,180.0,False,mly_la,https://www.mapillary.com/app/?pKey=293718442227757,CC BY-SA 4.0,2,155,1,unknown,,0.0
koreatown/2592217767749211_0,koreatown,crops/koreatown/2592217767749211_0.jpg,2592217767749211,2020-01-24T21:52:43.180000+00:00,2020,34.062117,-118.297968,180.70843505859,False,turne514,https://www.mapillary.com/app/?pKey=2592217767749211,CC BY-SA 4.0,1,154,2,unknown,,0.0
koreatown/2940115266307869_0,koreatown,crops/koreatown/2940115266307869_0.jpg,2940115266307869,2016-10-19T21:48:53.444000+00:00,2016,34.053009365941,-118.30914276907,11.973207473755,False,jopparn,https://www.mapillary.com/app/?pKey=2940115266307869,CC BY-SA 4.0,1,153,2,unknown,,0.0
koreatown/455650073476605_0,koreatown,crops/koreatown/455650073476605_0.jpg,455650073476605,2024-04-17T21:39:24.909000+00:00,2024,34.052799478341,-118.29904217474,82.653608811569,False,dan613,https://www.mapillary.com/app/?pKey=455650073476605,CC BY-SA 4.0,1,153,2,unknown,,0.0
koreatown/864651744087674_0,koreatown,crops/koreatown/864651744087674_0.jpg,864651744087674,2017-08-10T07:46:59+00:00,2017,34.067168055556,-118.30848805556,178.63254411431,False,mly_la,https://www.mapillary.com/app/?pKey=864651744087674,CC BY-SA 4.0,1,152,1,unknown,,0.0
koreatown/1089214978257915_0,koreatown,crops/koreatown/1089214978257915_0.jpg,1089214978257915,2016-10-19T23:04:33.121000+00:00,2016,34.052447648276,-118.30865820818,90.666163444519,False,jopparn,https://www.mapillary.com/app/?pKey=1089214978257915,CC BY-SA 4.0,1,151,1,unknown,,0.0
koreatown/1132531187171597_0,koreatown,crops/koreatown/1132531187171597_0.jpg,1132531187171597,2020-01-24T23:01:41.234000+00:00,2020,34.059682,-118.304181,357.36480712891,False,turne514,https://www.mapillary.com/app/?pKey=1132531187171597,CC BY-SA 4.0,1,151,1,unknown,,0.0
koreatown/136940478372090_0,koreatown,crops/koreatown/136940478372090_0.jpg,136940478372090,2020-01-18T20:14:17.168000+00:00,2020,34.065364,-118.298762,87.721038818359,False,cfwarren3,https://www.mapillary.com/app/?pKey=136940478372090,CC BY-SA 4.0,1,151,2,unknown,,0.0
koreatown/463525848081394_0,koreatown,crops/koreatown/463525848081394_0.jpg,463525848081394,2017-07-14T08:13:50+00:00,2017,34.066683055556,-118.291735,270.52041446233,False,mly_la,https://www.mapillary.com/app/?pKey=463525848081394,CC BY-SA 4.0,1,73,1,unknown,C,0.525
koreatown/457563698875086_0,koreatown,crops/koreatown/457563698875086_0.jpg,457563698875086,2016-10-19T21:32:50.036000+00:00,2016,34.063155283183,-118.30297105211,14.606543540955,False,jopparn,https://www.mapillary.com/app/?pKey=457563698875086,CC BY-SA 4.0,1,149,1,unknown,,0.0
koreatown/266461181890533_0,koreatown,crops/koreatown/266461181890533_0.jpg,266461181890533,2017-08-04T08:41:40+00:00,2017,34.062251388889,-118.29174972222,270.0,False,mly_la,https://www.mapillary.com/app/?pKey=266461181890533,CC BY-SA 4.0,1,148,1,unknown,,0.0
koreatown/768691867145531_0,koreatown,crops/koreatown/768691867145531_0.jpg,768691867145531,2020-01-23T23:10:59.779000+00:00,2020,34.054471,-118.306417,297.11505126953,False,cfwarren3,https://www.mapillary.com/app/?pKey=768691867145531,CC BY-SA 4.0,1,148,3,unknown,,0.0
koreatown/292978375701750_0,koreatown,crops/koreatown/292978375701750_0.jpg,292978375701750,2020-01-24T21:33:19.180000+00:00,2020,34.069096,-118.295965,268.98297119141,False,turne514,https://www.mapillary.com/app/?pKey=292978375701750,CC BY-SA 4.0,1,147,1,unknown,,0.0
koreatown/512396743127130_0,koreatown,crops/koreatown/512396743127130_0.jpg,512396743127130,2020-01-18T23:59:45.488000+00:00,2020,34.069936,-118.291599,358.57287597656,False,cfwarren3,https://www.mapillary.com/app/?pKey=512396743127130,CC BY-SA 4.0,1,147,1,unknown,,0.0
koreatown/317913103055877_1,koreatown,crops/koreatown/317913103055877_1.jpg,317913103055877,2020-01-24T23:54:06.235000+00:00,2020,34.063267,-118.309083,7.1377563476562,False,turne514,https://www.mapillary.com/app/?pKey=317913103055877,CC BY-SA 4.0,1,147,1,unknown,,0.0
koreatown/886316345265738_0,koreatown,crops/koreatown/886316345265738_0.jpg,886316345265738,2017-07-03T15:04:25+00:00,2017,34.066338055556,-118.30901472222,0.0,False,mly_la,https://www.mapillary.com/app/?pKey=886316345265738,CC BY-SA 4.0,1,58,1,parking,AOUR | PARKING,0.765
koreatown/2246946612105805_0,koreatown,crops/koreatown/2246946612105805_0.jpg,2246946612105805,2017-07-17T07:27:58+00:00,2017,34.062003055556,-118.29171472222,294.91129059354,False,mly_la,https://www.mapillary.com/app/?pKey=2246946612105805,CC BY-SA 4.0,1,61,1,unknown,RGHT LANT | 53508,0.706
koreatown/899225140630491_0,koreatown,crops/koreatown/899225140630491_0.jpg,899225140630491,2017-08-04T12:52:10+00:00,2017,34.052173055556,-118.30897305556,180.0,False,mly_la,https://www.mapillary.com/app/?pKey=899225140630491,CC BY-SA 4.0,1,146,1,unknown,,0.0
koreatown/742122733146963_0,koreatown,crops/koreatown/742122733146963_0.jpg,742122733146963,2020-01-23T23:57:35.200000+00:00,2020,34.063253,-118.307918,180.0,False,cfwarren3,https://www.mapillary.com/app/?pKey=742122733146963,CC BY-SA 4.0,1,145,1,unknown,,0.0
koreatown/131255719038514_0,koreatown,crops/koreatown/131255719038514_0.jpg,131255719038514,2020-01-20T22:48:19.077000+00:00,2020,34.069136,-118.304215,198.33233642578,False,cfwarren3,https://www.mapillary.com/app/?pKey=131255719038514,CC BY-SA 4.0,1,145,1,unknown,,0.0
koreatown/523351602012432_0,koreatown,crops/koreatown/523351602012432_0.jpg,523351602012432,2018-12-28T21:47:28.542000+00:00,2018,34.058352687458,-118.30786253103,1.509187579155,False,lvl5,https://www.mapillary.com/app/?pKey=523351602012432,CC BY-SA 4.0,1,145,4,unknown,,0.0
koreatown/1036128976924722_0,koreatown,crops/koreatown/1036128976924722_0.jpg,1036128976924722,2016-10-19T23:03:26.015000+00:00,2016,34.052523069736,-118.3097514668,91.587493896484,False,jopparn,https://www.mapillary.com/app/?pKey=1036128976924722,CC BY-SA 4.0,1,145,1,unknown,,0.0
koreatown/1038068539930345_0,koreatown,crops/koreatown/1038068539930345_0.jpg,1038068539930345,2017-07-19T16:17:02+00:00,2017,34.069416388889,-118.309125,270.0,False,mly_la,https://www.mapillary.com/app/?pKey=1038068539930345,CC BY-SA 4.0,1,59,1,unknown,trlosi | aun,0.734
koreatown/3701003246694270_0,koreatown,crops/koreatown/3701003246694270_0.jpg,3701003246694270,2017-08-10T07:55:29+00:00,2017,34.052611388889,-118.29704638889,178.60317886396,False,mly_la,https://www.mapillary.com/app/?pKey=3701003246694270,CC BY-SA 4.0,1,144,1,unknown,,0.0
koreatown/2230385363762284_0,koreatown,crops/koreatown/2230385363762284_0.jpg,2230385363762284,2018-12-28T22:21:35.422000+00:00,2018,34.059717771794,-118.3092757576,266.4714050293,False,lvl5,https://www.mapillary.com/app/?pKey=2230385363762284,CC BY-SA 4.0,2,143,2,unknown,,0.0
koreatown/466793571317178_0,koreatown,crops/koreatown/466793571317178_0.jpg,466793571317178,2015-09-11T00:14:44.722000+00:00,2015,34.057943,-118.29871,350.2974,False,canadarunner,https://www.mapillary.com/app/?pKey=466793571317178,CC BY-SA 4.0,1,143,1,unknown,,0.0
koreatown/305057851246305_0,koreatown,crops/koreatown/305057851246305_0.jpg,305057851246305,2020-01-25T00:34:47.169000+00:00,2020,34.061924,-118.295368,184.91937255859,False,turne514,https://www.mapillary.com/app/?pKey=305057851246305,CC BY-SA 4.0,1,143,1,unknown,,0.0
koreatown/786184576774072_0,koreatown,crops/koreatown/786184576774072_0.jpg,786184576774072,2024-04-17T21:49:26.666000+00:00,2024,34.052585107838,-118.29398422957,82.421550606928,False,dan613,https://www.mapillary.com/app/?pKey=786184576774072,CC BY-SA 4.0,1,143,1,unknown,,0.0
koreatown/591609588583290_1,koreatown,crops/koreatown/591609588583290_1.jpg,591609588583290,2020-01-25T00:02:04.170000+00:00,2020,34.063321,-118.309159,178.02307128906,False,turne514,https://www.mapillary.com/app/?pKey=591609588583290,CC BY-SA 4.0,1,143,1,unknown,,0.0
koreatown/188603939779139_0,koreatown,crops/koreatown/188603939779139_0.jpg,188603939779139,2020-01-24T22:29:40.268000+00:00,2020,34.061698,-118.302002,23.754577636719,False,turne514,https://www.mapillary.com/app/?pKey=188603939779139,CC BY-SA 4.0,1,143,1,unknown,,0.0
koreatown/822069668667694_0,koreatown,crops/koreatown/822069668667694_0.jpg,822069668667694,2017-07-19T16:17:00+00:00,2017,34.069426388889,-118.30912638889,263.43698030272,False,mly_la,https://www.mapillary.com/app/?pKey=822069668667694,CC BY-SA 4.0,1,59,1,unknown,trlos | ELAL | 福,0.714
koreatown/483793809540449_0,koreatown,crops/koreatown/483793809540449_0.jpg,483793809540449,2016-10-19T21:48:52.497000+00:00,2016,34.053031575457,-118.30914347961,12.134837150574,False,jopparn,https://www.mapillary.com/app/?pKey=483793809540449,CC BY-SA 4.0,1,142,1,unknown,,0.0
koreatown/1147252979964214_0,koreatown,crops/koreatown/1147252979964214_0.jpg,1147252979964214,2024-03-27T18:43:14.922000+00:00,2024,34.057697880016,-118.29149660842,316.93272699021,False,dan613,https://www.mapillary.com/app/?pKey=1147252979964214,CC BY-SA 4.0,1,141,2,unknown,,0.0
koreatown/440640983959558_0,koreatown,crops/koreatown/440640983959558_0.jpg,440640983959558,2019-06-19T01:30:24.701000+00:00,2019,34.057696977273,-118.29006270455,91.099243164062,False,worace,https://www.mapillary.com/app/?pKey=440640983959558,CC BY-SA 4.0,1,141,1,unknown,,0.0
koreatown/756104358297875_0,koreatown,crops/koreatown/756104358297875_0.jpg,756104358297875,2016-10-19T21:49:16.807000+00:00,2016,34.052696998396,-118.30999501814,340.01332950592,False,jopparn,https://www.mapillary.com/app/?pKey=756104358297875,CC BY-SA 4.0,1,141,1,unknown,,0.0
koreatown/368496717936612_0,koreatown,crops/koreatown/368496717936612_0.jpg,368496717936612,2020-01-20T22:40:28.109000+00:00,2020,34.069169,-118.300489,198.88836669922,False,cfwarren3,https://www.mapillary.com/app/?pKey=368496717936612,CC BY-SA 4.0,1,140,1,unknown,,0.0
koreatown/176679844242311_0,koreatown,crops/koreatown/176679844242311_0.jpg,176679844242311,2017-07-03T15:05:26+00:00,2017,34.068646388889,-118.30902305556,90.804385769208,False,mly_la,https://www.mapillary.com/app/?pKey=176679844242311,CC BY-SA 4.0,2,139,1,unknown,,0.0
koreatown/310062007290494_1,koreatown,crops/koreatown/310062007290494_1.jpg,310062007290494,2020-01-25T00:40:57.549000+00:00,2020,34.061801,-118.295527,8.3173828125,False,turne514,https://www.mapillary.com/app/?pKey=310062007290494,CC BY-SA 4.0,1,139,1,unknown,,0.0
koreatown/922042891893924_1,koreatown,crops/koreatown/922042891893924_1.jpg,922042891893924,2017-08-04T08:26:30+00:00,2017,34.069806388889,-118.29179,270.0,False,mly_la,https://www.mapillary.com/app/?pKey=922042891893924,CC BY-SA 4.0,1,139,1,unknown,,0.0
koreatown/885675455327931_0,koreatown,crops/koreatown/885675455327931_0.jpg,885675455327931,2017-08-04T12:52:55+00:00,2017,34.052591388889,-118.30685,272.95405166822,False,mly_la,https://www.mapillary.com/app/?pKey=885675455327931,CC BY-SA 4.0,1,138,1,unknown,,0.0
koreatown/1453768755546216_0,koreatown,crops/koreatown/1453768755546216_0.jpg,1453768755546216,2024-03-27T18:54:27.546000+00:00,2024,34.058824373785,-118.29069310092,265.57703528859,False,dan613,https://www.mapillary.com/app/?pKey=1453768755546216,CC BY-SA 4.0,1,137,2,unknown,,0.0
koreatown/1121967321641737_0,koreatown,crops/koreatown/1121967321641737_0.jpg,1121967321641737,2017-07-19T15:50:22+00:00,2017,34.069246388889,-118.30919638889,91.248792562916,False,mly_la,https://www.mapillary.com/app/?pKey=1121967321641737,CC BY-SA 4.0,2,137,1,unknown,,0.0
koreatown/1166046897190629_0,koreatown,crops/koreatown/1166046897190629_0.jpg,1166046897190629,2020-01-17T22:08:47.151000+00:00,2020,34.068469,-118.295477,179.47265625,False,cfwarren3,https://www.mapillary.com/app/?pKey=1166046897190629,CC BY-SA 4.0,1,137,1,unknown,,0.0
koreatown/4008577949219936_0,koreatown,crops/koreatown/4008577949219936_0.jpg,4008577949219936,2016-09-03T13:46:13+00:00,2016,34.063536388889,-118.30177,177.40001925605,False,gyllen,https://www.mapillary.com/app/?pKey=4008577949219936,CC BY-SA 4.0,2,136,1,unknown,,0.0
koreatown/325457832430605_0,koreatown,crops/koreatown/325457832430605_0.jpg,325457832430605,2018-12-28T22:17:44.261000+00:00,2018,34.061471529885,-118.3004462209,197.61613464355,False,lvl5,https://www.mapillary.com/app/?pKey=325457832430605,CC BY-SA 4.0,2,135,1,unknown,,0.0
koreatown/174635184565192_0,koreatown,crops/koreatown/174635184565192_0.jpg,174635184565192,2018-12-28T22:14:41.112000+00:00,2018,34.061710733066,-118.30991474171,118.45156097412,False,lvl5,https://www.mapillary.com/app/?pKey=174635184565192,CC BY-SA 4.0,1,135,2,unknown,,0.0
koreatown/159736609490566_0,koreatown,crops/koreatown/159736609490566_0.jpg,159736609490566,2020-01-17T22:17:48.117000+00:00,2020,34.055928,-118.300628,270.75170898438,False,cfwarren3,https://www.mapillary.com/app/?pKey=159736609490566,CC BY-SA 4.0,1,135,1,unknown,,0.0
koreatown/954598842002375_0,koreatown,crops/koreatown/954598842002375_0.jpg,954598842002375,2020-01-18T19:02:09.356000+00:00,2020,34.063593,-118.291584,0.59329223632812,False,cfwarren3,https://www.mapillary.com/app/?pKey=954598842002375,CC BY-SA 4.0,1,135,2,unknown,,0.0
koreatown/512779986740798_0,koreatown,crops/koreatown/512779986740798_0.jpg,512779986740798,2017-07-03T15:00:48+00:00,2017,34.052706388889,-118.30891805556,358.8698890738,False,mly_la,https://www.mapillary.com/app/?pKey=512779986740798,CC BY-SA 4.0,1,134,1,unknown,,0.0
koreatown/164379812277032_0,koreatown,crops/koreatown/164379812277032_0.jpg,164379812277032,2020-01-18T19:07:26.237000+00:00,2020,34.06949,-118.291645,0.44775390625,False,cfwarren3,https://www.mapillary.com/app/?pKey=164379812277032,CC BY-SA 4.0,1,134,1,unknown,,0.0
koreatown/969796693758162_1,koreatown,crops/koreatown/969796693758162_1.jpg,969796693758162,2016-10-19T18:21:59.792000+00:00,2016,34.058926441635,-118.3009049003,12.827742091178,False,jopparn,https://www.mapillary.com/app/?pKey=969796693758162,CC BY-SA 4.0,1,134,1,unknown,,0.0
koreatown/1127223081117113_0,koreatown,crops/koreatown/1127223081117113_0.jpg,1127223081117113,2016-10-19T20:16:03.656000+00:00,2016,34.064477602795,-118.30669027206,10.283253273289,False,jopparn,https://www.mapillary.com/app/?pKey=1127223081117113,CC BY-SA 4.0,1,134,1,unknown,,0.0
koreatown/476957783517555_0,koreatown,crops/koreatown/476957783517555_0.jpg,476957783517555,2018-12-28T22:14:53.492000+00:00,2018,34.061675316456,-118.30986489985,249.80882263184,False,lvl5,https://www.mapillary.com/app/?pKey=476957783517555,CC BY-SA 4.0,1,133,1,unknown,,0.0
koreatown/505204540908815_0,koreatown,crops/koreatown/505204540908815_0.jpg,505204540908815,2018-12-28T21:50:13.407000+00:00,2018,34.063549646362,-118.30992255876,266.90460205078,False,lvl5,https://www.mapillary.com/app/?pKey=505204540908815,CC BY-SA 4.0,1,133,1,unknown,,0.0
koreatown/698001951185896_0,koreatown,crops/koreatown/698001951185896_0.jpg,698001951185896,2017-08-04T08:42:32+00:00,2017,34.062148055556,-118.29173638889,182.71029696541,False,mly_la,https://www.mapillary.com/app/?pKey=698001951185896,CC BY-SA 4.0,1,132,1,unknown,,0.0
koreatown/887591471805830_0,koreatown,crops/koreatown/887591471805830_0.jpg,887591471805830,2018-12-28T21:47:31.184000+00:00,2018,34.058705207424,-118.30784233528,1.0546875,False,lvl5,https://www.mapillary.com/app/?pKey=887591471805830,CC BY-SA 4.0,2,132,1,unknown,,0.0
koreatown/480314830083140_1,koreatown,crops/koreatown/480314830083140_1.jpg,480314830083140,2017-08-04T08:27:51+00:00,2017,34.064171388889,-118.29193305556,336.77560444927,False,mly_la,https://www.mapillary.com/app/?pKey=480314830083140,CC BY-SA 4.0,1,131,1,unknown,,0.0
koreatown/162184389058418_1,koreatown,crops/koreatown/162184389058418_1.jpg,162184389058418,2016-10-19T18:52:24.094000+00:00,2016,34.061732329615,-118.30622783966,318.49108384948,False,jopparn,https://www.mapillary.com/app/?pKey=162184389058418,CC BY-SA 4.0,1,131,1,unknown,,0.0
koreatown/399009797750164_0,koreatown,crops/koreatown/399009797750164_0.jpg,399009797750164,2020-01-23T23:44:10.701000+00:00,2020,34.061939,-118.304108,3.2699279785156,False,cfwarren3,https://www.mapillary.com/app/?pKey=399009797750164,CC BY-SA 4.0,1,131,1,unknown,,0.0
koreatown/940092360126503_0,koreatown,crops/koreatown/940092360126503_0.jpg,940092360126503,2016-10-19T20:33:30.641000+00:00,2016,34.068653806712,-118.3090152961,17.905115074788,False,jopparn,https://www.mapillary.com/app/?pKey=940092360126503,CC BY-SA 4.0,1,131,1,unknown,,0.0
koreatown/317913103055877_0,koreatown,crops/koreatown/317913103055877_0.jpg,317913103055877,2020-01-24T23:54:06.235000+00:00,2020,34.063267,-118.309083,7.1377563476562,False,turne514,https://www.mapillary.com/app/?pKey=317913103055877,CC BY-SA 4.0,1,131,1,unknown,,0.0
koreatown/178875780676392_0,koreatown,crops/koreatown/178875780676392_0.jpg,178875780676392,2020-01-17T22:08:40.800000+00:00,2020,34.068972847893,-118.2954661778,197.47290039062,False,cfwarren3,https://www.mapillary.com/app/?pKey=178875780676392,CC BY-SA 4.0,1,131,1,unknown,,0.0
koreatown/176580397597648_0,koreatown,crops/koreatown/176580397597648_0.jpg,176580397597648,2018-12-28T22:17:32.438000+00:00,2018,34.061716343692,-118.30080793639,91.955268859863,False,lvl5,https://www.mapillary.com/app/?pKey=176580397597648,CC BY-SA 4.0,2,131,1,unknown,,0.0
koreatown/827725981174459_0,koreatown,crops/koreatown/827725981174459_0.jpg,827725981174459,2018-12-28T22:16:51.494000+00:00,2018,34.061736700888,-118.30415017824,90.554008483887,False,lvl5,https://www.mapillary.com/app/?pKey=827725981174459,CC BY-SA 4.0,1,131,1,unknown,,0.0
koreatown/386209512496575_0,koreatown,crops/koreatown/386209512496575_0.jpg,386209512496575,2015-09-11T00:12:44.702000+00:00,2015,34.057774,-118.291514,251.8597,False,canadarunner,https://www.mapillary.com/app/?pKey=386209512496575,CC BY-SA 4.0,1,130,1,unknown,,0.0
koreatown/211719270505436_0,koreatown,crops/koreatown/211719270505436_0.jpg,211719270505436,2017-07-19T15:49:22+00:00,2017,34.069953055556,-118.30918638889,180.0,False,mly_la,https://www.mapillary.com/app/?pKey=211719270505436,CC BY-SA 4.0,1,64,1,unknown,ROOR,0.51
koreatown/1243556566047587_0,koreatown,crops/koreatown/1243556566047587_0.jpg,1243556566047587,2018-12-28T22:17:15.126000+00:00,2018,34.061711768431,-118.301972984,86.8359375,False,lvl5,https://www.mapillary.com/app/?pKey=1243556566047587,CC BY-SA 4.0,1,130,1,unknown,,0.0
koreatown/316299686547475_0,koreatown,crops/koreatown/316299686547475_0.jpg,316299686547475,2020-01-25T19:23:08.098000+00:00,2020,34.052574,-118.309671,90.875274658203,False,jennyluisa96,https://www.mapillary.com/app/?pKey=316299686547475,CC BY-SA 4.0,1,129,1,unknown,,0.0
koreatown/296751112079365_1,koreatown,crops/koreatown/296751112079365_1.jpg,296751112079365,2020-01-25T00:52:08.245000+00:00,2020,34.061748,-118.296786,93.116943359375,False,turne514,https://www.mapillary.com/app/?pKey=296751112079365,CC BY-SA 4.0,1,129,1,unknown,,0.0
koreatown/143260887819400_1,koreatown,crops/koreatown/143260887819400_1.jpg,143260887819400,2018-12-28T21:50:06.252000+00:00,2018,34.063606715581,-118.30906737362,270.703125,False,lvl5,https://www.mapillary.com/app/?pKey=143260887819400,CC BY-SA 4.0,1,61,1,unknown,>2U,0.549
koreatown/1763849877120728_0,koreatown,crops/koreatown/1763849877120728_0.jpg,1763849877120728,2020-01-24T00:56:54.092000+00:00,2020,34.063797,-118.307832,358.96826171875,False,cfwarren3,https://www.mapillary.com/app/?pKey=1763849877120728,CC BY-SA 4.0,1,128,1,unknown,,0.0
koreatown/257271112845979_1,koreatown,crops/koreatown/257271112845979_1.jpg,257271112845979,2020-01-18T23:59:42.195000+00:00,2020,34.069552,-118.291592,359.23455810547,False,cfwarren3,https://www.mapillary.com/app/?pKey=257271112845979,CC BY-SA 4.0,1,127,1,unknown,,0.0
koreatown/472761237283286_0,koreatown,crops/koreatown/472761237283286_0.jpg,472761237283286,2020-01-24T22:52:31.268000+00:00,2020,34.059035,-118.303164,181.86083984375,False,turne514,https://www.mapillary.com/app/?pKey=472761237283286,CC BY-SA 4.0,1,127,1,unknown,,0.0
koreatown/492077848699653_0,koreatown,crops/koreatown/492077848699653_0.jpg,492077848699653,2020-01-17T23:15:24.098000+00:00,2020,34.068625,-118.292958,357.3154296875,False,cfwarren3,https://www.mapillary.com/app/?pKey=492077848699653,CC BY-SA 4.0,1,127,1,unknown,,0.0
koreatown/170099815029973_0,koreatown,crops/koreatown/170099815029973_0.jpg,170099815029973,2020-01-25T19:23:49.096000+00:00,2020,34.052547,-118.30671,93.523773193359,False,jennyluisa96,https://www.mapillary.com/app/?pKey=170099815029973,CC BY-SA 4.0,1,127,1,unknown,,0.0
koreatown/448771416423008_0,koreatown,crops/koreatown/448771416423008_0.jpg,448771416423008,2015-09-11T00:18:30.716000+00:00,2015,34.065311,-118.302876,0.7228394,False,canadarunner,https://www.mapillary.com/app/?pKey=448771416423008,CC BY-SA 4.0,1,126,1,unknown,,0.0
koreatown/3200706863489979_0,koreatown,crops/koreatown/3200706863489979_0.jpg,3200706863489979,2018-02-27T14:44:34.918000+00:00,2018,34.061693494584,-118.30864845679,269.80130004883,False,lvl5,https://www.mapillary.com/app/?pKey=3200706863489979,CC BY-SA 4.0,1,59,2,unknown,R,0.554
koreatown/990463591776814_0,koreatown,crops/koreatown/990463591776814_0.jpg,990463591776814,2018-12-28T22:21:22.058000+00:00,2018,34.059736413216,-118.3083548431,270.82766723633,False,lvl5,https://www.mapillary.com/app/?pKey=990463591776814,CC BY-SA 4.0,2,125,1,unknown,,0.0
koreatown/2655722791394289_1,koreatown,crops/koreatown/2655722791394289_1.jpg,2655722791394289,2020-01-23T23:44:16.175000+00:00,2020,34.062263,-118.304104,0.0,False,cfwarren3,https://www.mapillary.com/app/?pKey=2655722791394289,CC BY-SA 4.0,1,123,1,unknown,,0.0
koreatown/2939676006268300_0,koreatown,crops/koreatown/2939676006268300_0.jpg,2939676006268300,2017-08-04T12:54:20+00:00,2017,34.052601388889,-118.29766305556,268.84755992337,False,mly_la,https://www.mapillary.com/app/?pKey=2939676006268300,CC BY-SA 4.0,1,123,1,unknown,,0.0
koreatown/794524604796707_0,koreatown,crops/koreatown/794524604796707_0.jpg,794524604796707,2015-09-11T00:17:04.697000+00:00,2015,34.06175,-118.300415,243.7537,False,canadarunner,https://www.mapillary.com/app/?pKey=794524604796707,CC BY-SA 4.0,1,123,1,unknown,,0.0
koreatown/1231622343940810_1,koreatown,crops/koreatown/1231622343940810_1.jpg,1231622343940810,2018-12-28T21:47:58.012000+00:00,2018,34.0612550984,-118.30785491854,3.4813759326935,False,lvl5,https://www.mapillary.com/app/?pKey=1231622343940810,CC BY-SA 4.0,2,122,1,unknown,,0.0
koreatown/1704504986424344_0,koreatown,crops/koreatown/1704504986424344_0.jpg,1704504986424344,2018-07-29T22:55:47.892000+00:00,2018,34.052628067148,-118.3072387532,92.97501373291,False,lvl5,https://www.mapillary.com/app/?pKey=1704504986424344,CC BY-SA 4.0,1,122,1,unknown,,0.0
koreatown/4095012517219749_0,koreatown,crops/koreatown/4095012517219749_0.jpg,4095012517219749,2017-08-10T07:49:56+00:00,2017,34.059213055556,-118.30790305556,268.49994058048,False,mly_la,https://www.mapillary.com/app/?pKey=4095012517219749,CC BY-SA 4.0,1,121,1,unknown,,0.0
koreatown/430073728033352_0,koreatown,crops/koreatown/430073728033352_0.jpg,430073728033352,2020-02-12T01:41:04.107000+00:00,2020,34.061674363943,-118.30502735462,88.075848099757,False,cfwarren3,https://www.mapillary.com/app/?pKey=430073728033352,CC BY-SA 4.0,1,121,7,unknown,,0.0
koreatown/3017366205167184_0,koreatown,crops/koreatown/3017366205167184_0.jpg,3017366205167184,2020-01-18T20:30:56.329000+00:00,2020,34.06898,-118.297464,90.628753662109,False,cfwarren3,https://www.mapillary.com/app/?pKey=3017366205167184,CC BY-SA 4.0,1,121,1,unknown,,0.0
koreatown/952028495532356_0,koreatown,crops/koreatown/952028495532356_0.jpg,952028495532356,2019-12-21T19:19:31.160000+00:00,2019,34.063571,-118.300112,269.33502197266,False,mikaeljudah,https://www.mapillary.com/app/?pKey=952028495532356,CC BY-SA 4.0,1,121,1,unknown,,0.0
koreatown/318638586324430_0,koreatown,crops/koreatown/318638586324430_0.jpg,318638586324430,2016-10-19T21:23:41.514000+00:00,2016,34.061993844792,-118.30882521911,155.88771152496,False,jopparn,https://www.mapillary.com/app/?pKey=318638586324430,CC BY-SA 4.0,1,121,1,unknown,,0.0
koreatown/146002380896496_1,koreatown,crops/koreatown/146002380896496_1.jpg,146002380896496,2018-12-29T00:23:40.507000+00:00,2018,34.063431423742,-118.30918002143,92.467956542969,False,lvl5,https://www.mapillary.com/app/?pKey=146002380896496,CC BY-SA 4.0,2,121,1,unknown,,0.0
koreatown/805101563466936_0,koreatown,crops/koreatown/805101563466936_0.jpg,805101563466936,2017-08-04T12:56:26+00:00,2017,34.055929722222,-118.29330138889,176.71042029731,False,mly_la,https://www.mapillary.com/app/?pKey=805101563466936,CC BY-SA 4.0,1,121,1,unknown,,0.0
koreatown/576748416644330_1,koreatown,crops/koreatown/576748416644330_1.jpg,576748416644330,2017-08-04T08:43:34+00:00,2017,34.057748055556,-118.29170972222,275.70992947293,False,mly_la,https://www.mapillary.com/app/?pKey=576748416644330,CC BY-SA 4.0,1,121,1,unknown,,0.0
koreatown/2884285991900148_0,koreatown,crops/koreatown/2884285991900148_0.jpg,2884285991900148,2020-01-25T00:33:49.238000+00:00,2020,34.062013,-118.295423,146.15277099609,False,turne514,https://www.mapillary.com/app/?pKey=2884285991900148,CC BY-SA 4.0,1,120,1,unknown,,0.0
koreatown/173162231381132_1,koreatown,crops/koreatown/173162231381132_1.jpg,173162231381132,2020-01-20T20:55:41.136000+00:00,2020,34.068944,-118.300636,92.513549804688,False,cfwarren3,https://www.mapillary.com/app/?pKey=173162231381132,CC BY-SA 4.0,1,120,1,unknown,,0.0
koreatown/3931039273670112_0,koreatown,crops/koreatown/3931039273670112_0.jpg,3931039273670112,2020-01-17T22:57:47.131000+00:00,2020,34.058144,-118.294204,180.87896728516,False,cfwarren3,https://www.mapillary.com/app/?pKey=3931039273670112,CC BY-SA 4.0,1,120,1,unknown,,0.0
koreatown/172935288057864_0,koreatown,crops/koreatown/172935288057864_0.jpg,172935288057864,2020-01-23T23:12:49.381000+00:00,2020,34.061276,-118.30665,9.8933410644531,False,cfwarren3,https://www.mapillary.com/app/?pKey=172935288057864,CC BY-SA 4.0,1,120,1,unknown,,0.0
koreatown/515654609606953_0,koreatown,crops/koreatown/515654609606953_0.jpg,515654609606953,2017-08-10T07:45:53+00:00,2017,34.068628055556,-118.30918,270.0,False,mly_la,https://www.mapillary.com/app/?pKey=515654609606953,CC BY-SA 4.0,1,119,1,unknown,,0.0
koreatown/2552690624854712_0,koreatown,crops/koreatown/2552690624854712_0.jpg,2552690624854712,2017-08-04T13:56:01+00:00,2017,34.055871388889,-118.29530638889,113.55952137346,False,mly_la,https://www.mapillary.com/app/?pKey=2552690624854712,CC BY-SA 4.0,1,119,1,unknown,,0.0
koreatown/320481722923318_0,koreatown,crops/koreatown/320481722923318_0.jpg,320481722923318,2020-01-24T00:57:16.101000+00:00,2020,34.064774,-118.307844,355.16821289062,False,cfwarren3,https://www.mapillary.com/app/?pKey=320481722923318,CC BY-SA 4.0,1,119,1,unknown,,0.0
koreatown/4590737274272330_0,koreatown,crops/koreatown/4590737274272330_0.jpg,4590737274272330,2020-01-25T19:23:50.097000+00:00,2020,34.052542,-118.306612,93.289398193359,False,jennyluisa96,https://www.mapillary.com/app/?pKey=4590737274272330,CC BY-SA 4.0,1,119,3,unknown,,0.0
koreatown/947120066087274_1,koreatown,crops/koreatown/947120066087274_1.jpg,947120066087274,2020-01-20T23:57:45.096000+00:00,2020,34.052642,-118.307156,95.428863525391,False,cfwarren3,https://www.mapillary.com/app/?pKey=947120066087274,CC BY-SA 4.0,1,119,1,unknown,,0.0
koreatown/480347806545698_0,koreatown,crops/koreatown/480347806545698_0.jpg,480347806545698,2020-01-24T21:58:32.239000+00:00,2020,34.069427,-118.300413,178.76739501953,False,turne514,https://www.mapillary.com/app/?pKey=480347806545698,CC BY-SA 4.0,1,119,2,unknown,,0.0
koreatown/298671025179845_0,koreatown,crops/koreatown/298671025179845_0.jpg,298671025179845,2020-01-20T19:26:08.124000+00:00,2020,34.052241,-118.30002,359.31207275391,False,cfwarren3,https://www.mapillary.com/app/?pKey=298671025179845,CC BY-SA 4.0,1,119,1,unknown,,0.0
koreatown/1404145729964970_0,koreatown,crops/koreatown/1404145729964970_0.jpg,1404145729964970,2020-01-20T21:01:53.179000+00:00,2020,34.061677,-118.309943,266.26684570312,False,cfwarren3,https://www.mapillary.com/app/?pKey=1404145729964970,CC BY-SA 4.0,1,119,1,unknown,,0.0
koreatown/854416828798385_0,koreatown,crops/koreatown/854416828798385_0.jpg,854416828798385,2020-01-24T00:33:40.316000+00:00,2020,34.057706,-118.304132,268.05267333984,False,turne514,https://www.mapillary.com/app/?pKey=854416828798385,CC BY-SA 4.0,1,119,1,unknown,,0.0
koreatown/2955132228148120_0,koreatown,crops/koreatown/2955132228148120_0.jpg,2955132228148120,2017-07-17T07:30:03+00:00,2017,34.055486388889,-118.29171472222,358.24242724501,False,mly_la,https://www.mapillary.com/app/?pKey=2955132228148120,CC BY-SA 4.0,1,117,1,unknown,,0.0
koreatown/804047967159944_0,koreatown,crops/koreatown/804047967159944_0.jpg,804047967159944,2017-08-04T08:27:18+00:00,2017,34.067179722222,-118.29176305556,180.0,False,mly_la,https://www.mapillary.com/app/?pKey=804047967159944,CC BY-SA 4.0,1,117,1,unknown,,0.0
koreatown/1572571949619002_0,koreatown,crops/koreatown/1572571949619002_0.jpg,1572571949619002,2017-07-19T16:17:05+00:00,2017,34.069378055556,-118.30912138889,95.258687489313,False,mly_la,https://www.mapillary.com/app/?pKey=1572571949619002,CC BY-SA 4.0,1,116,1,unknown,,0.0
koreatown/493991481790544_0,koreatown,crops/koreatown/493991481790544_0.jpg,493991481790544,2017-07-14T08:15:53+00:00,2017,34.062991388889,-118.29167,270.0,False,mly_la,https://www.mapillary.com/app/?pKey=493991481790544,CC BY-SA 4.0,1,115,1,unknown,,0.0
koreatown/245524657359549_0,koreatown,crops/koreatown/245524657359549_0.jpg,245524657359549,2017-08-10T07:49:17+00:00,2017,34.061749722222,-118.30793305556,270.0,False,mly_la,https://www.mapillary.com/app/?pKey=245524657359549,CC BY-SA 4.0,1,115,3,unknown,,0.0
koreatown/524093885271703_0,koreatown,crops/koreatown/524093885271703_0.jpg,524093885271703,2018-12-28T21:44:38.412000+00:00,2018,34.057780840103,-118.29505205119,272.59317016602,False,lvl5,https://www.mapillary.com/app/?pKey=524093885271703,CC BY-SA 4.0,2,112,1,unknown,,0.0
koreatown/152625196870351_0,koreatown,crops/koreatown/152625196870351_0.jpg,152625196870351,2017-07-19T15:49:27+00:00,2017,34.069903055556,-118.30919638889,273.64593569969,False,mly_la,https://www.mapillary.com/app/?pKey=152625196870351,CC BY-SA 4.0,1,112,1,unknown,,0.0
koreatown/305382251047390_0,koreatown,crops/koreatown/305382251047390_0.jpg,305382251047390,2018-07-29T22:55:52.864000+00:00,2018,34.052585848555,-118.30643100572,92.157150268555,False,lvl5,https://www.mapillary.com/app/?pKey=305382251047390,CC BY-SA 4.0,1,109,7,unknown,,0.0
koreatown/832188344065891_0,koreatown,crops/koreatown/832188344065891_0.jpg,832188344065891,2018-12-28T22:17:19.976000+00:00,2018,34.061708831873,-118.30164941611,92.083549499512,False,lvl5,https://www.mapillary.com/app/?pKey=832188344065891,CC BY-SA 4.0,2,108,1,unknown,,0.0
koreatown/386209512496575_1,koreatown,crops/koreatown/386209512496575_1.jpg,386209512496575,2015-09-11T00:12:44.702000+00:00,2015,34.057774,-118.291514,251.8597,False,canadarunner,https://www.mapillary.com/app/?pKey=386209512496575,CC BY-SA 4.0,1,108,1,unknown,,0.0
koreatown/291338975799585_0,koreatown,crops/koreatown/291338975799585_0.jpg,291338975799585,2017-07-17T07:29:48+00:00,2017,34.057363055556,-118.29172305556,270.0,False,mly_la,https://www.mapillary.com/app/?pKey=291338975799585,CC BY-SA 4.0,1,107,1,unknown,,0.0
koreatown/1437543493266111_0,koreatown,crops/koreatown/1437543493266111_0.jpg,1437543493266111,2017-07-03T15:01:42+00:00,2017,34.056473055556,-118.30898305556,90.0,False,mly_la,https://www.mapillary.com/app/?pKey=1437543493266111,CC BY-SA 4.0,1,107,1,unknown,,0.0
koreatown/130910189057708_0,koreatown,crops/koreatown/130910189057708_0.jpg,130910189057708,2015-09-11T00:14:52.702000+00:00,2015,34.058292,-118.29871,357.0231,False,canadarunner,https://www.mapillary.com/app/?pKey=130910189057708,CC BY-SA 4.0,1,106,1,unknown,,0.0
koreatown/312675447035777_0,koreatown,crops/koreatown/312675447035777_0.jpg,312675447035777,2018-12-28T21:44:24.918000+00:00,2018,34.057775568085,-118.29331461745,270.33911132812,False,lvl5,https://www.mapillary.com/app/?pKey=312675447035777,CC BY-SA 4.0,1,105,1,unknown,,0.0
koreatown/231447305417466_0,koreatown,crops/koreatown/231447305417466_0.jpg,231447305417466,2015-09-11T00:16:20.723000+00:00,2015,34.061767,-118.298864,281.7742,False,canadarunner,https://www.mapillary.com/app/?pKey=231447305417466,CC BY-SA 4.0,1,105,1,unknown,,0.0
koreatown/772127986827512_0,koreatown,crops/koreatown/772127986827512_0.jpg,772127986827512,2017-07-19T15:49:33+00:00,2017,34.069815,-118.30918805556,256.37185279141,False,mly_la,https://www.mapillary.com/app/?pKey=772127986827512,CC BY-SA 4.0,1,103,1,unknown,,0.0
koreatown/1861410627359863_0,koreatown,crops/koreatown/1861410627359863_0.jpg,1861410627359863,2017-07-19T16:16:12+00:00,2017,34.069941388889,-118.30914472222,90.0,False,mly_la,https://www.mapillary.com/app/?pKey=1861410627359863,CC BY-SA 4.0,1,103,1,unknown,,0.0
koreatown/3989783401105994_0,koreatown,crops/koreatown/3989783401105994_0.jpg,3989783401105994,2017-07-17T07:25:58+00:00,2017,34.065423055556,-118.29176305556,270.0,False,mly_la,https://www.mapillary.com/app/?pKey=3989783401105994,CC BY-SA 4.0,1,102,1,unknown,,0.0
koreatown/301661524876158_0,koreatown,crops/koreatown/301661524876158_0.jpg,301661524876158,2018-12-28T22:17:17.338000+00:00,2018,34.061712560467,-118.301831587,94.26978302002,False,lvl5,https://www.mapillary.com/app/?pKey=301661524876158,CC BY-SA 4.0,2,101,4,unknown,,0.0
koreatown/1333569060349229_0,koreatown,crops/koreatown/1333569060349229_0.jpg,1333569060349229,2017-07-14T08:19:37+00:00,2017,34.054033055556,-118.29173638889,268.0228616965,False,mly_la,https://www.mapillary.com/app/?pKey=1333569060349229,CC BY-SA 4.0,1,99,1,unknown,,0.0
koreatown/952574435505071_0,koreatown,crops/koreatown/952574435505071_0.jpg,952574435505071,2017-07-19T16:18:36+00:00,2017,34.069133055556,-118.30912305556,107.8558725342,False,mly_la,https://www.mapillary.com/app/?pKey=952574435505071,CC BY-SA 4.0,2,97,1,unknown,,0.0
koreatown/520537675629097_0,koreatown,crops/koreatown/520537675629097_0.jpg,520537675629097,2017-07-17T07:30:12+00:00,2017,34.055064722222,-118.29170805556,271.00988655119,False,mly_la,https://www.mapillary.com/app/?pKey=520537675629097,CC BY-SA 4.0,1,97,1,unknown,,0.0
koreatown/775183579857437_0,koreatown,crops/koreatown/775183579857437_0.jpg,775183579857437,2018-12-28T22:21:34.510000+00:00,2018,34.059723526001,-118.30920571354,266.30200195312,False,lvl5,https://www.mapillary.com/app/?pKey=775183579857437,CC BY-SA 4.0,1,96,1,unknown,,0.0
koreatown/224163579145942_0,koreatown,crops/koreatown/224163579145942_0.jpg,224163579145942,2018-12-28T22:20:04.359000+00:00,2018,34.059713374777,-118.30374257778,269.04803466797,False,lvl5,https://www.mapillary.com/app/?pKey=224163579145942,CC BY-SA 4.0,1,96,1,unknown,,0.0
koreatown/1001815613717454_0,koreatown,crops/koreatown/1001815613717454_0.jpg,1001815613717454,2018-12-28T22:14:34.886000+00:00,2018,34.06173067213,-118.30997746132,50.825569152832,False,lvl5,https://www.mapillary.com/app/?pKey=1001815613717454,CC BY-SA 4.0,1,95,1,unknown,,0.0
koreatown/2765855500392211_0,koreatown,crops/koreatown/2765855500392211_0.jpg,2765855500392211,2018-12-28T21:44:32.592000+00:00,2018,34.057762684792,-118.29446224103,270.20541381836,False,lvl5,https://www.mapillary.com/app/?pKey=2765855500392211,CC BY-SA 4.0,1,94,1,unknown,,0.0
koreatown/182793060285250_0,koreatown,crops/koreatown/182793060285250_0.jpg,182793060285250,2018-12-28T21:50:05.283000+00:00,2018,34.063608495036,-118.30900147021,269.6887512207,False,lvl5,https://www.mapillary.com/app/?pKey=182793060285250,CC BY-SA 4.0,1,93,1,unknown,,0.0
koreatown/390295112517725_0,koreatown,crops/koreatown/390295112517725_0.jpg,390295112517725,2018-12-28T22:16:48.548000+00:00,2018,34.061742047811,-118.30441059003,90.0,False,lvl5,https://www.mapillary.com/app/?pKey=390295112517725,CC BY-SA 4.0,2,92,1,unknown,,0.0
koreatown/374115277254724_1,koreatown,crops/koreatown/374115277254724_1.jpg,374115277254724,2017-07-03T15:02:38+00:00,2017,34.059496388889,-118.30900805556,90.0,False,mly_la,https://www.mapillary.com/app/?pKey=374115277254724,CC BY-SA 4.0,1,90,1,unknown,,0.0
koreatown/180688480605045_0,koreatown,crops/koreatown/180688480605045_0.jpg,180688480605045,2018-02-27T14:44:15.918000+00:00,2018,34.061687136388,-118.30746065722,269.19296264648,False,lvl5,https://www.mapillary.com/app/?pKey=180688480605045,CC BY-SA 4.0,1,89,1,unknown,,0.0
koreatown/303141631368186_0,koreatown,crops/koreatown/303141631368186_0.jpg,303141631368186,2018-12-28T21:44:31.420000+00:00,2018,34.057760387084,-118.29430921517,269.79330444336,False,lvl5,https://www.mapillary.com/app/?pKey=303141631368186,CC BY-SA 4.0,2,88,1,unknown,,0.0
koreatown/1335985013450978_0,koreatown,crops/koreatown/1335985013450978_0.jpg,1335985013450978,2017-07-03T15:04:19+00:00,2017,34.065641388889,-118.30900138889,88.080844225498,False,mly_la,https://www.mapillary.com/app/?pKey=1335985013450978,CC BY-SA 4.0,1,88,1,unknown,,0.0
koreatown/287090466469116_0,koreatown,crops/koreatown/287090466469116_0.jpg,287090466469116,2018-12-28T21:46:45.968000+00:00,2018,34.057720034466,-118.30379832233,267.1875,False,lvl5,https://www.mapillary.com/app/?pKey=287090466469116,CC BY-SA 4.0,1,87,1,unknown,,0.0
koreatown/846814325911756_0,koreatown,crops/koreatown/846814325911756_0.jpg,846814325911756,2017-07-03T15:01:14+00:00,2017,34.054936388889,-118.30896305556,84.74042318047,False,mly_la,https://www.mapillary.com/app/?pKey=846814325911756,CC BY-SA 4.0,1,86,1,unknown,,0.0
koreatown/209750334065010_0,koreatown,crops/koreatown/209750334065010_0.jpg,209750334065010,2017-07-17T07:30:03+00:00,2017,34.055461388889,-118.29172305556,179.12100659106,False,mly_la,https://www.mapillary.com/app/?pKey=209750334065010,CC BY-SA 4.0,1,86,1,unknown,,0.0
koreatown/565846791067325_1,koreatown,crops/koreatown/565846791067325_1.jpg,565846791067325,2017-07-19T16:16:13+00:00,2017,34.069888055556,-118.30914472222,90.0,False,mly_la,https://www.mapillary.com/app/?pKey=565846791067325,CC BY-SA 4.0,1,85,1,unknown,,0.0
koreatown/804323997161473_0,koreatown,crops/koreatown/804323997161473_0.jpg,804323997161473,2017-06-28T07:17:59+00:00,2017,34.066618055556,-118.30919472222,178.64416356502,False,mly_la,https://www.mapillary.com/app/?pKey=804323997161473,CC BY-SA 4.0,1,85,1,unknown,,0.0
koreatown/1231622343940810_0,koreatown,crops/koreatown/1231622343940810_0.jpg,1231622343940810,2018-12-28T21:47:58.012000+00:00,2018,34.0612550984,-118.30785491854,3.4813759326935,False,lvl5,https://www.mapillary.com/app/?pKey=1231622343940810,CC BY-SA 4.0,1,84,1,unknown,,0.0
koreatown/1412149969129653_0,koreatown,crops/koreatown/1412149969129653_0.jpg,1412149969129653,2018-02-27T14:44:20.971000+00:00,2018,34.061698522476,-118.30798456851,269.98092651367,False,lvl5,https://www.mapillary.com/app/?pKey=1412149969129653,CC BY-SA 4.0,1,83,1,unknown,,0.0
koreatown/184660016867316_0,koreatown,crops/koreatown/184660016867316_0.jpg,184660016867316,2018-07-29T22:57:55.408000+00:00,2018,34.052397409269,-118.29038077056,89.584075927734,False,lvl5,https://www.mapillary.com/app/?pKey=184660016867316,CC BY-SA 4.0,1,83,4,unknown,,0.0
koreatown/799691224312330_0,koreatown,crops/koreatown/799691224312330_0.jpg,799691224312330,2018-12-28T22:17:37.060000+00:00,2018,34.061702498873,-118.30046401476,100.55740356445,False,lvl5,https://www.mapillary.com/app/?pKey=799691224312330,CC BY-SA 4.0,1,80,2,unknown,,0.0
koreatown/131123819055997_2,koreatown,crops/koreatown/131123819055997_2.jpg,131123819055997,2017-07-17T07:25:19+00:00,2017,34.069418055556,-118.29176138889,270.0,False,mly_la,https://www.mapillary.com/app/?pKey=131123819055997,CC BY-SA 4.0,1,78,1,unknown,,0.0
koreatown/805217333441853_1,koreatown,crops/koreatown/805217333441853_1.jpg,805217333441853,2017-07-03T15:03:24+00:00,2017,34.064049722222,-118.30899638889,3.143657986766,False,mly_la,https://www.mapillary.com/app/?pKey=805217333441853,CC BY-SA 4.0,1,77,1,unknown,,0.0
koreatown/1508348196163370_0,koreatown,crops/koreatown/1508348196163370_0.jpg,1508348196163370,2018-07-19T18:40:30.885000+00:00,2018,34.052456665614,-118.29003197348,257.09268188477,False,lvl5,https://www.mapillary.com/app/?pKey=1508348196163370,CC BY-SA 4.0,1,77,7,unknown,,0.0
koreatown/182287337085181_0,koreatown,crops/koreatown/182287337085181_0.jpg,182287337085181,2017-07-03T15:03:13+00:00,2017,34.063378055556,-118.30900638889,0.76060973838514,False,mly_la,https://www.mapillary.com/app/?pKey=182287337085181,CC BY-SA 4.0,1,77,1,unknown,,0.0
koreatown/776428769929935_0,koreatown,crops/koreatown/776428769929935_0.jpg,776428769929935,2017-07-17T07:29:43+00:00,2017,34.057781388889,-118.29173138889,270.0,False,mly_la,https://www.mapillary.com/app/?pKey=776428769929935,CC BY-SA 4.0,1,76,1,unknown,,0.0
koreatown/774484873254645_0,koreatown,crops/koreatown/774484873254645_0.jpg,774484873254645,2017-07-17T07:29:57+00:00,2017,34.056506388889,-118.291725,270.65022947865,False,mly_la,https://www.mapillary.com/app/?pKey=774484873254645,CC BY-SA 4.0,1,75,1,unknown,,0.0
koreatown/1713624288806491_0,koreatown,crops/koreatown/1713624288806491_0.jpg,1713624288806491,2017-07-19T16:19:53+00:00,2017,34.069976388889,-118.30788472222,0.0,False,mly_la,https://www.mapillary.com/app/?pKey=1713624288806491,CC BY-SA 4.0,1,75,1,unknown,,0.0
koreatown/188737109794649_0,koreatown,crops/koreatown/188737109794649_0.jpg,188737109794649,2018-12-28T21:44:37.842000+00:00,2018,34.057772899163,-118.29501876504,272.18395996094,False,lvl5,https://www.mapillary.com/app/?pKey=188737109794649,CC BY-SA 4.0,1,73,1,unknown,,0.0
koreatown/499960221045795_0,koreatown,crops/koreatown/499960221045795_0.jpg,499960221045795,2018-12-28T22:16:49.726000+00:00,2018,34.061741227652,-118.30429698845,89.490371704102,False,lvl5,https://www.mapillary.com/app/?pKey=499960221045795,CC BY-SA 4.0,1,73,5,unknown,,0.0
koreatown/762197091148281_0,koreatown,crops/koreatown/762197091148281_0.jpg,762197091148281,2017-07-17T07:25:46+00:00,2017,34.066358055556,-118.29177305556,180.0,False,mly_la,https://www.mapillary.com/app/?pKey=762197091148281,CC BY-SA 4.0,1,72,1,unknown,,0.0
koreatown/813409092917733_0,koreatown,crops/koreatown/813409092917733_0.jpg,813409092917733,2017-07-19T16:19:05+00:00,2017,34.069128055556,-118.309125,94.386011855172,False,mly_la,https://www.mapillary.com/app/?pKey=813409092917733,CC BY-SA 4.0,1,71,1,unknown,,0.0
koreatown/468518997810655_0,koreatown,crops/koreatown/468518997810655_0.jpg,468518997810655,2016-09-03T13:44:25+00:00,2016,34.063505,-118.30898638889,180.99603595204,False,gyllen,https://www.mapillary.com/app/?pKey=468518997810655,CC BY-SA 4.0,1,71,1,unknown,,0.0
koreatown/323126925828112_0,koreatown,crops/koreatown/323126925828112_0.jpg,323126925828112,2017-07-19T15:50:18+00:00,2017,34.069575,-118.30919305556,90.909727932162,False,mly_la,https://www.mapillary.com/app/?pKey=323126925828112,CC BY-SA 4.0,1,71,1,unknown,,0.0
koreatown/266110398555318_0,koreatown,crops/koreatown/266110398555318_0.jpg,266110398555318,2016-09-03T13:44:31+00:00,2016,34.063491388889,-118.30815472222,182.56511879672,False,gyllen,https://www.mapillary.com/app/?pKey=266110398555318,CC BY-SA 4.0,1,71,1,unknown,,0.0
koreatown/1399337543763786_0,koreatown,crops/koreatown/1399337543763786_0.jpg,1399337543763786,2018-12-28T22:21:33.592000+00:00,2018,34.059726671438,-118.30913528082,268.18280029297,False,lvl5,https://www.mapillary.com/app/?pKey=1399337543763786,CC BY-SA 4.0,1,70,1,unknown,,0.0
koreatown/951508235585248_1,koreatown,crops/koreatown/951508235585248_1.jpg,951508235585248,2017-07-19T16:16:58+00:00,2017,34.069425,-118.309125,83.251171010285,False,mly_la,https://www.mapillary.com/app/?pKey=951508235585248,CC BY-SA 4.0,1,70,1,unknown,,0.0
koreatown/808992083332510_0,koreatown,crops/koreatown/808992083332510_0.jpg,808992083332510,2017-07-19T15:50:23+00:00,2017,34.069149722222,-118.30919138889,191.4109658967,False,mly_la,https://www.mapillary.com/app/?pKey=808992083332510,CC BY-SA 4.0,1,70,1,unknown,,0.0
koreatown/883608218884291_0,koreatown,crops/koreatown/883608218884291_0.jpg,883608218884291,2018-12-28T21:45:23.716000+00:00,2018,34.057695642173,-118.30015106224,270.3515625,False,lvl5,https://www.mapillary.com/app/?pKey=883608218884291,CC BY-SA 4.0,1,69,1,unknown,,0.0
koreatown/487785195606211_0,koreatown,crops/koreatown/487785195606211_0.jpg,487785195606211,2017-07-17T07:28:49+00:00,2017,34.061983055556,-118.291725,181.64765983658,False,mly_la,https://www.mapillary.com/app/?pKey=487785195606211,CC BY-SA 4.0,1,69,1,unknown,,0.0
koreatown/295010495635567_0,koreatown,crops/koreatown/295010495635567_0.jpg,295010495635567,2017-07-14T08:17:50+00:00,2017,34.057818055556,-118.29175138889,178.1749234087,False,mly_la,https://www.mapillary.com/app/?pKey=295010495635567,CC BY-SA 4.0,1,69,2,unknown,,0.0
koreatown/790373104953039_0,koreatown,crops/koreatown/790373104953039_0.jpg,790373104953039,2017-07-14T08:15:59+00:00,2017,34.062473055556,-118.29168305556,356.28244609622,False,mly_la,https://www.mapillary.com/app/?pKey=790373104953039,CC BY-SA 4.0,1,68,1,unknown,,0.0
koreatown/1368923763508056_1,koreatown,crops/koreatown/1368923763508056_1.jpg,1368923763508056,2017-07-19T16:17:06+00:00,2017,34.069363055556,-118.30912305556,95.258687489313,False,mly_la,https://www.mapillary.com/app/?pKey=1368923763508056,CC BY-SA 4.0,1,68,1,unknown,,0.0
koreatown/918414145558247_0,koreatown,crops/koreatown/918414145558247_0.jpg,918414145558247,2016-09-03T13:45:59+00:00,2016,34.063509722222,-118.30203138889,87.169669239551,False,gyllen,https://www.mapillary.com/app/?pKey=918414145558247,CC BY-SA 4.0,1,68,1,unknown,,0.0
koreatown/1572571949619002_1,koreatown,crops/koreatown/1572571949619002_1.jpg,1572571949619002,2017-07-19T16:17:05+00:00,2017,34.069378055556,-118.30912138889,95.258687489313,False,mly_la,https://www.mapillary.com/app/?pKey=1572571949619002,CC BY-SA 4.0,1,67,2,unknown,,0.0
koreatown/316578833184721_0,koreatown,crops/koreatown/316578833184721_0.jpg,316578833184721,2018-12-28T22:16:51.945000+00:00,2018,34.061739669005,-118.3041152036,88.809539794922,False,lvl5,https://www.mapillary.com/app/?pKey=316578833184721,CC BY-SA 4.0,1,67,1,unknown,,0.0
koreatown/313454856851576_1,koreatown,crops/koreatown/313454856851576_1.jpg,313454856851576,2017-07-19T16:16:21+00:00,2017,34.069468055556,-118.309125,84.479969523688,False,mly_la,https://www.mapillary.com/app/?pKey=313454856851576,CC BY-SA 4.0,1,67,2,unknown,,0.0
koreatown/311724040449511_0,koreatown,crops/koreatown/311724040449511_0.jpg,311724040449511,2017-07-19T15:50:19+00:00,2017,34.069686388889,-118.30918805556,271.41949458868,False,mly_la,https://www.mapillary.com/app/?pKey=311724040449511,CC BY-SA 4.0,1,66,1,unknown,,0.0
koreatown/823814371847956_0,koreatown,crops/koreatown/823814371847956_0.jpg,823814371847956,2017-07-17T07:29:36+00:00,2017,34.057919722222,-118.29174472222,177.62795813088,False,mly_la,https://www.mapillary.com/app/?pKey=823814371847956,CC BY-SA 4.0,1,66,2,unknown,,0.0
koreatown/514888159547597_0,koreatown,crops/koreatown/514888159547597_0.jpg,514888159547597,2018-12-28T21:44:32.302000+00:00,2018,34.057761211504,-118.29442763702,270.10327148438,False,lvl5,https://www.mapillary.com/app/?pKey=514888159547597,CC BY-SA 4.0,1,65,1,unknown,,0.0
koreatown/548412286564499_0,koreatown,crops/koreatown/548412286564499_0.jpg,548412286564499,2017-07-14T08:14:24+00:00,2017,34.064923055556,-118.29173305556,270.0,False,mly_la,https://www.mapillary.com/app/?pKey=548412286564499,CC BY-SA 4.0,1,65,2,unknown,,0.0
koreatown/3994317497272177_0,koreatown,crops/koreatown/3994317497272177_0.jpg,3994317497272177,2017-07-19T16:16:14+00:00,2017,34.06983,-118.30914472222,91.349361001973,False,mly_la,https://www.mapillary.com/app/?pKey=3994317497272177,CC BY-SA 4.0,1,65,2,unknown,,0.0
koreatown/1729307567253764_0,koreatown,crops/koreatown/1729307567253764_0.jpg,1729307567253764,2018-12-28T21:46:27.089000+00:00,2018,34.057697519097,-118.30198012505,270.23065185547,False,lvl5,https://www.mapillary.com/app/?pKey=1729307567253764,CC BY-SA 4.0,1,64,2,unknown,,0.0
koreatown/831648407758707_0,koreatown,crops/koreatown/831648407758707_0.jpg,831648407758707,2018-07-29T22:55:40.383000+00:00,2018,34.052629698159,-118.30833591407,90.486297607422,False,lvl5,https://www.mapillary.com/app/?pKey=831648407758707,CC BY-SA 4.0,1,64,1,unknown,,0.0
koreatown/4030909280330137_0,koreatown,crops/koreatown/4030909280330137_0.jpg,4030909280330137,2017-07-17T07:25:16+00:00,2017,34.06941,-118.29177972222,180.0,False,mly_la,https://www.mapillary.com/app/?pKey=4030909280330137,CC BY-SA 4.0,1,64,1,unknown,,0.0
koreatown/233561775207294_0,koreatown,crops/koreatown/233561775207294_0.jpg,233561775207294,2017-07-03T15:04:57+00:00,2017,34.06756,-118.30901305556,356.05105570117,False,mly_la,https://www.mapillary.com/app/?pKey=233561775207294,CC BY-SA 4.0,1,63,1,unknown,,0.0
koreatown/821213948489141_0,koreatown,crops/koreatown/821213948489141_0.jpg,821213948489141,2017-06-28T07:18:25+00:00,2017,34.063798055556,-118.30916805556,180.0,False,mly_la,https://www.mapillary.com/app/?pKey=821213948489141,CC BY-SA 4.0,1,63,1,unknown,,0.0
koreatown/2984474211784629_0,koreatown,crops/koreatown/2984474211784629_0.jpg,2984474211784629,2018-12-28T21:47:57.766000+00:00,2018,34.061218231708,-118.30786190017,3.4329874515533,False,lvl5,https://www.mapillary.com/app/?pKey=2984474211784629,CC BY-SA 4.0,1,62,1,unknown,,0.0
koreatown/947734269360966_0,koreatown,crops/koreatown/947734269360966_0.jpg,947734269360966,2018-12-28T21:50:14.301000+00:00,2018,34.063551127954,-118.30999554403,266.171875,False,lvl5,https://www.mapillary.com/app/?pKey=947734269360966,CC BY-SA 4.0,1,62,1,unknown,,0.0
koreatown/1179543449151752_0,koreatown,crops/koreatown/1179543449151752_0.jpg,1179543449151752,2017-07-17T07:25:32+00:00,2017,34.068238055556,-118.29177638889,0.0,False,mly_la,https://www.mapillary.com/app/?pKey=1179543449151752,CC BY-SA 4.0,1,62,1,unknown,,0.0
koreatown/1179543449151752_1,koreatown,crops/koreatown/1179543449151752_1.jpg,1179543449151752,2017-07-17T07:25:32+00:00,2017,34.068238055556,-118.29177638889,0.0,False,mly_la,https://www.mapillary.com/app/?pKey=1179543449151752,CC BY-SA 4.0,1,62,1,unknown,,0.0
koreatown/2831591910426020_0,koreatown,crops/koreatown/2831591910426020_0.jpg,2831591910426020,2017-07-03T15:00:42+00:00,2017,34.052149722222,-118.30895805556,93.027251951776,False,mly_la,https://www.mapillary.com/app/?pKey=2831591910426020,CC BY-SA 4.0,1,62,1,unknown,,0.0
koreatown/2773489526247511_0,koreatown,crops/koreatown/2773489526247511_0.jpg,2773489526247511,2017-07-14T08:18:23+00:00,2017,34.056396388889,-118.29170138889,271.55793695902,False,mly_la,https://www.mapillary.com/app/?pKey=2773489526247511,CC BY-SA 4.0,1,62,1,unknown,,0.0
koreatown/512007153306681_0,koreatown,crops/koreatown/512007153306681_0.jpg,512007153306681,2017-07-19T15:50:28+00:00,2017,34.069035,-118.30950805556,272.01201174011,False,mly_la,https://www.mapillary.com/app/?pKey=512007153306681,CC BY-SA 4.0,1,61,1,unknown,,0.0
koreatown/503386450804706_0,koreatown,crops/koreatown/503386450804706_0.jpg,503386450804706,2018-12-28T21:44:19.201000+00:00,2018,34.057801424206,-118.29250995519,270.0,False,lvl5,https://www.mapillary.com/app/?pKey=503386450804706,CC BY-SA 4.0,1,61,1,unknown,,0.0
koreatown/487991768975485_0,koreatown,crops/koreatown/487991768975485_0.jpg,487991768975485,2017-07-14T08:13:48+00:00,2017,34.066694722222,-118.29171138889,0.62448970696232,False,mly_la,https://www.mapillary.com/app/?pKey=487991768975485,CC BY-SA 4.0,1,61,1,unknown,,0.0
koreatown/375186080485744_0,koreatown,crops/koreatown/375186080485744_0.jpg,375186080485744,2017-07-03T15:02:21+00:00,2017,34.059118055556,-118.308975,91.977016836317,False,mly_la,https://www.mapillary.com/app/?pKey=375186080485744,CC BY-SA 4.0,1,61,1,unknown,,0.0
koreatown/181137487195699_0,koreatown,crops/koreatown/181137487195699_0.jpg,181137487195699,2017-07-14T08:17:52+00:00,2017,34.057904722222,-118.29174305556,270.0,False,mly_la,https://www.mapillary.com/app/?pKey=181137487195699,CC BY-SA 4.0,1,61,2,unknown,,0.0
koreatown/181137487195699_1,koreatown,crops/koreatown/181137487195699_1.jpg,181137487195699,2017-07-14T08:17:52+00:00,2017,34.057904722222,-118.29174305556,270.0,False,mly_la,https://www.mapillary.com/app/?pKey=181137487195699,CC BY-SA 4.0,1,61,1,unknown,,0.0
koreatown/465024458117806_0,koreatown,crops/koreatown/465024458117806_0.jpg,465024458117806,2017-07-19T16:16:14+00:00,2017,34.069976388889,-118.30914138889,270.79097048177,False,mly_la,https://www.mapillary.com/app/?pKey=465024458117806,CC BY-SA 4.0,1,61,1,unknown,,0.0
koreatown/324775052684716_0,koreatown,crops/koreatown/324775052684716_0.jpg,324775052684716,2018-12-28T22:16:52.393000+00:00,2018,34.061739461016,-118.30408047718,87.628829956055,False,lvl5,https://www.mapillary.com/app/?pKey=324775052684716,CC BY-SA 4.0,1,61,1,unknown,,0.0
koreatown/827725981174459_1,koreatown,crops/koreatown/827725981174459_1.jpg,827725981174459,2018-12-28T22:16:51.494000+00:00,2018,34.061736700888,-118.30415017824,90.554008483887,False,lvl5,https://www.mapillary.com/app/?pKey=827725981174459,CC BY-SA 4.0,1,61,1,unknown,,0.0
koreatown/181137487195699_2,koreatown,crops/koreatown/181137487195699_2.jpg,181137487195699,2017-07-14T08:17:52+00:00,2017,34.057904722222,-118.29174305556,270.0,False,mly_la,https://www.mapillary.com/app/?pKey=181137487195699,CC BY-SA 4.0,1,61,1,unknown,,0.0
koreatown/330465985253552_0,koreatown,crops/koreatown/330465985253552_0.jpg,330465985253552,2017-07-17T07:30:26+00:00,2017,34.053696388889,-118.29167805556,268.8423442796,False,mly_la,https://www.mapillary.com/app/?pKey=330465985253552,CC BY-SA 4.0,1,60,1,unknown,,0.0
koreatown/821795065413973_0,koreatown,crops/koreatown/821795065413973_0.jpg,821795065413973,2017-07-14T08:14:13+00:00,2017,34.064968055556,-118.29173138889,28.910497046061,False,mly_la,https://www.mapillary.com/app/?pKey=821795065413973,CC BY-SA 4.0,1,60,3,unknown,,0.0
koreatown/305382251047390_1,koreatown,crops/koreatown/305382251047390_1.jpg,305382251047390,2018-07-29T22:55:52.864000+00:00,2018,34.052585848555,-118.30643100572,92.157150268555,False,lvl5,https://www.mapillary.com/app/?pKey=305382251047390,CC BY-SA 4.0,1,60,1,unknown,,0.0
koreatown/901035254085245_0,koreatown,crops/koreatown/901035254085245_0.jpg,901035254085245,2017-07-17T07:26:06+00:00,2017,34.064158055556,-118.29176638889,180.91270155548,False,mly_la,https://www.mapillary.com/app/?pKey=901035254085245,CC BY-SA 4.0,1,60,1,unknown,,0.0
koreatown/2020790894738969_0,koreatown,crops/koreatown/2020790894738969_0.jpg,2020790894738969,2018-12-28T22:16:55.161000+00:00,2018,34.061730127167,-118.30388791339,91.306510925293,False,lvl5,https://www.mapillary.com/app/?pKey=2020790894738969,CC BY-SA 4.0,1,60,1,unknown,,0.0
koreatown/482205369715981_0,koreatown,crops/koreatown/482205369715981_0.jpg,482205369715981,2018-12-28T21:46:33.485000+00:00,2018,34.057677661273,-118.30275333583,269.59658813477,False,lvl5,https://www.mapillary.com/app/?pKey=482205369715981,CC BY-SA 4.0,1,59,4,unknown,,0.0
koreatown/192647929344566_1,koreatown,crops/koreatown/192647929344566_1.jpg,192647929344566,2017-07-03T15:00:47+00:00,2017,34.05262,-118.30891638889,359.08424144921,False,mly_la,https://www.mapillary.com/app/?pKey=192647929344566,CC BY-SA 4.0,1,59,1,unknown,,0.0
koreatown/292260522503169_0,koreatown,crops/koreatown/292260522503169_0.jpg,292260522503169,2017-07-03T15:05:35+00:00,2017,34.069601388889,-118.30903805556,87.704712169817,False,mly_la,https://www.mapillary.com/app/?pKey=292260522503169,CC BY-SA 4.0,1,59,1,unknown,,0.0
koreatown/2831591910426020_1,koreatown,crops/koreatown/2831591910426020_1.jpg,2831591910426020,2017-07-03T15:00:42+00:00,2017,34.052149722222,-118.30895805556,93.027251951776,False,mly_la,https://www.mapillary.com/app/?pKey=2831591910426020,CC BY-SA 4.0,1,59,1,unknown,,0.0
koreatown/241241751103044_0,koreatown,crops/koreatown/241241751103044_0.jpg,241241751103044,2018-07-29T22:55:51.296000+00:00,2018,34.052599571393,-118.30669874779,93.450637817383,False,lvl5,https://www.mapillary.com/app/?pKey=241241751103044,CC BY-SA 4.0,1,57,3,unknown,,0.0
koreatown/803627323606350_1,koreatown,crops/koreatown/803627323606350_1.jpg,803627323606350,2016-09-03T13:46:37+00:00,2016,34.063539722222,-118.300055,90.87353292077,False,gyllen,https://www.mapillary.com/app/?pKey=803627323606350,CC BY-SA 4.0,1,57,1,unknown,,0.0
koreatown/204004071557228_0,koreatown,crops/koreatown/204004071557228_0.jpg,204004071557228,2018-12-28T21:47:50.506000+00:00,2018,34.060025099714,-118.30788871895,356.1328125,False,lvl5,https://www.mapillary.com/app/?pKey=204004071557228,CC BY-SA 4.0,1,57,1,unknown,,0.0
koreatown/756544665035703_0,koreatown,crops/koreatown/756544665035703_0.jpg,756544665035703,2017-07-17T07:27:49+00:00,2017,34.062318055556,-118.29186305556,2.9794376724374,False,mly_la,https://www.mapillary.com/app/?pKey=756544665035703,CC BY-SA 4.0,1,57,1,unknown,,0.0
koreatown/586258558994560_0,koreatown,crops/koreatown/586258558994560_0.jpg,586258558994560,2018-12-28T21:47:24.191000+00:00,2018,34.057935254861,-118.30785248859,354.626953125,False,lvl5,https://www.mapillary.com/app/?pKey=586258558994560,CC BY-SA 4.0,1,57,2,unknown,,0.0
koreatown/925445924915296_0,koreatown,crops/koreatown/925445924915296_0.jpg,925445924915296,2017-07-19T16:16:20+00:00,2017,34.069471388889,-118.30912638889,177.50360793843,False,mly_la,https://www.mapillary.com/app/?pKey=925445924915296,CC BY-SA 4.0,1,57,1,unknown,,0.0
koreatown/798746561053523_0,koreatown,crops/koreatown/798746561053523_0.jpg,798746561053523,2016-09-03T13:47:02+00:00,2016,34.063541388889,-118.29672305556,179.03945947529,False,gyllen,https://www.mapillary.com/app/?pKey=798746561053523,CC BY-SA 4.0,1,57,1,unknown,,0.0
koreatown/316482053410891_0,koreatown,crops/koreatown/316482053410891_0.jpg,316482053410891,2020-01-18T19:53:24.232000+00:00,2020,34.061741,-118.290593,91.947448730469,False,cfwarren3,https://www.mapillary.com/app/?pKey=316482053410891,CC BY-SA 4.0,4,1163,1,parking,RIGHT | LANE | ENDS | 7 AM-9 AM | 4 PM-7PM | MON-FRI | hatto | ANTI-GRIDLOCK | LEVI | ZONE | 00S | TOW-AWAY | NOSTOPPING | 79AM | 47PM | PARKING | HOUR | 9AM. 4eM.,0.963
koreatown/300156401694148_0,koreatown,crops/koreatown/300156401694148_0.jpg,300156401694148,2020-01-18T20:30:42.162000+00:00,2020,34.068972,-118.299186,89.999969482422,False,cfwarren3,https://www.mapillary.com/app/?pKey=300156401694148,CC BY-SA 4.0,3,970,1,parking,"SPÉED | LIMIT | 35 | ROUR | PARKING | 8AM""6PM",0.961
koreatown/502193664161029_0,koreatown,crops/koreatown/502193664161029_0.jpg,502193664161029,2020-01-18T20:10:40.430000+00:00,2020,34.063607,-118.292228,270.98797607422,False,cfwarren3,https://www.mapillary.com/app/?pKey=502193664161029,CC BY-SA 4.0,5,865,1,parking,END | ROAD WORK | END | SCHOOL | ZONE | SPEED | LIMIT | 35 | OC | NOSTOPPING | TOW-AWAY | 2PARKING,0.962
koreatown/806769853610585_0,koreatown,crops/koreatown/806769853610585_0.jpg,806769853610585,2020-01-23T23:45:09.359000+00:00,2020,34.063392,-118.297418,88.114379882812,False,turne514,https://www.mapillary.com/app/?pKey=806769853610585,CC BY-SA 4.0,3,853,1,parking,TOW-AWAY | NO | STOPPING | 7A-AM | 4PM-7PM | NO | PARKING | ANY TIME | A220 | PRASER,0.947
koreatown/1858553857655537_0,koreatown,crops/koreatown/1858553857655537_0.jpg,1858553857655537,2016-10-19T18:56:09.349000+00:00,2016,34.063157968457,-118.3078440649,25.885996844218,False,jopparn,https://www.mapillary.com/app/?pKey=1858553857655537,CC BY-SA 4.0,2,750,1,parking,8AMT10AM | THURSDAY | STREET | HOUR | PARKIN | 8AM-6PM,0.973
koreatown/174679374446241_0,koreatown,crops/koreatown/174679374446241_0.jpg,174679374446241,2020-01-20T20:56:36.148000+00:00,2020,34.064453,-118.300403,180.791015625,False,cfwarren3,https://www.mapillary.com/app/?pKey=174679374446241,CC BY-SA 4.0,5,835,1,parking,EXCEPT | 7AMAM | MONDAY-THRU- FRIDAY | BAN=10A | NOSTOPPING | TOWWAY | A4 | 541 | 2XG | 9AM=6PM | J0,0.81
koreatown/155336476532201_0,koreatown,crops/koreatown/155336476532201_0.jpg,155336476532201,2016-10-19T18:50:05.044000+00:00,2016,34.061787897713,-118.3042584415,252.20255772543,False,jopparn,https://www.mapillary.com/app/?pKey=155336476532201,CC BY-SA 4.0,1,738,2,parking,WILSHIRE | OULEVARD | 个 | Parking | Turn Right | at Hobart,0.972
koreatown/1011142336357408_0,koreatown,crops/koreatown/1011142336357408_0.jpg,1011142336357408,2020-01-23T23:19:41.177000+00:00,2020,34.069916,-118.291762,182.78961181641,False,turne514,https://www.mapillary.com/app/?pKey=1011142336357408,CC BY-SA 4.0,2,744,1,parking,ANTI-GRIDLOCK | ZONE | TOW-AWAY | NOSTOPPING | 7AM9AM | 107PM | 4PM | HOUR | 1 | PARKING | 9AM4PM | NOPARKING | PASSENGER | LOADING ONLY | 7PM02AM | TNT | 10 MINUTE LIMIT,0.953
koreatown/143709684341272_0,koreatown,crops/koreatown/143709684341272_0.jpg,143709684341272,2020-01-25T00:35:44.155000+00:00,2020,34.060471,-118.295383,11.35595703125,False,turne514,https://www.mapillary.com/app/?pKey=143709684341272,CC BY-SA 4.0,2,722,1,parking,NO | PARKING | 10AM-1PM | WEDNESDAY | STREET CLEANING | HOUR | 1 | PARKING | 8AM To 6PM,0.972
koreatown/283172096872516_0,koreatown,crops/koreatown/283172096872516_0.jpg,283172096872516,2020-01-17T23:35:37.069000+00:00,2020,34.061831,-118.294994,129.57019042969,False,cfwarren3,https://www.mapillary.com/app/?pKey=283172096872516,CC BY-SA 4.0,4,704,1,parking,END | SCHOOL | ZONE | SPEED | LIMIT | 35 | PARKING | 9AM | 4PM,0.983
koreatown/151019023657396_0,koreatown,crops/koreatown/151019023657396_0.jpg,151019023657396,2020-01-24T21:31:32.238000+00:00,2020,34.069726,-118.29179,178.41833496094,False,turne514,https://www.mapillary.com/app/?pKey=151019023657396,CC BY-SA 4.0,3,585,1,parking,TCW-AWAY | NO STOPPING | 7AM9AM | 4PM=7PM | HOUR | PARKING | 9AM4PM | NOPARKING | PASSENGER | LOADING ONLY | ZMD2AM | IO-MINUTE LIMIT | WRU,0.943
koreatown/204351657952815_0,koreatown,crops/koreatown/204351657952815_0.jpg,204351657952815,2016-10-19T18:55:31.318000+00:00,2016,34.062863072412,-118.30786818283,351.75657370018,False,jopparn,https://www.mapillary.com/app/?pKey=204351657952815,CC BY-SA 4.0,2,563,1,parking,8AM10AM | 9SDAY | HOUR | PARKING | 8AM=6P.M,0.904
koreatown/467783770981816_0,koreatown,crops/koreatown/467783770981816_0.jpg,467783770981816,2020-01-17T22:51:08.137000+00:00,2020,34.061318,-118.29167,183.23291015625,False,cfwarren3,https://www.mapillary.com/app/?pKey=467783770981816,CC BY-SA 4.0,1,550,1,parking,P | PUBLIC | PARKING | PARKING | FA | WILMONT | Visitor Parking | 57.00 | $18.00,0.932
koreatown/932070207338645_0,koreatown,crops/koreatown/932070207338645_0.jpg,932070207338645,2016-10-19T18:56:07.438000+00:00,2016,34.063145271259,-118.30784606752,24.153550885109,False,jopparn,https://www.mapillary.com/app/?pKey=932070207338645,CC BY-SA 4.0,2,512,1,parking,8AM10AM | THURSOAY | STBEET CLEN | AOUR | PARKIN | 8AM6PM,0.96
koreatown/825569608066297_0,koreatown,crops/koreatown/825569608066297_0.jpg,825569608066297,2020-01-20T20:55:54.213000+00:00,2020,34.06843,-118.300401,180.0,False,cfwarren3,https://www.mapillary.com/app/?pKey=825569608066297,CC BY-SA 4.0,3,496,1,parking,SPEED | LIMIT | 30 | NOSTOPPING | 7AM=9AN,0.959
koreatown/466357707976840_0,koreatown,crops/koreatown/466357707976840_0.jpg,466357707976840,2016-10-19T18:32:29.613000+00:00,2016,34.063588266111,-118.30291984879,197.03165474759,False,jopparn,https://www.mapillary.com/app/?pKey=466357707976840,CC BY-SA 4.0,1,500,1,parking,8AM010AM | WEDNESDAY | 4 | HOUR | PARKING | 8AM TO 6 PM,0.926
koreatown/499218871313492_0,koreatown,crops/koreatown/499218871313492_0.jpg,499218871313492,2020-01-20T22:32:06.074000+00:00,2020,34.069429,-118.307925,358.64422607422,False,cfwarren3,https://www.mapillary.com/app/?pKey=499218871313492,CC BY-SA 4.0,3,537,1,parking,VV | SCHOOL | a1Ze | PARKING | BAM 6PH,0.807
koreatown/596764248384135_0,koreatown,crops/koreatown/596764248384135_0.jpg,596764248384135,2020-01-18T20:34:36.125000+00:00,2020,34.062339,-118.297944,357.56732177734,False,cfwarren3,https://www.mapillary.com/app/?pKey=596764248384135,CC BY-SA 4.0,3,484,1,parking,8AM=10AM | WEONERRKY | AOUR | PARKING | 6AM6PM | NOPARKING | TOW-AWAY | TEMPORARY | 9AM | 4PM,0.924
koreatown/155669969843831_0,koreatown,crops/koreatown/155669969843831_0.jpg,155669969843831,2020-01-18T20:34:47.089000+00:00,2020,34.062733,-118.297946,358.39141845703,False,cfwarren3,https://www.mapillary.com/app/?pKey=155669969843831,CC BY-SA 4.0,3,443,1,parking,HOUR | PARKING | TOW-AWAY | NOPARKING | TEMPORARY | 9AM | 4PM | EXCEPT SAT & SUN,0.991
koreatown/773477276693572_0,koreatown,crops/koreatown/773477276693572_0.jpg,773477276693572,2016-10-19T18:56:06.399000+00:00,2016,34.063137277582,-118.30784812575,7.5124279323089,False,jopparn,https://www.mapillary.com/app/?pKey=773477276693572,CC BY-SA 4.0,2,462,1,parking,8AM=10AM | ROUR | PARKING | 8AM6PM,0.929
koreatown/868628573861821_0,koreatown,crops/koreatown/868628573861821_0.jpg,868628573861821,2020-01-20T19:59:00.171000+00:00,2020,34.066617,-118.300365,0.0,False,cfwarren3,https://www.mapillary.com/app/?pKey=868628573861821,CC BY-SA 4.0,2,474,1,parking,8AM=10AM | NOSTOPPING | 4PM 10 7PM,0.874
koreatown/476834543751267_0,koreatown,crops/koreatown/476834543751267_0.jpg,476834543751267,2016-10-19T18:26:04.610000+00:00,2016,34.063554744243,-118.30124150623,99.729593758977,False,jopparn,https://www.mapillary.com/app/?pKey=476834543751267,CC BY-SA 4.0,1,439,2,parking,TOW-AWAY | NO | STOPPING | 7AM-9AM | 4PM-7PM | NO | PARKING | ANY TIME,0.979
koreatown/166330212069588_0,koreatown,crops/koreatown/166330212069588_0.jpg,166330212069588,2016-10-19T18:55:29.253000+00:00,2016,34.062839591171,-118.30785968414,207.02155706378,False,jopparn,https://www.mapillary.com/app/?pKey=166330212069588,CC BY-SA 4.0,2,450,1,parking,210AM | HOUR | PARK | 8AM=6P.M,0.919
koreatown/220565142818010_0,koreatown,crops/koreatown/220565142818010_0.jpg,220565142818010,2020-01-23T23:16:25.132000+00:00,2020,34.053256,-118.304212,180.93072509766,False,cfwarren3,https://www.mapillary.com/app/?pKey=220565142818010,CC BY-SA 4.0,2,426,1,parking,STOPPING | 5P.M. | EXCEPT,0.982
koreatown/1141384519669309_0,koreatown,crops/koreatown/1141384519669309_0.jpg,1141384519669309,2020-01-23T23:44:29.159000+00:00,2020,34.06318,-118.304122,0.0,False,cfwarren3,https://www.mapillary.com/app/?pKey=1141384519669309,CC BY-SA 4.0,2,412,1,parking,8AM | 10AM | AWAY | NOSTOPPING | 6PM. | 2 | PARKING | HOUR | 8AM4,0.956
koreatown/196000509009265_0,koreatown,crops/koreatown/196000509009265_0.jpg,196000509009265,2020-01-25T00:35:42.219000+00:00,2020,34.060405,-118.295399,11.35595703125,False,turne514,https://www.mapillary.com/app/?pKey=196000509009265,CC BY-SA 4.0,1,434,1,parking,A | SCHOOL | ING | -1PM | ROUR,0.877
koreatown/745393103007116_0,koreatown,crops/koreatown/745393103007116_0.jpg,745393103007116,2016-10-19T18:50:00.631000+00:00,2016,34.061808997943,-118.30421054302,261.69638084573,False,jopparn,https://www.mapillary.com/app/?pKey=745393103007116,CC BY-SA 4.0,1,401,1,parking,Parking | Turn Right,0.991
koreatown/236880014899511_0,koreatown,crops/koreatown/236880014899511_0.jpg,236880014899511,2020-01-20T20:00:19.104000+00:00,2020,34.067235,-118.304297,267.53131103516,False,cfwarren3,https://www.mapillary.com/app/?pKey=236880014899511,CC BY-SA 4.0,1,389,1,parking,8AM10AM | WEDNESDAY | STREET SWEEPING,0.985
koreatown/1263814977391084_0,koreatown,crops/koreatown/1263814977391084_0.jpg,1263814977391084,2020-01-23T22:57:13.216000+00:00,2020,34.053469690141,-118.30001177368,34.437164306641,False,cfwarren3,https://www.mapillary.com/app/?pKey=1263814977391084,CC BY-SA 4.0,1,385,1,parking,PASSENGER | LOADING ONLY | 6:30AM9AM | 4PM | 1:30PM | 2 | PARKING | 1:30PM | 9AM,0.986
koreatown/458781795216749_0,koreatown,crops/koreatown/458781795216749_0.jpg,458781795216749,2020-01-18T20:29:41.241000+00:00,2020,34.067872,-118.300379,3.2697143554688,False,cfwarren3,https://www.mapillary.com/app/?pKey=458781795216749,CC BY-SA 4.0,2,367,1,parking,8AM10AM | WEDNESDAY | STR | SWEEPING | TOW-AWAY | STOPPING | 4PM | 7PM | EXCEPT SAT & SUN,0.977
koreatown/952835668886356_0,koreatown,crops/koreatown/952835668886356_0.jpg,952835668886356,2020-01-17T21:55:05.110000+00:00,2020,34.069737,-118.300361,356.05114746094,False,cfwarren3,https://www.mapillary.com/app/?pKey=952835668886356,CC BY-SA 4.0,2,362,1,parking,TOW-AWAY | NO | STOPPING | 4PM | 7PM | EXCEPT SAT & SUN,0.991
koreatown/3925488104199343_0,koreatown,crops/koreatown/3925488104199343_0.jpg,3925488104199343,2020-01-23T23:35:48.246000+00:00,2020,34.058214,-118.305351,1.260009765625,False,cfwarren3,https://www.mapillary.com/app/?pKey=3925488104199343,CC BY-SA 4.0,2,369,1,parking,2HOUR | PARKING | 8AM=6PM,0.958
koreatown/5780431351981964_0,koreatown,crops/koreatown/5780431351981964_0.jpg,5780431351981964,2020-01-20T20:55:51.243000+00:00,2020,34.068671,-118.300407,178.85650634766,False,cfwarren3,https://www.mapillary.com/app/?pKey=5780431351981964,CC BY-SA 4.0,3,371,1,parking,NOSTOPPING | 7AM=9AM | BAy=10AM | FOR LEASE,0.945
koreatown/346790570200306_0,koreatown,crops/koreatown/346790570200306_0.jpg,346790570200306,2020-01-18T19:53:22.138000+00:00,2020,34.06175,-118.290784,92.094848632812,False,cfwarren3,https://www.mapillary.com/app/?pKey=346790570200306,CC BY-SA 4.0,3,397,1,parking,RIGH | 7Y6-Y | 4PH-7PM | MOS-FR,0.822
koreatown/819887648734462_0,koreatown,crops/koreatown/819887648734462_0.jpg,819887648734462,2020-01-17T22:49:57.087000+00:00,2020,34.061846,-118.292638,107.08013916016,False,cfwarren3,https://www.mapillary.com/app/?pKey=819887648734462,CC BY-SA 4.0,1,346,1,parking,TOW-AWAY | NOSTOPPIN | HOU | PARKING | 9AM..4PM.,0.975
koreatown/1101023650391737_0,koreatown,crops/koreatown/1101023650391737_0.jpg,1101023650391737,2019-12-21T20:13:14.195000+00:00,2019,34.06539,-118.292479,85.617156982422,False,mikaeljudah,https://www.mapillary.com/app/?pKey=1101023650391737,CC BY-SA 4.0,2,345,1,parking,8AM10AM | HOUR | PARKING | 8AM6PM,0.976
koreatown/465678254537858_0,koreatown,crops/koreatown/465678254537858_0.jpg,465678254537858,2017-08-10T07:52:52+00:00,2017,34.057585,-118.300955,270.0,False,mly_la,https://www.mapillary.com/app/?pKey=465678254537858,CC BY-SA 4.0,2,367,1,parking,10AM1PM | 1041 | HOUR | KING | 6PM,0.877
koreatown/312644030502803_0,koreatown,crops/koreatown/312644030502803_0.jpg,312644030502803,2020-01-20T19:34:58.098000+00:00,2020,34.055874,-118.30235,87.531616210938,False,cfwarren3,https://www.mapillary.com/app/?pKey=312644030502803,CC BY-SA 4.0,2,365,1,parking,NO PARKING | 6AM6PM | TAY,0.884
koreatown/1212429945876449_0,koreatown,crops/koreatown/1212429945876449_0.jpg,1212429945876449,2016-10-19T18:53:19.670000+00:00,2016,34.061748215022,-118.30706596802,308.95999657081,False,jopparn,https://www.mapillary.com/app/?pKey=1212429945876449,CC BY-SA 4.0,1,413,1,parking,15MIE | PARKING | 8AMO6PH | 明,0.708
koreatown/907086896814216_0,koreatown,crops/koreatown/907086896814216_0.jpg,907086896814216,2020-01-23T23:15:07.210000+00:00,2020,34.05797,-118.304219,180.94927978516,False,cfwarren3,https://www.mapillary.com/app/?pKey=907086896814216,CC BY-SA 4.0,2,360,1,parking,10AM | 2HOUR | PARKING | SAASPM,0.881
koreatown/1426114194412563_0,koreatown,crops/koreatown/1426114194412563_0.jpg,1426114194412563,2016-10-19T18:50:55.590000+00:00,2016,34.061792061372,-118.30493029686,247.79274004148,False,jopparn,https://www.mapillary.com/app/?pKey=1426114194412563,CC BY-SA 4.0,1,357,1,parking,SWAY | OPPING | AM | PM | KING | 4am,0.857
koreatown/3454283608008179_0,koreatown,crops/koreatown/3454283608008179_0.jpg,3454283608008179,2020-01-24T21:59:11.208000+00:00,2020,34.068915,-118.300407,180.5859375,False,turne514,https://www.mapillary.com/app/?pKey=3454283608008179,CC BY-SA 4.0,1,340,1,parking,7AM7PM | EXCEPT SATAND SUN | TRANSIT RUSES ESEMIT,0.916
koreatown/1210125246083019_0,koreatown,crops/koreatown/1210125246083019_0.jpg,1210125246083019,2020-01-23T23:00:38.171000+00:00,2020,34.057405,-118.30308,0.0,False,cfwarren3,https://www.mapillary.com/app/?pKey=1210125246083019,CC BY-SA 4.0,2,325,1,parking,HH | 10AM | 2HOUR | PARKING | 8AM=6P,0.981
koreatown/459022471854534_0,koreatown,crops/koreatown/459022471854534_0.jpg,459022471854534,2020-01-17T22:53:29.177000+00:00,2020,34.05791,-118.29294,357.70440673828,False,cfwarren3,https://www.mapillary.com/app/?pKey=459022471854534,CC BY-SA 4.0,2,331,2,parking,IPM | 2HOUR | PARKING | 8AM6PM,0.954
koreatown/345391897013527_0,koreatown,crops/koreatown/345391897013527_0.jpg,345391897013527,2020-01-20T19:59:03.161000+00:00,2020,34.06685,-118.300363,0.66845703125,False,cfwarren3,https://www.mapillary.com/app/?pKey=345391897013527,CC BY-SA 4.0,2,339,1,parking,BAN-1OAM | NOSTOPPING | 4PM7PM | PARKING | 8AM' | 4PM,0.905
koreatown/333692604853291_0,koreatown,crops/koreatown/333692604853291_0.jpg,333692604853291,2020-01-24T23:15:24.201000+00:00,2020,34.053254,-118.304229,181.89813232422,False,turne514,https://www.mapillary.com/app/?pKey=333692604853291,CC BY-SA 4.0,2,351,1,parking,C | STOPPING,0.857
koreatown/136764908390868_0,koreatown,crops/koreatown/136764908390868_0.jpg,136764908390868,2020-01-18T19:47:58.365000+00:00,2020,34.059759,-118.290522,90.640319824219,False,cfwarren3,https://www.mapillary.com/app/?pKey=136764908390868,CC BY-SA 4.0,2,333,1,parking,2H6u | PARKING | 8AM-6PM | TOW-AWAY | BARY | NOPARKING | 6.304PM | TUESOAY ONLY,0.918
koreatown/1414689572263022_0,koreatown,crops/koreatown/1414689572263022_0.jpg,1414689572263022,2020-01-25T00:25:48.212000+00:00,2020,34.061908,-118.300404,353.38433837891,False,turne514,https://www.mapillary.com/app/?pKey=1414689572263022,CC BY-SA 4.0,2,332,3,parking,TOWKAWAY | NOSTOPPING | 46p | 2PARKING | HOUR | 8am 4em | 8AM=10AM,0.909
koreatown/1371316149913925_0,koreatown,crops/koreatown/1371316149913925_0.jpg,1371316149913925,2020-01-23T23:44:39.238000+00:00,2020,34.063786,-118.304134,0.0,False,cfwarren3,https://www.mapillary.com/app/?pKey=1371316149913925,CC BY-SA 4.0,2,326,1,parking,30MINUTE | PARKING | 8AM | 10 6PM,0.933
koreatown/1381146572284160_0,koreatown,crops/koreatown/1381146572284160_0.jpg,1381146572284160,2020-01-25T00:27:31.203000+00:00,2020,34.063594,-118.298272,88.786773681641,False,turne514,https://www.mapillary.com/app/?pKey=1381146572284160,CC BY-SA 4.0,1,319,1,parking,TOW-AWAY | NO STOPPING | 7AM-9AM | 4PM-7PM | PARKING | NO | ANY TIME,0.959
koreatown/479971043323903_0,koreatown,crops/koreatown/479971043323903_0.jpg,479971043323903,2020-01-23T23:53:01.181000+00:00,2020,34.067445,-118.307879,4.8153381347656,False,cfwarren3,https://www.mapillary.com/app/?pKey=479971043323903,CC BY-SA 4.0,2,331,1,parking,2HOUR | PARKING | 8AM 6PM | 15 HINUTE | PARKING | 7AM 82M,0.893
koreatown/540453943607398_0,koreatown,crops/koreatown/540453943607398_0.jpg,540453943607398,2020-01-20T19:35:10.181000+00:00,2020,34.05624,-118.301967,357.84332275391,False,cfwarren3,https://www.mapillary.com/app/?pKey=540453943607398,CC BY-SA 4.0,2,315,1,parking,PARKING | 2 | HOUR | PARKING | 8AM-6PM,0.964
koreatown/375841393816788_0,koreatown,crops/koreatown/375841393816788_0.jpg,375841393816788,2020-01-23T23:44:28.209000+00:00,2020,34.063133,-118.304121,358.990234375,False,cfwarren3,https://www.mapillary.com/app/?pKey=375841393816788,CC BY-SA 4.0,3,326,1,parking,BAM 10AW | WAY | NOSTOPPING | 6.gM | 2PARKING | HOUR | 8AM4,0.91
koreatown/221509546054735_0,koreatown,crops/koreatown/221509546054735_0.jpg,221509546054735,2020-01-18T23:01:20.162000+00:00,2020,34.063576,-118.293754,88.616973876953,False,cfwarren3,https://www.mapillary.com/app/?pKey=221509546054735,CC BY-SA 4.0,2,310,1,parking,TOW-AWAY | NO | STOPPING | 7AM-9AM | 4pM-7PM | NO | PARKING | ANY,0.976
koreatown/2848481012072859_0,koreatown,crops/koreatown/2848481012072859_0.jpg,2848481012072859,2020-01-20T19:41:11.116000+00:00,2020,34.057682,-118.300898,90.813537597656,False,cfwarren3,https://www.mapillary.com/app/?pKey=2848481012072859,CC BY-SA 4.0,2,302,1,parking,SPEED | LIMIT | 35 | PARKIN,0.996
koreatown/2945973282346636_0,koreatown,crops/koreatown/2945973282346636_0.jpg,2945973282346636,2020-01-24T21:58:35.194000+00:00,2020,34.069227,-118.300409,182.33288574219,False,turne514,https://www.mapillary.com/app/?pKey=2945973282346636,CC BY-SA 4.0,1,304,1,parking,7AM=7PM | EXCEPT SAT AND SU,0.969
koreatown/134891888628014_0,koreatown,crops/koreatown/134891888628014_0.jpg,134891888628014,2020-01-23T23:41:01.218000+00:00,2020,34.067619,-118.301671,180.0,False,cfwarren3,https://www.mapillary.com/app/?pKey=134891888628014,CC BY-SA 4.0,2,310,1,parking,2HOUR | PARKING | 8AM6E,0.936
koreatown/485136772540276_0,koreatown,crops/koreatown/485136772540276_0.jpg,485136772540276,2020-01-17T22:22:27.129000+00:00,2020,34.054792,-118.291766,177.93701171875,False,cfwarren3,https://www.mapillary.com/app/?pKey=485136772540276,CC BY-SA 4.0,1,296,1,parking,AOUR | PARKING | 8AM6PM,0.984
koreatown/754469305257600_0,koreatown,crops/koreatown/754469305257600_0.jpg,754469305257600,2020-01-17T22:39:59.095000+00:00,2020,34.058422,-118.298742,181.94995117188,False,cfwarren3,https://www.mapillary.com/app/?pKey=754469305257600,CC BY-SA 4.0,2,333,1,parking,10AM=1PM | REDAESOAY | STEEST | SRLEFINS | 2HOUR | PARKING | 8AM6PM,0.811
koreatown/313691893614043_0,koreatown,crops/koreatown/313691893614043_0.jpg,313691893614043,2019-12-12T00:35:43.144000+00:00,2019,34.067516,-118.30036,180.98870849609,False,mikaeljudah,https://www.mapillary.com/app/?pKey=313691893614043,CC BY-SA 4.0,2,301,2,parking,NOSTOPPING | 7AM9AM,0.948
koreatown/476460670288902_0,koreatown,crops/koreatown/476460670288902_0.jpg,476460670288902,2020-01-17T23:28:28.088000+00:00,2020,34.065491,-118.299181,5.9118957519531,False,cfwarren3,https://www.mapillary.com/app/?pKey=476460670288902,CC BY-SA 4.0,2,286,1,parking,2 | HOUR | PARKING,0.999
koreatown/516221746077559_0,koreatown,crops/koreatown/516221746077559_0.jpg,516221746077559,2019-12-21T20:08:00.191000+00:00,2019,34.065265,-118.309572,88.496734619141,False,mikaeljudah,https://www.mapillary.com/app/?pKey=516221746077559,CC BY-SA 4.0,2,295,1,parking,PARKING | 2 | 2HOUR | PARKING | 6FH,0.951
koreatown/1042686766263881_0,koreatown,crops/koreatown/1042686766263881_0.jpg,1042686766263881,2020-01-20T19:42:53.086000+00:00,2020,34.057196,-118.300871,0.0,False,cfwarren3,https://www.mapillary.com/app/?pKey=1042686766263881,CC BY-SA 4.0,2,306,1,parking,NO | PARKING | 10y 1m | 9AM | 2 FARKING | 9AM | 6eM,0.895
koreatown/1394369387593551_0,koreatown,crops/koreatown/1394369387593551_0.jpg,1394369387593551,2020-01-17T23:08:48.199000+00:00,2020,34.060892,-118.291679,356.80847167969,False,cfwarren3,https://www.mapillary.com/app/?pKey=1394369387593551,CC BY-SA 4.0,1,298,5,parking,P | P | PUBLIC | PUBLIC | PARKING | PARKING | ATRCS,0.931
koreatown/381911826365805_0,koreatown,crops/koreatown/381911826365805_0.jpg,381911826365805,2020-01-18T20:13:32.205000+00:00,2020,34.064768,-118.300386,357.36499023438,False,cfwarren3,https://www.mapillary.com/app/?pKey=381911826365805,CC BY-SA 4.0,2,331,1,parking,NOSTEEN | 4pm=7 | 2,0.785
koreatown/777777192886660_0,koreatown,crops/koreatown/777777192886660_0.jpg,777777192886660,2020-01-17T23:27:59.082000+00:00,2020,34.06384,-118.299189,1.5064697265625,False,cfwarren3,https://www.mapillary.com/app/?pKey=777777192886660,CC BY-SA 4.0,2,290,1,parking,2HOUR | PARKING | 6PM,0.962
koreatown/2904591329756441_0,koreatown,crops/koreatown/2904591329756441_0.jpg,2904591329756441,2020-01-20T19:56:20.244000+00:00,2020,34.065322,-118.309011,81.757568359375,False,cfwarren3,https://www.mapillary.com/app/?pKey=2904591329756441,CC BY-SA 4.0,1,281,1,parking,2HOUR | PARKING | 8 | 6PM,0.997
koreatown/137197345098653_0,koreatown,crops/koreatown/137197345098653_0.jpg,137197345098653,2020-01-18T20:13:28.394000+00:00,2020,34.064433,-118.30038,0.53329467773438,False,cfwarren3,https://www.mapillary.com/app/?pKey=137197345098653,CC BY-SA 4.0,2,312,1,parking,R | AMI30AM | NOSTOPPING | 4PM7PM | 2PARING | 8AM2,0.843
koreatown/464610727968383_0,koreatown,crops/koreatown/464610727968383_0.jpg,464610727968383,2020-01-18T19:52:34.127000+00:00,2020,34.06087,-118.291599,358.24255371094,False,cfwarren3,https://www.mapillary.com/app/?pKey=464610727968383,CC BY-SA 4.0,1,295,3,parking,TOW-AWAY | NO | STOPPING | 7 | AM | L0 | 9 | AM | PM | 19 | 7F | LAGZ | HOUR | 9 | M | C,0.92
koreatown/520797468961775_0,koreatown,crops/koreatown/520797468961775_0.jpg,520797468961775,2020-01-24T22:52:45.287000+00:00,2020,34.058037,-118.303155,178.39135742188,False,turne514,https://www.mapillary.com/app/?pKey=520797468961775,CC BY-SA 4.0,2,282,1,parking,R | 2HOUR | PARKING,0.97
koreatown/1373069896389469_0,koreatown,crops/koreatown/1373069896389469_0.jpg,1373069896389469,2020-01-18T20:16:20.094000+00:00,2020,34.065393,-118.292882,94.368988037109,False,cfwarren3,https://www.mapillary.com/app/?pKey=1373069896389469,CC BY-SA 4.0,2,286,1,parking,8AM-10AM | ROUR | PARKING | 8AK,0.947
koreatown/826137578110313_0,koreatown,crops/koreatown/826137578110313_0.jpg,826137578110313,2020-01-20T19:32:52.141000+00:00,2020,34.054485,-118.308436,270.0,False,cfwarren3,https://www.mapillary.com/app/?pKey=826137578110313,CC BY-SA 4.0,2,278,1,parking,TOW-AWAY | NOSTOPPING | BUS | ZONE | 7AM27PM | 2HOUR | PARKING | 8AM-6PM,0.974
koreatown/209206080789075_0,koreatown,crops/koreatown/209206080789075_0.jpg,209206080789075,2020-01-23T23:19:39.180000+00:00,2020,34.06999,-118.291778,169.84576416016,False,turne514,https://www.mapillary.com/app/?pKey=209206080789075,CC BY-SA 4.0,3,341,1,parking,NOON | NO PASING | 7Pm=2AM,0.7
koreatown/3989252387807865_0,koreatown,crops/koreatown/3989252387807865_0.jpg,3989252387807865,2020-01-20T20:59:25.187000+00:00,2020,34.061762,-118.304602,269.06549072266,False,cfwarren3,https://www.mapillary.com/app/?pKey=3989252387807865,CC BY-SA 4.0,1,284,1,parking,ANTI-GRIDLOCK | ZONE | TOW-AWAY | NOSTOPPING | 9 A.M. | 4 | 7 PM. | 2 PARKING | HOUR | 9Am 4em,0.932
koreatown/245467540599498_0,koreatown,crops/koreatown/245467540599498_0.jpg,245467540599498,2020-01-17T22:10:00.125000+00:00,2020,34.064121,-118.295465,180.50494384766,False,cfwarren3,https://www.mapillary.com/app/?pKey=245467540599498,CC BY-SA 4.0,2,278,1,parking,2 HOUR | PARKING,0.958
koreatown/309667610762564_0,koreatown,crops/koreatown/309667610762564_0.jpg,309667610762564,2020-01-24T00:15:56.317000+00:00,2020,34.05451,-118.296531,88.180694580078,False,turne514,https://www.mapillary.com/app/?pKey=309667610762564,CC BY-SA 4.0,2,274,1,parking,SPEED | LIMIT | NO | PARKING,0.979
koreatown/1600649383474483_0,koreatown,crops/koreatown/1600649383474483_0.jpg,1600649383474483,2020-01-20T22:32:02.080000+00:00,2020,34.069163,-118.307914,354.08837890625,False,cfwarren3,https://www.mapillary.com/app/?pKey=1600649383474483,CC BY-SA 4.0,1,296,1,parking,12M00 | 1HOUR | PARKING | 8AM6PH,0.867
koreatown/490488848830420_0,koreatown,crops/koreatown/490488848830420_0.jpg,490488848830420,2020-01-24T22:12:55.524000+00:00,2020,34.059728,-118.299838,191.2685546875,False,turne514,https://www.mapillary.com/app/?pKey=490488848830420,CC BY-SA 4.0,2,276,1,parking,NO | PARKING | 2HOUR | PARKING | 8AM=6PM,0.96
koreatown/172984741398770_0,koreatown,crops/koreatown/172984741398770_0.jpg,172984741398770,2020-01-20T19:35:06.747000+00:00,2020,34.056001,-118.301961,359.08721923828,False,cfwarren3,https://www.mapillary.com/app/?pKey=172984741398770,CC BY-SA 4.0,2,284,1,parking,PARKIN | 2 | BOUR | PARKING | 8-em,0.918
koreatown/993653121373796_0,koreatown,crops/koreatown/993653121373796_0.jpg,993653121373796,2020-01-23T23:40:43.091000+00:00,2020,34.068816,-118.30168,172.87292480469,False,cfwarren3,https://www.mapillary.com/app/?pKey=993653121373796,CC BY-SA 4.0,2,288,1,parking,8AM-10AM | 2HOUR | PARKING | 8AM6F,0.893
koreatown/1557720634619342_0,koreatown,crops/koreatown/1557720634619342_0.jpg,1557720634619342,2020-01-18T20:11:14.116000+00:00,2020,34.063645,-118.293032,265.98547363281,False,cfwarren3,https://www.mapillary.com/app/?pKey=1557720634619342,CC BY-SA 4.0,2,275,1,parking,NOSTOPPINS | TOW-AWAY | NOPARXNG | 10PM,0.953
koreatown/462432235041187_0,koreatown,crops/koreatown/462432235041187_0.jpg,462432235041187,2020-01-23T23:50:07.160000+00:00,2020,34.061782,-118.304524,269.49890136719,False,cfwarren3,https://www.mapillary.com/app/?pKey=462432235041187,CC BY-SA 4.0,1,276,1,parking,RAWAY | STOPPING | 2PARKING | 4EM,0.943
koreatown/2790390884624824_0,koreatown,crops/koreatown/2790390884624824_0.jpg,2790390884624824,2020-01-23T23:01:39.224000+00:00,2020,34.058308,-118.303075,0.0,False,cfwarren3,https://www.mapillary.com/app/?pKey=2790390884624824,CC BY-SA 4.0,2,288,1,parking,P | 2HOUR | PARKING,0.878
koreatown/1110171302801936_0,koreatown,crops/koreatown/1110171302801936_0.jpg,1110171302801936,2020-01-20T22:26:51.102000+00:00,2020,34.065097,-118.309087,359.32678222656,False,cfwarren3,https://www.mapillary.com/app/?pKey=1110171302801936,CC BY-SA 4.0,1,264,1,parking,11PM6AM | NIGHTLY,0.996
koreatown/196000509009265_1,koreatown,crops/koreatown/196000509009265_1.jpg,196000509009265,2020-01-25T00:35:42.219000+00:00,2020,34.060405,-118.295399,11.35595703125,False,turne514,https://www.mapillary.com/app/?pKey=196000509009265,CC BY-SA 4.0,2,290,1,parking,PARKING | 10AH-IPM | ROUR | PARKING | 84m=6PM,0.862
koreatown/312653070377390_0,koreatown,crops/koreatown/312653070377390_0.jpg,312653070377390,2020-01-20T20:57:48.173000+00:00,2020,34.062523,-118.300397,180.0,False,cfwarren3,https://www.mapillary.com/app/?pKey=312653070377390,CC BY-SA 4.0,2,272,1,parking,NOSTOPPING | 7AM9AM | 8AM10AM,0.953
koreatown/389544708837921_0,koreatown,crops/koreatown/389544708837921_0.jpg,389544708837921,2020-01-17T23:25:10.124000+00:00,2020,34.063497,-118.294141,178.30529785156,False,cfwarren3,https://www.mapillary.com/app/?pKey=389544708837921,CC BY-SA 4.0,2,264,1,parking,2HOUR | PARKING,0.99
koreatown/468042524278502_0,koreatown,crops/koreatown/468042524278502_0.jpg,468042524278502,2020-01-23T23:51:09.083000+00:00,2020,34.063138,-118.307945,358.88330078125,False,cfwarren3,https://www.mapillary.com/app/?pKey=468042524278502,CC BY-SA 4.0,2,280,1,parking,R | 8AM | 10 | BOUR | PARKIN,0.902
koreatown/2922251734712531_0,koreatown,crops/koreatown/2922251734712531_0.jpg,2922251734712531,2020-01-23T23:41:27.189000+00:00,2020,34.066189,-118.301659,181.42358398438,False,cfwarren3,https://www.mapillary.com/app/?pKey=2922251734712531,CC BY-SA 4.0,1,281,1,parking,8A 10M | 2HOUR | PARKING,0.892
koreatown/318381376522824_0,koreatown,crops/koreatown/318381376522824_0.jpg,318381376522824,2020-01-23T23:41:56.694000+00:00,2020,34.063971,-118.301648,179.29162597656,False,cfwarren3,https://www.mapillary.com/app/?pKey=318381376522824,CC BY-SA 4.0,2,286,1,parking,"8AM"" | 2HOUR | PARKING | 86",0.862
koreatown/1928679410633045_0,koreatown,crops/koreatown/1928679410633045_0.jpg,1928679410633045,2020-01-17T22:04:17.104000+00:00,2020,34.069403,-118.296705,179.08734130859,False,cfwarren3,https://www.mapillary.com/app/?pKey=1928679410633045,CC BY-SA 4.0,1,268,1,parking,PARKING | ROUR | PARKING | 6PM,0.941
koreatown/1276263862767967_0,koreatown,crops/koreatown/1276263862767967_0.jpg,1276263862767967,2020-01-18T20:30:23.699000+00:00,2020,34.068392,-118.300358,4.8385925292969,False,cfwarren3,https://www.mapillary.com/app/?pKey=1276263862767967,CC BY-SA 4.0,2,278,1,parking,BAAM | WERACEDAY | TOW-AWAY | NOSTOPPING | 4PM | 7PM | EXCEPT SAT & SUN,0.887
koreatown/949149612321145_0,koreatown,crops/koreatown/949149612321145_0.jpg,949149612321145,2020-01-24T23:34:27.217000+00:00,2020,34.060867,-118.307946,181.14361572266,False,turne514,https://www.mapillary.com/app/?pKey=949149612321145,CC BY-SA 4.0,2,262,1,parking,HOUR | PARKING,0.962
koreatown/318279946455932_0,koreatown,crops/koreatown/318279946455932_0.jpg,318279946455932,2020-01-20T19:39:26.218000+00:00,2020,34.059793,-118.302029,12.731719970703,False,cfwarren3,https://www.mapillary.com/app/?pKey=318279946455932,CC BY-SA 4.0,2,256,1,parking,NORIP | PARKING | 2HOUR | PARKING,0.983
koreatown/1112929469198101_0,koreatown,crops/koreatown/1112929469198101_0.jpg,1112929469198101,2019-12-21T19:19:58.233000+00:00,2019,34.063601,-118.302446,271.88562011719,False,mikaeljudah,https://www.mapillary.com/app/?pKey=1112929469198101,CC BY-SA 4.0,1,250,1,parking,2PARKING | J | 9AM=4PM | R,0.984
koreatown/485659096084067_0,koreatown,crops/koreatown/485659096084067_0.jpg,485659096084067,2020-01-23T23:40:50.196000+00:00,2020,34.068587,-118.301665,181.67468261719,False,cfwarren3,https://www.mapillary.com/app/?pKey=485659096084067,CC BY-SA 4.0,2,272,1,parking,8AM | NYOI | 2HOUR | PARKING | 8,0.855
koreatown/3015345775410092_0,koreatown,crops/koreatown/3015345775410092_0.jpg,3015345775410092,2020-01-20T19:46:49.179000+00:00,2020,34.063643,-118.302964,268.87554931641,False,cfwarren3,https://www.mapillary.com/app/?pKey=3015345775410092,CC BY-SA 4.0,1,247,1,parking,TOW-AWAY | NOSTOPPING | 7PM | PARKING,0.997
koreatown/950427092453185_0,koreatown,crops/koreatown/950427092453185_0.jpg,950427092453185,2020-01-17T23:32:01.079000+00:00,2020,34.064033,-118.298002,184.30682373047,False,cfwarren3,https://www.mapillary.com/app/?pKey=950427092453185,CC BY-SA 4.0,2,250,1,parking,8AM=10AM | 2HOUR | PARKING | 8AM-6FM,0.964
koreatown/4154658484577087_0,koreatown,crops/koreatown/4154658484577087_0.jpg,4154658484577087,2020-01-25T00:41:28.442000+00:00,2020,34.061798,-118.296719,272.80163574219,False,turne514,https://www.mapillary.com/app/?pKey=4154658484577087,CC BY-SA 4.0,2,250,1,parking,CRIDLOCK | ZONE | TOW-AWAY | STOPPING | 7 | AM. | 4 | 7 | PM | 1 | PARKING | HOUR | 9AM,0.964
koreatown/492312278487546_0,koreatown,crops/koreatown/492312278487546_0.jpg,492312278487546,2020-01-23T23:48:39.193000+00:00,2020,34.061778,-118.300825,270.50854492188,False,turne514,https://www.mapillary.com/app/?pKey=492312278487546,CC BY-SA 4.0,2,258,2,parking,NOROPPNG | 7 | 9A0 | SIGHT SEEING | BUS ZONE | 9AM4PM,0.906
koreatown/134306035358488_0,koreatown,crops/koreatown/134306035358488_0.jpg,134306035358488,2020-01-18T20:10:46.365000+00:00,2020,34.06361,-118.292552,271.60803222656,False,cfwarren3,https://www.mapillary.com/app/?pKey=134306035358488,CC BY-SA 4.0,1,246,1,parking,FORIOLOCK | TOW-AWAY | NO STOPPING | 7AM | 9AM | 4PM | 7PM | 9AM | 4PM,0.967
koreatown/1100288017130231_0,koreatown,crops/koreatown/1100288017130231_0.jpg,1100288017130231,2020-01-24T21:39:45.183000+00:00,2020,34.062272,-118.297891,1.4165954589844,False,turne514,https://www.mapillary.com/app/?pKey=1100288017130231,CC BY-SA 4.0,2,248,1,parking,8AM10AM | ROUR | PARKING | BAM-6PM,0.953
koreatown/217249729872788_0,koreatown,crops/koreatown/217249729872788_0.jpg,217249729872788,2020-01-20T20:55:46.358000+00:00,2020,34.068927,-118.300488,129.27557373047,False,cfwarren3,https://www.mapillary.com/app/?pKey=217249729872788,CC BY-SA 4.0,1,242,1,parking,7AM7PM | EXCEPT SATAND SUN,0.984
koreatown/2574190012882668_0,koreatown,crops/koreatown/2574190012882668_0.jpg,2574190012882668,2020-01-20T20:58:33.218000+00:00,2020,34.061761,-118.300749,270.86450195312,False,cfwarren3,https://www.mapillary.com/app/?pKey=2574190012882668,CC BY-SA 4.0,1,248,6,parking,NOSTOPPING | 7AM9AM | 47 | SIGHT SEEING | BUS ZONE | 9AM4PM | DNLY,0.936
koreatown/493319732017296_0,koreatown,crops/koreatown/493319732017296_0.jpg,493319732017296,2019-12-21T19:07:06.159000+00:00,2019,34.061768,-118.297239,88.005737304688,False,mikaeljudah,https://www.mapillary.com/app/?pKey=493319732017296,CC BY-SA 4.0,2,256,1,parking,AWAY | NOSTOPPING | 9AM | EM | PARKING | ID | 9AM4PM,0.873
koreatown/929501334559115_0,koreatown,crops/koreatown/929501334559115_0.jpg,929501334559115,2020-01-24T22:13:09.195000+00:00,2020,34.058768,-118.299818,172.64318847656,False,turne514,https://www.mapillary.com/app/?pKey=929501334559115,CC BY-SA 4.0,2,238,2,parking,NO | PARKING | 2HOUR | PARKING,0.971
koreatown/4116296008416670_0,koreatown,crops/koreatown/4116296008416670_0.jpg,4116296008416670,2020-01-23T23:03:18.249000+00:00,2020,34.061428,-118.302029,175.69305419922,False,cfwarren3,https://www.mapillary.com/app/?pKey=4116296008416670,CC BY-SA 4.0,2,254,1,parking,30HINUTE | PARKING,0.881
koreatown/240004361215513_0,koreatown,crops/koreatown/240004361215513_0.jpg,240004361215513,2020-01-17T22:30:46.083000+00:00,2020,34.057388,-118.292899,2.6849060058594,False,cfwarren3,https://www.mapillary.com/app/?pKey=240004361215513,CC BY-SA 4.0,2,240,1,parking,NO | ARKING | 2HOUR | PARKING | 6,0.957
koreatown/316544876573962_0,koreatown,crops/koreatown/316544876573962_0.jpg,316544876573962,2020-01-23T23:38:44.129000+00:00,2020,34.064631,-118.305385,1.0546264648438,False,cfwarren3,https://www.mapillary.com/app/?pKey=316544876573962,CC BY-SA 4.0,1,238,1,parking,PARKING | ONLY | FIME,0.967
koreatown/678076822963531_0,koreatown,crops/koreatown/678076822963531_0.jpg,678076822963531,2020-01-18T20:16:57.249000+00:00,2020,34.066727,-118.291625,359.53009033203,False,cfwarren3,https://www.mapillary.com/app/?pKey=678076822963531,CC BY-SA 4.0,1,236,1,parking,ANTI-GR | CAPK | ZONE | TOW-AWAY | NOS | STOPPING | 7AM | AM | 4PM | 7PM | HOUR | PARKING | 9AM | 4PM,0.966
koreatown/537162984358966_0,koreatown,crops/koreatown/537162984358966_0.jpg,537162984358966,2020-01-17T22:32:07.099000+00:00,2020,34.057725,-118.291633,92.278717041016,False,cfwarren3,https://www.mapillary.com/app/?pKey=537162984358966,CC BY-SA 4.0,1,236,1,parking,7AM7PM | EXCEPT SAT AND SUN,0.96
koreatown/279971750462157_0,koreatown,crops/koreatown/279971750462157_0.jpg,279971750462157,2017-08-10T07:48:22+00:00,2017,34.063273055556,-118.30790972222,269.03141903935,False,mly_la,https://www.mapillary.com/app/?pKey=279971750462157,CC BY-SA 4.0,2,233,1,parking,TOW-AWAY | NOPARANG | 6AM,0.975
koreatown/508849580481779_0,koreatown,crops/koreatown/508849580481779_0.jpg,508849580481779,2020-01-17T23:27:50.081000+00:00,2020,34.062827,-118.299207,0.0,False,cfwarren3,https://www.mapillary.com/app/?pKey=508849580481779,CC BY-SA 4.0,2,258,1,parking,R | 8AM10AH | Bouk | PARKING,0.826
koreatown/369564091122596_0,koreatown,crops/koreatown/369564091122596_0.jpg,369564091122596,2020-01-20T19:34:54.180000+00:00,2020,34.055862,-118.30271,87.616638183594,False,cfwarren3,https://www.mapillary.com/app/?pKey=369564091122596,CC BY-SA 4.0,2,232,1,parking,TOW-AWA,0.977
koreatown/1165130513926216_0,koreatown,crops/koreatown/1165130513926216_0.jpg,1165130513926216,2017-08-10T07:52:50+00:00,2017,34.057624722222,-118.30096305556,253.23435715857,False,mly_la,https://www.mapillary.com/app/?pKey=1165130513926216,CC BY-SA 4.0,2,235,1,parking,2 | FOUR | PARKING,0.953
koreatown/120949850025318_0,koreatown,crops/koreatown/120949850025318_0.jpg,120949850025318,2017-08-10T07:48:02+00:00,2017,34.064071388889,-118.30786138889,355.37935692613,False,mly_la,https://www.mapillary.com/app/?pKey=120949850025318,CC BY-SA 4.0,2,242,1,parking,R | 10am | 2HOUR | PARKING,0.902
koreatown/2541419336152282_0,koreatown,crops/koreatown/2541419336152282_0.jpg,2541419336152282,2020-01-20T19:59:38.168000+00:00,2020,34.067208,-118.302322,270.0,False,cfwarren3,https://www.mapillary.com/app/?pKey=2541419336152282,CC BY-SA 4.0,2,242,1,parking,2 | PARKING | 86M,0.892
koreatown/951423892273999_0,koreatown,crops/koreatown/951423892273999_0.jpg,951423892273999,2020-01-23T23:03:38.334000+00:00,2020,34.060095,-118.302004,183.57775878906,False,cfwarren3,https://www.mapillary.com/app/?pKey=951423892273999,CC BY-SA 4.0,2,241,1,parking,P | 2HOUR | PARKING,0.893
koreatown/329639088590369_0,koreatown,crops/koreatown/329639088590369_0.jpg,329639088590369,2016-10-19T18:25:18.615000+00:00,2016,34.063193992136,-118.3016425333,6.480313158925,False,jopparn,https://www.mapillary.com/app/?pKey=329639088590369,CC BY-SA 4.0,1,234,1,parking,PARKING | 101 | PARKING,0.933
koreatown/2931561697116434_0,koreatown,crops/koreatown/2931561697116434_0.jpg,2931561697116434,2020-01-23T23:41:44.242000+00:00,2020,34.065194,-118.301664,178.93353271484,False,cfwarren3,https://www.mapillary.com/app/?pKey=2931561697116434,CC BY-SA 4.0,1,250,1,parking,BAM-10AM | 2HOUR | PARKING | G35F,0.837
koreatown/895976030979056_0,koreatown,crops/koreatown/895976030979056_0.jpg,895976030979056,2016-10-19T18:31:59.630000+00:00,2016,34.063862552071,-118.30299167086,191.78223135579,False,jopparn,https://www.mapillary.com/app/?pKey=895976030979056,CC BY-SA 4.0,1,236,1,parking,NO | PARKING | VA8AM-10AM | SCAY,0.908
koreatown/858204638107288_0,koreatown,crops/koreatown/858204638107288_0.jpg,858204638107288,2017-07-17T07:26:30+00:00,2017,34.063276388889,-118.29171305556,272.99505571752,False,mly_la,https://www.mapillary.com/app/?pKey=858204638107288,CC BY-SA 4.0,2,220,2,parking,NOSTOPPING | ANY TIME | RIGHT | LANE | MUST | TURN | RIGHT,0.985
koreatown/1439844626359879_0,koreatown,crops/koreatown/1439844626359879_0.jpg,1439844626359879,2020-01-23T23:44:33.427000+00:00,2020,34.063409,-118.298302,93.68359375,False,turne514,https://www.mapillary.com/app/?pKey=1439844626359879,CC BY-SA 4.0,1,248,1,parking,0SIOPPI | 10PARKING,0.794
koreatown/279029117247838_0,koreatown,crops/koreatown/279029117247838_0.jpg,279029117247838,2019-12-21T19:19:51.223000+00:00,2019,34.063586,-118.301723,269.27960205078,False,mikaeljudah,https://www.mapillary.com/app/?pKey=279029117247838,CC BY-SA 4.0,1,216,1,parking,2PARKING | 9AM4PM,0.977
koreatown/998727468340546_0,koreatown,crops/koreatown/998727468340546_0.jpg,998727468340546,2024-04-17T21:46:22.620000+00:00,2024,34.052579169729,-118.29602958595,82.654530300989,False,dan613,https://www.mapillary.com/app/?pKey=998727468340546,CC BY-SA 4.0,1,218,2,parking,COWLAWAY | NOSTOPPING | 710AM | PM,0.96
koreatown/463509938044301_0,koreatown,crops/koreatown/463509938044301_0.jpg,463509938044301,2020-01-24T22:27:46.317000+00:00,2020,34.057851,-118.302005,0.65924072265625,False,turne514,https://www.mapillary.com/app/?pKey=463509938044301,CC BY-SA 4.0,1,234,1,parking,2HOUR | PARKING | 2HOuR,0.855
koreatown/1426958151009024_0,koreatown,crops/koreatown/1426958151009024_0.jpg,1426958151009024,2020-01-18T20:12:08.172000+00:00,2020,34.063605,-118.297228,256.81793212891,False,cfwarren3,https://www.mapillary.com/app/?pKey=1426958151009024,CC BY-SA 4.0,1,232,1,parking,2 PARKING,0.864
koreatown/2567230450246316_0,koreatown,crops/koreatown/2567230450246316_0.jpg,2567230450246316,2020-01-24T21:41:16.216000+00:00,2020,34.064978,-118.29791,1.9498291015625,False,turne514,https://www.mapillary.com/app/?pKey=2567230450246316,CC BY-SA 4.0,1,216,1,parking,2HOUR | PARKING | 8AN-6PM,0.937
koreatown/2888001678185467_0,koreatown,crops/koreatown/2888001678185467_0.jpg,2888001678185467,2019-12-21T19:20:17.210000+00:00,2019,34.063614,-118.304513,235.90631103516,False,mikaeljudah,https://www.mapillary.com/app/?pKey=2888001678185467,CC BY-SA 4.0,1,238,1,parking,30 PARKING | 9AM | 42M,0.795
koreatown/1108629756302512_0,koreatown,crops/koreatown/1108629756302512_0.jpg,1108629756302512,2019-12-21T19:16:36.215000+00:00,2019,34.063624,-118.292972,262.43634033203,False,mikaeljudah,https://www.mapillary.com/app/?pKey=1108629756302512,CC BY-SA 4.0,1,207,1,parking,TOW-AWAY | NOSTOPPING | 7AM | 9AM | 4PM | 7PM | 9AM=4PM,0.979
koreatown/519411475731310_0,koreatown,crops/koreatown/519411475731310_0.jpg,519411475731310,2020-01-25T00:55:04.185000+00:00,2020,34.061527,-118.291725,181.46020507812,False,turne514,https://www.mapillary.com/app/?pKey=519411475731310,CC BY-SA 4.0,1,204,1,parking,PUBLIC | ARKING,1.0
koreatown/4229868337044439_0,koreatown,crops/koreatown/4229868337044439_0.jpg,4229868337044439,2019-12-21T20:16:30.212000+00:00,2019,34.069517,-118.291669,0.48428344726562,False,mikaeljudah,https://www.mapillary.com/app/?pKey=4229868337044439,CC BY-SA 4.0,1,207,1,parking,TOW-AWAY | NO STOPPING | 9AM | 4FM | 7PM | PARKING,0.96
koreatown/460411945038252_0,koreatown,crops/koreatown/460411945038252_0.jpg,460411945038252,2017-08-10T07:50:00+00:00,2017,34.058694722222,-118.30788305556,182.18974407067,False,mly_la,https://www.mapillary.com/app/?pKey=460411945038252,CC BY-SA 4.0,2,223,1,parking,1ROUR | PARKING | 2,0.85
koreatown/473336137307922_1,koreatown,crops/koreatown/473336137307922_1.jpg,473336137307922,2020-01-17T22:29:25.052000+00:00,2020,34.054509,-118.294028,90.833129882812,False,cfwarren3,https://www.mapillary.com/app/?pKey=473336137307922,CC BY-SA 4.0,1,202,1,parking,NO | PARKING | 10AM-1PM | MEONESDAY | STREET CLEANING,0.974
koreatown/369407871144062_0,koreatown,crops/koreatown/369407871144062_0.jpg,369407871144062,2020-01-18T20:12:04.359000+00:00,2020,34.063615,-118.296834,268.09716796875,False,cfwarren3,https://www.mapillary.com/app/?pKey=369407871144062,CC BY-SA 4.0,1,199,1,parking,W-AWAY | STOPPING | 2PARKING,0.987
koreatown/296004152157835_1,koreatown,crops/koreatown/296004152157835_1.jpg,296004152157835,2020-01-20T22:35:43.070000+00:00,2020,34.069081,-118.305279,267.96655273438,False,cfwarren3,https://www.mapillary.com/app/?pKey=296004152157835,CC BY-SA 4.0,1,214,1,parking,LIOT | DASHI | VALSHIRE CENTER/ | YOREATOWN | 9 | STOPI 2810,0.882
koreatown/1883562108462619_0,koreatown,crops/koreatown/1883562108462619_0.jpg,1883562108462619,2019-12-21T19:17:49.135000+00:00,2019,34.063596,-118.295931,268.22717285156,False,mikaeljudah,https://www.mapillary.com/app/?pKey=1883562108462619,CC BY-SA 4.0,1,207,1,parking,TOW-AWAIS | NO STOPPING | 4PM,0.924
koreatown/320385412784601_0,koreatown,crops/koreatown/320385412784601_0.jpg,320385412784601,2020-01-20T19:46:37.165000+00:00,2020,34.06367,-118.30172,268.48028564453,False,cfwarren3,https://www.mapillary.com/app/?pKey=320385412784601,CC BY-SA 4.0,1,202,1,parking,2 | PARKING | 9AM4PM,0.965
koreatown/611121253177716_0,koreatown,crops/koreatown/611121253177716_0.jpg,611121253177716,2020-01-25T00:27:30.224000+00:00,2020,34.063593,-118.298343,89.025939941406,False,turne514,https://www.mapillary.com/app/?pKey=611121253177716,CC BY-SA 4.0,1,208,1,parking,OW-AWAY | NOSTOPPING | 9AM | Apw-7rM | NO PARKING | ANY TIME,0.914
koreatown/215941973375717_0,koreatown,crops/koreatown/215941973375717_0.jpg,215941973375717,2020-01-25T00:49:06.231000+00:00,2020,34.061698,-118.304937,92.094848632812,False,turne514,https://www.mapillary.com/app/?pKey=215941973375717,CC BY-SA 4.0,2,226,1,parking,NOSTOE | PARKING | TM,0.8
koreatown/2924494314538437_0,koreatown,crops/koreatown/2924494314538437_0.jpg,2924494314538437,2020-01-24T23:20:42.196000+00:00,2020,34.053057,-118.30634,0.0,False,turne514,https://www.mapillary.com/app/?pKey=2924494314538437,CC BY-SA 4.0,2,221,1,parking,PASSENCER | LOADING | 630AN-9AM | 13041N,0.826
koreatown/458063895293522_0,koreatown,crops/koreatown/458063895293522_0.jpg,458063895293522,2017-08-04T12:53:22+00:00,2017,34.052546388889,-118.30391305556,179.99996733582,False,mly_la,https://www.mapillary.com/app/?pKey=458063895293522,CC BY-SA 4.0,1,196,1,parking,ANTI-GRIDLOCK | ZONE | TOW-AWAY | NOSTOPPING | 7AM | 10AM | 3PM | 7PM,0.994
koreatown/4088853147868197_0,koreatown,crops/koreatown/4088853147868197_0.jpg,4088853147868197,2020-01-17T21:53:16.094000+00:00,2020,34.069086,-118.296853,272.27905273438,False,cfwarren3,https://www.mapillary.com/app/?pKey=4088853147868197,CC BY-SA 4.0,1,198,1,parking,AOUR | PARKING | 8AM6PM,0.958
koreatown/508562696948887_0,koreatown,crops/koreatown/508562696948887_0.jpg,508562696948887,2020-01-20T22:27:11.102000+00:00,2020,34.066871,-118.309101,0.0,False,cfwarren3,https://www.mapillary.com/app/?pKey=508562696948887,CC BY-SA 4.0,1,199,1,parking,1IPM=6AM | NIGHTLY,0.948
koreatown/4019371311434128_1,koreatown,crops/koreatown/4019371311434128_1.jpg,4019371311434128,2020-01-25T00:35:41.183000+00:00,2020,34.060349,-118.295416,14.116729736328,False,turne514,https://www.mapillary.com/app/?pKey=4019371311434128,CC BY-SA 4.0,1,192,1,parking,NO | PARKING,0.99
koreatown/212587490419046_0,koreatown,crops/koreatown/212587490419046_0.jpg,212587490419046,2020-01-18T23:01:17.103000+00:00,2020,34.063577,-118.294023,89.999969482422,False,cfwarren3,https://www.mapillary.com/app/?pKey=212587490419046,CC BY-SA 4.0,1,199,1,parking,TOW-AWAY | NOSTOPPING | 7AN-9AM | 4ρ-7P | NO | PARKING | ANYTIME,0.927
koreatown/4144806412252964_0,koreatown,crops/koreatown/4144806412252964_0.jpg,4144806412252964,2017-08-04T12:53:11+00:00,2017,34.052548055556,-118.30520638889,178.84756064159,False,mly_la,https://www.mapillary.com/app/?pKey=4144806412252964,CC BY-SA 4.0,1,190,1,parking,ANTI-GRIDLOCK | ZONE | TOW-AWAY | NOSTOPPING | 7AM | 10AM | 3PM | 7PM,0.996
koreatown/147334500697754_0,koreatown,crops/koreatown/147334500697754_0.jpg,147334500697754,2020-01-25T00:49:57.210000+00:00,2020,34.061709,-118.304087,93.588073730469,False,turne514,https://www.mapillary.com/app/?pKey=147334500697754,CC BY-SA 4.0,1,213,1,parking,TOW-AWAY | NOSTOPPING | 9AN | -72 | HOUN | PARKING | 9 | NK4PM,0.827
koreatown/497189591406203_0,koreatown,crops/koreatown/497189591406203_0.jpg,497189591406203,2020-01-23T23:40:13.147000+00:00,2020,34.068971,-118.304159,89.999969482422,False,cfwarren3,https://www.mapillary.com/app/?pKey=497189591406203,CC BY-SA 4.0,1,196,1,parking,PARKING | AM6PW,0.926
koreatown/306930030816146_0,koreatown,crops/koreatown/306930030816146_0.jpg,306930030816146,2016-10-19T18:53:30.004000+00:00,2016,34.061773447134,-118.3071980402,248.16283392241,False,jopparn,https://www.mapillary.com/app/?pKey=306930030816146,CC BY-SA 4.0,1,196,1,parking,15 | HINUTE | PARKING | 8AM 1= 6PM,0.926
koreatown/2004256663049453_0,koreatown,crops/koreatown/2004256663049453_0.jpg,2004256663049453,2017-08-04T12:57:54+00:00,2017,34.056349722222,-118.29153805556,90.0,False,mly_la,https://www.mapillary.com/app/?pKey=2004256663049453,CC BY-SA 4.0,1,192,2,parking,1 | AOUR | PARKING | 8AM=6PM,0.951
koreatown/1105155536637243_0,koreatown,crops/koreatown/1105155536637243_0.jpg,1105155536637243,2019-12-21T20:24:17.167000+00:00,2019,34.069065,-118.302173,267.48645019531,False,mikaeljudah,https://www.mapillary.com/app/?pKey=1105155536637243,CC BY-SA 4.0,1,189,2,parking,1 | AOUR | PARKING | 8AM6PM,0.97
koreatown/4080841928620765_0,koreatown,crops/koreatown/4080841928620765_0.jpg,4080841928620765,2020-01-20T20:54:31.177000+00:00,2020,34.068909,-118.30499,88.569213867188,False,cfwarren3,https://www.mapillary.com/app/?pKey=4080841928620765,CC BY-SA 4.0,1,191,1,parking,PARKING | 8AM 6PM,0.951
koreatown/465875307853144_0,koreatown,crops/koreatown/465875307853144_0.jpg,465875307853144,2019-12-21T19:16:31.200000+00:00,2019,34.063631,-118.292467,272.09497070312,False,mikaeljudah,https://www.mapillary.com/app/?pKey=465875307853144,CC BY-SA 4.0,2,196,1,parking,ANTI-CR | OCK | TOW-AWAY | NOSTOPPING | 9AM | 4PH | 7 | Mil | 2 | PARKING | 4PM,0.908
koreatown/238587924690918_0,koreatown,crops/koreatown/238587924690918_0.jpg,238587924690918,2020-01-24T23:03:35.274000+00:00,2020,34.062292,-118.304096,353.65014648438,False,turne514,https://www.mapillary.com/app/?pKey=238587924690918,CC BY-SA 4.0,1,185,1,parking,NOSTOPPING | ANY TIME,0.982
koreatown/474758520459805_0,koreatown,crops/koreatown/474758520459805_0.jpg,474758520459805,2019-12-21T20:12:32.167000+00:00,2019,34.065407,-118.294585,87.733489990234,False,mikaeljudah,https://www.mapillary.com/app/?pKey=474758520459805,CC BY-SA 4.0,1,187,1,parking,8AM=10AM,0.966
koreatown/3930030827091403_0,koreatown,crops/koreatown/3930030827091403_0.jpg,3930030827091403,2020-01-18T20:28:19.575000+00:00,2020,34.067212,-118.296998,269.68426513672,False,cfwarren3,https://www.mapillary.com/app/?pKey=3930030827091403,CC BY-SA 4.0,1,179,1,parking,PARKING,1.0
koreatown/314553023409519_0,koreatown,crops/koreatown/314553023409519_0.jpg,314553023409519,2020-01-23T23:15:53.113000+00:00,2020,34.055555,-118.304191,181.00988769531,False,cfwarren3,https://www.mapillary.com/app/?pKey=314553023409519,CC BY-SA 4.0,1,179,1,parking,15 | PARKING,1.0
koreatown/860163278045862_0,koreatown,crops/koreatown/860163278045862_0.jpg,860163278045862,2020-01-20T20:55:06.093000+00:00,2020,34.068944,-118.300782,92.840148925781,False,cfwarren3,https://www.mapillary.com/app/?pKey=860163278045862,CC BY-SA 4.0,1,184,1,parking,"AOUR | 1 | PARKING | 8AM""6PM!",0.95
koreatown/938879130221657_0,koreatown,crops/koreatown/938879130221657_0.jpg,938879130221657,2020-01-18T19:52:39.103000+00:00,2020,34.061194,-118.291616,356.05078125,False,cfwarren3,https://www.mapillary.com/app/?pKey=938879130221657,CC BY-SA 4.0,1,186,1,parking,TOW- | NO STOPPING,0.928
koreatown/134285995397908_0,koreatown,crops/koreatown/134285995397908_0.jpg,134285995397908,2020-01-25T00:27:14.222000+00:00,2020,34.063594,-118.299648,84.636352539062,False,turne514,https://www.mapillary.com/app/?pKey=134285995397908,CC BY-SA 4.0,2,198,1,parking,TOW-AWAY | NO STOPPENS | 7AN-9m | Aoa-79m | PARKING,0.841
koreatown/1560177677523786_0,koreatown,crops/koreatown/1560177677523786_0.jpg,1560177677523786,2020-01-20T22:27:13.095000+00:00,2020,34.06707,-118.309104,1.0205993652344,False,cfwarren3,https://www.mapillary.com/app/?pKey=1560177677523786,CC BY-SA 4.0,1,207,1,parking,11PM6AM | NITLY,0.772
koreatown/775381906343352_0,koreatown,crops/koreatown/775381906343352_0.jpg,775381906343352,2019-12-21T20:08:13.168000+00:00,2019,34.065289,-118.309055,92.840026855469,False,mikaeljudah,https://www.mapillary.com/app/?pKey=775381906343352,CC BY-SA 4.0,1,196,1,parking,2HOUR | PARKING | 8AM,0.836
koreatown/627281322004311_0,koreatown,crops/koreatown/627281322004311_0.jpg,627281322004311,2020-01-17T21:52:09.158000+00:00,2020,34.069125,-118.293438,272.62481689453,False,cfwarren3,https://www.mapillary.com/app/?pKey=627281322004311,CC BY-SA 4.0,1,182,1,parking,HOUR | PARKING | 8AM6PM,0.936
koreatown/216575366635339_0,koreatown,crops/koreatown/216575366635339_0.jpg,216575366635339,2017-08-04T12:58:26+00:00,2017,34.05699,-118.29153972222,90.0,False,mly_la,https://www.mapillary.com/app/?pKey=216575366635339,CC BY-SA 4.0,1,189,1,parking,OUR | PARKING | 8AM6FM,0.875
koreatown/520842282660117_0,koreatown,crops/koreatown/520842282660117_0.jpg,520842282660117,2019-12-21T20:22:50.176000+00:00,2019,34.069033,-118.297168,271.21331787109,False,mikaeljudah,https://www.mapillary.com/app/?pKey=520842282660117,CC BY-SA 4.0,1,179,1,parking,AOUR | PARKING | 8AM6PM,0.943
koreatown/307253981034996_0,koreatown,crops/koreatown/307253981034996_0.jpg,307253981034996,2020-01-23T23:34:42.097000+00:00,2020,34.054447,-118.305974,88.148223876953,False,cfwarren3,https://www.mapillary.com/app/?pKey=307253981034996,CC BY-SA 4.0,1,175,1,parking,TOW-AWAY | NOPARKING | 6AM,0.979
koreatown/322790482541192_0,koreatown,crops/koreatown/322790482541192_0.jpg,322790482541192,2020-01-18T20:15:13.413000+00:00,2020,34.06538,-118.295804,87.805358886719,False,cfwarren3,https://www.mapillary.com/app/?pKey=322790482541192,CC BY-SA 4.0,1,182,1,parking,R | 8AM10AM | SDAY,0.908
koreatown/824238145117424_0,koreatown,crops/koreatown/824238145117424_0.jpg,824238145117424,2020-01-24T23:23:11.190000+00:00,2020,34.0605,-118.30656,1.8250122070312,False,turne514,https://www.mapillary.com/app/?pKey=824238145117424,CC BY-SA 4.0,1,170,1,parking,AROMA | PARKING,1.0
koreatown/255748926332880_0,koreatown,crops/koreatown/255748926332880_0.jpg,255748926332880,2020-01-20T20:54:02.143000+00:00,2020,34.0689,-118.30871,90.586120605469,False,cfwarren3,https://www.mapillary.com/app/?pKey=255748926332880,CC BY-SA 4.0,1,169,1,parking,PARKING,1.0
koreatown/3938542356231566_0,koreatown,crops/koreatown/3938542356231566_0.jpg,3938542356231566,2020-01-25T00:42:44.189000+00:00,2020,34.061798,-118.300807,269.39337158203,False,turne514,https://www.mapillary.com/app/?pKey=3938542356231566,CC BY-SA 4.0,2,219,1,parking,NOTSTOPPIN | 9Au4m,0.652
koreatown/4322161127828504_0,koreatown,crops/koreatown/4322161127828504_0.jpg,4322161127828504,2020-01-20T20:57:22.136000+00:00,2020,34.063284,-118.30041,182.22381591797,False,cfwarren3,https://www.mapillary.com/app/?pKey=4322161127828504,CC BY-SA 4.0,1,171,1,parking,DO NOT | BLOCK | DRIVEWAY | VIOLATORS WLLB | TOWED AWAYAT | VEHICLE CWNER'S | EXPENSE & REX,0.96
koreatown/180915820626204_0,koreatown,crops/koreatown/180915820626204_0.jpg,180915820626204,2020-01-17T22:21:07.194000+00:00,2020,34.05591,-118.293375,89.999969482422,False,cfwarren3,https://www.mapillary.com/app/?pKey=180915820626204,CC BY-SA 4.0,1,167,1,parking,10AM,0.96
koreatown/317968183266352_0,koreatown,crops/koreatown/317968183266352_0.jpg,317968183266352,2020-01-24T23:01:49.251000+00:00,2020,34.060298,-118.304188,1.4237060546875,False,turne514,https://www.mapillary.com/app/?pKey=317968183266352,CC BY-SA 4.0,1,171,1,parking,PUBLIC | PARKING | S | 6 | FLATRATE,0.92
koreatown/2315529735246794_0,koreatown,crops/koreatown/2315529735246794_0.jpg,2315529735246794,2020-01-20T19:30:03.082000+00:00,2020,34.054514,-118.304961,269.07800292969,False,cfwarren3,https://www.mapillary.com/app/?pKey=2315529735246794,CC BY-SA 4.0,1,176,1,parking,10AM1PM | THURSOAY,0.878
koreatown/1660590317483421_0,koreatown,crops/koreatown/1660590317483421_0.jpg,1660590317483421,2020-01-24T22:31:50.292000+00:00,2020,34.067174,-118.301597,0.89544677734375,False,turne514,https://www.mapillary.com/app/?pKey=1660590317483421,CC BY-SA 4.0,1,169,1,parking,R | 2 | FARKING,0.931
koreatown/486175842698092_0,koreatown,crops/koreatown/486175842698092_0.jpg,486175842698092,2020-01-17T21:52:23.135000+00:00,2020,34.069126,-118.294727,266.16314697266,False,cfwarren3,https://www.mapillary.com/app/?pKey=486175842698092,CC BY-SA 4.0,1,167,1,parking,ROUR | PARKING | 8AM6PM,0.937
koreatown/147298047300565_0,koreatown,crops/koreatown/147298047300565_0.jpg,147298047300565,2017-08-04T12:58:25+00:00,2017,34.056961388889,-118.29153805556,87.236990690326,False,mly_la,https://www.mapillary.com/app/?pKey=147298047300565,CC BY-SA 4.0,1,161,1,parking,AOUR | PARKINGU | 8AM6PM,0.976
koreatown/745194416138346_0,koreatown,crops/koreatown/745194416138346_0.jpg,745194416138346,2020-01-20T22:27:01.226000+00:00,2020,34.065952,-118.309103,359.50042724609,False,cfwarren3,https://www.mapillary.com/app/?pKey=745194416138346,CC BY-SA 4.0,1,179,1,parking,HOUR | PARMONES | 8ANTSI,0.826
koreatown/284651353032047_0,koreatown,crops/koreatown/284651353032047_0.jpg,284651353032047,2017-08-10T07:51:54+00:00,2017,34.057651388889,-118.30416138889,88.079625473931,False,mly_la,https://www.mapillary.com/app/?pKey=284651353032047,CC BY-SA 4.0,1,163,1,parking,"HOUR | PARKING | BAM""6PM",0.959
koreatown/562550121392358_0,koreatown,crops/koreatown/562550121392358_0.jpg,562550121392358,2020-01-20T20:59:29.187000+00:00,2020,34.061756,-118.304943,269.27203369141,False,cfwarren3,https://www.mapillary.com/app/?pKey=562550121392358,CC BY-SA 4.0,1,191,1,parking,NOStoRS | PARKING | 91m4-,0.74
koreatown/1346804745703608_0,koreatown,crops/koreatown/1346804745703608_0.jpg,1346804745703608,2020-01-25T00:00:19.177000+00:00,2020,34.065613,-118.309162,180.93060302734,False,turne514,https://www.mapillary.com/app/?pKey=1346804745703608,CC BY-SA 4.0,1,165,1,parking,IIPM6AM | NIGHTLY,0.929
koreatown/165290242185595_0,koreatown,crops/koreatown/165290242185595_0.jpg,165290242185595,2020-01-17T22:32:06.110000+00:00,2020,34.057728,-118.291718,92.439392089844,False,cfwarren3,https://www.mapillary.com/app/?pKey=165290242185595,CC BY-SA 4.0,1,161,1,parking,7AM7 | 7PM,0.967
koreatown/192907049231724_0,koreatown,crops/koreatown/192907049231724_0.jpg,192907049231724,2020-01-18T19:50:03.142000+00:00,2020,34.056816,-118.291271,269.07800292969,False,cfwarren3,https://www.mapillary.com/app/?pKey=192907049231724,CC BY-SA 4.0,1,172,1,parking,12NOON2PM,0.866
koreatown/873300699942526_0,koreatown,crops/koreatown/873300699942526_0.jpg,873300699942526,2019-12-21T19:18:02.188000+00:00,2019,34.06359,-118.296749,268.15631103516,False,mikaeljudah,https://www.mapillary.com/app/?pKey=873300699942526,CC BY-SA 4.0,1,161,1,parking,-AWAY | PARKING,0.959
koreatown/853836068535054_0,koreatown,crops/koreatown/853836068535054_0.jpg,853836068535054,2020-01-23T23:55:02.152000+00:00,2020,34.068959,-118.307055,91.471282958984,False,cfwarren3,https://www.mapillary.com/app/?pKey=853836068535054,CC BY-SA 4.0,1,161,1,parking,30 | AOUR | PARKING | 8AM 6PM,0.957
koreatown/314429046709804_0,koreatown,crops/koreatown/314429046709804_0.jpg,314429046709804,2020-01-20T20:54:46.124000+00:00,2020,34.068922,-118.302827,89.999969482422,False,cfwarren3,https://www.mapillary.com/app/?pKey=314429046709804,CC BY-SA 4.0,1,162,1,parking,ROUR | PARKING | 8AM 6PM,0.938
koreatown/292511732593781_0,koreatown,crops/koreatown/292511732593781_0.jpg,292511732593781,2020-01-24T22:33:39.226000+00:00,2020,34.069821,-118.301648,358.99029541016,False,turne514,https://www.mapillary.com/app/?pKey=292511732593781,CC BY-SA 4.0,2,173,1,parking,NO PARKING | 6M8AK | 2PARKING | 8A6,0.826
koreatown/392811538454974_0,koreatown,crops/koreatown/392811538454974_0.jpg,392811538454974,2020-01-17T22:20:18.143000+00:00,2020,34.055892,-118.298169,88.463531494141,False,cfwarren3,https://www.mapillary.com/app/?pKey=392811538454974,CC BY-SA 4.0,1,163,1,parking,R | 10AMPM,0.891
koreatown/1082451332247257_1,koreatown,crops/koreatown/1082451332247257_1.jpg,1082451332247257,2020-01-17T23:08:47.116000+00:00,2020,34.060781,-118.29167,356.15716552734,False,cfwarren3,https://www.mapillary.com/app/?pKey=1082451332247257,CC BY-SA 4.0,1,169,1,parking,TOW-AWAY | NOTPPNG | LARZ,0.835
koreatown/799242717382970_0,koreatown,crops/koreatown/799242717382970_0.jpg,799242717382970,2020-01-23T23:40:26.235000+00:00,2020,34.068975,-118.302517,89.491394042969,False,cfwarren3,https://www.mapillary.com/app/?pKey=799242717382970,CC BY-SA 4.0,1,157,1,parking,AOUR | PARKING | 8AM 6,0.93
koreatown/1208957892870492_0,koreatown,crops/koreatown/1208957892870492_0.jpg,1208957892870492,2020-01-23T23:33:12.115000+00:00,2020,34.055719,-118.307851,178.30517578125,False,cfwarren3,https://www.mapillary.com/app/?pKey=1208957892870492,CC BY-SA 4.0,1,159,1,parking,R | 10AMIPM,0.904
koreatown/816974169202335_0,koreatown,crops/koreatown/816974169202335_0.jpg,816974169202335,2020-01-23T23:39:47.110000+00:00,2020,34.068661,-118.305392,0.70834350585938,False,cfwarren3,https://www.mapillary.com/app/?pKey=816974169202335,CC BY-SA 4.0,1,175,1,parking,M | 8AM10AM,0.77
koreatown/214138183571751_0,koreatown,crops/koreatown/214138183571751_0.jpg,214138183571751,2017-08-04T12:53:31+00:00,2017,34.052545,-118.30301638889,181.46655704851,False,mly_la,https://www.mapillary.com/app/?pKey=214138183571751,CC BY-SA 4.0,1,157,1,parking,TOW-AWAY | NO | STOPPING | ZouK | 10AM | 3 | PM | 794,0.908
koreatown/867380493993380_0,koreatown,crops/koreatown/867380493993380_0.jpg,867380493993380,2020-01-20T22:35:20.108000+00:00,2020,34.069065,-118.303617,269.30139160156,False,cfwarren3,https://www.mapillary.com/app/?pKey=867380493993380,CC BY-SA 4.0,1,151,1,parking,ROUR | PARKING | 8AM 6PM,0.961
koreatown/381308586441534_0,koreatown,crops/koreatown/381308586441534_0.jpg,381308586441534,2020-01-25T00:16:10.173000+00:00,2020,34.05258,-118.303167,88.719543457031,False,turne514,https://www.mapillary.com/app/?pKey=381308586441534,CC BY-SA 4.0,1,147,1,parking,NOSTOPPING,0.985
koreatown/496671574788533_0,koreatown,crops/koreatown/496671574788533_0.jpg,496671574788533,2020-01-25T00:16:51.238000+00:00,2020,34.052601,-118.301077,91.342529296875,False,turne514,https://www.mapillary.com/app/?pKey=496671574788533,CC BY-SA 4.0,1,159,1,parking,LCK | AWAY | SROPPING | 10AM,0.867
koreatown/748322795882921_0,koreatown,crops/koreatown/748322795882921_0.jpg,748322795882921,2019-12-21T19:16:39.211000+00:00,2019,34.063593,-118.293281,273.70001220703,False,mikaeljudah,https://www.mapillary.com/app/?pKey=748322795882921,CC BY-SA 4.0,1,147,1,parking,W-AWAY | NO STOPPING,0.973
koreatown/886600768573021_0,koreatown,crops/koreatown/886600768573021_0.jpg,886600768573021,2020-01-24T23:58:07.182000+00:00,2020,34.069704,-118.309181,183.44757080078,False,turne514,https://www.mapillary.com/app/?pKey=886600768573021,CC BY-SA 4.0,1,151,1,parking,ROUR | PARKING | 8AM6F,0.931
koreatown/301531518237357_0,koreatown,crops/koreatown/301531518237357_0.jpg,301531518237357,2019-12-21T20:10:34.167000+00:00,2019,34.065338,-118.301519,82.682098388672,False,mikaeljudah,https://www.mapillary.com/app/?pKey=301531518237357,CC BY-SA 4.0,1,170,1,parking,BAM=10AM | BEOMESDA | SSTKETS,0.761
koreatown/168378041876202_0,koreatown,crops/koreatown/168378041876202_0.jpg,168378041876202,2020-01-17T23:29:15.059000+00:00,2020,34.068702,-118.299192,359.24670410156,False,cfwarren3,https://www.mapillary.com/app/?pKey=168378041876202,CC BY-SA 4.0,1,173,1,parking,B | 8AM=10AM,0.739
koreatown/212258287121211_0,koreatown,crops/koreatown/212258287121211_0.jpg,212258287121211,2017-08-04T12:56:03+00:00,2017,34.05594,-118.295245,163.62002788887,False,mly_la,https://www.mapillary.com/app/?pKey=212258287121211,CC BY-SA 4.0,1,153,1,parking,R | 10AM | IFM | 2301,0.889
koreatown/1024991338032027_0,koreatown,crops/koreatown/1024991338032027_0.jpg,1024991338032027,2020-01-18T20:17:27.460000+00:00,2020,34.066962,-118.29062,99.347839355469,False,cfwarren3,https://www.mapillary.com/app/?pKey=1024991338032027,CC BY-SA 4.0,1,148,1,parking,2HOUR | PARKEG | 8AM | 6PM,0.92
koreatown/244833024077355_0,koreatown,crops/koreatown/244833024077355_0.jpg,244833024077355,2019-12-21T20:10:20.210000+00:00,2019,34.065344,-118.302127,87.120544433594,False,mikaeljudah,https://www.mapillary.com/app/?pKey=244833024077355,CC BY-SA 4.0,1,145,1,parking,R | 8AM10AM,0.921
koreatown/223668712457515_0,koreatown,crops/koreatown/223668712457515_0.jpg,223668712457515,2020-01-20T19:46:05.090000+00:00,2020,34.063593,-118.300356,354.43347167969,False,cfwarren3,https://www.mapillary.com/app/?pKey=223668712457515,CC BY-SA 4.0,1,162,1,parking,4PM-7PM | ACOPY LNL,0.777
koreatown/1175984999497392_0,koreatown,crops/koreatown/1175984999497392_0.jpg,1175984999497392,2020-01-20T22:27:05.101000+00:00,2020,34.066316,-118.309115,0.5518798828125,False,cfwarren3,https://www.mapillary.com/app/?pKey=1175984999497392,CC BY-SA 4.0,1,140,1,parking,OUR | PARKING,0.98
koreatown/570069503967321_0,koreatown,crops/koreatown/570069503967321_0.jpg,570069503967321,2016-10-19T18:20:28.589000+00:00,2016,34.05680872568,-118.30089793749,12.938617251408,False,jopparn,https://www.mapillary.com/app/?pKey=570069503967321,CC BY-SA 4.0,1,145,1,parking,R | 10AM1PH,0.917
koreatown/915492872343519_0,koreatown,crops/koreatown/915492872343519_0.jpg,915492872343519,2019-12-21T20:25:37.172000+00:00,2019,34.068973,-118.30755,269.01202392578,False,mikaeljudah,https://www.mapillary.com/app/?pKey=915492872343519,CC BY-SA 4.0,1,141,1,parking,AOUR | PARKING,0.954
koreatown/481833136466194_0,koreatown,crops/koreatown/481833136466194_0.jpg,481833136466194,2020-01-18T20:24:20.119000+00:00,2020,34.06908,-118.29085,264.20208740234,False,cfwarren3,https://www.mapillary.com/app/?pKey=481833136466194,CC BY-SA 4.0,1,147,1,parking,TOW-ANAY | NOSTOPPING | 4PM=7 | LPARKI,0.872
koreatown/793107674913613_0,koreatown,crops/koreatown/793107674913613_0.jpg,793107674913613,2020-01-18T20:15:46.569000+00:00,2020,34.065381,-118.294616,90.947357177734,False,cfwarren3,https://www.mapillary.com/app/?pKey=793107674913613,CC BY-SA 4.0,1,139,1,parking,R | 8AM10AM,0.949
koreatown/192686079366806_0,koreatown,crops/koreatown/192686079366806_0.jpg,192686079366806,2020-01-17T21:52:34.167000+00:00,2020,34.069106,-118.295913,270.65875244141,False,cfwarren3,https://www.mapillary.com/app/?pKey=192686079366806,CC BY-SA 4.0,1,145,1,parking,8AM6PM,0.881
koreatown/338434070951299_0,koreatown,crops/koreatown/338434070951299_0.jpg,338434070951299,2020-01-24T23:54:26.173000+00:00,2020,34.065161,-118.309098,1.5817260742188,False,turne514,https://www.mapillary.com/app/?pKey=338434070951299,CC BY-SA 4.0,1,143,1,parking,R | 11PM=6AM | NIGHTLYCY,0.883
koreatown/490208585762502_0,koreatown,crops/koreatown/490208585762502_0.jpg,490208585762502,2020-01-23T23:04:42.208000+00:00,2020,34.058235,-118.299853,178.41815185547,False,cfwarren3,https://www.mapillary.com/app/?pKey=490208585762502,CC BY-SA 4.0,1,143,1,parking,NO | PARKING | 10m-1g,0.88
koreatown/395747424787777_0,koreatown,crops/koreatown/395747424787777_0.jpg,395747424787777,2019-12-21T20:23:19.207000+00:00,2019,34.069059,-118.298277,270.0,False,mikaeljudah,https://www.mapillary.com/app/?pKey=395747424787777,CC BY-SA 4.0,1,135,1,parking,ROUR | PARKING | 8AM6PM,0.958
koreatown/472361590656609_0,koreatown,crops/koreatown/472361590656609_0.jpg,472361590656609,2020-01-23T23:40:09.176000+00:00,2020,34.06897,-118.304583,89.341247558594,False,cfwarren3,https://www.mapillary.com/app/?pKey=472361590656609,CC BY-SA 4.0,1,142,1,parking,HOUR | PARKING | 8AM=6P,0.883
koreatown/420297169277444_1,koreatown,crops/koreatown/420297169277444_1.jpg,420297169277444,2019-12-21T20:26:55.189000+00:00,2019,34.069016,-118.309592,270.69165039062,False,mikaeljudah,https://www.mapillary.com/app/?pKey=420297169277444,CC BY-SA 4.0,1,143,1,parking,BOUR | KING,0.867
koreatown/200385571897232_0,koreatown,crops/koreatown/200385571897232_0.jpg,200385571897232,2020-01-17T21:57:13.136000+00:00,2020,34.069122,-118.298006,270.0,False,cfwarren3,https://www.mapillary.com/app/?pKey=200385571897232,CC BY-SA 4.0,1,135,2,parking,AOUR | PARKING | 8AM6PM,0.946
koreatown/311611663680855_0,koreatown,crops/koreatown/311611663680855_0.jpg,311611663680855,2020-01-20T19:42:18.203000+00:00,2020,34.055939,-118.300472,267.08044433594,False,cfwarren3,https://www.mapillary.com/app/?pKey=311611663680855,CC BY-SA 4.0,1,162,1,parking,R | 10AM IPM,0.707
koreatown/553053565679384_0,koreatown,crops/koreatown/553053565679384_0.jpg,553053565679384,2020-01-18T19:05:02.410000+00:00,2020,34.068195,-118.291637,1.0545959472656,False,cfwarren3,https://www.mapillary.com/app/?pKey=553053565679384,CC BY-SA 4.0,1,143,1,parking,NOSTOPPING | NO PAR | ANY T,0.86
koreatown/2857827091212323_0,koreatown,crops/koreatown/2857827091212323_0.jpg,2857827091212323,2020-01-17T21:52:11.150000+00:00,2020,34.069131,-118.2936,269.26422119141,False,cfwarren3,https://www.mapillary.com/app/?pKey=2857827091212323,CC BY-SA 4.0,1,137,1,parking,AOU | PARKING | BAM6P,0.91
koreatown/834876237422755_0,koreatown,crops/koreatown/834876237422755_0.jpg,834876237422755,2020-01-24T23:25:23.843000+00:00,2020,34.066806,-118.306626,8.5652160644531,False,turne514,https://www.mapillary.com/app/?pKey=834876237422755,CC BY-SA 4.0,1,129,1,parking,NO | PARKING,0.994
koreatown/828028821476323_1,koreatown,crops/koreatown/828028821476323_1.jpg,828028821476323,2019-12-21T19:07:10.172000+00:00,2019,34.061766,-118.296811,89.393310546875,False,mikaeljudah,https://www.mapillary.com/app/?pKey=828028821476323,CC BY-SA 4.0,1,155,1,parking,TOW-AWAY | NRROISONE,0.742
koreatown/508201773925657_0,koreatown,crops/koreatown/508201773925657_0.jpg,508201773925657,2020-01-25T00:50:33.214000+00:00,2020,34.061709,-118.301892,91.707153320312,False,turne514,https://www.mapillary.com/app/?pKey=508201773925657,CC BY-SA 4.0,1,178,2,parking,PARKING,0.579
koreatown/136227848527090_0,koreatown,crops/koreatown/136227848527090_0.jpg,136227848527090,2019-12-21T20:10:47.587000+00:00,2019,34.065356770832,-118.30029877084,84.576324462891,False,mikaeljudah,https://www.mapillary.com/app/?pKey=136227848527090,CC BY-SA 4.0,1,139,1,parking,R | 8AM10AM,0.884
koreatown/1105439116602878_0,koreatown,crops/koreatown/1105439116602878_0.jpg,1105439116602878,2020-01-17T22:23:42.199000+00:00,2020,34.054482,-118.296886,268.67034912109,False,cfwarren3,https://www.mapillary.com/app/?pKey=1105439116602878,CC BY-SA 4.0,1,127,1,parking,NO | PARKING,0.998
koreatown/469329897685605_1,koreatown,crops/koreatown/469329897685605_1.jpg,469329897685605,2019-12-21T20:12:06.213000+00:00,2019,34.065404,-118.295882,89.089996337891,False,mikaeljudah,https://www.mapillary.com/app/?pKey=469329897685605,CC BY-SA 4.0,1,139,1,parking,R | 8AM-10AM,0.869
koreatown/304116311099062_0,koreatown,crops/koreatown/304116311099062_0.jpg,304116311099062,2016-10-19T18:53:27.645000+00:00,2016,34.061776162379,-118.30718299669,261.79782037675,False,jopparn,https://www.mapillary.com/app/?pKey=304116311099062,CC BY-SA 4.0,1,149,1,parking,15 ASrTtE | PARKING | 8161m,0.772
koreatown/821929358687373_0,koreatown,crops/koreatown/821929358687373_0.jpg,821929358687373,2020-01-23T22:59:56.102000+00:00,2020,34.055309,-118.303099,4.0953063964844,False,cfwarren3,https://www.mapillary.com/app/?pKey=821929358687373,CC BY-SA 4.0,1,139,1,parking,R | 10AM | 1PM,0.859
koreatown/2947154365541181_1,koreatown,crops/koreatown/2947154365541181_1.jpg,2947154365541181,2020-01-18T20:17:22.285000+00:00,2020,34.067122,-118.291106,116.50149536133,False,cfwarren3,https://www.mapillary.com/app/?pKey=2947154365541181,CC BY-SA 4.0,1,126,1,parking,2HOUR | PARKING,0.985
koreatown/494525601966534_0,koreatown,crops/koreatown/494525601966534_0.jpg,494525601966534,2019-12-21T19:07:14.169000+00:00,2019,34.061776,-118.296356,88.797332763672,False,mikaeljudah,https://www.mapillary.com/app/?pKey=494525601966534,CC BY-SA 4.0,1,145,1,parking,NOSREPIN | PARRING | 94ts,0.785
koreatown/518525326249796_0,koreatown,crops/koreatown/518525326249796_0.jpg,518525326249796,2020-01-17T21:53:22.074000+00:00,2020,34.069089,-118.297143,270.0,False,cfwarren3,https://www.mapillary.com/app/?pKey=518525326249796,CC BY-SA 4.0,1,131,1,parking,ROUR | PARKING | 8AM-6P,0.906
koreatown/3626951840750146_0,koreatown,crops/koreatown/3626951840750146_0.jpg,3626951840750146,2020-01-23T23:42:52.315000+00:00,2020,34.063439,-118.303692,89.301391601562,False,turne514,https://www.mapillary.com/app/?pKey=3626951840750146,CC BY-SA 4.0,1,131,1,parking,W-ANAY | NO STOPPNG,0.902
koreatown/1838188639695942_0,koreatown,crops/koreatown/1838188639695942_0.jpg,1838188639695942,2020-01-18T21:36:58.324000+00:00,2020,34.069088,-118.293579,270.00006103516,False,cfwarren3,https://www.mapillary.com/app/?pKey=1838188639695942,CC BY-SA 4.0,1,125,1,parking,ROUR | PARKING | 8AM=6PM,0.955
koreatown/521162522586798_0,koreatown,crops/koreatown/521162522586798_0.jpg,521162522586798,2019-12-21T20:25:51.212000+00:00,2019,34.069018,-118.308119,275.92864990234,False,mikaeljudah,https://www.mapillary.com/app/?pKey=521162522586798,CC BY-SA 4.0,1,129,1,parking,TAOUR | PARKING | 8AM=6PM,0.904
koreatown/3944043445683717_0,koreatown,crops/koreatown/3944043445683717_0.jpg,3944043445683717,2020-01-23T23:24:20.101000+00:00,2020,34.0533,-118.309003,0.0,False,cfwarren3,https://www.mapillary.com/app/?pKey=3944043445683717,CC BY-SA 4.0,1,141,1,parking,HOUR | SOXING | 86,0.784
koreatown/318180139700724_0,koreatown,crops/koreatown/318180139700724_0.jpg,318180139700724,2020-01-20T19:38:55.092000+00:00,2020,34.059683,-118.303594,90.794860839844,False,cfwarren3,https://www.mapillary.com/app/?pKey=318180139700724,CC BY-SA 4.0,1,137,1,parking,10AM | 1PM,0.821
koreatown/2902035346705807_0,koreatown,crops/koreatown/2902035346705807_0.jpg,2902035346705807,2020-01-24T22:33:29.279000+00:00,2020,34.069225,-118.301647,358.69989013672,False,turne514,https://www.mapillary.com/app/?pKey=2902035346705807,CC BY-SA 4.0,1,139,1,parking,NOPRONG | 8AM | 6M | 2PARKING | 8AM6,0.798
koreatown/1192388884543229_0,koreatown,crops/koreatown/1192388884543229_0.jpg,1192388884543229,2019-12-21T20:24:55.231000+00:00,2019,34.069036,-118.304829,268.29266357422,False,mikaeljudah,https://www.mapillary.com/app/?pKey=1192388884543229,CC BY-SA 4.0,1,126,1,parking,AOUR | PARKIN | 8AM6PM,0.932
koreatown/811109272840396_0,koreatown,crops/koreatown/811109272840396_0.jpg,811109272840396,2020-01-17T22:35:23.173000+00:00,2020,34.057774,-118.292473,272.95288085938,False,cfwarren3,https://www.mapillary.com/app/?pKey=811109272840396,CC BY-SA 4.0,1,119,1,parking,PARKING,0.998
koreatown/175275964495633_0,koreatown,crops/koreatown/175275964495633_0.jpg,175275964495633,2020-01-20T19:46:58.131000+00:00,2020,34.063628,-118.304079,269.41394042969,False,cfwarren3,https://www.mapillary.com/app/?pKey=175275964495633,CC BY-SA 4.0,1,141,1,parking,NOSTOPPAN | SOPARTING | 914,0.761
koreatown/1926053167548762_0,koreatown,crops/koreatown/1926053167548762_0.jpg,1926053167548762,2019-12-21T20:24:48.267000+00:00,2019,34.069019,-118.304196,274.2705078125,False,mikaeljudah,https://www.mapillary.com/app/?pKey=1926053167548762,CC BY-SA 4.0,1,125,1,parking,"ROUR | PARKING | 8AM""6PM",0.917
koreatown/303828054639935_0,koreatown,crops/koreatown/303828054639935_0.jpg,303828054639935,2019-12-21T20:24:53.219000+00:00,2019,34.069044,-118.304658,268.37298583984,False,mikaeljudah,https://www.mapillary.com/app/?pKey=303828054639935,CC BY-SA 4.0,1,120,1,parking,"ROUR | PARKING | 8AM""6PM",0.962
koreatown/311536493706809_0,koreatown,crops/koreatown/311536493706809_0.jpg,311536493706809,2020-01-24T23:22:31.179000+00:00,2020,34.058747,-118.306582,357.50329589844,False,turne514,https://www.mapillary.com/app/?pKey=311536493706809,CC BY-SA 4.0,1,120,1,parking,NO | PARKING | 10K,0.962
koreatown/809485759670472_0,koreatown,crops/koreatown/809485759670472_0.jpg,809485759670472,2017-08-10T07:51:57+00:00,2017,34.057656388889,-118.30379305556,88.050486244027,False,mly_la,https://www.mapillary.com/app/?pKey=809485759670472,CC BY-SA 4.0,1,115,1,parking,PARKING,1.0
koreatown/3054111584822974_0,koreatown,crops/koreatown/3054111584822974_0.jpg,3054111584822974,2020-01-20T20:54:34.247000+00:00,2020,34.06891,-118.304564,88.990325927734,False,cfwarren3,https://www.mapillary.com/app/?pKey=3054111584822974,CC BY-SA 4.0,1,123,1,parking,HOUR | PARKING | 8Ax=6Pm,0.892
koreatown/925542098245148_0,koreatown,crops/koreatown/925542098245148_0.jpg,925542098245148,2020-01-20T20:54:59.167000+00:00,2020,34.068929,-118.301462,86.915130615234,False,cfwarren3,https://www.mapillary.com/app/?pKey=925542098245148,CC BY-SA 4.0,1,119,1,parking,AOUR | PARKING,0.942
koreatown/237542414826755_0,koreatown,crops/koreatown/237542414826755_0.jpg,237542414826755,2020-01-23T23:58:38.120000+00:00,2020,34.061166,-118.307912,183.09259033203,False,cfwarren3,https://www.mapillary.com/app/?pKey=237542414826755,CC BY-SA 4.0,1,119,1,parking,Event | Farking,0.941
koreatown/152392703512494_0,koreatown,crops/koreatown/152392703512494_0.jpg,152392703512494,2017-07-03T15:01:26+00:00,2017,34.05525,-118.30896305556,87.276536988908,False,mly_la,https://www.mapillary.com/app/?pKey=152392703512494,CC BY-SA 4.0,1,115,1,parking,TOW-AWAY | NOSTOPPING | ANY | TIME,0.985
koreatown/477891633262671_0,koreatown,crops/koreatown/477891633262671_0.jpg,477891633262671,2016-10-19T18:53:26.389000+00:00,2016,34.061777352734,-118.30717911531,272.20598411459,False,jopparn,https://www.mapillary.com/app/?pKey=477891633262671,CC BY-SA 4.0,1,129,1,parking,15FL | PARKING | 818=6rm,0.816
koreatown/3979893345454410_0,koreatown,crops/koreatown/3979893345454410_0.jpg,3979893345454410,2020-01-24T21:41:32.053000+00:00,2020,34.065669929577,-118.29790560161,0.28253173828125,False,turne514,https://www.mapillary.com/app/?pKey=3979893345454410,CC BY-SA 4.0,1,120,1,parking,R | 8AM10AM,0.909
koreatown/156456489763586_0,koreatown,crops/koreatown/156456489763586_0.jpg,156456489763586,2020-01-20T20:54:09.240000+00:00,2020,34.068889,-118.307912,89.408813476562,False,cfwarren3,https://www.mapillary.com/app/?pKey=156456489763586,CC BY-SA 4.0,1,119,1,parking,TAOUR | PARKING | BAM6P,0.923
koreatown/2876013459347103_0,koreatown,crops/koreatown/2876013459347103_0.jpg,2876013459347103,2020-01-20T22:31:49.088000+00:00,2020,34.06904,-118.307524,272.96166992188,False,cfwarren3,https://www.mapillary.com/app/?pKey=2876013459347103,CC BY-SA 4.0,1,123,1,parking,PARKING | BAM'68,0.862
koreatown/300373758254443_0,koreatown,crops/koreatown/300373758254443_0.jpg,300373758254443,2020-01-17T23:23:43.122000+00:00,2020,34.068067,-118.29421,179.55645751953,False,cfwarren3,https://www.mapillary.com/app/?pKey=300373758254443,CC BY-SA 4.0,1,121,1,parking,R | 8AM10AM,0.85
koreatown/569708454010569_0,koreatown,crops/koreatown/569708454010569_0.jpg,569708454010569,2020-01-23T23:04:27.108000+00:00,2020,34.058881,-118.29987,176.83874511719,False,cfwarren3,https://www.mapillary.com/app/?pKey=569708454010569,CC BY-SA 4.0,1,123,1,parking,TOW·AWAY | NO PARKING | 6AM,0.811
koreatown/515279156149948_1,koreatown,crops/koreatown/515279156149948_1.jpg,515279156149948,2016-10-19T18:27:47.583000+00:00,2016,34.062717352483,-118.30160167983,11.302657482878,False,jopparn,https://www.mapillary.com/app/?pKey=515279156149948,CC BY-SA 4.0,1,119,1,parking,NO | PARKING | BA-10AN,0.851
koreatown/2597163370578167_1,koreatown,crops/koreatown/2597163370578167_1.jpg,2597163370578167,2020-01-25T00:26:49.185000+00:00,2020,34.063521,-118.300345,313.48455810547,False,turne514,https://www.mapillary.com/app/?pKey=2597163370578167,CC BY-SA 4.0,1,120,1,parking,4PM-,0.843
koreatown/478484420130778_0,koreatown,crops/koreatown/478484420130778_0.jpg,478484420130778,2017-07-17T07:25:55+00:00,2017,34.065306388889,-118.291765,180.0,False,mly_la,https://www.mapillary.com/app/?pKey=478484420130778,CC BY-SA 4.0,1,108,1,parking,ANTI-GRIDLOCK | TOW-AWAY | NOSTEPPINS | 7AM=9AM | 4PM=7PR,0.885
koreatown/178418437501988_0,koreatown,crops/koreatown/178418437501988_0.jpg,178418437501988,2020-01-17T23:03:09.126000+00:00,2020,34.057265,-118.291703,180.0,False,cfwarren3,https://www.mapillary.com/app/?pKey=178418437501988,CC BY-SA 4.0,1,123,1,parking,RUR | PARKING | 8AP68,0.689
koreatown/4060972360608252_0,koreatown,crops/koreatown/4060972360608252_0.jpg,4060972360608252,2017-07-03T15:05:24+00:00,2017,34.068455,-118.30902805556,91.640887952899,False,mly_la,https://www.mapillary.com/app/?pKey=4060972360608252,CC BY-SA 4.0,1,86,1,parking,TOW-WAY | NOSN,0.735
