candidate_id,decision,decided_at
westwood/162558839147364_0,accept,2026-09-19T08:09:22+00:00
westwood/3009315509291512_0,reject,2026-09-19T08:09:22+00:00
westwood/1079641452561950_0,accept,2026-09-19T08:09:22+00:00
westwood/561596018135371_0,accept,2026-09-19T08:09:22+00:00
westwood/2888747168067013_0,reject,2026-09-19T08:09:22+00:00
westwood/790306165006107_0,accept,2026-09-19T08:09:22+00:00
westwood/2545791035730276_0,accept,2026-09-19T08:09:22+00:00
westwood/401881877825084_0,accept,2026-09-19T08:09:22+00:00
westwood/3764630893664675_0,accept,2026-09-19T08:09:22+00:00
westwood/511431956935445_0,accept,2026-09-19T08:09:22+00:00
westwood/486138699248260_0,accept,2026-09-19T08:09:22+00:00
westwood/1190700048033355_0,accept,2026-09-19T08:09:22+00:00
westwood/2832890976928543_0,reject,2026-09-19T08:09:22+00:00
westwood/1380709968953294_0,accept,2026-09-19T08:09:22+00:00
westwood/257693482709959_0,accept,2026-09-19T08:09:22+00:00
westwood/486787749230896_0,accept,2026-09-19T08:09:22+00:00
westwood/228272985305192_0,accept,2026-09-19T08:09:22+00:00
westwood/159421696315882_0,accept,2026-09-19T08:09:22+00:00
westwood/424320785643104_0,accept,2026-09-19T08:09:22+00:00
westwood/219895260074403_0,accept,2026-09-19T08:09:22+00:00
westwood/2994619354102965_0,reject,2026-09-19T08:09:22+00:00
westwood/536687870824467_0,accept,2026-09-19T08:09:22+00:00
westwood/5464826703588963_0,accept,2026-09-19T08:09:22+00:00
westwood/2955757451327487_0,accept,2026-09-19T08:09:22+00:00
westwood/2885556218358384_0,accept,2026-09-19T08:09:22+00:00
westwood/950213785756650_0,accept,2026-09-19T08:09:22+00:00
westwood/904935000071370_0,accept,2026-09-19T08:09:22+00:00
westwood/486211459163704_0,accept,2026-09-19T08:09:22+00:00
westwood/804183043852336_0,accept,2026-09-19T08:09:22+00:00
westwood/973623256801835_0,accept,2026-09-19T08:09:22+00:00
westwood/1333101073732686_0,accept,2026-09-19T08:09:22+00:00
westwood/925258241619471_0,accept,2026-09-19T08:09:22+00:00
westwood/782846442619900_0,accept,2026-09-19T08:09:22+00:00
westwood/464214147974416_0,accept,2026-09-19T08:09:22+00:00
westwood/775918083110022_0,accept,2026-09-19T08:09:22+00:00
westwood/180982760437925_0,accept,2026-09-19T08:09:22+00:00
westwood/3651235884981643_0,accept,2026-09-19T08:09:22+00:00
westwood/321425509413007_0,accept,2026-09-19T08:09:22+00:00
westwood/155052649813847_0,accept,2026-09-19T08:09:22+00:00
westwood/321141522909912_0,reject,2026-09-19T08:09:22+00:00
westwood/994485604419607_0,accept,2026-09-19T08:10:24+00:00
westwood/267550838385317_0,accept,2026-09-19T08:10:24+00:00
westwood/303181644740562_0,reject,2026-09-19T08:10:24+00:00
westwood/1351490648567392_0,accept,2026-09-19T08:10:24+00:00
westwood/304492527806260_0,reject,2026-09-19T08:10:24+00:00
westwood/997487053989235_0,reject,2026-09-19T08:10:24+00:00
westwood/1659108824292314_0,reject,2026-09-19T08:10:24+00:00
westwood/760505107958849_0,reject,2026-09-19T08:10:24+00:00
westwood/471243060797484_0,reject,2026-09-19T08:10:24+00:00
westwood/635447331186590_1,reject,2026-09-19T08:10:24+00:00
westwood/776197153044538_0,reject,2026-09-19T08:10:24+00:00
westwood/1500736727496906_0,reject,2026-09-19T08:10:24+00:00
westwood/756329418387140_0,reject,2026-09-19T08:10:24+00:00
westwood/604169957642154_0,reject,2026-09-19T08:10:24+00:00
westwood/314006590219623_0,reject,2026-09-19T08:10:24+00:00
westwood/686627426893146_0,accept,2026-09-19T08:10:24+00:00
westwood/492122728572290_0,reject,2026-09-19T08:10:24+00:00
westwood/1255387542487987_0,accept,2026-09-19T08:10:24+00:00
westwood/139077701588378_0,maybe,2026-09-19T08:10:24+00:00
westwood/1446921465652887_0,accept,2026-09-19T08:10:24+00:00
westwood/507054656990212_0,reject,2026-09-19T08:10:24+00:00
westwood/2889533104622608_0,reject,2026-09-19T08:10:24+00:00
westwood/481129906441697_0,accept,2026-09-19T08:10:24+00:00
westwood/138353038287803_0,reject,2026-09-19T08:10:24+00:00
westwood/583315675966269_0,reject,2026-09-19T08:10:24+00:00
westwood/543372183487944_0,reject,2026-09-19T08:10:24+00:00
westwood/373130230688125_0,reject,2026-09-19T08:10:24+00:00
westwood/1823532407825036_0,reject,2026-09-19T08:10:24+00:00
westwood/487913062411995_0,reject,2026-09-19T08:10:24+00:00
westwood/1394919390884840_0,reject,2026-09-19T08:10:24+00:00
westwood/902636586968056_0,reject,2026-09-19T08:10:24+00:00
westwood/310237920715855_0,reject,2026-09-19T08:10:24+00:00
westwood/152893246800621_0,accept,2026-09-19T08:10:24+00:00
westwood/519761765824392_0,reject,2026-09-19T08:10:24+00:00
westwood/118193143652926_0,reject,2026-09-19T08:10:24+00:00
westwood/132868838899950_0,accept,2026-09-19T08:10:24+00:00
westwood/937908013611159_0,reject,2026-09-19T08:10:24+00:00
westwood/1225513214530439_0,reject,2026-09-19T08:10:24+00:00
westwood/1219453321817704_0,reject,2026-09-19T08:10:24+00:00
westwood/475759500147517_0,accept,2026-09-19T08:10:24+00:00
westwood/212859370442458_0,reject,2026-09-19T08:11:12+00:00
westwood/324414509065483_0,reject,2026-09-19T08:11:12+00:00
westwood/180668967271245_0,reject,2026-09-19T08:11:12+00:00
westwood/479060413363914_0,reject,2026-09-19T08:11:12+00:00
westwood/526476498730680_0,reject,2026-09-19T08:11:12+00:00
westwood/2838087756441088_0,accept,2026-09-19T08:11:12+00:00
westwood/1225302557905099_0,reject,2026-09-19T08:11:12+00:00
westwood/828271884731458_0,reject,2026-09-19T08:11:12+00:00
westwood/480639283058825_0,reject,2026-09-19T08:11:12+00:00
westwood/1166554757139601_0,reject,2026-09-19T08:11:12+00:00
westwood/1175976989508723_0,reject,2026-09-19T08:11:12+00:00
westwood/312037163642945_0,reject,2026-09-19T08:11:12+00:00
westwood/299549318474787_0,reject,2026-09-19T08:11:12+00:00
westwood/932494610631032_0,reject,2026-09-19T08:11:12+00:00
westwood/312505886914622_0,accept,2026-09-19T08:11:12+00:00
westwood/4108185275909554_0,accept,2026-09-19T08:11:12+00:00
westwood/162366585801776_0,reject,2026-09-19T08:11:12+00:00
westwood/285741869912200_0,reject,2026-09-19T08:11:12+00:00
westwood/3945103562251232_0,accept,2026-09-19T08:11:12+00:00
westwood/4714317905250635_0,reject,2026-09-19T08:11:12+00:00
westwood/1218042878615955_0,accept,2026-09-19T08:11:12+00:00
westwood/2974682646141523_0,accept,2026-09-19T08:11:12+00:00
westwood/3095036427386620_0,reject,2026-09-19T08:11:12+00:00
westwood/859951715587331_0,accept,2026-09-19T08:11:12+00:00
westwood/3109170805979342_0,reject,2026-09-19T08:11:12+00:00
westwood/487743902559008_0,accept,2026-09-19T08:11:12+00:00
westwood/330189241839902_0,accept,2026-09-19T08:11:12+00:00
westwood/941902559909933_0,reject,2026-09-19T08:11:12+00:00
westwood/562769885127938_0,reject,2026-09-19T08:11:12+00:00
westwood/154268956555636_0,reject,2026-09-19T08:11:12+00:00
westwood/175937971086781_0,reject,2026-09-19T08:11:12+00:00
westwood/1513713242304851_1,accept,2026-09-19T08:11:12+00:00
westwood/202553795266809_0,accept,2026-09-19T08:11:12+00:00
westwood/1028394604582625_0,accept,2026-09-19T08:11:12+00:00
westwood/2054211188051234_0,accept,2026-09-19T08:11:12+00:00
westwood/222066666043958_0,accept,2026-09-19T08:11:12+00:00
westwood/381063283594167_0,accept,2026-09-19T08:11:12+00:00
westwood/578409593550947_0,reject,2026-09-19T08:11:12+00:00
westwood/771639990379165_0,accept,2026-09-19T08:11:12+00:00
westwood/247640080485618_0,accept,2026-09-19T08:11:12+00:00
westwood/221274506432531_0,reject,2026-09-19T08:11:57+00:00
westwood/468047451079886_0,reject,2026-09-19T08:11:57+00:00
westwood/1019798405222232_0,reject,2026-09-19T08:11:57+00:00
westwood/592133301760003_0,reject,2026-09-19T08:11:57+00:00
westwood/520860959345882_0,reject,2026-09-19T08:11:57+00:00
westwood/530970834796103_0,reject,2026-09-19T08:11:57+00:00
westwood/1458276731215726_0,reject,2026-09-19T08:11:57+00:00
westwood/186147056705861_1,reject,2026-09-19T08:11:57+00:00
westwood/317748353049751_0,reject,2026-09-19T08:11:57+00:00
westwood/635447331186590_0,reject,2026-09-19T08:11:57+00:00
westwood/1871091479723437_0,reject,2026-09-19T08:11:57+00:00
westwood/745460432795137_2,reject,2026-09-19T08:11:57+00:00
westwood/1492365021103807_0,reject,2026-09-19T08:11:57+00:00
westwood/159574789637982_0,accept,2026-09-19T08:11:57+00:00
westwood/316802269964967_1,reject,2026-09-19T08:11:57+00:00
westwood/744087416267778_0,reject,2026-09-19T08:11:57+00:00
westwood/903414737181781_0,reject,2026-09-19T08:11:57+00:00
westwood/247640080485618_2,reject,2026-09-19T08:11:57+00:00
westwood/949015195855027_0,reject,2026-09-19T08:11:57+00:00
westwood/1120325968450645_0,reject,2026-09-19T08:11:57+00:00
westwood/514142443300072_0,reject,2026-09-19T08:11:57+00:00
westwood/476753243543098_0,reject,2026-09-19T08:11:57+00:00
westwood/563050178167301_1,reject,2026-09-19T08:11:57+00:00
westwood/475455377051846_3,reject,2026-09-19T08:11:57+00:00
westwood/983935435694217_0,reject,2026-09-19T08:11:57+00:00
westwood/289123832699443_0,reject,2026-09-19T08:11:57+00:00
westwood/281777240295916_0,reject,2026-09-19T08:11:57+00:00
westwood/291254009392329_0,reject,2026-09-19T08:11:57+00:00
westwood/296092295520765_0,reject,2026-09-19T08:11:57+00:00
westwood/837851573780324_2,reject,2026-09-19T08:11:57+00:00
westwood/298598771809519_2,reject,2026-09-19T08:11:57+00:00
westwood/954991051903070_1,reject,2026-09-19T08:11:57+00:00
westwood/292898025819500_0,reject,2026-09-19T08:11:57+00:00
westwood/168154431815795_1,reject,2026-09-19T08:11:57+00:00
westwood/782846442619900_1,reject,2026-09-19T08:11:57+00:00
westwood/1418179358540418_1,reject,2026-09-19T08:11:57+00:00
westwood/361835308731995_0,reject,2026-09-19T08:11:57+00:00
westwood/214709433545715_0,reject,2026-09-19T08:11:57+00:00
westwood/543005037084473_0,reject,2026-09-19T08:11:57+00:00
westwood/1339500276696265_0,reject,2026-09-19T08:11:57+00:00
westwood/1125121954664926_0,reject,2026-09-19T08:12:27+00:00
westwood/1251263488629029_0,reject,2026-09-19T08:12:27+00:00
westwood/4595231684022901_0,reject,2026-09-19T08:12:27+00:00
westwood/2632900100341270_0,reject,2026-09-19T08:12:27+00:00
westwood/944879376331658_0,reject,2026-09-19T08:12:27+00:00
westwood/469738210990764_0,accept,2026-09-19T08:12:27+00:00
westwood/1455849318140951_0,reject,2026-09-19T08:12:27+00:00
westwood/536122100734804_0,accept,2026-09-19T08:12:27+00:00
westwood/3012817878946133_0,reject,2026-09-19T08:12:27+00:00
westwood/1466415513692361_1,reject,2026-09-19T08:12:27+00:00
westwood/2134729609999453_0,reject,2026-09-19T08:12:27+00:00
westwood/839604716646670_0,reject,2026-09-19T08:12:27+00:00
westwood/1125121954664926_1,reject,2026-09-19T08:12:27+00:00
westwood/215701536775060_0,accept,2026-09-19T08:12:27+00:00
westwood/1101401540348175_0,reject,2026-09-19T08:12:27+00:00
westwood/1000498320486292_0,reject,2026-09-19T08:12:27+00:00
westwood/3652805064847586_0,reject,2026-09-19T08:12:27+00:00
westwood/380541839926777_0,reject,2026-09-19T08:12:27+00:00
westwood/336296764511396_0,accept,2026-09-19T08:12:27+00:00
westwood/2632900100341270_1,reject,2026-09-19T08:12:27+00:00
westwood/495685631551929_0,reject,2026-09-19T08:12:27+00:00
westwood/818442892436933_0,reject,2026-09-19T08:12:27+00:00
westwood/202478601691451_0,accept,2026-09-19T08:12:27+00:00
westwood/170097494913331_0,reject,2026-09-19T08:12:27+00:00
westwood/512184666632752_0,reject,2026-09-19T08:12:27+00:00
westwood/236933864895671_0,accept,2026-09-19T08:12:27+00:00
westwood/2831311533753724_0,reject,2026-09-19T08:12:27+00:00
westwood/822055788689273_0,accept,2026-09-19T08:12:27+00:00
westwood/760719707959500_0,accept,2026-09-19T08:12:27+00:00
westwood/446505176390445_0,accept,2026-09-19T08:12:27+00:00
westwood/795786957735041_0,reject,2026-09-19T08:12:27+00:00
westwood/278467750638651_0,reject,2026-09-19T08:12:27+00:00
westwood/270883984751238_0,reject,2026-09-19T08:12:27+00:00
westwood/145038830965834_0,reject,2026-09-19T08:12:27+00:00
westwood/194205272552462_0,reject,2026-09-19T08:12:27+00:00
westwood/4278544718836718_0,reject,2026-09-19T08:12:27+00:00
westwood/869837403613721_0,reject,2026-09-19T08:12:27+00:00
westwood/199125752049963_0,reject,2026-09-19T08:12:27+00:00
westwood/990934261730803_0,reject,2026-09-19T08:12:27+00:00
westwood/361667291963268_0,reject,2026-09-19T08:12:27+00:00
westwood/1251263488629029_1,accept,2026-09-19T08:12:55+00:00
westwood/1134369250323251_0,reject,2026-09-19T08:12:55+00:00
westwood/4514830135212149_1,reject,2026-09-19T08:12:55+00:00
westwood/247896597117765_0,accept,2026-09-19T08:12:55+00:00
westwood/869273960322643_0,accept,2026-09-19T08:12:55+00:00
westwood/152703610151217_0,reject,2026-09-19T08:12:55+00:00
westwood/536687870824467_1,reject,2026-09-19T08:12:55+00:00
westwood/771626913503909_0,accept,2026-09-19T08:12:55+00:00
westwood/137200218387094_0,reject,2026-09-19T08:12:55+00:00
westwood/314418480121352_0,reject,2026-09-19T08:12:55+00:00
westwood/851701565691789_0,maybe,2026-09-19T08:12:55+00:00
westwood/316802269964967_0,accept,2026-09-19T08:12:55+00:00
westwood/215701536775060_1,reject,2026-09-19T08:12:55+00:00
westwood/172047064739094_0,reject,2026-09-19T08:12:55+00:00
westwood/457728408626307_0,reject,2026-09-19T08:12:55+00:00
westwood/295176425479373_1,reject,2026-09-19T08:12:55+00:00
westwood/131974998978323_0,reject,2026-09-19T08:12:55+00:00
westwood/1559481287575137_0,accept,2026-09-19T08:12:55+00:00
westwood/826808924934550_0,reject,2026-09-19T08:12:55+00:00
westwood/2873079839672924_0,accept,2026-09-19T08:12:55+00:00
westwood/314418480121352_1,reject,2026-09-19T08:12:55+00:00
westwood/288263132939618_1,reject,2026-09-19T08:12:55+00:00
westwood/918491822277840_0,accept,2026-09-19T08:12:55+00:00
westwood/302472708134028_0,reject,2026-09-19T08:12:55+00:00
westwood/562451414738311_0,reject,2026-09-19T08:12:55+00:00
westwood/3888815481228357_0,reject,2026-09-19T08:12:55+00:00
westwood/563050178167301_0,reject,2026-09-19T08:12:55+00:00
westwood/469228214305226_0,accept,2026-09-19T08:12:55+00:00
westwood/174242454568143_0,reject,2026-09-19T08:12:55+00:00
westwood/2134729609999453_1,reject,2026-09-19T08:12:55+00:00
westwood/186147056705861_0,reject,2026-09-19T08:12:55+00:00
westwood/589784795722537_0,accept,2026-09-19T08:12:55+00:00
westwood/500688024704692_0,reject,2026-09-19T08:12:55+00:00
westwood/837851573780324_0,reject,2026-09-19T08:12:55+00:00
westwood/145041587582223_0,reject,2026-09-19T08:12:55+00:00
westwood/141869011246283_1,reject,2026-09-19T08:12:55+00:00
westwood/833137237305525_0,reject,2026-09-19T08:12:55+00:00
westwood/317472179751030_0,reject,2026-09-19T08:12:55+00:00
westwood/490303455496587_0,reject,2026-09-19T08:12:55+00:00
westwood/806032897015072_0,reject,2026-09-19T08:12:55+00:00
westwood/974111380085244_0,maybe,2026-09-19T08:13:35+00:00
westwood/224142679129956_0,reject,2026-09-19T08:13:35+00:00
westwood/4898723833485339_0,reject,2026-09-19T08:13:35+00:00
westwood/537404530616726_0,reject,2026-09-19T08:13:35+00:00
westwood/294314085628938_0,reject,2026-09-19T08:13:35+00:00
westwood/1513713242304851_0,reject,2026-09-19T08:13:35+00:00
westwood/468062764449456_0,reject,2026-09-19T08:13:35+00:00
westwood/803973683890807_0,reject,2026-09-19T08:13:35+00:00
westwood/295641075529104_0,accept,2026-09-19T08:13:35+00:00
westwood/298487445159181_0,reject,2026-09-19T08:13:35+00:00
westwood/912576896133805_0,reject,2026-09-19T08:13:35+00:00
westwood/6113594268666177_0,reject,2026-09-19T08:13:35+00:00
westwood/180215873887636_0,reject,2026-09-19T08:13:35+00:00
westwood/298216091758184_0,reject,2026-09-19T08:13:35+00:00
westwood/547065826280831_0,reject,2026-09-19T08:13:35+00:00
westwood/305770574501633_0,reject,2026-09-19T08:13:35+00:00
westwood/220804619522149_0,reject,2026-09-19T08:13:35+00:00
westwood/215697973264276_0,reject,2026-09-19T08:13:35+00:00
westwood/313664806894450_0,reject,2026-09-19T08:13:35+00:00
westwood/2916231428636604_0,reject,2026-09-19T08:13:35+00:00
westwood/1007877102950250_0,reject,2026-09-19T08:13:35+00:00
westwood/205971321504105_0,reject,2026-09-19T08:13:35+00:00
westwood/215713993439370_0,reject,2026-09-19T08:13:35+00:00
westwood/215697973264276_1,reject,2026-09-19T08:13:35+00:00
westwood/300700481587766_0,reject,2026-09-19T08:13:35+00:00
westwood/524021835533972_0,reject,2026-09-19T08:13:35+00:00
westwood/1194585607657066_0,accept,2026-09-19T08:13:35+00:00
westwood/1712768478909735_0,reject,2026-09-19T08:13:35+00:00
westwood/952947735534485_0,reject,2026-09-19T08:13:35+00:00
westwood/933654370759367_0,reject,2026-09-19T08:13:35+00:00
westwood/1270415890039458_0,reject,2026-09-19T08:13:35+00:00
westwood/809910879635045_0,accept,2026-09-19T08:13:35+00:00
westwood/475455377051846_0,reject,2026-09-19T08:13:35+00:00
westwood/321141522909912_1,reject,2026-09-19T08:13:35+00:00
westwood/775136379838872_0,reject,2026-09-19T08:13:35+00:00
westwood/190834006089560_0,reject,2026-09-19T08:13:35+00:00
westwood/4016856875075336_0,reject,2026-09-19T08:13:35+00:00
westwood/524934011842090_1,reject,2026-09-19T08:13:35+00:00
westwood/245873760558094_0,reject,2026-09-19T08:13:35+00:00
westwood/951686688900508_0,reject,2026-09-19T08:13:35+00:00
westwood/1818782458299056_0,reject,2026-09-19T08:14:01+00:00
westwood/819983821963711_0,reject,2026-09-19T08:14:01+00:00
westwood/115505017266172_1,reject,2026-09-19T08:14:01+00:00
westwood/987656825329913_0,reject,2026-09-19T08:14:01+00:00
westwood/917444938828210_0,reject,2026-09-19T08:14:01+00:00
westwood/329839001837251_0,reject,2026-09-19T08:14:01+00:00
westwood/499902301357440_0,reject,2026-09-19T08:14:01+00:00
westwood/4353464471355032_0,reject,2026-09-19T08:14:01+00:00
westwood/3068468363390076_0,maybe,2026-09-19T08:14:01+00:00
westwood/1215780235522401_0,reject,2026-09-19T08:14:01+00:00
westwood/837851573780324_1,reject,2026-09-19T08:14:01+00:00
westwood/295176425479373_0,reject,2026-09-19T08:14:01+00:00
westwood/505576507161773_0,reject,2026-09-19T08:14:01+00:00
westwood/531882774481798_0,reject,2026-09-19T08:14:01+00:00
westwood/822055788689273_1,reject,2026-09-19T08:14:01+00:00
westwood/180024903981263_0,reject,2026-09-19T08:14:01+00:00
westwood/545282996584452_0,reject,2026-09-19T08:14:01+00:00
westwood/836097726996186_0,reject,2026-09-19T08:14:01+00:00
westwood/4514830135212149_0,reject,2026-09-19T08:14:01+00:00
westwood/187918276526411_0,reject,2026-09-19T08:14:01+00:00
westwood/4041242152649867_0,reject,2026-09-19T08:14:01+00:00
westwood/218122986513541_0,reject,2026-09-19T08:14:01+00:00
westwood/1116157458867421_0,reject,2026-09-19T08:14:01+00:00
westwood/158218772978197_0,reject,2026-09-19T08:14:01+00:00
westwood/479686526589755_0,reject,2026-09-19T08:14:01+00:00
westwood/490325392088061_0,reject,2026-09-19T08:14:01+00:00
westwood/468093017750260_0,reject,2026-09-19T08:14:01+00:00
westwood/356747222668194_0,reject,2026-09-19T08:14:01+00:00
westwood/168154431815795_0,reject,2026-09-19T08:14:01+00:00
westwood/770108323878463_0,reject,2026-09-19T08:14:01+00:00
westwood/869273960322643_1,reject,2026-09-19T08:14:01+00:00
westwood/185561630101802_0,reject,2026-09-19T08:14:01+00:00
westwood/694776227905676_0,reject,2026-09-19T08:14:01+00:00
westwood/455462322418143_0,reject,2026-09-19T08:14:01+00:00
westwood/211289894301065_0,accept,2026-09-19T08:14:01+00:00
westwood/298598771809519_0,reject,2026-09-19T08:14:01+00:00
westwood/140558814766467_0,reject,2026-09-19T08:14:01+00:00
westwood/475455377051846_1,reject,2026-09-19T08:14:01+00:00
westwood/214085283629007_0,reject,2026-09-19T08:14:01+00:00
westwood/745460432795137_1,reject,2026-09-19T08:14:01+00:00
westwood/3545227992248575_0,reject,2026-09-19T08:14:25+00:00
westwood/941095383324213_0,reject,2026-09-19T08:14:25+00:00
westwood/2001812479974949_0,reject,2026-09-19T08:14:25+00:00
westwood/247893370461727_0,reject,2026-09-19T08:14:25+00:00
westwood/395108678222520_0,reject,2026-09-19T08:14:25+00:00
westwood/562769885127938_1,reject,2026-09-19T08:14:25+00:00
westwood/2744537755857805_1,reject,2026-09-19T08:14:25+00:00
westwood/1270584603422206_0,reject,2026-09-19T08:14:25+00:00
westwood/316843079818196_1,reject,2026-09-19T08:14:25+00:00
westwood/528359194997638_0,reject,2026-09-19T08:14:25+00:00
westwood/486211459163704_1,reject,2026-09-19T08:14:25+00:00
westwood/2923870991212588_0,reject,2026-09-19T08:14:25+00:00
westwood/2822623444621291_0,reject,2026-09-19T08:14:25+00:00
westwood/791184278200704_0,reject,2026-09-19T08:14:25+00:00
westwood/328425458790938_0,reject,2026-09-19T08:14:25+00:00
westwood/156661339758927_0,reject,2026-09-19T08:14:25+00:00
westwood/214609540151208_0,reject,2026-09-19T08:14:25+00:00
westwood/1109670532875820_0,reject,2026-09-19T08:14:25+00:00
westwood/745460432795137_0,reject,2026-09-19T08:14:25+00:00
westwood/211918250746749_0,reject,2026-09-19T08:14:25+00:00
westwood/1330997523952545_0,reject,2026-09-19T08:14:25+00:00
westwood/1712768478909735_1,reject,2026-09-19T08:14:25+00:00
westwood/1019798405222232_1,reject,2026-09-19T08:14:25+00:00
westwood/301766431568944_0,reject,2026-09-19T08:14:25+00:00
westwood/154268956555636_1,reject,2026-09-19T08:14:25+00:00
westwood/331480658329973_0,reject,2026-09-19T08:14:25+00:00
westwood/565287681134855_0,reject,2026-09-19T08:14:25+00:00
westwood/2315780355219985_0,reject,2026-09-19T08:14:25+00:00
westwood/202478601691451_1,reject,2026-09-19T08:14:25+00:00
westwood/326101569044809_0,reject,2026-09-19T08:14:25+00:00
westwood/154093843276461_0,reject,2026-09-19T08:14:25+00:00
westwood/317472179751030_1,reject,2026-09-19T08:14:25+00:00
westwood/287126003117278_0,reject,2026-09-19T08:14:25+00:00
westwood/942812376533158_0,reject,2026-09-19T08:14:25+00:00
westwood/1397270580633446_0,reject,2026-09-19T08:14:25+00:00
westwood/475455377051846_2,reject,2026-09-19T08:14:25+00:00
westwood/1146160862514465_0,reject,2026-09-19T08:14:25+00:00
westwood/247896597117765_1,reject,2026-09-19T08:14:25+00:00
westwood/695184098107709_0,reject,2026-09-19T08:14:25+00:00
westwood/2744537755857805_0,reject,2026-09-19T08:14:25+00:00
westwood/298598771809519_1,reject,2026-09-19T08:15:11+00:00
westwood/4270796889598446_0,reject,2026-09-19T08:15:11+00:00
westwood/247896597117765_2,reject,2026-09-19T08:15:11+00:00
westwood/474524803805826_0,reject,2026-09-19T08:15:11+00:00
westwood/774454823433873_0,reject,2026-09-19T08:15:11+00:00
westwood/2908961856018604_0,reject,2026-09-19T08:15:11+00:00
westwood/3962346593845610_0,reject,2026-09-19T08:15:11+00:00
westwood/2601194220175088_0,reject,2026-09-19T08:15:11+00:00
westwood/590929381872393_0,reject,2026-09-19T08:15:11+00:00
westwood/318913596294083_0,reject,2026-09-19T08:15:11+00:00
westwood/836097726996186_1,reject,2026-09-19T08:15:11+00:00
westwood/514441716257716_0,reject,2026-09-19T08:15:11+00:00
westwood/771626913503909_2,reject,2026-09-19T08:15:11+00:00
westwood/155084959915335_0,maybe,2026-09-19T08:15:11+00:00
westwood/886479168602352_0,reject,2026-09-19T08:15:11+00:00
westwood/2911867912464650_0,reject,2026-09-19T08:15:11+00:00
westwood/2601194220175088_1,reject,2026-09-19T08:15:11+00:00
westwood/817261915874039_1,reject,2026-09-19T08:15:11+00:00
westwood/225442678997292_1,reject,2026-09-19T08:15:11+00:00
westwood/565287681134855_1,reject,2026-09-19T08:15:11+00:00
westwood/493312955317651_0,reject,2026-09-19T08:15:11+00:00
westwood/330189241839902_1,reject,2026-09-19T08:15:11+00:00
westwood/945186562690362_0,reject,2026-09-19T08:15:11+00:00
westwood/263851608860115_0,reject,2026-09-19T08:15:11+00:00
westwood/782346269318870_0,reject,2026-09-19T08:15:11+00:00
westwood/298295321942870_0,reject,2026-09-19T08:15:11+00:00
westwood/786355935604259_0,reject,2026-09-19T08:15:11+00:00
westwood/177238747530171_0,reject,2026-09-19T08:15:11+00:00
westwood/996523234488793_1,reject,2026-09-19T08:15:11+00:00
westwood/2940598002874972_0,reject,2026-09-19T08:15:11+00:00
westwood/368456131660576_0,reject,2026-09-19T08:15:11+00:00
westwood/229310138962177_0,accept,2026-09-19T08:15:11+00:00
westwood/386141912608923_0,reject,2026-09-19T08:15:11+00:00
westwood/996523234488793_0,reject,2026-09-19T08:15:11+00:00
westwood/795741151073561_0,reject,2026-09-19T08:15:11+00:00
westwood/491989228891882_0,reject,2026-09-19T08:15:11+00:00
westwood/135751791835909_0,reject,2026-09-19T08:15:11+00:00
westwood/2881052758817145_0,reject,2026-09-19T08:15:11+00:00
westwood/141576111213996_0,reject,2026-09-19T08:15:11+00:00
westwood/198648148989069_1,reject,2026-09-19T08:15:11+00:00
westwood/530996311408307_0,reject,2026-09-19T08:15:33+00:00
westwood/1441612652848752_0,reject,2026-09-19T08:15:33+00:00
westwood/500741721172178_0,reject,2026-09-19T08:15:33+00:00
westwood/384655579495650_0,reject,2026-09-19T08:15:33+00:00
westwood/512184666632752_1,reject,2026-09-19T08:15:33+00:00
westwood/839448653633282_0,reject,2026-09-19T08:15:33+00:00
westwood/247893370461727_1,reject,2026-09-19T08:15:33+00:00
westwood/286662166510611_0,reject,2026-09-19T08:15:33+00:00
westwood/741895536491949_0,reject,2026-09-19T08:15:33+00:00
westwood/3138910446395387_1,accept,2026-09-19T08:15:33+00:00
westwood/1105978996559904_0,reject,2026-09-19T08:15:33+00:00
westwood/280188147159959_0,reject,2026-09-19T08:15:33+00:00
westwood/2922008238066502_0,reject,2026-09-19T08:15:33+00:00
westwood/287126003117278_1,reject,2026-09-19T08:15:33+00:00
westwood/289123832699443_2,reject,2026-09-19T08:15:33+00:00
westwood/4466614086684268_0,reject,2026-09-19T08:15:33+00:00
westwood/492396355533670_0,reject,2026-09-19T08:15:33+00:00
westwood/482948712983433_0,reject,2026-09-19T08:15:33+00:00
westwood/572342657120310_0,reject,2026-09-19T08:15:33+00:00
westwood/486211459163704_2,reject,2026-09-19T08:15:33+00:00
westwood/324877512358851_0,reject,2026-09-19T08:15:33+00:00
westwood/140558814766467_1,reject,2026-09-19T08:15:33+00:00
westwood/247640080485618_1,reject,2026-09-19T08:15:33+00:00
westwood/514441716257716_1,reject,2026-09-19T08:15:33+00:00
westwood/330189241839902_2,reject,2026-09-19T08:15:33+00:00
westwood/1146160862514465_1,reject,2026-09-19T08:15:33+00:00
westwood/4583577111670933_0,reject,2026-09-19T08:15:33+00:00
westwood/462018138418442_0,reject,2026-09-19T08:15:33+00:00
westwood/956643658428547_0,accept,2026-09-19T08:15:33+00:00
westwood/321141522909912_2,reject,2026-09-19T08:15:33+00:00
westwood/1346579372393932_0,accept,2026-09-19T08:15:33+00:00
westwood/289123832699443_1,reject,2026-09-19T08:15:33+00:00
westwood/520847575962619_0,reject,2026-09-19T08:15:33+00:00
westwood/835037204097093_0,reject,2026-09-19T08:15:33+00:00
westwood/996523234488793_2,reject,2026-09-19T08:15:33+00:00
westwood/4009878772436648_0,reject,2026-09-19T08:15:33+00:00
westwood/839448653633282_1,reject,2026-09-19T08:15:33+00:00
westwood/812914872671186_0,reject,2026-09-19T08:15:33+00:00
westwood/2822623444621291_1,reject,2026-09-19T08:15:33+00:00
westwood/937908013611159_1,maybe,2026-09-19T08:15:33+00:00
westwood/298216158642801_0,reject,2026-09-19T08:15:36+00:00
westwood/225442678997292_0,reject,2026-09-19T08:15:36+00:00
westwood/329785865229038_0,reject,2026-09-19T08:15:36+00:00
westwood/577278503240911_0,reject,2026-09-19T08:15:36+00:00
westwood/298216091758184_1,reject,2026-09-19T08:15:36+00:00
westwood/313333660354340_0,reject,2026-09-19T08:15:36+00:00
venice_mar_vista/475393653794472_0,accept,2026-09-19T08:38:20+00:00
hollywood/1655149164686132_0,accept,2026-09-19T08:38:20+00:00
venice_mar_vista/161944032518945_0,accept,2026-09-19T08:38:20+00:00
venice_mar_vista/204408477937156_0,accept,2026-09-19T08:38:20+00:00
venice_mar_vista/212359257082060_0,accept,2026-09-19T08:38:20+00:00
downtown/467429901154153_0,accept,2026-09-19T08:38:20+00:00
hollywood/888723225404950_0,accept,2026-09-19T08:38:20+00:00
downtown/831182604259365_0,accept,2026-09-19T08:38:20+00:00
hollywood/233720168654518_0,accept,2026-09-19T08:38:20+00:00
hollywood/893149998251762_0,accept,2026-09-19T08:38:20+00:00
hollywood/3144101639208156_1,accept,2026-09-19T08:38:20+00:00
venice_mar_vista/1514585342206324_0,accept,2026-09-19T08:38:20+00:00
westwood/379698783335618_0,reject,2026-09-19T08:38:20+00:00
koreatown/484173176164381_0,accept,2026-09-19T08:38:20+00:00
venice_mar_vista/804237330502296_0,accept,2026-09-19T08:38:20+00:00
venice_mar_vista/908991449865052_0,accept,2026-09-19T08:38:20+00:00
venice_mar_vista/453566719275867_0,reject,2026-09-19T08:38:20+00:00
venice_mar_vista/814045982549669_0,accept,2026-09-19T08:38:20+00:00
venice_mar_vista/905807009964287_1,accept,2026-09-19T08:38:20+00:00
hollywood/976755999939803_0,accept,2026-09-19T08:38:20+00:00
downtown/808126956777751_0,reject,2026-09-19T08:38:20+00:00
hollywood/1513603382318430_0,accept,2026-09-19T08:38:20+00:00
hollywood/212880013643279_0,accept,2026-09-19T08:38:20+00:00
koreatown/301147248346937_0,accept,2026-09-19T08:38:20+00:00
venice_mar_vista/505127724256622_0,accept,2026-09-19T08:38:20+00:00
hollywood/617225442566940_0,accept,2026-09-19T08:38:20+00:00
koreatown/2888009808153633_0,accept,2026-09-19T08:38:20+00:00
hollywood/837802730149191_0,accept,2026-09-19T08:38:20+00:00
koreatown/854641141929795_0,accept,2026-09-19T08:38:20+00:00
downtown/217301226506186_0,reject,2026-09-19T08:38:20+00:00
hollywood/957987201407393_0,accept,2026-09-19T08:38:20+00:00
hollywood/687410238882670_1,accept,2026-09-19T08:38:20+00:00
downtown/326641155541339_0,accept,2026-09-19T08:38:20+00:00
koreatown/485426192780711_0,reject,2026-09-19T08:38:20+00:00
venice_mar_vista/147915430673950_0,accept,2026-09-19T08:38:20+00:00
downtown/143972677696968_0,maybe,2026-09-19T08:38:20+00:00
downtown/225000128963849_0,accept,2026-09-19T08:38:20+00:00
downtown/1422725714728475_0,reject,2026-09-19T08:38:20+00:00
venice_mar_vista/265620658606407_0,accept,2026-09-19T08:38:20+00:00
hollywood/981258046011004_2,accept,2026-09-19T08:38:20+00:00
hollywood/501165640928809_0,accept,2026-09-19T17:15:21+00:00
hollywood/792045324832429_1,accept,2026-09-19T17:15:21+00:00
koreatown/840835610181444_0,accept,2026-09-19T17:15:21+00:00
koreatown/294358228906432_0,accept,2026-09-19T17:15:21+00:00
hollywood/619203522375759_1,accept,2026-09-19T17:15:21+00:00
venice_mar_vista/2662651274033887_0,accept,2026-09-19T17:15:21+00:00
venice_mar_vista/2543536842622410_0,accept,2026-09-19T17:15:21+00:00
downtown/374461167195986_0,accept,2026-09-19T17:15:21+00:00
downtown/779294719617148_0,reject,2026-09-19T17:15:21+00:00
venice_mar_vista/1958164560989146_0,accept,2026-09-19T17:15:21+00:00
koreatown/517505909632199_0,accept,2026-09-19T17:15:21+00:00
hollywood/1388889008153498_0,accept,2026-09-19T17:15:21+00:00
downtown/191750649449818_0,accept,2026-09-19T17:15:21+00:00
downtown/534483957717355_0,accept,2026-09-19T17:15:21+00:00
hollywood/207238447896516_0,accept,2026-09-19T17:15:21+00:00
downtown/826980218221233_0,reject,2026-09-19T17:15:21+00:00
koreatown/1958567070961534_0,accept,2026-09-19T17:15:21+00:00
hollywood/2820702414848000_0,accept,2026-09-19T17:15:21+00:00
hollywood/210278033991132_3,accept,2026-09-19T17:15:21+00:00
downtown/307843450865450_0,accept,2026-09-19T17:15:21+00:00
hollywood/474634360410549_0,accept,2026-09-19T17:15:21+00:00
downtown/272771454563688_0,accept,2026-09-19T17:15:21+00:00
hollywood/965611970871850_0,accept,2026-09-19T17:15:21+00:00
downtown/1978113992342304_1,accept,2026-09-19T17:15:21+00:00
hollywood/4028726423888305_0,accept,2026-09-19T17:15:21+00:00
hollywood/165175038852527_0,accept,2026-09-19T17:15:21+00:00
hollywood/1133001967205158_0,accept,2026-09-19T17:15:21+00:00
downtown/494917368627113_0,accept,2026-09-19T17:15:21+00:00
hollywood/2848572432123905_0,accept,2026-09-19T17:15:21+00:00
hollywood/787418872144725_0,accept,2026-09-19T17:15:21+00:00
koreatown/295433162173587_0,reject,2026-09-19T17:15:21+00:00
venice_mar_vista/461273131840888_0,accept,2026-09-19T17:15:21+00:00
hollywood/310938833935780_0,accept,2026-09-19T17:15:21+00:00
hollywood/416121729840150_0,accept,2026-09-19T17:15:21+00:00
venice_mar_vista/512182189977426_0,accept,2026-09-19T17:15:21+00:00
venice_mar_vista/774343803225900_0,accept,2026-09-19T17:15:21+00:00
downtown/226526995589854_0,accept,2026-09-19T17:15:21+00:00
koreatown/903213210248516_0,accept,2026-09-19T17:15:21+00:00
koreatown/769457490433348_0,accept,2026-09-19T17:15:21+00:00
koreatown/846230323978841_0,accept,2026-09-19T17:15:21+00:00
koreatown/305547004582759_0,accept,2026-09-19T17:15:56+00:00
koreatown/329498208698975_0,accept,2026-09-19T17:15:56+00:00
hollywood/2013547352117373_0,accept,2026-09-19T17:15:56+00:00
koreatown/1416218309007868_0,accept,2026-09-19T17:15:56+00:00
downtown/751701222188979_0,accept,2026-09-19T17:15:56+00:00
hollywood/1189244504842150_0,reject,2026-09-19T17:15:56+00:00
hollywood/230151542214893_0,accept,2026-09-19T17:15:56+00:00
venice_mar_vista/825902754947519_0,accept,2026-09-19T17:15:56+00:00
hollywood/909273336587428_0,accept,2026-09-19T17:15:56+00:00
westwood/462138781552590_0,reject,2026-09-19T17:15:56+00:00
venice_mar_vista/4041472355909769_0,accept,2026-09-19T17:15:56+00:00
hollywood/1152550365262238_0,accept,2026-09-19T17:15:56+00:00
hollywood/1502168876842231_0,accept,2026-09-19T17:15:56+00:00
venice_mar_vista/148095643878083_0,accept,2026-09-19T17:15:56+00:00
koreatown/376348350388874_0,accept,2026-09-19T17:15:56+00:00
downtown/2557366461232639_0,accept,2026-09-19T17:15:56+00:00
hollywood/1732199803844862_0,accept,2026-09-19T17:15:56+00:00
koreatown/479522773166628_0,accept,2026-09-19T17:15:56+00:00
hollywood/495777928522040_0,accept,2026-09-19T17:15:56+00:00
downtown/342427060602841_0,accept,2026-09-19T17:15:56+00:00
koreatown/598029561590701_0,accept,2026-09-19T17:15:56+00:00
venice_mar_vista/499440097905867_0,accept,2026-09-19T17:15:56+00:00
venice_mar_vista/1110537086140299_0,accept,2026-09-19T17:15:56+00:00
koreatown/768755117175174_0,accept,2026-09-19T17:15:56+00:00
koreatown/932663620882924_0,accept,2026-09-19T17:15:56+00:00
hollywood/742098629791366_0,accept,2026-09-19T17:15:56+00:00
downtown/157514626346539_0,accept,2026-09-19T17:15:56+00:00
downtown/262072012282498_1,accept,2026-09-19T17:15:56+00:00
koreatown/591609588583290_0,accept,2026-09-19T17:15:56+00:00
downtown/377577240337944_0,accept,2026-09-19T17:15:56+00:00
downtown/265876368608742_0,accept,2026-09-19T17:15:56+00:00
venice_mar_vista/465793894683051_0,accept,2026-09-19T17:15:56+00:00
venice_mar_vista/1102351943582893_0,reject,2026-09-19T17:15:56+00:00
venice_mar_vista/3312570288845379_0,accept,2026-09-19T17:15:56+00:00
hollywood/1142962586168070_0,accept,2026-09-19T17:15:56+00:00
hollywood/561952481440531_0,accept,2026-09-19T17:15:56+00:00
koreatown/486109869472373_0,accept,2026-09-19T17:15:56+00:00
venice_mar_vista/469091747740454_0,accept,2026-09-19T17:15:56+00:00
hollywood/359564075629265_0,accept,2026-09-19T17:15:56+00:00
koreatown/1121292055016559_0,reject,2026-09-19T17:15:56+00:00
downtown/1181762412243832_0,reject,2026-09-19T17:38:17+00:00
hollywood/501732294183703_0,accept,2026-09-19T17:38:17+00:00
hollywood/759354424760747_0,accept,2026-09-19T17:38:17+00:00
hollywood/1713137885563420_0,accept,2026-09-19T17:38:17+00:00
koreatown/1379803169072446_0,accept,2026-09-19T17:38:17+00:00
koreatown/524045278604042_0,accept,2026-09-19T17:38:17+00:00
downtown/207186354298023_0,reject,2026-09-19T17:38:17+00:00
hollywood/806512346921627_0,accept,2026-09-19T17:38:17+00:00
koreatown/1350938548625309_0,accept,2026-09-19T17:38:17+00:00
downtown/454986002263519_0,accept,2026-09-19T17:38:17+00:00
koreatown/1681257895409201_0,accept,2026-09-19T17:38:17+00:00
koreatown/3887087364659937_0,accept,2026-09-19T17:38:17+00:00
koreatown/1616286288577778_1,accept,2026-09-19T17:38:17+00:00
venice_mar_vista/863270997590410_0,accept,2026-09-19T17:38:17+00:00
downtown/929351387609354_0,accept,2026-09-19T17:38:17+00:00
hollywood/374865530707961_0,accept,2026-09-19T17:38:17+00:00
hollywood/2966758966942612_0,accept,2026-09-19T17:38:17+00:00
venice_mar_vista/3908848795858388_0,accept,2026-09-19T17:38:17+00:00
downtown/318554203008089_0,accept,2026-09-19T17:38:17+00:00
koreatown/295408585382300_0,reject,2026-09-19T17:38:17+00:00
downtown/865197924343973_0,accept,2026-09-19T17:38:17+00:00
hollywood/134030375380960_0,accept,2026-09-19T17:38:17+00:00
hollywood/2706363402987882_0,accept,2026-09-19T17:38:17+00:00
hollywood/4073620062681739_0,accept,2026-09-19T17:38:17+00:00
hollywood/299164778493493_0,accept,2026-09-19T17:38:17+00:00
downtown/1367380123633335_0,accept,2026-09-19T17:38:17+00:00
koreatown/515050999508217_1,accept,2026-09-19T17:38:17+00:00
venice_mar_vista/1429550350770712_0,accept,2026-09-19T17:38:17+00:00
venice_mar_vista/159540312672112_0,accept,2026-09-19T17:38:17+00:00
hollywood/2626862350940501_0,accept,2026-09-19T17:38:17+00:00
venice_mar_vista/132498515476246_0,accept,2026-09-19T17:38:17+00:00
downtown/5518372181571139_0,accept,2026-09-19T17:38:17+00:00
hollywood/971214696954091_0,reject,2026-09-19T17:38:17+00:00
hollywood/953745902054365_0,reject,2026-09-19T17:38:17+00:00
venice_mar_vista/262142672272790_0,reject,2026-09-19T17:38:17+00:00
hollywood/804702660169794_0,accept,2026-09-19T17:38:17+00:00
hollywood/1163335224183189_0,accept,2026-09-19T17:38:17+00:00
hollywood/168571185143600_0,reject,2026-09-19T17:38:17+00:00
koreatown/803665763893616_0,accept,2026-09-19T17:38:17+00:00
westwood/150441846989464_0,reject,2026-09-19T17:38:17+00:00
downtown/1971898089616938_0,reject,2026-09-19T17:38:48+00:00
venice_mar_vista/852153172036303_0,accept,2026-09-19T17:38:48+00:00
hollywood/137716338273338_0,accept,2026-09-19T17:38:48+00:00
venice_mar_vista/593029201672317_0,accept,2026-09-19T17:38:48+00:00
venice_mar_vista/524185515249522_0,accept,2026-09-19T17:38:48+00:00
koreatown/191871796106047_0,accept,2026-09-19T17:38:48+00:00
venice_mar_vista/116090027181101_0,accept,2026-09-19T17:38:48+00:00
hollywood/509493010492154_0,reject,2026-09-19T17:38:48+00:00
venice_mar_vista/2171495536325706_0,accept,2026-09-19T17:38:48+00:00
koreatown/190992006181625_0,reject,2026-09-19T17:38:48+00:00
westwood/961456681251425_0,accept,2026-09-19T17:38:48+00:00
hollywood/281911800278562_0,accept,2026-09-19T17:38:48+00:00
downtown/187137513254945_0,accept,2026-09-19T17:38:48+00:00
downtown/291489622457525_0,reject,2026-09-19T17:38:48+00:00
koreatown/339128054298561_0,accept,2026-09-19T17:38:48+00:00
downtown/447456296356249_0,accept,2026-09-19T17:38:48+00:00
downtown/306146431181428_0,accept,2026-09-19T17:38:48+00:00
hollywood/1595977477280101_0,accept,2026-09-19T17:38:48+00:00
hollywood/314959356644326_0,accept,2026-09-19T17:38:48+00:00
hollywood/809438633282251_0,accept,2026-09-19T17:38:48+00:00
koreatown/4348347715197626_0,accept,2026-09-19T17:38:48+00:00
downtown/331353655081873_0,accept,2026-09-19T17:38:48+00:00
downtown/2887918424816815_0,accept,2026-09-19T17:38:48+00:00
hollywood/510080100018611_0,accept,2026-09-19T17:38:48+00:00
hollywood/478723296768087_0,accept,2026-09-19T17:38:48+00:00
westwood/988636741958553_0,reject,2026-09-19T17:38:48+00:00
downtown/873787696505085_0,accept,2026-09-19T17:38:48+00:00
hollywood/296004338773703_0,accept,2026-09-19T17:38:48+00:00
hollywood/830963631137762_0,accept,2026-09-19T17:38:48+00:00
downtown/111443990989646_0,accept,2026-09-19T17:38:48+00:00
downtown/304543361195631_0,reject,2026-09-19T17:38:48+00:00
koreatown/1099426298028935_0,accept,2026-09-19T17:38:48+00:00
koreatown/942700087409049_0,accept,2026-09-19T17:38:48+00:00
downtown/470217334091689_0,accept,2026-09-19T17:38:48+00:00
koreatown/335209014688214_0,reject,2026-09-19T17:38:48+00:00
downtown/487950375893013_0,reject,2026-09-19T17:38:48+00:00
downtown/786896305554778_0,reject,2026-09-19T17:38:48+00:00
hollywood/4527996570560922_0,accept,2026-09-19T17:38:48+00:00
hollywood/478266806727765_0,accept,2026-09-19T17:38:48+00:00
hollywood/1167804300363466_0,reject,2026-09-19T17:38:48+00:00
downtown/1167968463666572_1,reject,2026-09-19T17:42:34+00:00
downtown/346020050267913_0,reject,2026-09-19T17:42:34+00:00
hollywood/1001779810650581_0,accept,2026-09-19T17:42:34+00:00
hollywood/296277252144319_0,reject,2026-09-19T17:42:34+00:00
hollywood/484421176117775_0,reject,2026-09-19T17:42:34+00:00
downtown/139668408112732_0,accept,2026-09-19T17:42:34+00:00
downtown/2659475661018527_0,reject,2026-09-19T17:42:34+00:00
koreatown/2904772606447639_0,accept,2026-09-19T17:42:34+00:00
downtown/463972328051434_0,reject,2026-09-19T17:42:34+00:00
hollywood/262279062107253_0,reject,2026-09-19T17:42:34+00:00
hollywood/617573036313747_0,accept,2026-09-19T17:42:34+00:00
downtown/1388052531595340_0,accept,2026-09-19T17:42:34+00:00
hollywood/158137682983629_0,accept,2026-09-19T17:42:34+00:00
hollywood/173574074650876_0,accept,2026-09-19T17:42:34+00:00
hollywood/481295469984453_0,accept,2026-09-19T17:42:34+00:00
venice_mar_vista/191041919402103_0,reject,2026-09-19T17:42:34+00:00
venice_mar_vista/168256785223802_1,accept,2026-09-19T17:42:34+00:00
koreatown/951616358941478_0,accept,2026-09-19T17:42:34+00:00
koreatown/1252215821948408_0,accept,2026-09-19T17:42:34+00:00
hollywood/497654778041613_0,accept,2026-09-19T17:42:34+00:00
koreatown/1132788567235033_0,accept,2026-09-19T17:42:34+00:00
downtown/526297575407325_0,accept,2026-09-19T17:42:34+00:00
koreatown/191032876069615_0,accept,2026-09-19T17:42:34+00:00
koreatown/1107495826966059_0,accept,2026-09-19T17:42:34+00:00
koreatown/470746617533294_0,accept,2026-09-19T17:42:34+00:00
koreatown/1439332196419945_0,reject,2026-09-19T17:42:34+00:00
venice_mar_vista/247547723768525_0,accept,2026-09-19T17:42:34+00:00
hollywood/210346127320156_0,accept,2026-09-19T17:42:34+00:00
koreatown/300426311691298_0,accept,2026-09-19T17:42:34+00:00
downtown/465572821176971_0,accept,2026-09-19T17:42:34+00:00
hollywood/1069215190234676_0,accept,2026-09-19T17:42:34+00:00
venice_mar_vista/311835976992044_0,accept,2026-09-19T17:42:34+00:00
downtown/425468502507426_0,reject,2026-09-19T17:42:34+00:00
venice_mar_vista/1108461082972777_1,accept,2026-09-19T17:42:34+00:00
venice_mar_vista/238146391278071_0,accept,2026-09-19T17:42:34+00:00
downtown/181414420758429_0,reject,2026-09-19T17:42:34+00:00
downtown/780697822597851_0,accept,2026-09-19T17:42:34+00:00
westwood/497981788016989_0,accept,2026-09-19T17:42:34+00:00
koreatown/160620279322065_0,accept,2026-09-19T17:42:34+00:00
hollywood/185204563454771_0,reject,2026-09-19T17:42:34+00:00
downtown/817951425551937_0,accept,2026-09-19T17:45:28+00:00
koreatown/199714395177630_0,accept,2026-09-19T17:45:28+00:00
downtown/1371637456540460_0,accept,2026-09-19T17:45:28+00:00
hollywood/152991403493500_0,accept,2026-09-19T17:45:28+00:00
venice_mar_vista/1153460238416840_0,accept,2026-09-19T17:45:28+00:00
hollywood/562594708046286_0,accept,2026-09-19T17:45:28+00:00
koreatown/3872937712742384_0,accept,2026-09-19T17:45:28+00:00
koreatown/3083665135200601_0,accept,2026-09-19T17:45:28+00:00
downtown/496052688202658_0,accept,2026-09-19T17:45:28+00:00
koreatown/472601713796504_0,accept,2026-09-19T17:45:28+00:00
hollywood/1622277124827702_0,accept,2026-09-19T17:45:28+00:00
downtown/207186354298023_1,accept,2026-09-19T17:45:28+00:00
downtown/1978113992342304_0,accept,2026-09-19T17:45:28+00:00
koreatown/178217594178443_0,accept,2026-09-19T17:45:28+00:00
venice_mar_vista/293908892394940_0,accept,2026-09-19T17:45:28+00:00
koreatown/817765506855515_0,accept,2026-09-19T17:45:28+00:00
hollywood/206076961347764_0,accept,2026-09-19T17:45:28+00:00
hollywood/269666234626605_0,accept,2026-09-19T17:45:28+00:00
koreatown/2922818737991581_0,accept,2026-09-19T17:45:28+00:00
koreatown/294459275494420_0,accept,2026-09-19T17:45:28+00:00
downtown/165858882025409_0,reject,2026-09-19T17:45:28+00:00
koreatown/313370293489792_0,reject,2026-09-19T17:45:28+00:00
koreatown/2518197205141683_0,accept,2026-09-19T17:45:28+00:00
downtown/514704566218466_0,accept,2026-09-19T17:45:28+00:00
hollywood/1979970682169839_0,accept,2026-09-19T17:45:28+00:00
koreatown/229292662327358_0,reject,2026-09-19T17:45:28+00:00
downtown/579426299919051_0,reject,2026-09-19T17:45:28+00:00
downtown/349853739829743_0,accept,2026-09-19T17:45:28+00:00
downtown/513684219731888_0,accept,2026-09-19T17:45:28+00:00
koreatown/564392097876867_0,accept,2026-09-19T17:45:28+00:00
hollywood/560215658735981_0,accept,2026-09-19T17:45:28+00:00
downtown/793665124612187_0,reject,2026-09-19T17:45:28+00:00
hollywood/200676862038194_0,reject,2026-09-19T17:45:28+00:00
hollywood/870223320249615_0,accept,2026-09-19T17:45:28+00:00
hollywood/816526882315158_0,accept,2026-09-19T17:45:28+00:00
hollywood/475434077058952_0,accept,2026-09-19T17:45:28+00:00
koreatown/662233071275516_0,accept,2026-09-19T17:45:28+00:00
venice_mar_vista/1388870049836330_0,accept,2026-09-19T17:45:28+00:00
downtown/748359119168671_0,accept,2026-09-19T17:45:28+00:00
hollywood/515737036118168_0,accept,2026-09-19T17:45:28+00:00
venice_mar_vista/298951178543689_0,accept,2026-09-19T17:49:00+00:00
hollywood/288479876325289_0,accept,2026-09-19T17:49:00+00:00
hollywood/1068178207046470_0,reject,2026-09-19T17:49:00+00:00
koreatown/503140404457126_0,accept,2026-09-19T17:49:00+00:00
downtown/1191616357964802_0,reject,2026-09-19T17:49:00+00:00
downtown/1176600496187147_0,reject,2026-09-19T17:49:00+00:00
koreatown/522365168934478_0,accept,2026-09-19T17:49:00+00:00
koreatown/1669833199867151_0,accept,2026-09-19T17:49:00+00:00
koreatown/472786967269169_0,accept,2026-09-19T17:49:00+00:00
venice_mar_vista/165151988760110_0,accept,2026-09-19T17:49:00+00:00
hollywood/464307131511796_0,reject,2026-09-19T17:49:00+00:00
koreatown/1197388257354272_0,accept,2026-09-19T17:49:00+00:00
hollywood/934303837322241_0,accept,2026-09-19T17:49:00+00:00
hollywood/900130854177257_0,reject,2026-09-19T17:49:00+00:00
downtown/308649800911310_0,accept,2026-09-19T17:49:00+00:00
downtown/222257639287452_0,reject,2026-09-19T17:49:00+00:00
koreatown/576748416644330_0,reject,2026-09-19T17:49:00+00:00
downtown/570152087762596_0,accept,2026-09-19T17:49:00+00:00
koreatown/3880659035362561_0,accept,2026-09-19T17:49:00+00:00
koreatown/151574846938954_0,accept,2026-09-19T17:49:00+00:00
venice_mar_vista/279265100576088_1,accept,2026-09-19T17:49:00+00:00
koreatown/219797469646671_0,accept,2026-09-19T17:49:00+00:00
hollywood/527089174952571_0,accept,2026-09-19T17:49:00+00:00
hollywood/478055626809529_0,accept,2026-09-19T17:49:00+00:00
downtown/1143383169506763_0,accept,2026-09-19T17:49:00+00:00
koreatown/127740756015603_0,reject,2026-09-19T17:49:00+00:00
downtown/314415506786787_0,reject,2026-09-19T17:49:00+00:00
koreatown/329164141957675_0,reject,2026-09-19T17:49:00+00:00
downtown/264650305392705_0,accept,2026-09-19T17:49:00+00:00
downtown/494186948450710_0,reject,2026-09-19T17:49:00+00:00
koreatown/2247394748735968_0,accept,2026-09-19T17:49:00+00:00
venice_mar_vista/472937080609382_0,accept,2026-09-19T17:49:00+00:00
downtown/789224168687052_0,reject,2026-09-19T17:49:00+00:00
koreatown/216610643300971_0,accept,2026-09-19T17:49:00+00:00
downtown/214854336751896_0,reject,2026-09-19T17:49:00+00:00
hollywood/920543168742761_0,reject,2026-09-19T17:49:00+00:00
koreatown/552968225670418_0,reject,2026-09-19T17:49:00+00:00
koreatown/3834667993312482_1,reject,2026-09-19T17:49:00+00:00
koreatown/288213419634877_0,accept,2026-09-19T17:49:00+00:00
downtown/207186354298023_2,reject,2026-09-19T17:49:00+00:00
koreatown/288367556333424_0,reject,2026-09-19T17:52:47+00:00
koreatown/3005016056440115_0,accept,2026-09-19T17:52:47+00:00
koreatown/1401289266937346_0,accept,2026-09-19T17:52:47+00:00
koreatown/517280456093579_0,accept,2026-09-19T17:52:47+00:00
venice_mar_vista/1852913221546534_0,accept,2026-09-19T17:52:47+00:00
venice_mar_vista/298308361670922_0,accept,2026-09-19T17:52:47+00:00
venice_mar_vista/442073253593790_0,reject,2026-09-19T17:52:47+00:00
koreatown/1096512867500138_0,reject,2026-09-19T17:52:47+00:00
hollywood/3959204317524596_0,reject,2026-09-19T17:52:47+00:00
hollywood/466654654597752_0,accept,2026-09-19T17:52:47+00:00
koreatown/227554379130349_0,accept,2026-09-19T17:52:47+00:00
koreatown/2890131121207321_0,accept,2026-09-19T17:52:47+00:00
koreatown/494215655035552_0,accept,2026-09-19T17:52:47+00:00
koreatown/1989761361164672_0,reject,2026-09-19T17:52:47+00:00
downtown/304010334661037_0,accept,2026-09-19T17:52:47+00:00
koreatown/771460190400748_0,reject,2026-09-19T17:52:47+00:00
downtown/912283442962222_0,reject,2026-09-19T17:52:47+00:00
venice_mar_vista/509000343566989_0,reject,2026-09-19T17:52:47+00:00
venice_mar_vista/218539559621217_0,accept,2026-09-19T17:52:47+00:00
venice_mar_vista/216238709877591_0,accept,2026-09-19T17:52:47+00:00
hollywood/300756804862402_0,accept,2026-09-19T17:52:47+00:00
hollywood/390579745336642_0,accept,2026-09-19T17:52:47+00:00
hollywood/2785250765073937_1,accept,2026-09-19T17:52:47+00:00
downtown/910170566219876_0,reject,2026-09-19T17:52:47+00:00
downtown/914668328404559_0,accept,2026-09-19T17:52:47+00:00
downtown/171191751793896_0,accept,2026-09-19T17:52:47+00:00
koreatown/157451962983045_0,accept,2026-09-19T17:52:47+00:00
venice_mar_vista/309446234033959_0,accept,2026-09-19T17:52:47+00:00
koreatown/929292794539105_0,accept,2026-09-19T17:52:47+00:00
koreatown/471882947355951_0,accept,2026-09-19T17:52:47+00:00
koreatown/480314830083140_0,reject,2026-09-19T17:52:47+00:00
koreatown/1241603486347466_0,accept,2026-09-19T17:52:47+00:00
hollywood/4523838610974025_0,accept,2026-09-19T17:52:47+00:00
hollywood/346721463793270_0,reject,2026-09-19T17:52:47+00:00
downtown/284369973417850_0,accept,2026-09-19T17:52:47+00:00
hollywood/524236618930719_0,accept,2026-09-19T17:52:47+00:00
hollywood/1232987507155806_0,accept,2026-09-19T17:52:47+00:00
koreatown/312942493575648_0,accept,2026-09-19T17:52:47+00:00
downtown/3950347248388546_0,reject,2026-09-19T17:52:47+00:00
downtown/770852130217573_0,reject,2026-09-19T17:52:47+00:00
hollywood/485262289486305_0,accept,2026-09-19T17:54:09+00:00
venice_mar_vista/161908645856595_0,accept,2026-09-19T17:54:09+00:00
westwood/754926525223310_0,accept,2026-09-19T17:54:09+00:00
hollywood/279785577186455_0,accept,2026-09-19T17:54:09+00:00
venice_mar_vista/295650298687476_0,accept,2026-09-19T17:54:09+00:00
koreatown/170148811694387_0,accept,2026-09-19T17:54:09+00:00
koreatown/154121666587956_0,reject,2026-09-19T17:54:09+00:00
downtown/212013770387636_0,accept,2026-09-19T17:54:09+00:00
hollywood/510217543463162_0,accept,2026-09-19T17:54:09+00:00
koreatown/521000189057892_0,accept,2026-09-19T17:54:09+00:00
venice_mar_vista/485785502660653_0,reject,2026-09-19T17:54:09+00:00
downtown/195467508923435_0,reject,2026-09-19T17:54:09+00:00
koreatown/473550290428411_0,accept,2026-09-19T17:54:09+00:00
venice_mar_vista/161908645856595_1,accept,2026-09-19T17:54:09+00:00
downtown/380944109795675_0,reject,2026-09-19T17:54:09+00:00
hollywood/2583953095242033_0,accept,2026-09-19T17:54:09+00:00
westwood/1413295889011251_0,accept,2026-09-19T17:54:09+00:00
downtown/898386997374269_0,accept,2026-09-19T17:54:09+00:00
downtown/837392420469215_0,reject,2026-09-19T17:54:09+00:00
hollywood/776393739974798_0,accept,2026-09-19T17:54:09+00:00
hollywood/519324989074096_0,reject,2026-09-19T17:54:09+00:00
downtown/4466483410029422_0,accept,2026-09-19T17:54:09+00:00
koreatown/4083590811700921_0,accept,2026-09-19T17:54:09+00:00
koreatown/4232581396775252_0,reject,2026-09-19T17:54:09+00:00
downtown/2810504119278388_0,reject,2026-09-19T17:54:09+00:00
koreatown/506165533852800_0,accept,2026-09-19T17:54:09+00:00
koreatown/300583268243587_0,accept,2026-09-19T17:54:09+00:00
downtown/295308152096467_0,reject,2026-09-19T17:54:09+00:00
downtown/224768796114133_0,accept,2026-09-19T17:54:09+00:00
hollywood/315540993302101_0,accept,2026-09-19T17:54:09+00:00
koreatown/4010924272327774_0,accept,2026-09-19T17:54:09+00:00
downtown/470909580632539_0,accept,2026-09-19T17:54:09+00:00
downtown/1633699533492843_0,reject,2026-09-19T17:54:09+00:00
hollywood/1148054358941607_0,accept,2026-09-19T17:54:09+00:00
hollywood/462730021479734_0,accept,2026-09-19T17:54:09+00:00
koreatown/282749520070389_0,accept,2026-09-19T17:54:09+00:00
downtown/1190246378110564_0,reject,2026-09-19T17:54:09+00:00
hollywood/1185614415215579_0,accept,2026-09-19T17:54:09+00:00
koreatown/302866767957045_0,accept,2026-09-19T17:54:09+00:00
venice_mar_vista/273953124470745_0,accept,2026-09-19T17:54:09+00:00
hollywood/1156017151516363_0,accept,2026-09-19T17:54:46+00:00
hollywood/972137403526421_0,accept,2026-09-19T17:54:46+00:00
venice_mar_vista/897861224401380_0,accept,2026-09-19T17:54:46+00:00
venice_mar_vista/544223390319792_0,accept,2026-09-19T17:54:46+00:00
downtown/866040073947977_0,reject,2026-09-19T17:54:46+00:00
downtown/956677171834944_0,reject,2026-09-19T17:54:46+00:00
downtown/1616403358562849_0,accept,2026-09-19T17:54:46+00:00
downtown/462904314998246_0,reject,2026-09-19T17:54:46+00:00
hollywood/919768662141650_0,accept,2026-09-19T17:54:46+00:00
downtown/314026066981003_1,accept,2026-09-19T17:54:46+00:00
koreatown/2812892008974875_0,accept,2026-09-19T17:54:46+00:00
koreatown/800916147470863_0,accept,2026-09-19T17:54:46+00:00
venice_mar_vista/4173810915995202_0,accept,2026-09-19T17:54:46+00:00
downtown/474214877203863_1,accept,2026-09-19T17:54:46+00:00
hollywood/168871055044618_0,reject,2026-09-19T17:54:46+00:00
hollywood/925114808328749_0,reject,2026-09-19T17:54:46+00:00
hollywood/514330089576716_0,accept,2026-09-19T17:54:46+00:00
hollywood/493048215458393_0,accept,2026-09-19T17:54:46+00:00
hollywood/291517265988598_0,accept,2026-09-19T17:54:46+00:00
downtown/282089250063066_0,reject,2026-09-19T17:54:46+00:00
downtown/1237364116719085_0,accept,2026-09-19T17:54:46+00:00
downtown/3817110645009827_0,accept,2026-09-19T17:54:46+00:00
hollywood/1398046323862303_0,accept,2026-09-19T17:54:46+00:00
downtown/470696423988659_0,accept,2026-09-19T17:54:46+00:00
koreatown/487109822516355_0,accept,2026-09-19T17:54:46+00:00
venice_mar_vista/794599244802725_0,accept,2026-09-19T17:54:46+00:00
downtown/2886381098342501_0,accept,2026-09-19T17:54:46+00:00
downtown/786791908933023_0,reject,2026-09-19T17:54:46+00:00
downtown/492247108637274_0,reject,2026-09-19T17:54:46+00:00
downtown/486370679083956_0,accept,2026-09-19T17:54:46+00:00
hollywood/474903623746513_0,accept,2026-09-19T17:54:46+00:00
hollywood/314959356644326_1,accept,2026-09-19T17:54:46+00:00
downtown/3838938829507919_1,accept,2026-09-19T17:54:46+00:00
downtown/1378926435815193_0,reject,2026-09-19T17:54:46+00:00
hollywood/4170597339671460_0,accept,2026-09-19T17:54:46+00:00
hollywood/175743951110305_0,accept,2026-09-19T17:54:46+00:00
downtown/527892655254256_1,reject,2026-09-19T17:54:46+00:00
hollywood/134150088698757_1,accept,2026-09-19T17:54:46+00:00
koreatown/221920889309349_0,accept,2026-09-19T17:54:46+00:00
downtown/287554656353465_0,reject,2026-09-19T17:54:46+00:00
downtown/239610741290684_0,reject,2026-09-19T17:55:47+00:00
downtown/315213763306228_0,reject,2026-09-19T17:55:47+00:00
downtown/176612060909326_0,reject,2026-09-19T17:55:47+00:00
hollywood/370297354399978_0,reject,2026-09-19T17:55:47+00:00
downtown/2972797303002853_1,reject,2026-09-19T17:55:47+00:00
hollywood/827075408186006_0,accept,2026-09-19T17:55:47+00:00
hollywood/3963509830399747_0,accept,2026-09-19T17:55:47+00:00
downtown/946305589613997_0,reject,2026-09-19T17:55:47+00:00
downtown/4034606836601980_1,accept,2026-09-19T17:55:47+00:00
venice_mar_vista/265009875373014_0,reject,2026-09-19T17:55:47+00:00
downtown/317891623013265_0,accept,2026-09-19T17:55:47+00:00
downtown/456992458699334_1,reject,2026-09-19T17:55:47+00:00
koreatown/3783478601761010_0,reject,2026-09-19T17:55:47+00:00
venice_mar_vista/1125237424619280_0,accept,2026-09-19T17:55:47+00:00
venice_mar_vista/216661623188049_0,reject,2026-09-19T17:55:47+00:00
downtown/793408727946725_0,reject,2026-09-19T17:55:47+00:00
downtown/370078370990580_0,reject,2026-09-19T17:55:47+00:00
hollywood/1195729840943703_0,accept,2026-09-19T17:55:47+00:00
hollywood/324746595736524_0,accept,2026-09-19T17:55:47+00:00
venice_mar_vista/257205522431691_1,accept,2026-09-19T17:55:47+00:00
downtown/291912632521661_0,reject,2026-09-19T17:55:47+00:00
hollywood/456316769151844_0,reject,2026-09-19T17:55:47+00:00
downtown/173611241322986_0,reject,2026-09-19T17:55:47+00:00
hollywood/1099810760516017_0,reject,2026-09-19T17:55:47+00:00
hollywood/1377254335985525_0,reject,2026-09-19T17:55:47+00:00
venice_mar_vista/524185515249522_1,reject,2026-09-19T17:55:47+00:00
downtown/731261094237430_0,reject,2026-09-19T17:55:47+00:00
downtown/302853471215852_0,reject,2026-09-19T17:55:47+00:00
downtown/239610741290684_1,reject,2026-09-19T17:55:47+00:00
hollywood/843458309576373_0,reject,2026-09-19T17:55:47+00:00
hollywood/2862819447303304_0,reject,2026-09-19T17:55:47+00:00
venice_mar_vista/777309779811373_0,reject,2026-09-19T17:55:47+00:00
hollywood/619203522375759_0,reject,2026-09-19T17:55:47+00:00
hollywood/297152232142707_0,reject,2026-09-19T17:55:47+00:00
downtown/4251181728266893_0,reject,2026-09-19T17:55:47+00:00
venice_mar_vista/471716663887094_0,reject,2026-09-19T17:55:47+00:00
koreatown/195368925605061_0,reject,2026-09-19T17:55:47+00:00
venice_mar_vista/540898340244104_0,accept,2026-09-19T17:55:47+00:00
venice_mar_vista/1530328888371425_0,reject,2026-09-19T17:55:47+00:00
koreatown/459881841942009_0,reject,2026-09-19T17:55:47+00:00
downtown/523296789078161_0,reject,2026-09-19T17:58:17+00:00
hollywood/223950705918494_1,reject,2026-09-19T17:58:17+00:00
hollywood/444531109910411_1,accept,2026-09-19T17:58:17+00:00
hollywood/272328597942120_0,reject,2026-09-19T17:58:17+00:00
hollywood/225355366015779_0,reject,2026-09-19T17:58:17+00:00
downtown/775401849782831_0,reject,2026-09-19T17:58:17+00:00
hollywood/2880937255457495_0,reject,2026-09-19T17:58:17+00:00
westwood/315461206603374_0,reject,2026-09-19T17:58:17+00:00
hollywood/1201376660283059_0,accept,2026-09-19T17:58:17+00:00
koreatown/822730438336035_0,reject,2026-09-19T17:58:17+00:00
venice_mar_vista/363553165074880_0,reject,2026-09-19T17:58:17+00:00
venice_mar_vista/393969638254290_0,reject,2026-09-19T17:58:17+00:00
downtown/751882055524301_1,reject,2026-09-19T17:58:17+00:00
downtown/1189255214860102_0,reject,2026-09-19T17:58:17+00:00
venice_mar_vista/3996829440623366_0,accept,2026-09-19T17:58:17+00:00
downtown/793665124612187_1,reject,2026-09-19T17:58:17+00:00
hollywood/959380441271403_0,reject,2026-09-19T17:58:17+00:00
downtown/782767612609729_0,reject,2026-09-19T17:58:17+00:00
venice_mar_vista/305790891063900_0,accept,2026-09-19T17:58:17+00:00
venice_mar_vista/4433629793331514_0,reject,2026-09-19T17:58:17+00:00
hollywood/4584270501625414_1,accept,2026-09-19T17:58:17+00:00
hollywood/181586997123689_2,reject,2026-09-19T17:58:17+00:00
downtown/1204816633309537_0,reject,2026-09-19T17:58:17+00:00
koreatown/1541320016225984_0,reject,2026-09-19T17:58:17+00:00
downtown/475374697003197_0,reject,2026-09-19T17:58:17+00:00
hollywood/1718804784958224_0,reject,2026-09-19T17:58:17+00:00
westwood/584678115783194_0,reject,2026-09-19T17:58:17+00:00
venice_mar_vista/112020207597392_0,accept,2026-09-19T17:58:17+00:00
hollywood/388615029302183_0,reject,2026-09-19T17:58:17+00:00
hollywood/9374943609278121_0,reject,2026-09-19T17:58:17+00:00
venice_mar_vista/736714616995884_0,reject,2026-09-19T17:58:17+00:00
downtown/162029755735369_0,reject,2026-09-19T17:58:17+00:00
hollywood/845011752783553_0,reject,2026-09-19T17:58:17+00:00
venice_mar_vista/469504270786804_0,reject,2026-09-19T17:58:17+00:00
hollywood/4262224773816689_0,reject,2026-09-19T17:58:17+00:00
downtown/1104696180019445_0,reject,2026-09-19T17:58:17+00:00
hollywood/707599548317299_0,reject,2026-09-19T17:58:17+00:00
hollywood/1106668949841233_1,reject,2026-09-19T17:58:17+00:00
venice_mar_vista/169128445105182_0,reject,2026-09-19T17:58:17+00:00
downtown/1368924344414415_0,reject,2026-09-19T17:58:17+00:00
hollywood/253840916525390_0,reject,2026-09-19T17:58:42+00:00
koreatown/293439915556180_0,reject,2026-09-19T17:58:42+00:00
downtown/1321431661606461_1,reject,2026-09-19T17:58:42+00:00
hollywood/4191268280966327_0,reject,2026-09-19T17:58:42+00:00
downtown/754624475237408_0,reject,2026-09-19T17:58:42+00:00
hollywood/724308923428303_0,reject,2026-09-19T17:58:42+00:00
downtown/307471040965815_0,reject,2026-09-19T17:58:42+00:00
downtown/1541772096166344_0,reject,2026-09-19T17:58:42+00:00
venice_mar_vista/815751745992130_0,reject,2026-09-19T17:58:42+00:00
westwood/897085194560332_0,reject,2026-09-19T17:58:42+00:00
downtown/3040982612791926_0,reject,2026-09-19T17:58:42+00:00
hollywood/4088029857959293_0,reject,2026-09-19T17:58:42+00:00
venice_mar_vista/473586920560545_0,reject,2026-09-19T17:58:42+00:00
hollywood/220052299545261_0,reject,2026-09-19T17:58:42+00:00
venice_mar_vista/3035169776754704_0,reject,2026-09-19T17:58:42+00:00
hollywood/563112757990557_0,reject,2026-09-19T17:58:42+00:00
downtown/817645562178321_0,reject,2026-09-19T17:58:42+00:00
hollywood/273791134485193_0,reject,2026-09-19T17:58:42+00:00
hollywood/490822379028886_0,reject,2026-09-19T17:58:42+00:00
downtown/165036085541082_0,reject,2026-09-19T17:58:42+00:00
venice_mar_vista/1460612354274451_0,reject,2026-09-19T17:58:42+00:00
downtown/770336933685472_0,reject,2026-09-19T17:58:42+00:00
hollywood/305227077648177_0,reject,2026-09-19T17:58:42+00:00
venice_mar_vista/295538565551673_0,reject,2026-09-19T17:58:42+00:00
downtown/460332198596642_1,reject,2026-09-19T17:58:42+00:00
hollywood/1433851516961457_0,reject,2026-09-19T17:58:42+00:00
hollywood/790230295214301_0,reject,2026-09-19T17:58:42+00:00
downtown/3979989885424392_0,reject,2026-09-19T17:58:42+00:00
venice_mar_vista/6117636561595470_0,reject,2026-09-19T17:58:42+00:00
hollywood/1624556577934483_0,reject,2026-09-19T17:58:42+00:00
westwood/533079834630491_0,reject,2026-09-19T17:58:42+00:00
venice_mar_vista/1164757737298609_0,reject,2026-09-19T17:58:42+00:00
hollywood/299833541515591_0,reject,2026-09-19T17:58:42+00:00
downtown/120736713367922_0,reject,2026-09-19T17:58:42+00:00
venice_mar_vista/875081690111762_0,reject,2026-09-19T17:58:42+00:00
venice_mar_vista/745202582827616_0,reject,2026-09-19T17:58:42+00:00
downtown/1702975166564975_0,reject,2026-09-19T17:58:42+00:00
venice_mar_vista/5403296246410083_0,reject,2026-09-19T17:58:42+00:00
westwood/526354761908970_0,reject,2026-09-19T17:58:42+00:00
hollywood/312240080314012_0,reject,2026-09-19T17:58:42+00:00
downtown/968939063854717_0,reject,2026-09-19T18:01:30+00:00
hollywood/902164230328737_0,reject,2026-09-19T18:01:30+00:00
downtown/4136658703022396_0,reject,2026-09-19T18:01:30+00:00
hollywood/1195019054283778_0,reject,2026-09-19T18:01:30+00:00
hollywood/768943737112344_0,reject,2026-09-19T18:01:30+00:00
downtown/202698924792048_1,reject,2026-09-19T18:01:30+00:00
downtown/314316150213777_0,reject,2026-09-19T18:01:30+00:00
hollywood/841799880041864_0,reject,2026-09-19T18:01:30+00:00
downtown/322198946010499_1,reject,2026-09-19T18:01:30+00:00
downtown/459990738639597_0,reject,2026-09-19T18:01:30+00:00
downtown/262072012282498_0,reject,2026-09-19T18:01:30+00:00
koreatown/464194177990495_0,reject,2026-09-19T18:01:30+00:00
venice_mar_vista/1206161959833599_0,reject,2026-09-19T18:01:30+00:00
koreatown/4307857002592599_0,reject,2026-09-19T18:01:30+00:00
hollywood/146747240736502_0,reject,2026-09-19T18:01:30+00:00
downtown/450050762723133_0,reject,2026-09-19T18:01:30+00:00
downtown/173683087868821_0,reject,2026-09-19T18:01:30+00:00
venice_mar_vista/1469015956825025_0,reject,2026-09-19T18:01:30+00:00
downtown/941451233282178_0,reject,2026-09-19T18:01:30+00:00
koreatown/817540112189153_0,reject,2026-09-19T18:01:30+00:00
venice_mar_vista/842457653147014_0,reject,2026-09-19T18:01:30+00:00
hollywood/1729216433917463_0,reject,2026-09-19T18:01:30+00:00
koreatown/419527932641829_0,reject,2026-09-19T18:01:30+00:00
hollywood/920715342056916_0,reject,2026-09-19T18:01:30+00:00
koreatown/3571636143061021_0,reject,2026-09-19T18:01:30+00:00
downtown/135902105408917_0,reject,2026-09-19T18:01:30+00:00
venice_mar_vista/922367151678920_0,reject,2026-09-19T18:01:30+00:00
hollywood/1436529760040959_0,reject,2026-09-19T18:01:30+00:00
venice_mar_vista/279265100576088_0,reject,2026-09-19T18:01:30+00:00
venice_mar_vista/778114552865530_0,reject,2026-09-19T18:01:30+00:00
hollywood/1812670142235094_0,reject,2026-09-19T18:01:30+00:00
venice_mar_vista/1819977288167292_0,reject,2026-09-19T18:01:30+00:00
koreatown/6090829964276262_0,reject,2026-09-19T18:01:30+00:00
hollywood/882768619287177_1,reject,2026-09-19T18:01:30+00:00
downtown/267466338280254_0,reject,2026-09-19T18:01:30+00:00
downtown/1174450019659670_0,reject,2026-09-19T18:01:30+00:00
venice_mar_vista/915513419017710_0,reject,2026-09-19T18:01:30+00:00
hollywood/286792493042084_0,reject,2026-09-19T18:01:30+00:00
downtown/309401410711080_0,reject,2026-09-19T18:01:30+00:00
hollywood/513892379748247_0,reject,2026-09-19T18:01:30+00:00
venice_mar_vista/212622567332570_0,reject,2026-09-19T18:02:26+00:00
venice_mar_vista/758601211686822_0,reject,2026-09-19T18:02:26+00:00
downtown/397653001945453_0,reject,2026-09-19T18:02:26+00:00
downtown/1093329918156381_0,reject,2026-09-19T18:02:26+00:00
koreatown/427999388506068_0,reject,2026-09-19T18:02:26+00:00
koreatown/375448277120377_0,reject,2026-09-19T18:02:26+00:00
koreatown/219466769627236_0,reject,2026-09-19T18:02:26+00:00
hollywood/766465550690248_0,reject,2026-09-19T18:02:26+00:00
hollywood/2910930945892101_0,reject,2026-09-19T18:02:26+00:00
venice_mar_vista/2563667250605800_0,reject,2026-09-19T18:02:26+00:00
downtown/467870721147347_0,reject,2026-09-19T18:02:26+00:00
hollywood/195062692459020_0,accept,2026-09-19T18:02:26+00:00
venice_mar_vista/1368044311418443_0,reject,2026-09-19T18:02:26+00:00
hollywood/1100878960410823_0,reject,2026-09-19T18:02:26+00:00
hollywood/293147212353971_0,reject,2026-09-19T18:02:26+00:00
venice_mar_vista/2534084780393668_0,reject,2026-09-19T18:02:26+00:00
venice_mar_vista/190289242916424_0,reject,2026-09-19T18:02:26+00:00
koreatown/411175521628713_0,reject,2026-09-19T18:02:26+00:00
venice_mar_vista/460587748527714_0,reject,2026-09-19T18:02:26+00:00
hollywood/488608965681373_1,reject,2026-09-19T18:02:26+00:00
hollywood/501916161150940_0,reject,2026-09-19T18:02:26+00:00
venice_mar_vista/1089998750023097_0,reject,2026-09-19T18:02:26+00:00
koreatown/3693299964240751_0,reject,2026-09-19T18:02:26+00:00
venice_mar_vista/1700177031276416_0,reject,2026-09-19T18:02:26+00:00
hollywood/466144061265682_0,reject,2026-09-19T18:02:26+00:00
downtown/462309991728121_0,reject,2026-09-19T18:02:26+00:00
venice_mar_vista/383873666086475_0,reject,2026-09-19T18:02:26+00:00
hollywood/644843433580452_1,reject,2026-09-19T18:02:26+00:00
downtown/316924083287009_0,reject,2026-09-19T18:02:26+00:00
downtown/1357163914682684_0,reject,2026-09-19T18:02:26+00:00
koreatown/466410775943830_0,reject,2026-09-19T18:02:26+00:00
hollywood/173213801545461_0,reject,2026-09-19T18:02:26+00:00
westwood/1961807937327394_0,reject,2026-09-19T18:02:26+00:00
koreatown/1157396465439604_0,reject,2026-09-19T18:02:26+00:00
hollywood/171393824891282_0,reject,2026-09-19T18:02:26+00:00
hollywood/796728624382358_0,reject,2026-09-19T18:02:26+00:00
hollywood/4598621980154295_0,reject,2026-09-19T18:02:26+00:00
venice_mar_vista/782422666045696_0,accept,2026-09-19T18:02:26+00:00
downtown/3830210417088181_1,reject,2026-09-19T18:02:26+00:00
venice_mar_vista/357009072436410_0,reject,2026-09-19T18:02:26+00:00
venice_mar_vista/578490776472301_0,reject,2026-09-19T18:03:43+00:00
downtown/487950375893013_1,reject,2026-09-19T18:03:43+00:00
hollywood/181586997123689_1,accept,2026-09-19T18:03:43+00:00
westwood/214961796867838_0,reject,2026-09-19T18:03:43+00:00
koreatown/302862497965595_0,reject,2026-09-19T18:03:43+00:00
venice_mar_vista/1217471962016115_0,accept,2026-09-19T18:03:43+00:00
koreatown/196963355437566_0,reject,2026-09-19T18:03:43+00:00
downtown/189295839703874_1,reject,2026-09-19T18:03:43+00:00
koreatown/1434734713913651_0,reject,2026-09-19T18:03:43+00:00
venice_mar_vista/1027636887767249_0,reject,2026-09-19T18:03:43+00:00
hollywood/168669651837741_0,accept,2026-09-19T18:03:43+00:00
koreatown/183850670261060_1,reject,2026-09-19T18:03:43+00:00
venice_mar_vista/318750306306157_0,reject,2026-09-19T18:03:43+00:00
venice_mar_vista/159100719409016_0,reject,2026-09-19T18:03:43+00:00
koreatown/492959478690089_0,reject,2026-09-19T18:03:43+00:00
hollywood/2561623510805077_0,accept,2026-09-19T18:03:43+00:00
downtown/516468489519566_0,reject,2026-09-19T18:03:43+00:00
koreatown/300766421682801_0,reject,2026-09-19T18:03:43+00:00
koreatown/886416535424089_0,reject,2026-09-19T18:03:43+00:00
hollywood/205158914911079_1,reject,2026-09-19T18:03:43+00:00
hollywood/705416121970282_0,reject,2026-09-19T18:03:43+00:00
hollywood/458764605214797_1,reject,2026-09-19T18:03:43+00:00
downtown/1388052531595340_2,reject,2026-09-19T18:03:43+00:00
hollywood/209436307373657_0,accept,2026-09-19T18:03:43+00:00
venice_mar_vista/188968409765763_0,reject,2026-09-19T18:03:43+00:00
downtown/1167968463666572_2,reject,2026-09-19T18:03:43+00:00
hollywood/444531109910411_0,accept,2026-09-19T18:03:43+00:00
venice_mar_vista/934204124037541_0,reject,2026-09-19T18:03:43+00:00
venice_mar_vista/1582292036096741_0,reject,2026-09-19T18:03:43+00:00
hollywood/144215184341678_0,reject,2026-09-19T18:03:43+00:00
koreatown/512484886597266_0,accept,2026-09-19T18:03:43+00:00
koreatown/928723241298912_0,reject,2026-09-19T18:03:43+00:00
downtown/493536338440408_0,reject,2026-09-19T18:03:43+00:00
hollywood/554613945671780_0,accept,2026-09-19T18:03:43+00:00
venice_mar_vista/302964844719125_0,reject,2026-09-19T18:03:43+00:00
westwood/497318145029474_0,reject,2026-09-19T18:03:43+00:00
downtown/1181762412243832_1,reject,2026-09-19T18:03:43+00:00
hollywood/534339231069078_0,accept,2026-09-19T18:03:43+00:00
hollywood/453585579045580_0,reject,2026-09-19T18:03:43+00:00
koreatown/2916982135246870_0,reject,2026-09-19T18:03:43+00:00
venice_mar_vista/2995843177354723_0,reject,2026-09-19T18:04:41+00:00
venice_mar_vista/147609067264452_0,reject,2026-09-19T18:04:41+00:00
downtown/770139240361272_1,reject,2026-09-19T18:04:41+00:00
hollywood/1990481127795827_0,reject,2026-09-19T18:04:41+00:00
koreatown/325160192295666_0,reject,2026-09-19T18:04:41+00:00
hollywood/519576065740484_0,reject,2026-09-19T18:04:41+00:00
hollywood/988339818595950_0,reject,2026-09-19T18:04:41+00:00
venice_mar_vista/791787234792600_0,reject,2026-09-19T18:04:41+00:00
downtown/166392772053194_0,reject,2026-09-19T18:04:41+00:00
downtown/1555545638110973_0,reject,2026-09-19T18:04:41+00:00
downtown/534229094269281_0,reject,2026-09-19T18:04:41+00:00
downtown/2762536843995541_0,reject,2026-09-19T18:04:41+00:00
venice_mar_vista/740136283347450_0,reject,2026-09-19T18:04:41+00:00
westwood/183735356853876_0,reject,2026-09-19T18:04:41+00:00
koreatown/3772567646300719_0,reject,2026-09-19T18:04:41+00:00
venice_mar_vista/1469015956825025_2,reject,2026-09-19T18:04:41+00:00
hollywood/652001049033380_1,accept,2026-09-19T18:04:41+00:00
koreatown/479518016628022_0,reject,2026-09-19T18:04:41+00:00
venice_mar_vista/508734840307622_0,reject,2026-09-19T18:04:41+00:00
downtown/210987497190965_0,reject,2026-09-19T18:04:41+00:00
venice_mar_vista/489654415615769_0,reject,2026-09-19T18:04:41+00:00
downtown/229533212301247_0,reject,2026-09-19T18:04:41+00:00
koreatown/1168429083619830_0,reject,2026-09-19T18:04:41+00:00
venice_mar_vista/895538177952719_0,reject,2026-09-19T18:04:41+00:00
venice_mar_vista/1206161959833599_1,accept,2026-09-19T18:04:41+00:00
koreatown/849273045659609_0,reject,2026-09-19T18:04:41+00:00
hollywood/322990675837092_0,reject,2026-09-19T18:04:41+00:00
koreatown/1423090891370502_0,reject,2026-09-19T18:04:41+00:00
venice_mar_vista/131475202269463_1,accept,2026-09-19T18:04:41+00:00
venice_mar_vista/1675994969268737_0,accept,2026-09-19T18:04:41+00:00
venice_mar_vista/754518515209646_0,reject,2026-09-19T18:04:41+00:00
hollywood/239367238191066_0,reject,2026-09-19T18:04:41+00:00
hollywood/213187124154201_0,reject,2026-09-19T18:04:41+00:00
hollywood/1127872734382643_0,reject,2026-09-19T18:04:41+00:00
venice_mar_vista/494964384885268_0,reject,2026-09-19T18:04:41+00:00
venice_mar_vista/218638989599581_0,reject,2026-09-19T18:04:41+00:00
hollywood/493945512055347_0,reject,2026-09-19T18:04:41+00:00
venice_mar_vista/1202192573547585_0,reject,2026-09-19T18:04:41+00:00
venice_mar_vista/900413753854328_0,reject,2026-09-19T18:04:41+00:00
downtown/739826950046269_0,reject,2026-09-19T18:04:41+00:00
koreatown/1696265447247115_0,accept,2026-09-19T18:06:54+00:00
hollywood/160964269475511_0,reject,2026-09-19T18:06:54+00:00
hollywood/510243897013277_0,accept,2026-09-19T18:06:54+00:00
koreatown/1365862697121034_0,reject,2026-09-19T18:06:54+00:00
venice_mar_vista/782422666045696_1,accept,2026-09-19T18:06:54+00:00
downtown/993667541170109_0,accept,2026-09-19T18:06:54+00:00
venice_mar_vista/314069403661225_0,reject,2026-09-19T18:06:54+00:00
westwood/1135604503629962_0,accept,2026-09-19T18:06:54+00:00
hollywood/754779498533619_0,reject,2026-09-19T18:06:54+00:00
venice_mar_vista/154105559908715_0,reject,2026-09-19T18:06:54+00:00
westwood/473448363928481_0,reject,2026-09-19T18:06:54+00:00
venice_mar_vista/467963194423469_0,reject,2026-09-19T18:06:54+00:00
hollywood/299424321623018_0,reject,2026-09-19T18:06:54+00:00
venice_mar_vista/303524387947184_0,reject,2026-09-19T18:06:54+00:00
downtown/187830276533080_0,reject,2026-09-19T18:06:54+00:00
koreatown/2147239562299467_1,reject,2026-09-19T18:06:54+00:00
downtown/729045841096604_0,reject,2026-09-19T18:06:54+00:00
venice_mar_vista/481860616565657_0,reject,2026-09-19T18:06:54+00:00
downtown/3936405046438646_1,reject,2026-09-19T18:06:54+00:00
hollywood/455230365539815_0,accept,2026-09-19T18:06:54+00:00
hollywood/262857545573450_0,reject,2026-09-19T18:06:54+00:00
hollywood/314336560048783_0,reject,2026-09-19T18:06:54+00:00
venice_mar_vista/798120497482143_0,reject,2026-09-19T18:06:54+00:00
hollywood/393362222230410_0,reject,2026-09-19T18:06:54+00:00
koreatown/321983002880663_0,reject,2026-09-19T18:06:54+00:00
koreatown/1126514618388037_0,reject,2026-09-19T18:06:54+00:00
venice_mar_vista/310640707186139_0,reject,2026-09-19T18:06:54+00:00
venice_mar_vista/2962816024042893_1,reject,2026-09-19T18:06:54+00:00
hollywood/927510504774237_0,reject,2026-09-19T18:06:54+00:00
koreatown/158470796214951_0,reject,2026-09-19T18:06:54+00:00
hollywood/900817817427630_0,reject,2026-09-19T18:06:54+00:00
hollywood/141870277908252_0,reject,2026-09-19T18:06:54+00:00
venice_mar_vista/929069437868764_0,reject,2026-09-19T18:06:54+00:00
koreatown/2717810351842227_0,accept,2026-09-19T18:06:54+00:00
venice_mar_vista/446326039797408_0,reject,2026-09-19T18:06:54+00:00
venice_mar_vista/1011595262580699_0,reject,2026-09-19T18:06:54+00:00
venice_mar_vista/477211620182044_0,reject,2026-09-19T18:06:54+00:00
downtown/383650906330042_0,reject,2026-09-19T18:06:54+00:00
hollywood/836486340583112_1,reject,2026-09-19T18:06:54+00:00
hollywood/2949986085324059_0,reject,2026-09-19T18:06:54+00:00
venice_mar_vista/298490085263955_0,reject,2026-09-19T18:07:18+00:00
downtown/474363173676392_0,reject,2026-09-19T18:07:18+00:00
downtown/269785958228704_0,reject,2026-09-19T18:07:18+00:00
hollywood/1219862849640407_0,reject,2026-09-19T18:07:18+00:00
koreatown/277822007399222_0,reject,2026-09-19T18:07:18+00:00
hollywood/200126065113299_0,reject,2026-09-19T18:07:18+00:00
hollywood/769936647249059_1,reject,2026-09-19T18:07:18+00:00
venice_mar_vista/958833351525571_0,reject,2026-09-19T18:07:18+00:00
koreatown/1166712590903800_0,reject,2026-09-19T18:07:18+00:00
koreatown/576091143352622_0,reject,2026-09-19T18:07:18+00:00
venice_mar_vista/817022855890503_0,accept,2026-09-19T18:07:18+00:00
koreatown/293978965545006_0,reject,2026-09-19T18:07:18+00:00
venice_mar_vista/1550335881998193_0,reject,2026-09-19T18:07:18+00:00
venice_mar_vista/222902029238446_0,reject,2026-09-19T18:07:18+00:00
westwood/479340979966955_0,reject,2026-09-19T18:07:18+00:00
downtown/3962660123826053_0,reject,2026-09-19T18:07:18+00:00
downtown/327119645477057_0,reject,2026-09-19T18:07:18+00:00
downtown/303140301467734_0,reject,2026-09-19T18:07:18+00:00
hollywood/992592989613195_0,reject,2026-09-19T18:07:18+00:00
venice_mar_vista/2906085112967957_1,reject,2026-09-19T18:07:18+00:00
downtown/405840734125517_0,reject,2026-09-19T18:07:18+00:00
hollywood/1036149050251120_0,reject,2026-09-19T18:07:18+00:00
hollywood/146747240736502_1,reject,2026-09-19T18:07:18+00:00
venice_mar_vista/117179757058375_0,reject,2026-09-19T18:07:18+00:00
downtown/1036336734672931_0,reject,2026-09-19T18:07:18+00:00
westwood/2790051927974177_0,reject,2026-09-19T18:07:18+00:00
downtown/109877807849829_0,reject,2026-09-19T18:07:18+00:00
venice_mar_vista/228134102447568_0,reject,2026-09-19T18:07:18+00:00
venice_mar_vista/324884045722210_0,reject,2026-09-19T18:07:18+00:00
downtown/147390487357097_0,reject,2026-09-19T18:07:18+00:00
hollywood/156310566384702_0,reject,2026-09-19T18:07:18+00:00
hollywood/828518151105426_0,reject,2026-09-19T18:07:18+00:00
downtown/185818636721073_0,reject,2026-09-19T18:07:18+00:00
hollywood/481475313062267_0,reject,2026-09-19T18:07:18+00:00
westwood/311403770653419_0,reject,2026-09-19T18:07:18+00:00
venice_mar_vista/323475365783213_0,accept,2026-09-19T18:07:18+00:00
downtown/837494263512282_0,reject,2026-09-19T18:07:18+00:00
hollywood/316754763162726_0,reject,2026-09-19T18:07:18+00:00
koreatown/1897010343788329_1,reject,2026-09-19T18:07:18+00:00
venice_mar_vista/2948110392136675_0,reject,2026-09-19T18:07:18+00:00
venice_mar_vista/2964705727146343_0,reject,2026-09-19T18:07:51+00:00
hollywood/4042592012466465_0,reject,2026-09-19T18:07:51+00:00
hollywood/694460490046200_0,reject,2026-09-19T18:07:51+00:00
westwood/309009251012806_0,reject,2026-09-19T18:07:51+00:00
downtown/303340978178024_0,reject,2026-09-19T18:07:51+00:00
hollywood/286322739806459_0,reject,2026-09-19T18:07:51+00:00
hollywood/326673678873714_0,reject,2026-09-19T18:07:51+00:00
venice_mar_vista/2860976597450188_0,reject,2026-09-19T18:07:51+00:00
venice_mar_vista/1794061700767495_0,reject,2026-09-19T18:07:51+00:00
venice_mar_vista/490839008734449_0,reject,2026-09-19T18:07:51+00:00
venice_mar_vista/446326039797408_1,reject,2026-09-19T18:07:51+00:00
venice_mar_vista/1007755980052916_2,reject,2026-09-19T18:07:51+00:00
venice_mar_vista/276230177572629_0,reject,2026-09-19T18:07:51+00:00
venice_mar_vista/193275025957463_0,reject,2026-09-19T18:07:51+00:00
hollywood/3968167986597235_0,reject,2026-09-19T18:07:51+00:00
koreatown/472150580756045_0,accept,2026-09-19T18:07:51+00:00
koreatown/293718442227757_0,reject,2026-09-19T18:07:51+00:00
westwood/586411152356121_0,accept,2026-09-19T18:07:51+00:00
downtown/514559319679159_0,reject,2026-09-19T18:07:51+00:00
venice_mar_vista/316692729826298_0,reject,2026-09-19T18:07:51+00:00
hollywood/643836283134224_0,accept,2026-09-19T18:07:51+00:00
hollywood/221027619846008_0,reject,2026-09-19T18:07:51+00:00
hollywood/223327116270329_0,reject,2026-09-19T18:07:51+00:00
hollywood/499912367716317_0,accept,2026-09-19T18:07:51+00:00
downtown/356626769127815_0,reject,2026-09-19T18:07:51+00:00
westwood/512290476613747_0,reject,2026-09-19T18:07:51+00:00
hollywood/458620038733378_0,reject,2026-09-19T18:07:51+00:00
downtown/121080253335009_0,reject,2026-09-19T18:07:51+00:00
hollywood/1043769644381211_0,reject,2026-09-19T18:07:51+00:00
downtown/567669710870674_0,reject,2026-09-19T18:07:51+00:00
hollywood/180341950624527_0,reject,2026-09-19T18:07:51+00:00
venice_mar_vista/510787099940931_0,reject,2026-09-19T18:07:51+00:00
downtown/1162801337495514_1,reject,2026-09-19T18:07:51+00:00
downtown/802614073728713_0,reject,2026-09-19T18:07:51+00:00
venice_mar_vista/531291478034699_0,accept,2026-09-19T18:07:51+00:00
westwood/324129332833937_0,reject,2026-09-19T18:07:51+00:00
hollywood/4022176878044994_0,reject,2026-09-19T18:07:51+00:00
westwood/557735911935174_0,reject,2026-09-19T18:07:51+00:00
downtown/804179653806443_1,reject,2026-09-19T18:07:51+00:00
hollywood/2879969925559189_0,reject,2026-09-19T18:07:51+00:00
hollywood/275496367614096_0,reject,2026-09-19T18:08:18+00:00
venice_mar_vista/298100035109218_0,accept,2026-09-19T18:08:18+00:00
westwood/345274990271213_0,reject,2026-09-19T18:08:18+00:00
hollywood/221006516095185_0,accept,2026-09-19T18:08:18+00:00
koreatown/2230385363762284_0,accept,2026-09-19T18:08:18+00:00
venice_mar_vista/365225838226449_0,reject,2026-09-19T18:08:18+00:00
downtown/743630006306453_0,reject,2026-09-19T18:08:18+00:00
hollywood/724308923428303_1,reject,2026-09-19T18:08:18+00:00
venice_mar_vista/2569916303303654_0,reject,2026-09-19T18:08:18+00:00
downtown/3699811990122889_0,reject,2026-09-19T18:08:18+00:00
venice_mar_vista/257837939518531_0,reject,2026-09-19T18:08:18+00:00
downtown/374545407200348_1,reject,2026-09-19T18:08:18+00:00
downtown/806160886970957_0,reject,2026-09-19T18:08:18+00:00
hollywood/2933876033607367_0,accept,2026-09-19T18:08:18+00:00
hollywood/1775522856731799_0,reject,2026-09-19T18:08:18+00:00
hollywood/137172731675943_0,reject,2026-09-19T18:08:18+00:00
koreatown/1124894275602287_0,reject,2026-09-19T18:08:18+00:00
koreatown/176679844242311_0,reject,2026-09-19T18:08:18+00:00
venice_mar_vista/307377420796466_0,reject,2026-09-19T18:08:18+00:00
hollywood/291223115835988_0,accept,2026-09-19T18:08:18+00:00
hollywood/106048194879163_0,reject,2026-09-19T18:08:18+00:00
hollywood/1687072264816485_0,reject,2026-09-19T18:08:18+00:00
hollywood/299651648491524_0,reject,2026-09-19T18:08:18+00:00
venice_mar_vista/785878878729168_0,reject,2026-09-19T18:08:18+00:00
westwood/837740260466532_0,reject,2026-09-19T18:08:18+00:00
hollywood/459720485111789_0,reject,2026-09-19T18:08:18+00:00
koreatown/1121967321641737_0,reject,2026-09-19T18:08:18+00:00
westwood/1064274560775609_1,reject,2026-09-19T18:08:18+00:00
koreatown/4008577949219936_0,reject,2026-09-19T18:08:18+00:00
venice_mar_vista/843792556208675_0,reject,2026-09-19T18:08:18+00:00
hollywood/449638786134458_0,accept,2026-09-19T18:08:18+00:00
koreatown/325457832430605_0,reject,2026-09-19T18:08:18+00:00
venice_mar_vista/295538565551673_1,reject,2026-09-19T18:08:18+00:00
venice_mar_vista/2902608953315994_0,reject,2026-09-19T18:08:18+00:00
venice_mar_vista/2959390560873167_0,reject,2026-09-19T18:08:18+00:00
downtown/1070707986755204_0,reject,2026-09-19T18:08:18+00:00
downtown/324745695668403_0,reject,2026-09-19T18:08:18+00:00
downtown/1769577066547128_0,reject,2026-09-19T18:08:18+00:00
downtown/756603305049323_0,reject,2026-09-19T18:08:18+00:00
hollywood/491899748525382_0,reject,2026-09-19T18:08:18+00:00
venice_mar_vista/205696814450323_0,accept,2026-09-19T18:08:44+00:00
westwood/2986374618355364_0,reject,2026-09-19T18:08:44+00:00
downtown/3948573018570426_0,reject,2026-09-19T18:08:44+00:00
hollywood/302931438083603_0,reject,2026-09-19T18:08:44+00:00
hollywood/735995425533544_0,reject,2026-09-19T18:08:44+00:00
koreatown/887591471805830_0,reject,2026-09-19T18:08:44+00:00
venice_mar_vista/1416797245326362_1,reject,2026-09-19T18:08:44+00:00
venice_mar_vista/245753623680624_0,reject,2026-09-19T18:08:44+00:00
hollywood/815079866091593_0,reject,2026-09-19T18:08:44+00:00
hollywood/889905134907589_0,reject,2026-09-19T18:08:44+00:00
hollywood/907184714867665_0,reject,2026-09-19T18:08:44+00:00
hollywood/1263926305263159_3,reject,2026-09-19T18:08:44+00:00
koreatown/176580397597648_0,reject,2026-09-19T18:08:44+00:00
venice_mar_vista/308118550917597_0,reject,2026-09-19T18:08:44+00:00
venice_mar_vista/128993929224511_0,reject,2026-09-19T18:08:44+00:00
westwood/510691196734786_0,reject,2026-09-19T18:08:44+00:00
westwood/157904416213172_0,reject,2026-09-19T18:08:44+00:00
venice_mar_vista/1450834868631301_0,reject,2026-09-19T18:08:44+00:00
downtown/4289255404469922_0,reject,2026-09-19T18:08:44+00:00
hollywood/512525776448687_0,reject,2026-09-19T18:08:44+00:00
hollywood/998932920847206_0,reject,2026-09-19T18:08:44+00:00
hollywood/1406793576366320_0,reject,2026-09-19T18:08:44+00:00
venice_mar_vista/153980463341840_1,reject,2026-09-19T18:08:44+00:00
venice_mar_vista/3893888477368373_0,reject,2026-09-19T18:08:44+00:00
downtown/993826447819696_0,reject,2026-09-19T18:08:44+00:00
hollywood/696383313115756_0,reject,2026-09-19T18:08:44+00:00
venice_mar_vista/141952547958421_0,reject,2026-09-19T18:08:44+00:00
downtown/1403949659973180_0,reject,2026-09-19T18:08:44+00:00
downtown/492049738807465_0,reject,2026-09-19T18:08:44+00:00
venice_mar_vista/822686078338647_0,reject,2026-09-19T18:08:44+00:00
venice_mar_vista/505256067499930_0,reject,2026-09-19T18:08:44+00:00
westwood/563929811405991_0,reject,2026-09-19T18:08:44+00:00
downtown/559000161745541_0,reject,2026-09-19T18:08:44+00:00
downtown/2687427798216704_0,reject,2026-09-19T18:08:44+00:00
downtown/138342984905267_0,reject,2026-09-19T18:08:44+00:00
downtown/1168912663593429_0,reject,2026-09-19T18:08:44+00:00
hollywood/549582962677188_0,reject,2026-09-19T18:08:44+00:00
hollywood/998932920847206_1,reject,2026-09-19T18:08:44+00:00
downtown/279187237217776_0,reject,2026-09-19T18:08:44+00:00
hollywood/310817533730000_0,accept,2026-09-19T18:08:44+00:00
koreatown/990463591776814_0,reject,2026-09-19T18:08:49+00:00
downtown/171212768283770_0,reject,2026-09-19T18:08:49+00:00
hollywood/373705223992808_0,reject,2026-09-19T18:08:49+00:00
hollywood/975031569972876_0,reject,2026-09-19T18:08:49+00:00
venice_mar_vista/512092906487663_0,reject,2026-09-19T18:08:49+00:00
downtown/520640232275509_0,reject,2026-09-19T18:08:49+00:00
downtown/546973002959323_0,reject,2026-09-19T18:08:49+00:00
venice_mar_vista/135144331960830_0,reject,2026-09-19T18:08:49+00:00
venice_mar_vista/463071214989096_0,reject,2026-09-19T18:08:49+00:00
westwood/322720866265316_0,reject,2026-09-19T18:08:49+00:00
westwood/786927965288186_0,reject,2026-09-19T18:08:49+00:00
hollywood/322996785893218_0,reject,2026-09-19T18:08:49+00:00
hollywood/748100712552285_1,reject,2026-09-19T18:08:49+00:00
koreatown/1231622343940810_1,reject,2026-09-19T18:08:49+00:00
koreatown/146002380896496_1,reject,2026-09-19T18:08:49+00:00
venice_mar_vista/308264097518638_0,reject,2026-09-19T18:08:49+00:00
venice_mar_vista/801793953876087_0,reject,2026-09-19T18:08:49+00:00
venice_mar_vista/768695240685431_0,reject,2026-09-19T18:08:49+00:00
westwood/3851626611617531_0,reject,2026-09-19T18:08:49+00:00
downtown/1340681519648475_0,reject,2026-09-19T18:08:49+00:00
hollywood/1889433404546937_0,reject,2026-09-19T18:08:49+00:00
venice_mar_vista/4263599213661301_0,reject,2026-09-19T18:08:49+00:00
venice_mar_vista/395504941756801_0,reject,2026-09-19T18:08:49+00:00
westwood/134699745383426_0,reject,2026-09-19T18:08:49+00:00
downtown/505853043932411_0,reject,2026-09-19T18:08:49+00:00
downtown/285140989728177_0,reject,2026-09-19T18:08:49+00:00
hollywood/2492597817550837_0,reject,2026-09-19T18:08:49+00:00
hollywood/831583224450312_0,reject,2026-09-19T18:08:49+00:00
hollywood/379659839964086_0,reject,2026-09-19T18:08:49+00:00
venice_mar_vista/799225907375226_0,reject,2026-09-19T18:08:49+00:00
downtown/611854236406500_0,reject,2026-09-19T18:08:49+00:00
downtown/242732990942660_1,reject,2026-09-19T18:08:49+00:00
downtown/527798441544161_0,reject,2026-09-19T18:08:49+00:00
hollywood/784559308860287_0,reject,2026-09-19T18:08:49+00:00
westwood/2922107584711833_0,reject,2026-09-19T18:08:49+00:00
westwood/1076411686101417_0,reject,2026-09-19T18:08:49+00:00
venice_mar_vista/943149823113474_0,reject,2026-09-19T18:08:49+00:00
venice_mar_vista/895346767990226_0,reject,2026-09-19T18:08:49+00:00
downtown/179115950751769_0,reject,2026-09-19T18:08:49+00:00
hollywood/836303650330149_0,reject,2026-09-19T18:08:49+00:00
hollywood/1110251777811314_1,reject,2026-09-19T18:08:54+00:00
venice_mar_vista/524580842041354_0,reject,2026-09-19T18:08:54+00:00
westwood/506758890755509_0,reject,2026-09-19T18:08:54+00:00
downtown/153001906758521_0,reject,2026-09-19T18:08:54+00:00
downtown/223476619209090_0,reject,2026-09-19T18:08:54+00:00
hollywood/197389025551509_0,reject,2026-09-19T18:08:54+00:00
downtown/486270466149244_0,reject,2026-09-19T18:08:54+00:00
downtown/148715773928528_0,reject,2026-09-19T18:08:54+00:00
hollywood/564916404484772_1,reject,2026-09-19T18:08:54+00:00
koreatown/4294108827277505_0,reject,2026-09-19T18:08:54+00:00
koreatown/524093885271703_0,reject,2026-09-19T18:08:54+00:00
venice_mar_vista/4191401070979391_1,reject,2026-09-19T18:08:54+00:00
venice_mar_vista/1950178591787013_0,reject,2026-09-19T18:08:54+00:00
venice_mar_vista/794362151499175_1,reject,2026-09-19T18:08:54+00:00
hollywood/296409088649487_0,reject,2026-09-19T18:08:54+00:00
venice_mar_vista/1681912725530961_0,reject,2026-09-19T18:08:54+00:00
hollywood/913544455878873_1,reject,2026-09-19T18:08:54+00:00
venice_mar_vista/533073801233454_1,reject,2026-09-19T18:08:54+00:00
westwood/821199445424529_0,reject,2026-09-19T18:08:54+00:00
downtown/1620771098118461_0,reject,2026-09-19T18:08:54+00:00
downtown/286816203120792_0,reject,2026-09-19T18:08:54+00:00
downtown/189504913039464_0,reject,2026-09-19T18:08:54+00:00
hollywood/161108912503461_0,reject,2026-09-19T18:08:54+00:00
hollywood/1205499069871922_0,reject,2026-09-19T18:08:54+00:00
venice_mar_vista/491616195523651_0,reject,2026-09-19T18:08:54+00:00
venice_mar_vista/262160422314928_0,reject,2026-09-19T18:08:54+00:00
westwood/598312901327045_1,reject,2026-09-19T18:08:54+00:00
downtown/770242436971048_0,reject,2026-09-19T18:08:54+00:00
downtown/4136866729667676_0,reject,2026-09-19T18:08:54+00:00
downtown/517566479652564_0,reject,2026-09-19T18:08:54+00:00
downtown/786302912311380_0,reject,2026-09-19T18:08:54+00:00
hollywood/745247719485896_0,reject,2026-09-19T18:08:54+00:00
hollywood/470751194017166_0,reject,2026-09-19T18:08:54+00:00
hollywood/492658181975556_0,reject,2026-09-19T18:08:54+00:00
hollywood/804620610452734_0,reject,2026-09-19T18:08:54+00:00
hollywood/3844189095676537_0,reject,2026-09-19T18:08:54+00:00
hollywood/1216443835453006_0,reject,2026-09-19T18:08:54+00:00
koreatown/832188344065891_0,reject,2026-09-19T18:08:54+00:00
venice_mar_vista/1931665907010084_0,reject,2026-09-19T18:08:54+00:00
hollywood/491899748525382_2,reject,2026-09-19T18:08:54+00:00
hollywood/473853957156312_0,reject,2026-09-19T18:08:58+00:00
hollywood/462757244992686_1,reject,2026-09-19T18:08:58+00:00
venice_mar_vista/490264265356108_0,reject,2026-09-19T18:08:58+00:00
venice_mar_vista/3789997544388170_0,reject,2026-09-19T18:08:58+00:00
westwood/156352153117388_0,reject,2026-09-19T18:08:58+00:00
downtown/505865807215285_0,reject,2026-09-19T18:08:58+00:00
downtown/1113792322441249_0,reject,2026-09-19T18:08:58+00:00
koreatown/1230011807469609_0,reject,2026-09-19T18:08:58+00:00
venice_mar_vista/198707255227698_0,reject,2026-09-19T18:08:58+00:00
downtown/242732990942660_0,reject,2026-09-19T18:08:58+00:00
downtown/507685943748953_0,reject,2026-09-19T18:08:58+00:00
downtown/1689880681199422_0,reject,2026-09-19T18:08:58+00:00
hollywood/1875397882623279_0,reject,2026-09-19T18:08:58+00:00
hollywood/467996087792659_0,reject,2026-09-19T18:08:58+00:00
hollywood/247058417166921_0,reject,2026-09-19T18:08:58+00:00
venice_mar_vista/1249671568821112_0,reject,2026-09-19T18:08:58+00:00
venice_mar_vista/331046445333241_0,reject,2026-09-19T18:08:58+00:00
westwood/967632330726837_0,reject,2026-09-19T18:08:58+00:00
downtown/148557177241580_0,reject,2026-09-19T18:08:58+00:00
downtown/182893217068008_0,reject,2026-09-19T18:08:58+00:00
hollywood/111514937649665_0,reject,2026-09-19T18:08:58+00:00
hollywood/520791275956569_0,reject,2026-09-19T18:08:58+00:00
hollywood/543233997004351_0,reject,2026-09-19T18:08:58+00:00
hollywood/1626084294244173_0,reject,2026-09-19T18:08:58+00:00
hollywood/750232655644565_0,reject,2026-09-19T18:08:58+00:00
venice_mar_vista/2852529441687847_0,reject,2026-09-19T18:08:58+00:00
downtown/1312050429189324_0,reject,2026-09-19T18:08:58+00:00
downtown/866040073947977_2,reject,2026-09-19T18:08:58+00:00
downtown/2887918424816815_1,reject,2026-09-19T18:08:58+00:00
downtown/317331126624076_0,reject,2026-09-19T18:08:58+00:00
venice_mar_vista/272219211001984_0,reject,2026-09-19T18:08:58+00:00
westwood/371307284602710_0,reject,2026-09-19T18:08:58+00:00
downtown/934301113994565_0,reject,2026-09-19T18:08:58+00:00
downtown/477688403436783_0,reject,2026-09-19T18:08:58+00:00
koreatown/301661524876158_0,reject,2026-09-19T18:08:58+00:00
venice_mar_vista/1698107860376311_0,reject,2026-09-19T18:08:58+00:00
venice_mar_vista/1102628573579664_0,reject,2026-09-19T18:08:58+00:00
downtown/1061454757720109_0,reject,2026-09-19T18:08:58+00:00
downtown/1367901896924761_0,reject,2026-09-19T18:08:58+00:00
downtown/497547418116528_0,reject,2026-09-19T18:08:58+00:00
downtown/1165365573931951_0,reject,2026-09-19T18:09:02+00:00
hollywood/526320698387585_0,reject,2026-09-19T18:09:02+00:00
hollywood/819716035649543_0,reject,2026-09-19T18:09:02+00:00
hollywood/196498732297231_0,reject,2026-09-19T18:09:02+00:00
venice_mar_vista/315522537031798_0,reject,2026-09-19T18:09:02+00:00
westwood/2974793319510182_0,reject,2026-09-19T18:09:02+00:00
hollywood/245760374007006_0,reject,2026-09-19T18:09:02+00:00
hollywood/1075266589663333_1,reject,2026-09-19T18:09:02+00:00
hollywood/181435733837190_0,reject,2026-09-19T18:09:02+00:00
hollywood/173991167850676_1,reject,2026-09-19T18:09:02+00:00
downtown/205739731223707_0,reject,2026-09-19T18:09:02+00:00
downtown/285996139911536_0,reject,2026-09-19T18:09:02+00:00
hollywood/225081948955272_0,reject,2026-09-19T18:09:02+00:00
koreatown/952574435505071_0,reject,2026-09-19T18:09:02+00:00
venice_mar_vista/1677017822508604_0,reject,2026-09-19T18:09:02+00:00
venice_mar_vista/865174537401292_1,reject,2026-09-19T18:09:02+00:00
westwood/2796916110529139_2,reject,2026-09-19T18:09:02+00:00
downtown/497518211443949_0,reject,2026-09-19T18:09:02+00:00
downtown/483458379467155_0,reject,2026-09-19T18:09:02+00:00
hollywood/1603247177019530_1,reject,2026-09-19T18:09:02+00:00
hollywood/303619371430319_0,reject,2026-09-19T18:09:02+00:00
venice_mar_vista/1011595262580699_1,reject,2026-09-19T18:09:02+00:00
venice_mar_vista/559362711715679_0,reject,2026-09-19T18:09:02+00:00
downtown/1378692719181771_0,reject,2026-09-19T18:09:02+00:00
downtown/573217860329735_0,reject,2026-09-19T18:09:02+00:00
downtown/511679216637497_0,reject,2026-09-19T18:09:02+00:00
downtown/298706235046446_0,reject,2026-09-19T18:09:02+00:00
downtown/2911924229032324_0,reject,2026-09-19T18:09:02+00:00
hollywood/3718064218290781_0,reject,2026-09-19T18:09:02+00:00
venice_mar_vista/536943903982098_0,reject,2026-09-19T18:09:02+00:00
venice_mar_vista/521073159266749_0,reject,2026-09-19T18:09:02+00:00
downtown/1155651604848881_0,reject,2026-09-19T18:09:02+00:00
westwood/483176436260959_0,reject,2026-09-19T18:09:02+00:00
downtown/283410940126752_0,reject,2026-09-19T18:09:02+00:00
koreatown/390295112517725_0,reject,2026-09-19T18:09:02+00:00
downtown/366152091500792_0,reject,2026-09-19T18:09:02+00:00
hollywood/1198673550571405_0,reject,2026-09-19T18:09:02+00:00
venice_mar_vista/5538271826246395_0,reject,2026-09-19T18:09:02+00:00
venice_mar_vista/940916636740873_0,reject,2026-09-19T18:09:02+00:00
downtown/821761245093374_0,reject,2026-09-19T18:09:02+00:00
hollywood/273112367880985_0,reject,2026-09-19T18:09:06+00:00
hollywood/949528395864042_0,reject,2026-09-19T18:09:06+00:00
venice_mar_vista/794392841462584_0,reject,2026-09-19T18:09:06+00:00
venice_mar_vista/264958175322523_0,reject,2026-09-19T18:09:06+00:00
downtown/3838173006237777_0,reject,2026-09-19T18:09:06+00:00
downtown/821289525453803_0,reject,2026-09-19T18:09:06+00:00
venice_mar_vista/207376037694138_0,reject,2026-09-19T18:09:06+00:00
venice_mar_vista/938243990297532_0,reject,2026-09-19T18:09:06+00:00
koreatown/303141631368186_0,reject,2026-09-19T18:09:06+00:00
hollywood/195728579047677_0,reject,2026-09-19T18:09:06+00:00
venice_mar_vista/910509389510210_0,reject,2026-09-19T18:09:06+00:00
downtown/3023229491297123_1,reject,2026-09-19T18:09:06+00:00
koreatown/750280045664183_0,reject,2026-09-19T18:09:06+00:00
westwood/483143372936287_1,reject,2026-09-19T18:09:06+00:00
downtown/949974992210503_0,reject,2026-09-19T18:09:06+00:00
downtown/4504659706230763_0,reject,2026-09-19T18:09:06+00:00
hollywood/491899748525382_1,reject,2026-09-19T18:09:06+00:00
downtown/133041842147674_0,reject,2026-09-19T18:09:06+00:00
downtown/1390439654646211_0,reject,2026-09-19T18:09:06+00:00
downtown/1428642240806411_0,reject,2026-09-19T18:09:06+00:00
hollywood/130300059084995_0,reject,2026-09-19T18:09:06+00:00
westwood/230759995049472_0,reject,2026-09-19T18:09:06+00:00
hollywood/152442513486418_0,reject,2026-09-19T18:09:06+00:00
venice_mar_vista/894827957746897_0,reject,2026-09-19T18:09:06+00:00
koreatown/192647929344566_0,reject,2026-09-19T18:09:06+00:00
hollywood/465884327851912_0,reject,2026-09-19T18:09:06+00:00
downtown/158747296197530_0,reject,2026-09-19T18:09:06+00:00
hollywood/1838489469661632_0,reject,2026-09-19T18:09:06+00:00
venice_mar_vista/273718864488777_1,reject,2026-09-19T18:09:06+00:00
hollywood/516904279682236_0,reject,2026-09-19T18:09:06+00:00
westwood/1052628868896716_0,reject,2026-09-19T18:09:06+00:00
downtown/316183779869555_0,reject,2026-09-19T18:09:06+00:00
hollywood/511017356734640_0,reject,2026-09-19T18:09:06+00:00
downtown/279364087031680_0,reject,2026-09-19T18:09:06+00:00
westwood/571230774015680_0,reject,2026-09-19T18:09:06+00:00
hollywood/757476924967222_0,reject,2026-09-19T18:09:06+00:00
koreatown/4035386066550944_0,reject,2026-09-19T18:09:06+00:00
hollywood/386757676117717_0,reject,2026-09-19T18:09:06+00:00
venice_mar_vista/193726975900898_0,reject,2026-09-19T18:09:06+00:00
hollywood/489780232443885_0,reject,2026-09-19T18:09:06+00:00
koreatown/1344459366243807_0,reject,2026-09-19T18:09:19+00:00
venice_mar_vista/267740035033633_0,reject,2026-09-19T18:09:19+00:00
venice_mar_vista/1469015956825025_1,reject,2026-09-19T18:09:19+00:00
hollywood/2859338567716303_0,reject,2026-09-19T18:09:19+00:00
venice_mar_vista/2821192524764881_0,reject,2026-09-19T18:09:19+00:00
hollywood/4134720263286373_0,reject,2026-09-19T18:09:19+00:00
downtown/1178406835970596_0,reject,2026-09-19T18:09:19+00:00
koreatown/913978309386959_0,reject,2026-09-19T18:09:19+00:00
koreatown/1591535464390510_0,reject,2026-09-19T18:09:19+00:00
koreatown/1571092247072573_0,reject,2026-09-19T18:09:19+00:00
koreatown/1093433111943173_0,reject,2026-09-19T18:09:19+00:00
hollywood/362313595234417_0,reject,2026-09-19T18:09:19+00:00
hollywood/3039138476357627_0,reject,2026-09-19T18:09:19+00:00
koreatown/293927392200513_0,reject,2026-09-19T18:09:19+00:00
hollywood/913895872798395_0,reject,2026-09-19T18:09:19+00:00
hollywood/300312598363877_0,reject,2026-09-19T18:09:19+00:00
venice_mar_vista/146302254131600_0,reject,2026-09-19T18:09:19+00:00
koreatown/131603785678876_0,reject,2026-09-19T18:09:19+00:00
hollywood/140894587938616_0,reject,2026-09-19T18:09:19+00:00
hollywood/791350578251616_0,reject,2026-09-19T18:09:19+00:00
hollywood/306148714368076_0,reject,2026-09-19T18:09:19+00:00
downtown/480222786367306_0,reject,2026-09-19T18:09:19+00:00
hollywood/981258046011004_0,reject,2026-09-19T18:09:19+00:00
hollywood/3144101639208156_0,reject,2026-09-19T18:09:19+00:00
hollywood/554888199263639_0,reject,2026-09-19T18:09:19+00:00
downtown/786896305554778_1,reject,2026-09-19T18:09:19+00:00
koreatown/1107416096447373_0,reject,2026-09-19T18:09:19+00:00
downtown/2826962650890368_0,reject,2026-09-19T18:09:19+00:00
hollywood/1930135833809756_0,reject,2026-09-19T18:09:19+00:00
koreatown/497921688220978_0,reject,2026-09-19T18:09:19+00:00
koreatown/1068972477530221_0,reject,2026-09-19T18:09:19+00:00
koreatown/132877705551533_0,reject,2026-09-19T18:09:19+00:00
venice_mar_vista/290150845939692_0,reject,2026-09-19T18:09:19+00:00
downtown/313125156861014_0,reject,2026-09-19T18:09:19+00:00
hollywood/118238740339873_0,reject,2026-09-19T18:09:19+00:00
hollywood/244643684043321_0,accept,2026-09-19T18:09:19+00:00
hollywood/381025163133381_0,reject,2026-09-19T18:09:19+00:00
koreatown/971364230999325_0,reject,2026-09-19T18:09:19+00:00
koreatown/208989574091199_0,reject,2026-09-19T18:09:19+00:00
hollywood/238951031335034_0,reject,2026-09-19T18:09:19+00:00
hollywood/3705497046245260_0,reject,2026-09-19T18:09:38+00:00
venice_mar_vista/1965116367537534_0,reject,2026-09-19T18:09:38+00:00
venice_mar_vista/2821192524764881_1,reject,2026-09-19T18:09:38+00:00
venice_mar_vista/1007755980052916_0,reject,2026-09-19T18:09:38+00:00
koreatown/777782219594075_0,reject,2026-09-19T18:09:38+00:00
downtown/762736207963537_0,reject,2026-09-19T18:09:38+00:00
hollywood/189327346246243_0,reject,2026-09-19T18:09:38+00:00
hollywood/126013429491520_0,reject,2026-09-19T18:09:38+00:00
hollywood/1190036041493661_0,accept,2026-09-19T18:09:38+00:00
hollywood/644843433580452_0,reject,2026-09-19T18:09:38+00:00
downtown/3914257808622398_0,reject,2026-09-19T18:09:38+00:00
downtown/377325516886405_0,reject,2026-09-19T18:09:38+00:00
hollywood/478266806727765_1,reject,2026-09-19T18:09:38+00:00
hollywood/189327346246243_1,reject,2026-09-19T18:09:38+00:00
downtown/923304261577175_0,reject,2026-09-19T18:09:38+00:00
hollywood/223573772469055_0,reject,2026-09-19T18:09:38+00:00
hollywood/310329657199611_0,reject,2026-09-19T18:09:38+00:00
koreatown/320220149468236_0,reject,2026-09-19T18:09:38+00:00
hollywood/981258046011004_1,reject,2026-09-19T18:09:38+00:00
downtown/247298853842104_0,reject,2026-09-19T18:09:38+00:00
westwood/462603205031512_0,reject,2026-09-19T18:09:38+00:00
downtown/4713312555350497_0,reject,2026-09-19T18:09:38+00:00
venice_mar_vista/284114173336197_0,reject,2026-09-19T18:09:38+00:00
downtown/228372715386652_0,accept,2026-09-19T18:09:38+00:00
hollywood/466870911206178_0,reject,2026-09-19T18:09:38+00:00
venice_mar_vista/491680592073831_0,reject,2026-09-19T18:09:38+00:00
hollywood/386757676117717_2,reject,2026-09-19T18:09:38+00:00
downtown/492398148547342_0,reject,2026-09-19T18:09:38+00:00
hollywood/557506185286067_0,reject,2026-09-19T18:09:38+00:00
hollywood/1129269934240293_0,reject,2026-09-19T18:09:38+00:00
hollywood/3705497046245260_1,reject,2026-09-19T18:09:38+00:00
hollywood/2833131670285513_0,reject,2026-09-19T18:09:38+00:00
venice_mar_vista/257205522431691_0,reject,2026-09-19T18:09:38+00:00
downtown/2917401318545560_0,reject,2026-09-19T18:09:38+00:00
hollywood/173724727973136_0,reject,2026-09-19T18:09:38+00:00
downtown/189295839703874_0,reject,2026-09-19T18:09:38+00:00
downtown/536479520694111_1,reject,2026-09-19T18:09:38+00:00
koreatown/1481526638845844_0,reject,2026-09-19T18:09:38+00:00
koreatown/4137305062957261_0,reject,2026-09-19T18:09:38+00:00
koreatown/510890466602534_0,reject,2026-09-19T18:09:38+00:00
koreatown/969796693758162_0,reject,2026-09-19T18:09:42+00:00
koreatown/785545073056076_0,reject,2026-09-19T18:09:42+00:00
venice_mar_vista/2028133094494098_0,reject,2026-09-19T18:09:42+00:00
hollywood/687410238882670_0,reject,2026-09-19T18:09:42+00:00
venice_mar_vista/768585117144930_0,reject,2026-09-19T18:09:42+00:00
downtown/293874318944536_0,reject,2026-09-19T18:09:42+00:00
downtown/206082087810756_0,reject,2026-09-19T18:09:42+00:00
koreatown/257910342703447_0,reject,2026-09-19T18:09:42+00:00
downtown/536479520694111_0,reject,2026-09-19T18:09:42+00:00
downtown/488106035604553_0,reject,2026-09-19T18:09:42+00:00
koreatown/277795054067214_0,reject,2026-09-19T18:09:42+00:00
koreatown/497921688220978_1,reject,2026-09-19T18:09:42+00:00
westwood/1368729648560671_0,reject,2026-09-19T18:09:42+00:00
downtown/797736144240126_0,reject,2026-09-19T18:09:42+00:00
hollywood/925778238209564_0,reject,2026-09-19T18:09:42+00:00
venice_mar_vista/3864475740339062_0,reject,2026-09-19T18:09:42+00:00
koreatown/518057885875388_0,reject,2026-09-19T18:09:42+00:00
venice_mar_vista/902988830535306_0,reject,2026-09-19T18:09:42+00:00
koreatown/347720664963748_0,reject,2026-09-19T18:09:42+00:00
venice_mar_vista/2808975082698321_0,reject,2026-09-19T18:09:42+00:00
downtown/5518372181571139_1,reject,2026-09-19T18:09:42+00:00
downtown/459417278468111_0,reject,2026-09-19T18:09:42+00:00
hollywood/386757676117717_1,reject,2026-09-19T18:09:42+00:00
westwood/264338968806901_0,reject,2026-09-19T18:09:42+00:00
hollywood/1107599746402734_0,reject,2026-09-19T18:09:42+00:00
downtown/1047365429350967_0,reject,2026-09-19T18:09:42+00:00
downtown/296702375247567_0,reject,2026-09-19T18:09:42+00:00
hollywood/761691831198307_0,reject,2026-09-19T18:09:42+00:00
hollywood/882768619287177_0,reject,2026-09-19T18:09:42+00:00
hollywood/811204213158129_1,reject,2026-09-19T18:09:42+00:00
koreatown/2161979983932320_0,reject,2026-09-19T18:09:42+00:00
hollywood/161160072516049_0,reject,2026-09-19T18:09:42+00:00
hollywood/180262880723220_0,reject,2026-09-19T18:09:42+00:00
koreatown/1116436912194316_0,reject,2026-09-19T18:09:42+00:00
hollywood/499526587840764_0,reject,2026-09-19T18:09:42+00:00
hollywood/499526587840764_1,reject,2026-09-19T18:09:42+00:00
hollywood/496561751767209_0,reject,2026-09-19T18:09:42+00:00
hollywood/813207009633163_0,reject,2026-09-19T18:09:42+00:00
venice_mar_vista/283578883247467_0,reject,2026-09-19T18:09:42+00:00
westwood/1742634277039920_0,reject,2026-09-19T18:09:42+00:00
downtown/234501815173289_0,reject,2026-09-19T18:09:50+00:00
downtown/1185539521892722_0,reject,2026-09-19T18:09:50+00:00
hollywood/2785250765073937_0,reject,2026-09-19T18:09:50+00:00
koreatown/285047813321203_0,reject,2026-09-19T18:09:50+00:00
venice_mar_vista/2962816024042893_0,reject,2026-09-19T18:09:50+00:00
hollywood/173828281281097_0,reject,2026-09-19T18:09:50+00:00
venice_mar_vista/1031025653065094_0,reject,2026-09-19T18:09:50+00:00
venice_mar_vista/1038946702060553_0,reject,2026-09-19T18:09:50+00:00
venice_mar_vista/130840175744384_0,reject,2026-09-19T18:09:50+00:00
downtown/923763548479250_0,reject,2026-09-19T18:09:50+00:00
koreatown/909807399861543_0,reject,2026-09-19T18:09:50+00:00
koreatown/1138015373299769_0,reject,2026-09-19T18:09:50+00:00
koreatown/416083364644308_0,reject,2026-09-19T18:09:50+00:00
hollywood/554888199263639_1,reject,2026-09-19T18:09:50+00:00
hollywood/564916404484772_0,reject,2026-09-19T18:09:50+00:00
hollywood/1106668949841233_0,reject,2026-09-19T18:09:50+00:00
koreatown/870662363488646_0,reject,2026-09-19T18:09:50+00:00
koreatown/441287581886577_0,reject,2026-09-19T18:09:50+00:00
hollywood/1175333842919910_0,reject,2026-09-19T18:09:50+00:00
koreatown/773780449993500_0,reject,2026-09-19T18:09:50+00:00
downtown/758341778161446_0,reject,2026-09-19T18:09:50+00:00
hollywood/3911943912225747_0,reject,2026-09-19T18:09:50+00:00
hollywood/232004712030677_0,reject,2026-09-19T18:09:50+00:00
koreatown/870766150170663_0,reject,2026-09-19T18:09:50+00:00
venice_mar_vista/816655825639379_0,reject,2026-09-19T18:09:50+00:00
hollywood/748736559077577_0,reject,2026-09-19T18:09:50+00:00
venice_mar_vista/289407052865142_0,reject,2026-09-19T18:09:50+00:00
venice_mar_vista/337133788022308_1,reject,2026-09-19T18:09:50+00:00
downtown/336688431307941_0,reject,2026-09-19T18:09:50+00:00
hollywood/266065145246211_0,reject,2026-09-19T18:09:50+00:00
koreatown/2385770458291158_0,reject,2026-09-19T18:09:50+00:00
koreatown/494602715001054_0,reject,2026-09-19T18:09:50+00:00
venice_mar_vista/491142185562736_0,reject,2026-09-19T18:09:50+00:00
westwood/313699673719220_0,reject,2026-09-19T18:09:50+00:00
downtown/878526956059893_0,accept,2026-09-19T18:09:50+00:00
hollywood/835109734027150_0,reject,2026-09-19T18:09:50+00:00
downtown/3927524763997328_0,reject,2026-09-19T18:09:50+00:00
hollywood/525114878773550_0,reject,2026-09-19T18:09:50+00:00
koreatown/1436352836714943_0,reject,2026-09-19T18:09:50+00:00
venice_mar_vista/876938566199927_0,reject,2026-09-19T18:09:50+00:00
downtown/311093347312094_0,reject,2026-09-19T18:09:59+00:00
hollywood/819517411997655_0,reject,2026-09-19T18:09:59+00:00
downtown/1606582023707704_0,reject,2026-09-19T18:09:59+00:00
downtown/1860685267422795_0,reject,2026-09-19T18:09:59+00:00
venice_mar_vista/835733533708103_0,reject,2026-09-19T18:09:59+00:00
venice_mar_vista/305195064539414_0,reject,2026-09-19T18:09:59+00:00
downtown/500795057945123_0,reject,2026-09-19T18:09:59+00:00
downtown/1424011397933592_0,reject,2026-09-19T18:09:59+00:00
venice_mar_vista/364647168290984_0,reject,2026-09-19T18:09:59+00:00
koreatown/215123830377307_1,reject,2026-09-19T18:09:59+00:00
koreatown/310629013985296_0,reject,2026-09-19T18:09:59+00:00
koreatown/257271112845979_0,accept,2026-09-19T18:09:59+00:00
koreatown/625441823089639_0,reject,2026-09-19T18:09:59+00:00
venice_mar_vista/2552520478540501_0,reject,2026-09-19T18:09:59+00:00
venice_mar_vista/234356918457708_0,reject,2026-09-19T18:09:59+00:00
venice_mar_vista/1375020209533463_0,reject,2026-09-19T18:09:59+00:00
downtown/751882055524301_0,reject,2026-09-19T18:09:59+00:00
hollywood/796615567640926_0,reject,2026-09-19T18:09:59+00:00
hollywood/1644569899074009_0,reject,2026-09-19T18:09:59+00:00
hollywood/472014250548141_0,reject,2026-09-19T18:09:59+00:00
downtown/951733385657567_0,reject,2026-09-19T18:09:59+00:00
downtown/186642530005261_0,reject,2026-09-19T18:09:59+00:00
downtown/502011797650095_0,reject,2026-09-19T18:09:59+00:00
venice_mar_vista/4466870713342369_0,reject,2026-09-19T18:09:59+00:00
downtown/329728521995902_0,reject,2026-09-19T18:09:59+00:00
downtown/468326137735465_0,reject,2026-09-19T18:09:59+00:00
hollywood/2548017415506048_0,reject,2026-09-19T18:09:59+00:00
koreatown/306534557663036_0,accept,2026-09-19T18:09:59+00:00
koreatown/1429117694365130_0,accept,2026-09-19T18:09:59+00:00
hollywood/1183739025380844_0,reject,2026-09-19T18:09:59+00:00
koreatown/175294091172233_0,reject,2026-09-19T18:09:59+00:00
venice_mar_vista/1108461082972777_0,reject,2026-09-19T18:09:59+00:00
downtown/1424011397933592_1,reject,2026-09-19T18:09:59+00:00
koreatown/311391400389621_0,reject,2026-09-19T18:09:59+00:00
venice_mar_vista/879221662634187_0,reject,2026-09-19T18:09:59+00:00
hollywood/554888199263639_2,reject,2026-09-19T18:09:59+00:00
koreatown/291113389406592_0,reject,2026-09-19T18:09:59+00:00
venice_mar_vista/294939142275180_0,reject,2026-09-19T18:09:59+00:00
venice_mar_vista/2249168055616648_0,accept,2026-09-19T18:09:59+00:00
venice_mar_vista/293533712256430_0,reject,2026-09-19T18:09:59+00:00
hollywood/863884820833842_0,reject,2026-09-19T18:10:04+00:00
koreatown/977512633041130_0,reject,2026-09-19T18:10:04+00:00
downtown/202698924792048_0,reject,2026-09-19T18:10:04+00:00
hollywood/304513161180344_0,reject,2026-09-19T18:10:04+00:00
koreatown/471788810720461_0,reject,2026-09-19T18:10:04+00:00
westwood/462603205031512_1,reject,2026-09-19T18:10:04+00:00
koreatown/451028230826358_0,reject,2026-09-19T18:10:04+00:00
downtown/507490573950463_0,reject,2026-09-19T18:10:04+00:00
hollywood/1112559172575123_0,reject,2026-09-19T18:10:04+00:00
hollywood/665233416504077_0,reject,2026-09-19T18:10:04+00:00
hollywood/465149691377993_0,reject,2026-09-19T18:10:04+00:00
koreatown/4151383051548783_0,reject,2026-09-19T18:10:04+00:00
downtown/769188600459591_0,reject,2026-09-19T18:10:04+00:00
koreatown/2545908239051467_0,reject,2026-09-19T18:10:04+00:00
hollywood/210278033991132_0,reject,2026-09-19T18:10:04+00:00
koreatown/1328973710829409_0,reject,2026-09-19T18:10:04+00:00
koreatown/947434677040233_0,reject,2026-09-19T18:10:04+00:00
koreatown/930623481058410_0,reject,2026-09-19T18:10:04+00:00
venice_mar_vista/3999232250213635_0,reject,2026-09-19T18:10:04+00:00
hollywood/469281590817924_1,reject,2026-09-19T18:10:04+00:00
downtown/3506374589462272_0,reject,2026-09-19T18:10:04+00:00
downtown/579426299919051_1,reject,2026-09-19T18:10:04+00:00
hollywood/557025542103691_0,reject,2026-09-19T18:10:04+00:00
koreatown/969333744931101_0,reject,2026-09-19T18:10:04+00:00
koreatown/755060628471532_0,reject,2026-09-19T18:10:04+00:00
venice_mar_vista/465597471334085_0,reject,2026-09-19T18:10:04+00:00
hollywood/289492929470870_0,reject,2026-09-19T18:10:04+00:00
hollywood/508543756941378_0,reject,2026-09-19T18:10:04+00:00
hollywood/175226047795601_0,reject,2026-09-19T18:10:04+00:00
westwood/1777595159295712_0,reject,2026-09-19T18:10:04+00:00
downtown/730772154258020_0,reject,2026-09-19T18:10:04+00:00
hollywood/2271596442972849_0,reject,2026-09-19T18:10:04+00:00
koreatown/173162231381132_0,reject,2026-09-19T18:10:04+00:00
downtown/517889879574488_0,reject,2026-09-19T18:10:04+00:00
hollywood/1223032488128947_0,reject,2026-09-19T18:10:04+00:00
hollywood/823966655189367_0,reject,2026-09-19T18:10:04+00:00
koreatown/537987277192180_0,reject,2026-09-19T18:10:04+00:00
venice_mar_vista/218130989680509_0,accept,2026-09-19T18:10:04+00:00
venice_mar_vista/914504462723522_0,reject,2026-09-19T18:10:04+00:00
venice_mar_vista/1007514233119434_0,reject,2026-09-19T18:10:04+00:00
hollywood/2859338567716303_1,reject,2026-09-19T18:10:20+00:00
hollywood/2648742192092435_0,reject,2026-09-19T18:10:20+00:00
hollywood/1149977768807375_0,reject,2026-09-19T18:10:20+00:00
koreatown/399220819536389_0,reject,2026-09-19T18:10:20+00:00
koreatown/2882818825263102_0,reject,2026-09-19T18:10:20+00:00
venice_mar_vista/301403921397286_0,accept,2026-09-19T18:10:20+00:00
venice_mar_vista/826521154947730_0,reject,2026-09-19T18:10:20+00:00
downtown/760592997973495_0,reject,2026-09-19T18:10:20+00:00
koreatown/963075857566461_0,reject,2026-09-19T18:10:20+00:00
koreatown/484772172723410_0,reject,2026-09-19T18:10:20+00:00
hollywood/871486943443256_0,reject,2026-09-19T18:10:20+00:00
hollywood/299572121638663_0,reject,2026-09-19T18:10:20+00:00
hollywood/895090041285603_0,reject,2026-09-19T18:10:20+00:00
koreatown/208308084231487_0,reject,2026-09-19T18:10:20+00:00
venice_mar_vista/518081342650686_0,reject,2026-09-19T18:10:20+00:00
downtown/480604319856056_0,reject,2026-09-19T18:10:20+00:00
downtown/858098434914044_0,reject,2026-09-19T18:10:20+00:00
downtown/1510831286662230_0,reject,2026-09-19T18:10:20+00:00
koreatown/261464475677208_0,reject,2026-09-19T18:10:20+00:00
venice_mar_vista/4137341816327393_0,reject,2026-09-19T18:10:20+00:00
hollywood/792045324832429_0,reject,2026-09-19T18:10:20+00:00
hollywood/504374077265878_0,reject,2026-09-19T18:10:20+00:00
hollywood/1149977768807375_1,reject,2026-09-19T18:10:20+00:00
hollywood/316673826906407_0,reject,2026-09-19T18:10:20+00:00
hollywood/509496133743546_0,reject,2026-09-19T18:10:20+00:00
koreatown/499941011205415_0,reject,2026-09-19T18:10:20+00:00
koreatown/183850670261060_0,reject,2026-09-19T18:10:20+00:00
downtown/801456524085757_0,reject,2026-09-19T18:10:20+00:00
hollywood/501012497922519_1,reject,2026-09-19T18:10:20+00:00
venice_mar_vista/611542226473788_1,reject,2026-09-19T18:10:20+00:00
koreatown/923846465042464_0,reject,2026-09-19T18:10:20+00:00
koreatown/977193462818089_0,accept,2026-09-19T18:10:20+00:00
koreatown/302862497965595_1,reject,2026-09-19T18:10:20+00:00
koreatown/311400503691309_0,accept,2026-09-19T18:10:20+00:00
hollywood/297661541810199_0,reject,2026-09-19T18:10:20+00:00
hollywood/327540868730650_0,reject,2026-09-19T18:10:20+00:00
hollywood/277405397401151_0,reject,2026-09-19T18:10:20+00:00
venice_mar_vista/1566627030387729_0,reject,2026-09-19T18:10:20+00:00
downtown/2961393337437863_0,reject,2026-09-19T18:10:20+00:00
downtown/218991803322986_0,reject,2026-09-19T18:10:20+00:00
hollywood/3007969819461484_0,reject,2026-09-19T18:10:33+00:00
koreatown/557612341875347_0,reject,2026-09-19T18:10:33+00:00
koreatown/809479963079756_0,reject,2026-09-19T18:10:33+00:00
koreatown/522685452240999_0,reject,2026-09-19T18:10:33+00:00
koreatown/503889874071381_0,reject,2026-09-19T18:10:33+00:00
venice_mar_vista/1106848073168975_0,reject,2026-09-19T18:10:33+00:00
downtown/183745326984525_0,reject,2026-09-19T18:10:33+00:00
downtown/497932291638777_0,accept,2026-09-19T18:10:33+00:00
downtown/1814241145412541_0,reject,2026-09-19T18:10:33+00:00
hollywood/920715342056916_1,reject,2026-09-19T18:10:33+00:00
hollywood/329796751841260_0,reject,2026-09-19T18:10:33+00:00
hollywood/190282859595850_0,reject,2026-09-19T18:10:33+00:00
hollywood/299572121638663_1,reject,2026-09-19T18:10:33+00:00
venice_mar_vista/1472499394907726_0,reject,2026-09-19T18:10:33+00:00
downtown/955536798593339_0,reject,2026-09-19T18:10:33+00:00
hollywood/799508524303936_1,reject,2026-09-19T18:10:33+00:00
koreatown/208308084231487_1,reject,2026-09-19T18:10:33+00:00
koreatown/950475579585275_0,reject,2026-09-19T18:10:33+00:00
venice_mar_vista/819706022293787_0,reject,2026-09-19T18:10:33+00:00
westwood/184546366850245_0,reject,2026-09-19T18:10:33+00:00
hollywood/1101434993703183_0,reject,2026-09-19T18:10:33+00:00
koreatown/296751112079365_0,reject,2026-09-19T18:10:33+00:00
downtown/175919521292751_0,reject,2026-09-19T18:10:33+00:00
hollywood/214269843862793_0,reject,2026-09-19T18:10:33+00:00
hollywood/4187688821349932_0,reject,2026-09-19T18:10:33+00:00
hollywood/138660261577691_0,reject,2026-09-19T18:10:33+00:00
koreatown/472881407324950_0,reject,2026-09-19T18:10:33+00:00
koreatown/274190277731798_0,reject,2026-09-19T18:10:33+00:00
downtown/1133809217122305_0,reject,2026-09-19T18:10:33+00:00
hollywood/281348950328337_0,reject,2026-09-19T18:10:33+00:00
koreatown/143659457740000_0,reject,2026-09-19T18:10:33+00:00
koreatown/860967521300788_1,reject,2026-09-19T18:10:33+00:00
koreatown/943840093980332_0,reject,2026-09-19T18:10:33+00:00
downtown/382307429591763_0,reject,2026-09-19T18:10:33+00:00
koreatown/215749160359103_0,reject,2026-09-19T18:10:33+00:00
koreatown/309288960643056_0,reject,2026-09-19T18:10:33+00:00
koreatown/480859329639510_0,reject,2026-09-19T18:10:33+00:00
venice_mar_vista/466060234480409_0,accept,2026-09-19T18:10:33+00:00
venice_mar_vista/1003777379329953_0,reject,2026-09-19T18:10:33+00:00
downtown/482038649543658_0,reject,2026-09-19T18:10:33+00:00
hollywood/363633348385797_1,reject,2026-09-19T18:10:39+00:00
hollywood/799508524303936_0,reject,2026-09-19T18:10:39+00:00
koreatown/934202410660142_0,reject,2026-09-19T18:10:39+00:00
venice_mar_vista/295116428771205_0,reject,2026-09-19T18:10:39+00:00
venice_mar_vista/167130698629873_0,reject,2026-09-19T18:10:39+00:00
downtown/1134343570366745_0,reject,2026-09-19T18:10:39+00:00
downtown/801456524085757_2,reject,2026-09-19T18:10:39+00:00
downtown/365990121519896_0,reject,2026-09-19T18:10:39+00:00
hollywood/720883246997191_0,reject,2026-09-19T18:10:39+00:00
hollywood/134150088698757_0,reject,2026-09-19T18:10:39+00:00
hollywood/785204892180052_0,reject,2026-09-19T18:10:39+00:00
koreatown/1149422505539295_0,reject,2026-09-19T18:10:39+00:00
koreatown/1408030416486075_0,reject,2026-09-19T18:10:39+00:00
koreatown/3882598325111072_0,reject,2026-09-19T18:10:39+00:00
koreatown/3005151889718511_0,reject,2026-09-19T18:10:39+00:00
koreatown/182905697022983_0,reject,2026-09-19T18:10:39+00:00
koreatown/1397604270638501_0,reject,2026-09-19T18:10:39+00:00
venice_mar_vista/520206725677765_0,reject,2026-09-19T18:10:39+00:00
venice_mar_vista/1243828616019742_0,reject,2026-09-19T18:10:39+00:00
hollywood/3993833520696600_0,reject,2026-09-19T18:10:39+00:00
hollywood/3928944630518450_0,reject,2026-09-19T18:10:39+00:00
hollywood/1257551248569727_0,reject,2026-09-19T18:10:39+00:00
venice_mar_vista/28481482784821610_0,reject,2026-09-19T18:10:39+00:00
venice_mar_vista/514424590137192_0,reject,2026-09-19T18:10:39+00:00
venice_mar_vista/1035269322660868_0,reject,2026-09-19T18:10:39+00:00
downtown/845957946301593_0,reject,2026-09-19T18:10:39+00:00
hollywood/463638654933674_0,reject,2026-09-19T18:10:39+00:00
hollywood/3941062869344261_0,reject,2026-09-19T18:10:39+00:00
koreatown/292494605844030_0,reject,2026-09-19T18:10:39+00:00
koreatown/1834293763411179_0,reject,2026-09-19T18:10:39+00:00
koreatown/217996160098715_0,reject,2026-09-19T18:10:39+00:00
venice_mar_vista/2080222342119362_0,reject,2026-09-19T18:10:39+00:00
downtown/733162627363100_0,reject,2026-09-19T18:10:39+00:00
downtown/480027433140998_0,reject,2026-09-19T18:10:39+00:00
koreatown/1992109660941181_0,reject,2026-09-19T18:10:39+00:00
koreatown/958423364988164_0,reject,2026-09-19T18:10:39+00:00
venice_mar_vista/2794792734106041_0,reject,2026-09-19T18:10:39+00:00
hollywood/908606459712378_0,reject,2026-09-19T18:10:39+00:00
hollywood/1086842435161415_0,reject,2026-09-19T18:10:39+00:00
koreatown/308193154168063_1,reject,2026-09-19T18:10:39+00:00
koreatown/274239971026771_0,reject,2026-09-19T18:10:48+00:00
koreatown/540749997333293_0,reject,2026-09-19T18:10:48+00:00
venice_mar_vista/135374381958339_0,reject,2026-09-19T18:10:48+00:00
downtown/190087182936479_0,reject,2026-09-19T18:10:48+00:00
downtown/1252974645100785_0,reject,2026-09-19T18:10:48+00:00
downtown/189295839703874_2,reject,2026-09-19T18:10:48+00:00
downtown/1827144467451287_0,reject,2026-09-19T18:10:48+00:00
downtown/769082033804526_0,reject,2026-09-19T18:10:48+00:00
downtown/1779602762225171_0,reject,2026-09-19T18:10:48+00:00
downtown/3936405046438646_0,reject,2026-09-19T18:10:48+00:00
hollywood/1823640464897219_0,reject,2026-09-19T18:10:48+00:00
hollywood/583357442641008_0,reject,2026-09-19T18:10:48+00:00
hollywood/788938608395171_0,reject,2026-09-19T18:10:48+00:00
hollywood/173213801545461_1,reject,2026-09-19T18:10:48+00:00
koreatown/2891079714441094_0,reject,2026-09-19T18:10:48+00:00
koreatown/301147248346937_1,reject,2026-09-19T18:10:48+00:00
koreatown/155816496494706_0,reject,2026-09-19T18:10:48+00:00
koreatown/3006946786258994_0,reject,2026-09-19T18:10:48+00:00
koreatown/462393991734783_0,reject,2026-09-19T18:10:48+00:00
downtown/919247271968215_0,reject,2026-09-19T18:10:48+00:00
downtown/885276492051711_0,reject,2026-09-19T18:10:48+00:00
downtown/1365204883855598_0,reject,2026-09-19T18:10:48+00:00
hollywood/928194144420607_0,reject,2026-09-19T18:10:48+00:00
koreatown/474553743851434_0,reject,2026-09-19T18:10:48+00:00
koreatown/831387124121872_0,reject,2026-09-19T18:10:48+00:00
downtown/965112404254311_0,reject,2026-09-19T18:10:48+00:00
downtown/903744363738037_0,reject,2026-09-19T18:10:48+00:00
hollywood/891665321687898_0,reject,2026-09-19T18:10:48+00:00
hollywood/951113249051835_0,reject,2026-09-19T18:10:48+00:00
hollywood/1758377817666815_1,reject,2026-09-19T18:10:48+00:00
hollywood/3039138476357627_1,reject,2026-09-19T18:10:48+00:00
hollywood/2615698785397590_0,reject,2026-09-19T18:10:48+00:00
koreatown/2696730150618630_0,reject,2026-09-19T18:10:48+00:00
koreatown/472879833942473_0,reject,2026-09-19T18:10:48+00:00
koreatown/470004897446234_0,reject,2026-09-19T18:10:48+00:00
koreatown/4062057400542764_1,reject,2026-09-19T18:10:48+00:00
koreatown/317078259811444_0,reject,2026-09-19T18:10:48+00:00
venice_mar_vista/317834719890649_0,reject,2026-09-19T18:10:48+00:00
venice_mar_vista/317681166399212_0,reject,2026-09-19T18:10:48+00:00
venice_mar_vista/1469015956825025_4,reject,2026-09-19T18:10:48+00:00
downtown/729112801103365_0,reject,2026-09-19T18:10:57+00:00
downtown/495632758243875_0,reject,2026-09-19T18:10:57+00:00
downtown/294226278980943_0,reject,2026-09-19T18:10:57+00:00
downtown/154431003251596_0,reject,2026-09-19T18:10:57+00:00
downtown/488649442265891_0,reject,2026-09-19T18:10:57+00:00
hollywood/2122550604906771_0,reject,2026-09-19T18:10:57+00:00
koreatown/464855898070377_0,reject,2026-09-19T18:10:57+00:00
koreatown/445789554624882_0,reject,2026-09-19T18:10:57+00:00
koreatown/1754958518043275_0,accept,2026-09-19T18:10:57+00:00
koreatown/1735448433302029_0,accept,2026-09-19T18:10:57+00:00
koreatown/811277473151519_0,reject,2026-09-19T18:10:57+00:00
downtown/171191751793896_1,reject,2026-09-19T18:10:57+00:00
downtown/173683087868821_1,reject,2026-09-19T18:10:57+00:00
downtown/201711548229902_0,reject,2026-09-19T18:10:57+00:00
hollywood/1177392222682034_0,reject,2026-09-19T18:10:57+00:00
hollywood/281115270330966_0,reject,2026-09-19T18:10:57+00:00
hollywood/497871841366018_0,reject,2026-09-19T18:10:57+00:00
hollywood/5001577099906810_0,reject,2026-09-19T18:10:57+00:00
koreatown/494320575149836_0,reject,2026-09-19T18:10:57+00:00
venice_mar_vista/798906761054635_0,reject,2026-09-19T18:10:57+00:00
downtown/505442290611732_0,reject,2026-09-19T18:10:57+00:00
koreatown/2592217767749211_0,reject,2026-09-19T18:10:57+00:00
downtown/1161111044407847_0,reject,2026-09-19T18:10:57+00:00
hollywood/355562232948858_0,reject,2026-09-19T18:10:57+00:00
hollywood/815649139385803_0,reject,2026-09-19T18:10:57+00:00
hollywood/4152549111531717_0,reject,2026-09-19T18:10:57+00:00
koreatown/2940115266307869_0,reject,2026-09-19T18:10:57+00:00
koreatown/455650073476605_0,reject,2026-09-19T18:10:57+00:00
downtown/228091802069435_0,reject,2026-09-19T18:10:57+00:00
downtown/858098434914044_1,reject,2026-09-19T18:10:57+00:00
downtown/513703229804067_0,reject,2026-09-19T18:10:57+00:00
downtown/303349961259810_0,reject,2026-09-19T18:10:57+00:00
koreatown/482135042906631_0,reject,2026-09-19T18:10:57+00:00
koreatown/304422417862164_0,reject,2026-09-19T18:10:57+00:00
koreatown/864651744087674_0,reject,2026-09-19T18:10:57+00:00
venice_mar_vista/141112507997835_0,reject,2026-09-19T18:10:57+00:00
venice_mar_vista/365909194812670_0,reject,2026-09-19T18:10:57+00:00
downtown/1422108381515589_0,reject,2026-09-19T18:10:57+00:00
hollywood/306042841099985_0,reject,2026-09-19T18:10:57+00:00
hollywood/4396132780411542_0,reject,2026-09-19T18:10:57+00:00
hollywood/583929789234573_1,reject,2026-09-19T18:11:05+00:00
hollywood/534339231069078_1,reject,2026-09-19T18:11:05+00:00
koreatown/1089214978257915_0,reject,2026-09-19T18:11:05+00:00
koreatown/1132531187171597_0,reject,2026-09-19T18:11:05+00:00
koreatown/136940478372090_0,reject,2026-09-19T18:11:05+00:00
venice_mar_vista/1854732358036456_0,reject,2026-09-19T18:11:05+00:00
venice_mar_vista/468974204315523_0,reject,2026-09-19T18:11:05+00:00
downtown/183745326984525_1,reject,2026-09-19T18:11:05+00:00
hollywood/464392381302365_0,reject,2026-09-19T18:11:05+00:00
hollywood/317728409925166_0,reject,2026-09-19T18:11:05+00:00
hollywood/502949444167821_0,reject,2026-09-19T18:11:05+00:00
venice_mar_vista/273718864488777_0,reject,2026-09-19T18:11:05+00:00
downtown/297790548557837_0,reject,2026-09-19T18:11:05+00:00
downtown/1021738601697242_0,accept,2026-09-19T18:11:05+00:00
hollywood/275066564278292_0,reject,2026-09-19T18:11:05+00:00
hollywood/946202759531650_0,reject,2026-09-19T18:11:05+00:00
koreatown/457563698875086_0,reject,2026-09-19T18:11:05+00:00
venice_mar_vista/611542226473788_0,reject,2026-09-19T18:11:05+00:00
venice_mar_vista/3817537685024091_0,reject,2026-09-19T18:11:05+00:00
downtown/530448101315116_0,reject,2026-09-19T18:11:05+00:00
koreatown/235144888385841_0,accept,2026-09-19T18:11:05+00:00
koreatown/266461181890533_0,reject,2026-09-19T18:11:05+00:00
koreatown/768691867145531_0,reject,2026-09-19T18:11:05+00:00
venice_mar_vista/501422141039875_0,reject,2026-09-19T18:11:05+00:00
venice_mar_vista/490168539074809_0,reject,2026-09-19T18:11:05+00:00
downtown/825371108077764_0,reject,2026-09-19T18:11:05+00:00
downtown/501589754622848_0,reject,2026-09-19T18:11:05+00:00
downtown/321373912707319_0,reject,2026-09-19T18:11:05+00:00
downtown/453220052640020_0,reject,2026-09-19T18:11:05+00:00
hollywood/938821246668631_0,reject,2026-09-19T18:11:05+00:00
hollywood/5999578033446416_0,reject,2026-09-19T18:11:05+00:00
hollywood/187806249851740_0,reject,2026-09-19T18:11:05+00:00
koreatown/292978375701750_0,reject,2026-09-19T18:11:05+00:00
koreatown/512396743127130_0,reject,2026-09-19T18:11:05+00:00
koreatown/317913103055877_1,reject,2026-09-19T18:11:05+00:00
venice_mar_vista/879463005935269_0,reject,2026-09-19T18:11:05+00:00
downtown/149040337143912_0,reject,2026-09-19T18:11:05+00:00
downtown/238868051352185_0,reject,2026-09-19T18:11:05+00:00
hollywood/317728409925166_1,reject,2026-09-19T18:11:05+00:00
koreatown/899225140630491_0,reject,2026-09-19T18:11:05+00:00
downtown/496704678136189_0,reject,2026-09-19T18:11:08+00:00
downtown/1422108381515589_1,reject,2026-09-19T18:11:08+00:00
hollywood/233720168654518_1,reject,2026-09-19T18:11:08+00:00
hollywood/167692221944762_0,reject,2026-09-19T18:11:08+00:00
koreatown/742122733146963_0,reject,2026-09-19T18:11:08+00:00
koreatown/131255719038514_0,reject,2026-09-19T18:11:08+00:00
koreatown/523351602012432_0,reject,2026-09-19T18:11:08+00:00
koreatown/1036128976924722_0,reject,2026-09-19T18:11:08+00:00
downtown/3977554502330974_0,reject,2026-09-19T18:11:08+00:00
hollywood/161871989084626_0,reject,2026-09-19T18:11:08+00:00
koreatown/313078870183753_0,reject,2026-09-19T18:11:08+00:00
koreatown/3701003246694270_0,reject,2026-09-19T18:11:08+00:00
downtown/808129109803673_0,reject,2026-09-19T18:11:08+00:00
downtown/311507727169107_0,reject,2026-09-19T18:11:08+00:00
downtown/1471375343208085_1,reject,2026-09-19T18:11:08+00:00
downtown/816814768963803_0,reject,2026-09-19T18:11:08+00:00
hollywood/210346127320156_1,reject,2026-09-19T18:11:08+00:00
hollywood/472643477284061_0,reject,2026-09-19T18:11:08+00:00
hollywood/4601252776568862_0,reject,2026-09-19T18:11:08+00:00
hollywood/3068356683383690_0,reject,2026-09-19T18:11:08+00:00
koreatown/756943501639937_0,reject,2026-09-19T18:11:08+00:00
koreatown/379452885002915_0,reject,2026-09-19T18:11:08+00:00
koreatown/466793571317178_0,reject,2026-09-19T18:11:08+00:00
koreatown/305057851246305_0,reject,2026-09-19T18:11:08+00:00
koreatown/786184576774072_0,reject,2026-09-19T18:11:08+00:00
koreatown/591609588583290_1,reject,2026-09-19T18:11:08+00:00
koreatown/188603939779139_0,reject,2026-09-19T18:11:08+00:00
venice_mar_vista/243224834143674_1,reject,2026-09-19T18:11:08+00:00
downtown/919247271968215_1,reject,2026-09-19T18:11:08+00:00
downtown/2944594679094581_0,reject,2026-09-19T18:11:08+00:00
hollywood/930391547808257_0,reject,2026-09-19T18:11:08+00:00
hollywood/493506348519319_0,reject,2026-09-19T18:11:08+00:00
hollywood/1457898852050555_0,reject,2026-09-19T18:11:08+00:00
koreatown/919357291966777_0,reject,2026-09-19T18:11:08+00:00
koreatown/483793809540449_0,reject,2026-09-19T18:11:08+00:00
hollywood/1112171562622045_0,reject,2026-09-19T18:11:08+00:00
hollywood/200676862038194_1,reject,2026-09-19T18:11:08+00:00
hollywood/1212138112542189_0,reject,2026-09-19T18:11:08+00:00
hollywood/393034855234721_0,reject,2026-09-19T18:11:08+00:00
hollywood/1443434123658455_0,reject,2026-09-19T18:11:08+00:00
koreatown/1097683924619906_0,reject,2026-09-19T18:11:14+00:00
koreatown/321555223007983_0,reject,2026-09-19T18:11:14+00:00
koreatown/7616217441732309_0,reject,2026-09-19T18:11:14+00:00
koreatown/1147252979964214_0,reject,2026-09-19T18:11:14+00:00
koreatown/440640983959558_0,reject,2026-09-19T18:11:14+00:00
koreatown/756104358297875_0,reject,2026-09-19T18:11:14+00:00
venice_mar_vista/133179845408770_0,reject,2026-09-19T18:11:14+00:00
venice_mar_vista/508763667148327_0,reject,2026-09-19T18:11:14+00:00
venice_mar_vista/301907451608306_0,reject,2026-09-19T18:11:14+00:00
downtown/240789801135979_0,reject,2026-09-19T18:11:14+00:00
hollywood/530786594997287_0,reject,2026-09-19T18:11:14+00:00
hollywood/900130854177257_1,reject,2026-09-19T18:11:14+00:00
hollywood/148932003847953_0,reject,2026-09-19T18:11:14+00:00
hollywood/770287153682677_0,reject,2026-09-19T18:11:14+00:00
hollywood/3446317695469344_0,reject,2026-09-19T18:11:14+00:00
hollywood/270409058137357_0,reject,2026-09-19T18:11:14+00:00
koreatown/368496717936612_0,reject,2026-09-19T18:11:14+00:00
venice_mar_vista/1127521784427701_0,reject,2026-09-19T18:11:14+00:00
venice_mar_vista/3864475740339062_1,reject,2026-09-19T18:11:14+00:00
westwood/746643479307386_0,reject,2026-09-19T18:11:14+00:00
hollywood/1106472878042184_0,reject,2026-09-19T18:11:14+00:00
hollywood/2202442343595348_0,reject,2026-09-19T18:11:14+00:00
hollywood/148651310562827_0,reject,2026-09-19T18:11:14+00:00
hollywood/321222186033308_0,reject,2026-09-19T18:11:14+00:00
hollywood/290153732644995_0,reject,2026-09-19T18:11:14+00:00
hollywood/769339460445890_0,reject,2026-09-19T18:11:14+00:00
koreatown/310062007290494_1,reject,2026-09-19T18:11:14+00:00
koreatown/922042891893924_1,reject,2026-09-19T18:11:14+00:00
hollywood/325757912380072_0,reject,2026-09-19T18:11:14+00:00
hollywood/466362831303125_0,reject,2026-09-19T18:11:14+00:00
koreatown/885675455327931_0,reject,2026-09-19T18:11:14+00:00
venice_mar_vista/2768263756819430_0,reject,2026-09-19T18:11:14+00:00
venice_mar_vista/131475202269463_0,reject,2026-09-19T18:11:14+00:00
downtown/577830253186134_1,reject,2026-09-19T18:11:14+00:00
downtown/179886897384163_0,reject,2026-09-19T18:11:14+00:00
downtown/319780349875849_0,accept,2026-09-19T18:11:14+00:00
downtown/625887248574892_0,reject,2026-09-19T18:11:14+00:00
downtown/625887248574892_1,reject,2026-09-19T18:11:14+00:00
hollywood/1018923008843253_0,reject,2026-09-19T18:11:14+00:00
hollywood/4052312584829105_0,reject,2026-09-19T18:11:14+00:00
hollywood/200437355257055_1,reject,2026-09-19T18:11:19+00:00
hollywood/3036126910040891_0,reject,2026-09-19T18:11:19+00:00
hollywood/303668224470453_0,reject,2026-09-19T18:11:19+00:00
koreatown/4140540002673997_0,reject,2026-09-19T18:11:19+00:00
koreatown/1453768755546216_0,reject,2026-09-19T18:11:19+00:00
koreatown/1166046897190629_0,reject,2026-09-19T18:11:19+00:00
venice_mar_vista/191726579334542_0,reject,2026-09-19T18:11:19+00:00
downtown/819614758658527_0,reject,2026-09-19T18:11:19+00:00
downtown/808129109803673_1,reject,2026-09-19T18:11:19+00:00
hollywood/540035184048286_0,reject,2026-09-19T18:11:19+00:00
hollywood/151759900255541_0,reject,2026-09-19T18:11:19+00:00
hollywood/1214090877123330_0,reject,2026-09-19T18:11:19+00:00
hollywood/489969382195913_0,reject,2026-09-19T18:11:19+00:00
hollywood/493945512055347_1,reject,2026-09-19T18:11:19+00:00
koreatown/285712003289307_0,reject,2026-09-19T18:11:19+00:00
venice_mar_vista/558720365312213_0,reject,2026-09-19T18:11:19+00:00
downtown/1174450019659670_1,reject,2026-09-19T18:11:19+00:00
downtown/525579998489731_1,reject,2026-09-19T18:11:19+00:00
downtown/1453135551691315_0,reject,2026-09-19T18:11:19+00:00
hollywood/1453945941609124_0,reject,2026-09-19T18:11:19+00:00
koreatown/1125845747925079_0,reject,2026-09-19T18:11:19+00:00
koreatown/216133276703084_0,reject,2026-09-19T18:11:19+00:00
koreatown/174635184565192_0,reject,2026-09-19T18:11:19+00:00
koreatown/159736609490566_0,reject,2026-09-19T18:11:19+00:00
koreatown/954598842002375_0,reject,2026-09-19T18:11:19+00:00
downtown/807710799882913_0,reject,2026-09-19T18:11:19+00:00
downtown/258426499351506_0,reject,2026-09-19T18:11:19+00:00
downtown/148511730555303_0,reject,2026-09-19T18:11:19+00:00
hollywood/1054784889314925_0,reject,2026-09-19T18:11:19+00:00
hollywood/913138729511077_0,reject,2026-09-19T18:11:19+00:00
hollywood/301658058155191_0,reject,2026-09-19T18:11:19+00:00
hollywood/1413933655649160_0,reject,2026-09-19T18:11:19+00:00
hollywood/785204892180052_2,reject,2026-09-19T18:11:19+00:00
koreatown/1001127984026615_0,reject,2026-09-19T18:11:19+00:00
koreatown/512779986740798_0,reject,2026-09-19T18:11:19+00:00
koreatown/164379812277032_0,reject,2026-09-19T18:11:19+00:00
koreatown/969796693758162_1,reject,2026-09-19T18:11:19+00:00
koreatown/1127223081117113_0,reject,2026-09-19T18:11:19+00:00
downtown/577830253186134_0,reject,2026-09-19T18:11:19+00:00
downtown/1463756320647613_0,reject,2026-09-19T18:11:19+00:00
downtown/142723687888799_0,reject,2026-09-19T18:11:32+00:00
hollywood/1758377817666815_0,reject,2026-09-19T18:11:32+00:00
hollywood/171884431575216_0,reject,2026-09-19T18:11:32+00:00
hollywood/167692221944762_1,reject,2026-09-19T18:11:32+00:00
hollywood/1237869219991048_1,reject,2026-09-19T18:11:32+00:00
koreatown/476957783517555_0,reject,2026-09-19T18:11:32+00:00
koreatown/505204540908815_0,reject,2026-09-19T18:11:32+00:00
venice_mar_vista/297061308558916_0,reject,2026-09-19T18:11:32+00:00
venice_mar_vista/1172612106523837_0,reject,2026-09-19T18:11:32+00:00
downtown/216065783619330_0,reject,2026-09-19T18:11:32+00:00
downtown/4208567782489300_0,reject,2026-09-19T18:11:32+00:00
downtown/536223707537673_0,reject,2026-09-19T18:11:32+00:00
downtown/812277562725563_0,reject,2026-09-19T18:11:32+00:00
downtown/325438299171240_0,reject,2026-09-19T18:11:32+00:00
downtown/818126505803293_0,reject,2026-09-19T18:11:32+00:00
hollywood/157971396257283_0,reject,2026-09-19T18:11:32+00:00
hollywood/181127020550143_0,reject,2026-09-19T18:11:32+00:00
hollywood/210278033991132_1,reject,2026-09-19T18:11:32+00:00
koreatown/698001951185896_0,reject,2026-09-19T18:11:32+00:00
venice_mar_vista/756308625077328_0,reject,2026-09-19T18:11:32+00:00
downtown/274004257618685_0,reject,2026-09-19T18:11:32+00:00
downtown/2826962650890368_1,reject,2026-09-19T18:11:32+00:00
downtown/2673845839575902_0,reject,2026-09-19T18:11:32+00:00
hollywood/1036688200194973_0,reject,2026-09-19T18:11:32+00:00
hollywood/212521090330020_0,reject,2026-09-19T18:11:32+00:00
hollywood/192682869345387_0,reject,2026-09-19T18:11:32+00:00
hollywood/793816941275049_0,reject,2026-09-19T18:11:32+00:00
koreatown/205922517823092_0,reject,2026-09-19T18:11:32+00:00
koreatown/2664139247209611_0,accept,2026-09-19T18:11:32+00:00
koreatown/179129340657307_0,reject,2026-09-19T18:11:32+00:00
koreatown/887080492149484_0,reject,2026-09-19T18:11:32+00:00
koreatown/489934415581366_0,reject,2026-09-19T18:11:32+00:00
koreatown/480314830083140_1,reject,2026-09-19T18:11:32+00:00
koreatown/162184389058418_1,reject,2026-09-19T18:11:32+00:00
koreatown/399009797750164_0,reject,2026-09-19T18:11:32+00:00
koreatown/940092360126503_0,reject,2026-09-19T18:11:32+00:00
koreatown/317913103055877_0,reject,2026-09-19T18:11:32+00:00
koreatown/178875780676392_0,reject,2026-09-19T18:11:32+00:00
koreatown/827725981174459_0,reject,2026-09-19T18:11:32+00:00
venice_mar_vista/532796604399203_0,reject,2026-09-19T18:11:32+00:00
venice_mar_vista/1148532155663468_0,accept,2026-09-19T18:11:39+00:00
venice_mar_vista/288530679664487_0,reject,2026-09-19T18:11:39+00:00
venice_mar_vista/471716663887094_1,reject,2026-09-19T18:11:39+00:00
venice_mar_vista/471466260757626_0,accept,2026-09-19T18:11:39+00:00
venice_mar_vista/140596931339558_0,reject,2026-09-19T18:11:39+00:00
venice_mar_vista/800878933926153_0,reject,2026-09-19T18:11:39+00:00
downtown/1171362589973828_0,reject,2026-09-19T18:11:39+00:00
downtown/536223707537673_1,reject,2026-09-19T18:11:39+00:00
downtown/274004257618685_1,reject,2026-09-19T18:11:39+00:00
downtown/2532850027023122_0,reject,2026-09-19T18:11:39+00:00
downtown/1827144467451287_1,reject,2026-09-19T18:11:39+00:00
koreatown/386209512496575_0,reject,2026-09-19T18:11:39+00:00
koreatown/1243556566047587_0,reject,2026-09-19T18:11:39+00:00
venice_mar_vista/946394779527550_0,reject,2026-09-19T18:11:39+00:00
downtown/154043093392181_0,reject,2026-09-19T18:11:39+00:00
hollywood/4333386790006010_0,reject,2026-09-19T18:11:39+00:00
hollywood/1787998185470102_0,reject,2026-09-19T18:11:39+00:00
hollywood/158812049502766_0,reject,2026-09-19T18:11:39+00:00
koreatown/517280456093579_1,reject,2026-09-19T18:11:39+00:00
koreatown/316299686547475_0,reject,2026-09-19T18:11:39+00:00
koreatown/296751112079365_1,reject,2026-09-19T18:11:39+00:00
venice_mar_vista/842026706658671_0,reject,2026-09-19T18:11:39+00:00
venice_mar_vista/200920278512484_0,reject,2026-09-19T18:11:39+00:00
venice_mar_vista/903591197159976_0,reject,2026-09-19T18:11:39+00:00
venice_mar_vista/3995322797248786_0,reject,2026-09-19T18:11:39+00:00
hollywood/141092157996805_0,reject,2026-09-19T18:11:39+00:00
hollywood/680196951393281_0,reject,2026-09-19T18:11:39+00:00
hollywood/1973862579436824_0,reject,2026-09-19T18:11:39+00:00
hollywood/2201160450018123_1,reject,2026-09-19T18:11:39+00:00
koreatown/1001127984026615_2,reject,2026-09-19T18:11:39+00:00
koreatown/1763849877120728_0,reject,2026-09-19T18:11:39+00:00
westwood/951477395435251_0,reject,2026-09-19T18:11:39+00:00
downtown/176190184419576_0,reject,2026-09-19T18:11:39+00:00
downtown/193150605859693_0,reject,2026-09-19T18:11:39+00:00
downtown/183365417022597_0,reject,2026-09-19T18:11:39+00:00
downtown/1174450019659670_2,reject,2026-09-19T18:11:39+00:00
downtown/1874760576714628_0,reject,2026-09-19T18:11:39+00:00
hollywood/4584270501625414_0,reject,2026-09-19T18:11:39+00:00
hollywood/312608870248017_0,reject,2026-09-19T18:11:39+00:00
hollywood/1267623135031183_0,reject,2026-09-19T18:11:39+00:00
koreatown/292866545668623_0,reject,2026-09-19T18:11:48+00:00
koreatown/911205312781246_1,reject,2026-09-19T18:11:48+00:00
koreatown/902475636981293_0,reject,2026-09-19T18:11:48+00:00
koreatown/257271112845979_1,reject,2026-09-19T18:11:48+00:00
koreatown/472761237283286_0,reject,2026-09-19T18:11:48+00:00
koreatown/492077848699653_0,reject,2026-09-19T18:11:48+00:00
koreatown/170099815029973_0,reject,2026-09-19T18:11:48+00:00
venice_mar_vista/269450258220109_0,reject,2026-09-19T18:11:48+00:00
venice_mar_vista/132498515476246_1,reject,2026-09-19T18:11:48+00:00
venice_mar_vista/509054753790942_0,reject,2026-09-19T18:11:48+00:00
westwood/1499910330352162_0,reject,2026-09-19T18:11:48+00:00
downtown/1598650190342119_0,accept,2026-09-19T18:11:48+00:00
downtown/252447253328084_0,reject,2026-09-19T18:11:48+00:00
downtown/281563907010986_0,reject,2026-09-19T18:11:48+00:00
downtown/5388254181244778_0,reject,2026-09-19T18:11:48+00:00
downtown/3710559379054324_0,reject,2026-09-19T18:11:48+00:00
hollywood/488768988979844_0,reject,2026-09-19T18:11:48+00:00
hollywood/1024642299848062_0,reject,2026-09-19T18:11:48+00:00
koreatown/448771416423008_0,accept,2026-09-19T18:11:48+00:00
venice_mar_vista/734327017264621_0,reject,2026-09-19T18:11:48+00:00
venice_mar_vista/318115763216434_0,reject,2026-09-19T18:11:48+00:00
downtown/3830210417088181_0,reject,2026-09-19T18:11:48+00:00
hollywood/502278007623269_0,reject,2026-09-19T18:11:48+00:00
hollywood/652001049033380_0,reject,2026-09-19T18:11:48+00:00
hollywood/3705497046245260_2,reject,2026-09-19T18:11:48+00:00
hollywood/499526587840764_2,reject,2026-09-19T18:11:48+00:00
venice_mar_vista/138357874875933_0,reject,2026-09-19T18:11:48+00:00
venice_mar_vista/249258860282840_0,reject,2026-09-19T18:11:48+00:00
downtown/854093648507630_0,reject,2026-09-19T18:11:48+00:00
downtown/1162801337495514_0,reject,2026-09-19T18:11:48+00:00
downtown/463972328051434_1,reject,2026-09-19T18:11:48+00:00
venice_mar_vista/2923393574643678_0,reject,2026-09-19T18:11:48+00:00
downtown/477631829966854_0,reject,2026-09-19T18:11:48+00:00
downtown/826980218221233_1,reject,2026-09-19T18:11:48+00:00
downtown/539691770773373_0,reject,2026-09-19T18:11:48+00:00
downtown/889467491605892_0,reject,2026-09-19T18:11:48+00:00
downtown/385958659512386_0,reject,2026-09-19T18:11:48+00:00
hollywood/173574074650876_1,reject,2026-09-19T18:11:48+00:00
hollywood/1148996158897944_0,reject,2026-09-19T18:11:48+00:00
hollywood/1208481820957705_0,reject,2026-09-19T18:11:48+00:00
hollywood/748100712552285_0,reject,2026-09-19T18:12:02+00:00
hollywood/210278033991132_2,reject,2026-09-19T18:12:02+00:00
koreatown/3919290318147174_0,accept,2026-09-19T18:12:02+00:00
koreatown/508601410417908_0,accept,2026-09-19T18:12:02+00:00
koreatown/1208757946220778_0,reject,2026-09-19T18:12:02+00:00
koreatown/863887560863768_0,reject,2026-09-19T18:12:02+00:00
koreatown/304262524486761_0,reject,2026-09-19T18:12:02+00:00
koreatown/2655722791394289_1,reject,2026-09-19T18:12:02+00:00
koreatown/2939676006268300_0,reject,2026-09-19T18:12:02+00:00
koreatown/794524604796707_0,reject,2026-09-19T18:12:02+00:00
venice_mar_vista/2981318138823805_0,reject,2026-09-19T18:12:02+00:00
venice_mar_vista/494964384885268_1,reject,2026-09-19T18:12:02+00:00
venice_mar_vista/2927919837487022_0,reject,2026-09-19T18:12:02+00:00
venice_mar_vista/132403122203247_0,reject,2026-09-19T18:12:02+00:00
venice_mar_vista/842661026327269_0,reject,2026-09-19T18:12:02+00:00
venice_mar_vista/291450646038242_0,reject,2026-09-19T18:12:02+00:00
westwood/457339948685212_0,reject,2026-09-19T18:12:02+00:00
downtown/525863718800158_1,reject,2026-09-19T18:12:02+00:00
hollywood/476525403680029_1,reject,2026-09-19T18:12:02+00:00
hollywood/301083801628675_0,reject,2026-09-19T18:12:02+00:00
koreatown/1704504986424344_0,reject,2026-09-19T18:12:02+00:00
venice_mar_vista/1340137276371324_0,accept,2026-09-19T18:12:02+00:00
downtown/216204420273924_0,reject,2026-09-19T18:12:02+00:00
downtown/186538599986738_0,reject,2026-09-19T18:12:02+00:00
downtown/313755863650848_0,reject,2026-09-19T18:12:02+00:00
downtown/297790548557837_1,reject,2026-09-19T18:12:02+00:00
downtown/2912135815713222_0,reject,2026-09-19T18:12:02+00:00
downtown/1896740833825071_0,reject,2026-09-19T18:12:02+00:00
hollywood/1418612128502279_0,reject,2026-09-19T18:12:02+00:00
hollywood/902140330518162_0,reject,2026-09-19T18:12:02+00:00
hollywood/1791887954323123_0,reject,2026-09-19T18:12:02+00:00
hollywood/513680559984929_0,reject,2026-09-19T18:12:02+00:00
hollywood/875545579735978_0,reject,2026-09-19T18:12:02+00:00
hollywood/466750821256392_0,reject,2026-09-19T18:12:02+00:00
hollywood/1797788971136008_0,reject,2026-09-19T18:12:02+00:00
hollywood/4236671053024089_0,reject,2026-09-19T18:12:02+00:00
hollywood/788938608395171_1,reject,2026-09-19T18:12:02+00:00
hollywood/518892342796742_0,reject,2026-09-19T18:12:02+00:00
hollywood/268754855089617_0,reject,2026-09-19T18:12:02+00:00
hollywood/190607349568264_0,reject,2026-09-19T18:12:02+00:00
koreatown/542432740078676_0,reject,2026-09-19T18:12:14+00:00
koreatown/4095012517219749_0,reject,2026-09-19T18:12:14+00:00
koreatown/430073728033352_0,reject,2026-09-19T18:12:14+00:00
koreatown/3017366205167184_0,reject,2026-09-19T18:12:14+00:00
koreatown/952028495532356_0,reject,2026-09-19T18:12:14+00:00
koreatown/318638586324430_0,reject,2026-09-19T18:12:14+00:00
koreatown/805101563466936_0,reject,2026-09-19T18:12:14+00:00
koreatown/576748416644330_1,reject,2026-09-19T18:12:14+00:00
venice_mar_vista/776771532981555_0,accept,2026-09-19T18:12:14+00:00
venice_mar_vista/507817997022016_0,reject,2026-09-19T18:12:14+00:00
venice_mar_vista/2961389627479158_0,reject,2026-09-19T18:12:14+00:00
downtown/166392772053194_1,reject,2026-09-19T18:12:14+00:00
downtown/293570099141077_1,reject,2026-09-19T18:12:14+00:00
downtown/283618753477049_0,reject,2026-09-19T18:12:14+00:00
hollywood/830279950920032_0,reject,2026-09-19T18:12:14+00:00
hollywood/147612173985606_0,reject,2026-09-19T18:12:14+00:00
hollywood/290490756112663_0,reject,2026-09-19T18:12:14+00:00
hollywood/2103930946415023_1,reject,2026-09-19T18:12:14+00:00
koreatown/2884285991900148_0,reject,2026-09-19T18:12:14+00:00
koreatown/173162231381132_1,reject,2026-09-19T18:12:14+00:00
koreatown/3931039273670112_0,reject,2026-09-19T18:12:14+00:00
koreatown/172935288057864_0,reject,2026-09-19T18:12:14+00:00
downtown/280273123792080_0,reject,2026-09-19T18:12:14+00:00
downtown/497660798251830_0,reject,2026-09-19T18:12:14+00:00
downtown/4231396546880806_0,reject,2026-09-19T18:12:14+00:00
downtown/4602308009797209_0,reject,2026-09-19T18:12:14+00:00
downtown/898161180963873_0,reject,2026-09-19T18:12:14+00:00
downtown/2555242784784732_0,reject,2026-09-19T18:12:14+00:00
hollywood/185204563454771_1,reject,2026-09-19T18:12:14+00:00
hollywood/184648443588509_0,reject,2026-09-19T18:12:14+00:00
hollywood/1154466548351084_0,reject,2026-09-19T18:12:14+00:00
hollywood/1238210976593866_0,reject,2026-09-19T18:12:14+00:00
hollywood/256237622509065_0,reject,2026-09-19T18:12:14+00:00
hollywood/313191590381023_0,reject,2026-09-19T18:12:14+00:00
hollywood/207667830885284_0,reject,2026-09-19T18:12:14+00:00
hollywood/417960599643611_0,reject,2026-09-19T18:12:14+00:00
hollywood/223950705918494_2,reject,2026-09-19T18:12:14+00:00
koreatown/497148001483825_0,reject,2026-09-19T18:12:14+00:00
koreatown/2824098974518779_0,reject,2026-09-19T18:12:14+00:00
koreatown/453170982647793_0,reject,2026-09-19T18:12:14+00:00
koreatown/515654609606953_0,reject,2026-09-19T18:12:21+00:00
koreatown/2552690624854712_0,reject,2026-09-19T18:12:21+00:00
koreatown/320481722923318_0,reject,2026-09-19T18:12:21+00:00
koreatown/4590737274272330_0,reject,2026-09-19T18:12:21+00:00
koreatown/947120066087274_1,reject,2026-09-19T18:12:21+00:00
koreatown/480347806545698_0,reject,2026-09-19T18:12:21+00:00
koreatown/298671025179845_0,reject,2026-09-19T18:12:21+00:00
koreatown/1404145729964970_0,reject,2026-09-19T18:12:21+00:00
koreatown/854416828798385_0,accept,2026-09-19T18:12:21+00:00
venice_mar_vista/302027278084206_0,reject,2026-09-19T18:12:21+00:00
venice_mar_vista/477759640217774_0,reject,2026-09-19T18:12:21+00:00
venice_mar_vista/985663985573618_0,reject,2026-09-19T18:12:21+00:00
hollywood/1118255088668145_0,reject,2026-09-19T18:12:21+00:00
hollywood/1110251777811314_0,reject,2026-09-19T18:12:21+00:00
hollywood/3897565823689878_0,reject,2026-09-19T18:12:21+00:00
venice_mar_vista/485375035918141_0,reject,2026-09-19T18:12:21+00:00
hollywood/897675437740562_0,reject,2026-09-19T18:12:21+00:00
hollywood/2648742192092435_1,reject,2026-09-19T18:12:21+00:00
koreatown/956485285187931_0,reject,2026-09-19T18:12:21+00:00
koreatown/2955132228148120_0,reject,2026-09-19T18:12:21+00:00
koreatown/804047967159944_0,reject,2026-09-19T18:12:21+00:00
venice_mar_vista/513870989646787_0,reject,2026-09-19T18:12:21+00:00
downtown/1619142194949205_0,reject,2026-09-19T18:12:21+00:00
downtown/314026066981003_0,reject,2026-09-19T18:12:21+00:00
downtown/454910219138451_0,reject,2026-09-19T18:12:21+00:00
hollywood/1005227155107257_0,reject,2026-09-19T18:12:21+00:00
hollywood/281685737055004_0,reject,2026-09-19T18:12:21+00:00
koreatown/1572571949619002_0,reject,2026-09-19T18:12:21+00:00
venice_mar_vista/3005753103042022_0,reject,2026-09-19T18:12:21+00:00
venice_mar_vista/1924231701075605_0,reject,2026-09-19T18:12:21+00:00
downtown/1996713423803268_0,reject,2026-09-19T18:12:21+00:00
downtown/460332198596642_0,reject,2026-09-19T18:12:21+00:00
downtown/803794250253832_0,reject,2026-09-19T18:12:21+00:00
downtown/1858527694304570_0,reject,2026-09-19T18:12:21+00:00
hollywood/303727824659498_0,reject,2026-09-19T18:12:21+00:00
hollywood/138660261577691_1,reject,2026-09-19T18:12:21+00:00
hollywood/288003099474261_0,reject,2026-09-19T18:12:21+00:00
hollywood/901432853978558_0,reject,2026-09-19T18:12:21+00:00
hollywood/1065084022203759_0,reject,2026-09-19T18:12:21+00:00
hollywood/1169237016837103_0,reject,2026-09-19T18:12:21+00:00
koreatown/1357650824616103_0,reject,2026-09-19T18:12:27+00:00
koreatown/470136867435264_1,reject,2026-09-19T18:12:27+00:00
koreatown/493991481790544_0,reject,2026-09-19T18:12:27+00:00
koreatown/245524657359549_0,reject,2026-09-19T18:12:27+00:00
venice_mar_vista/2974488252879512_0,reject,2026-09-19T18:12:27+00:00
venice_mar_vista/225626059573217_1,reject,2026-09-19T18:12:27+00:00
downtown/1408076479526388_0,accept,2026-09-19T18:12:27+00:00
downtown/849533008932839_0,reject,2026-09-19T18:12:27+00:00
hollywood/717354180710799_0,reject,2026-09-19T18:12:27+00:00
venice_mar_vista/874113613170934_0,reject,2026-09-19T18:12:27+00:00
venice_mar_vista/906011936887225_0,reject,2026-09-19T18:12:27+00:00
westwood/2964832967128443_0,reject,2026-09-19T18:12:27+00:00
hollywood/1984057481741828_0,reject,2026-09-19T18:12:27+00:00
hollywood/294835705502166_0,reject,2026-09-19T18:12:27+00:00
hollywood/899048974251242_0,reject,2026-09-19T18:12:27+00:00
hollywood/3635703539872109_0,reject,2026-09-19T18:12:27+00:00
venice_mar_vista/905807009964287_0,reject,2026-09-19T18:12:27+00:00
venice_mar_vista/1861527734006578_0,reject,2026-09-19T18:12:27+00:00
downtown/381072363215657_0,reject,2026-09-19T18:12:27+00:00
downtown/176031357715384_0,reject,2026-09-19T18:12:27+00:00
hollywood/281685737055004_1,reject,2026-09-19T18:12:27+00:00
koreatown/312651453790642_0,reject,2026-09-19T18:12:27+00:00
koreatown/152625196870351_0,reject,2026-09-19T18:12:27+00:00
venice_mar_vista/771692103737697_0,reject,2026-09-19T18:12:27+00:00
venice_mar_vista/4230183633688136_0,reject,2026-09-19T18:12:27+00:00
westwood/1064274560775609_0,reject,2026-09-19T18:12:27+00:00
downtown/527892655254256_0,reject,2026-09-19T18:12:27+00:00
hollywood/994222757999412_0,reject,2026-09-19T18:12:27+00:00
venice_mar_vista/2540014622973474_0,reject,2026-09-19T18:12:27+00:00
venice_mar_vista/1069479943541988_0,reject,2026-09-19T18:12:27+00:00
venice_mar_vista/1446742609006818_0,reject,2026-09-19T18:12:27+00:00
downtown/1925773177572593_0,reject,2026-09-19T18:12:27+00:00
downtown/606748170284022_0,reject,2026-09-19T18:12:27+00:00
downtown/3071754203052694_0,reject,2026-09-19T18:12:27+00:00
downtown/508078546867747_0,reject,2026-09-19T18:12:27+00:00
downtown/587674955959421_0,reject,2026-09-19T18:12:27+00:00
downtown/838661647004614_0,reject,2026-09-19T18:12:27+00:00
hollywood/851676765425358_0,reject,2026-09-19T18:12:27+00:00
westwood/227612805398309_0,reject,2026-09-19T18:12:27+00:00
downtown/562023711437389_0,reject,2026-09-19T18:12:27+00:00
downtown/313125156861014_1,reject,2026-09-19T18:12:31+00:00
hollywood/507793576899304_0,reject,2026-09-19T18:12:31+00:00
hollywood/362635071825960_0,reject,2026-09-19T18:12:31+00:00
hollywood/146747240736502_2,reject,2026-09-19T18:12:31+00:00
hollywood/1039709951462673_0,reject,2026-09-19T18:12:31+00:00
hollywood/278096250650774_0,reject,2026-09-19T18:12:31+00:00
hollywood/335786604802824_0,reject,2026-09-19T18:12:31+00:00
koreatown/305382251047390_0,reject,2026-09-19T18:12:31+00:00
venice_mar_vista/2080222342119362_1,reject,2026-09-19T18:12:31+00:00
venice_mar_vista/303312538178951_0,reject,2026-09-19T18:12:31+00:00
venice_mar_vista/771450253560306_0,reject,2026-09-19T18:12:31+00:00
venice_mar_vista/267740035033633_1,reject,2026-09-19T18:12:31+00:00
venice_mar_vista/148539500554410_0,reject,2026-09-19T18:12:31+00:00
downtown/306206474449511_0,reject,2026-09-19T18:12:31+00:00
downtown/3856036014444218_0,reject,2026-09-19T18:12:31+00:00
downtown/304543361195631_1,reject,2026-09-19T18:12:31+00:00
downtown/210987497190965_1,reject,2026-09-19T18:12:31+00:00
downtown/465499421175739_0,reject,2026-09-19T18:12:31+00:00
hollywood/1177392222682034_1,reject,2026-09-19T18:12:31+00:00
hollywood/774587526780337_0,reject,2026-09-19T18:12:31+00:00
hollywood/1224076898067183_0,reject,2026-09-19T18:12:31+00:00
hollywood/1263926305263159_2,reject,2026-09-19T18:12:31+00:00
koreatown/386209512496575_1,reject,2026-09-19T18:12:31+00:00
venice_mar_vista/533073801233454_0,reject,2026-09-19T18:12:31+00:00
venice_mar_vista/490626568802992_0,reject,2026-09-19T18:12:31+00:00
venice_mar_vista/155312686593923_0,reject,2026-09-19T18:12:31+00:00
westwood/315170173384353_0,reject,2026-09-19T18:12:31+00:00
downtown/327570442042257_0,reject,2026-09-19T18:12:31+00:00
downtown/126352206151594_0,reject,2026-09-19T18:12:31+00:00
hollywood/855003301789960_0,reject,2026-09-19T18:12:31+00:00
hollywood/298461638455435_0,reject,2026-09-19T18:12:31+00:00
hollywood/209364257617632_0,reject,2026-09-19T18:12:31+00:00
hollywood/300660291594541_0,reject,2026-09-19T18:12:31+00:00
koreatown/291338975799585_0,reject,2026-09-19T18:12:31+00:00
koreatown/1437543493266111_0,reject,2026-09-19T18:12:31+00:00
venice_mar_vista/310879827115222_0,reject,2026-09-19T18:12:31+00:00
hollywood/362570695190000_1,reject,2026-09-19T18:12:31+00:00
hollywood/1704664600255701_2,reject,2026-09-19T18:12:31+00:00
hollywood/476119833625703_0,reject,2026-09-19T18:12:31+00:00
hollywood/490006972126347_0,reject,2026-09-19T18:12:31+00:00
hollywood/215735466708727_0,reject,2026-09-19T18:12:37+00:00
hollywood/1173214029784145_0,reject,2026-09-19T18:12:37+00:00
koreatown/130910189057708_0,reject,2026-09-19T18:12:37+00:00
venice_mar_vista/261086912365970_0,reject,2026-09-19T18:12:37+00:00
venice_mar_vista/2234576950009046_0,reject,2026-09-19T18:12:37+00:00
venice_mar_vista/542635307161249_0,reject,2026-09-19T18:12:37+00:00
venice_mar_vista/296510138695022_0,reject,2026-09-19T18:12:37+00:00
venice_mar_vista/160039526039425_0,reject,2026-09-19T18:12:37+00:00
venice_mar_vista/203678558010606_0,reject,2026-09-19T18:12:37+00:00
downtown/928890764597614_0,reject,2026-09-19T18:12:37+00:00
downtown/187489796558860_0,reject,2026-09-19T18:12:37+00:00
downtown/3965388660211538_0,reject,2026-09-19T18:12:37+00:00
downtown/1081675402667639_0,reject,2026-09-19T18:12:37+00:00
downtown/3740866456041596_0,reject,2026-09-19T18:12:37+00:00
downtown/744374106240050_0,reject,2026-09-19T18:12:37+00:00
hollywood/108578621285885_0,reject,2026-09-19T18:12:37+00:00
hollywood/1704664600255701_0,reject,2026-09-19T18:12:37+00:00
hollywood/713462534528960_0,reject,2026-09-19T18:12:37+00:00
hollywood/313191590381023_1,reject,2026-09-19T18:12:37+00:00
koreatown/312675447035777_0,reject,2026-09-19T18:12:37+00:00
koreatown/231447305417466_0,reject,2026-09-19T18:12:37+00:00
venice_mar_vista/515197339652388_0,reject,2026-09-19T18:12:37+00:00
venice_mar_vista/1109776619490422_0,reject,2026-09-19T18:12:37+00:00
venice_mar_vista/1199598740513484_0,reject,2026-09-19T18:12:37+00:00
venice_mar_vista/288948412892572_0,reject,2026-09-19T18:12:37+00:00
westwood/585172709090818_0,reject,2026-09-19T18:12:37+00:00
downtown/194774772471688_0,reject,2026-09-19T18:12:37+00:00
downtown/795761657739202_0,reject,2026-09-19T18:12:37+00:00
downtown/687366470566433_0,reject,2026-09-19T18:12:37+00:00
downtown/295937758688137_0,reject,2026-09-19T18:12:37+00:00
downtown/951733385657567_1,reject,2026-09-19T18:12:37+00:00
hollywood/510515506639022_0,reject,2026-09-19T18:12:37+00:00
hollywood/323815276020482_0,reject,2026-09-19T18:12:37+00:00
hollywood/5452746114800365_0,reject,2026-09-19T18:12:37+00:00
hollywood/3934861433300279_0,reject,2026-09-19T18:12:37+00:00
hollywood/3120245424815651_0,reject,2026-09-19T18:12:37+00:00
koreatown/205238608097613_0,reject,2026-09-19T18:12:37+00:00
venice_mar_vista/372239251088936_0,reject,2026-09-19T18:12:37+00:00
downtown/807930496502510_0,reject,2026-09-19T18:12:37+00:00
downtown/1888157501341863_0,reject,2026-09-19T18:12:37+00:00
hollywood/302679891267667_1,reject,2026-09-19T18:12:45+00:00
hollywood/2819640458365418_0,reject,2026-09-19T18:12:45+00:00
hollywood/1214121052356084_1,reject,2026-09-19T18:12:45+00:00
hollywood/463032571439108_0,reject,2026-09-19T18:12:45+00:00
koreatown/772127986827512_0,reject,2026-09-19T18:12:45+00:00
koreatown/1861410627359863_0,reject,2026-09-19T18:12:45+00:00
venice_mar_vista/755695661981937_0,accept,2026-09-19T18:12:45+00:00
venice_mar_vista/516690729343287_0,reject,2026-09-19T18:12:45+00:00
westwood/294710592109093_0,reject,2026-09-19T18:12:45+00:00
downtown/226666585928732_0,reject,2026-09-19T18:12:45+00:00
downtown/754512395242957_0,reject,2026-09-19T18:12:45+00:00
downtown/305955754331543_0,reject,2026-09-19T18:12:45+00:00
hollywood/1233040630481421_0,reject,2026-09-19T18:12:45+00:00
koreatown/3989783401105994_0,reject,2026-09-19T18:12:45+00:00
venice_mar_vista/1239445706556319_0,reject,2026-09-19T18:12:45+00:00
venice_mar_vista/740651259932664_0,reject,2026-09-19T18:12:45+00:00
downtown/965112404254311_1,reject,2026-09-19T18:12:45+00:00
downtown/241396067736912_0,reject,2026-09-19T18:12:45+00:00
downtown/4634116443270180_0,reject,2026-09-19T18:12:45+00:00
downtown/304927841068979_0,reject,2026-09-19T18:12:45+00:00
downtown/801456524085757_1,reject,2026-09-19T18:12:45+00:00
hollywood/1054784889314925_1,reject,2026-09-19T18:12:45+00:00
hollywood/2092653854572240_0,reject,2026-09-19T18:12:45+00:00
hollywood/208518284154094_0,reject,2026-09-19T18:12:45+00:00
hollywood/2873600772968442_0,reject,2026-09-19T18:12:45+00:00
venice_mar_vista/246039407276028_0,reject,2026-09-19T18:12:45+00:00
venice_mar_vista/754518515209646_1,reject,2026-09-19T18:12:45+00:00
venice_mar_vista/2794792734106041_1,reject,2026-09-19T18:12:45+00:00
venice_mar_vista/3856856351099665_0,reject,2026-09-19T18:12:45+00:00
westwood/398363274472101_0,reject,2026-09-19T18:12:45+00:00
westwood/509303120423449_0,reject,2026-09-19T18:12:45+00:00
downtown/931088777688740_0,reject,2026-09-19T18:12:45+00:00
hollywood/1106157923208417_0,reject,2026-09-19T18:12:45+00:00
hollywood/2939836146263840_0,reject,2026-09-19T18:12:45+00:00
hollywood/2179054655849257_0,reject,2026-09-19T18:12:45+00:00
hollywood/217186836457173_0,reject,2026-09-19T18:12:45+00:00
hollywood/111102441043575_0,reject,2026-09-19T18:12:45+00:00
hollywood/213374956889316_0,reject,2026-09-19T18:12:45+00:00
hollywood/886997828822504_0,reject,2026-09-19T18:12:45+00:00
venice_mar_vista/525033381996702_0,reject,2026-09-19T18:12:45+00:00
venice_mar_vista/2838485349802011_0,reject,2026-09-19T18:12:52+00:00
venice_mar_vista/1106848073168975_1,reject,2026-09-19T18:12:52+00:00
venice_mar_vista/499440097905867_1,reject,2026-09-19T18:12:52+00:00
westwood/378461280209237_0,reject,2026-09-19T18:12:52+00:00
westwood/478310976822787_0,reject,2026-09-19T18:12:52+00:00
downtown/584278022964909_0,reject,2026-09-19T18:12:52+00:00
downtown/1649532481917860_0,reject,2026-09-19T18:12:52+00:00
downtown/1086741548479189_0,reject,2026-09-19T18:12:52+00:00
downtown/511855613185473_0,reject,2026-09-19T18:12:52+00:00
downtown/533528821144693_0,reject,2026-09-19T18:12:52+00:00
hollywood/490377742403071_0,reject,2026-09-19T18:12:52+00:00
hollywood/1245548200309997_0,reject,2026-09-19T18:12:52+00:00
koreatown/1333569060349229_0,reject,2026-09-19T18:12:52+00:00
venice_mar_vista/269450258220109_1,reject,2026-09-19T18:12:52+00:00
venice_mar_vista/2948110392136675_1,reject,2026-09-19T18:12:52+00:00
venice_mar_vista/213445923543096_0,reject,2026-09-19T18:12:52+00:00
venice_mar_vista/1134139857105719_0,reject,2026-09-19T18:12:52+00:00
venice_mar_vista/879463005935269_1,reject,2026-09-19T18:12:52+00:00
downtown/1183191452163279_0,reject,2026-09-19T18:12:52+00:00
downtown/773932253308933_0,reject,2026-09-19T18:12:52+00:00
downtown/390635518659836_0,reject,2026-09-19T18:12:52+00:00
downtown/1458660994514205_0,reject,2026-09-19T18:12:52+00:00
hollywood/519324989074096_1,reject,2026-09-19T18:12:52+00:00
hollywood/504374077265878_1,reject,2026-09-19T18:12:52+00:00
hollywood/157266956258945_0,reject,2026-09-19T18:12:52+00:00
hollywood/187351723148216_0,reject,2026-09-19T18:12:52+00:00
koreatown/161915275880576_0,reject,2026-09-19T18:12:52+00:00
venice_mar_vista/3966112593471443_1,reject,2026-09-19T18:12:52+00:00
downtown/2928545387392973_0,accept,2026-09-19T18:12:52+00:00
downtown/804179653806443_0,reject,2026-09-19T18:12:52+00:00
hollywood/1145152207416519_0,reject,2026-09-19T18:12:52+00:00
hollywood/200126065113299_1,reject,2026-09-19T18:12:52+00:00
koreatown/520537675629097_0,accept,2026-09-19T18:12:52+00:00
venice_mar_vista/294856765417628_0,reject,2026-09-19T18:12:52+00:00
downtown/1619142194949205_1,reject,2026-09-19T18:12:52+00:00
downtown/1206732043088922_0,reject,2026-09-19T18:12:52+00:00
downtown/768790153820529_0,reject,2026-09-19T18:12:52+00:00
downtown/535887094486620_0,reject,2026-09-19T18:12:52+00:00
downtown/965083877635460_0,reject,2026-09-19T18:12:52+00:00
downtown/1402890530077317_0,reject,2026-09-19T18:12:52+00:00
hollywood/483394032878453_0,reject,2026-09-19T18:12:56+00:00
hollywood/141870277908252_1,reject,2026-09-19T18:12:56+00:00
hollywood/470730980850601_0,reject,2026-09-19T18:12:56+00:00
hollywood/508666373837002_0,reject,2026-09-19T18:12:56+00:00
hollywood/767085637338989_0,reject,2026-09-19T18:12:56+00:00
hollywood/266065145246211_1,reject,2026-09-19T18:12:56+00:00
hollywood/1024642299848062_1,reject,2026-09-19T18:12:56+00:00
koreatown/775183579857437_0,reject,2026-09-19T18:12:56+00:00
koreatown/224163579145942_0,reject,2026-09-19T18:12:56+00:00
venice_mar_vista/820708198568414_0,reject,2026-09-19T18:12:56+00:00
venice_mar_vista/4466870713342369_1,reject,2026-09-19T18:12:56+00:00
venice_mar_vista/829922064618854_0,reject,2026-09-19T18:12:56+00:00
venice_mar_vista/823788508234511_0,reject,2026-09-19T18:12:56+00:00
venice_mar_vista/141025501335992_0,reject,2026-09-19T18:12:56+00:00
westwood/578321996406779_0,reject,2026-09-19T18:12:56+00:00
downtown/2917388621856808_0,reject,2026-09-19T18:12:56+00:00
downtown/483790309439552_0,reject,2026-09-19T18:12:56+00:00
downtown/4136866729667676_1,reject,2026-09-19T18:12:56+00:00
downtown/1040558217519808_0,reject,2026-09-19T18:12:56+00:00
downtown/484972102936703_0,reject,2026-09-19T18:12:56+00:00
downtown/305752070928243_0,reject,2026-09-19T18:12:56+00:00
downtown/782767612609729_1,reject,2026-09-19T18:12:56+00:00
hollywood/800729390829498_0,reject,2026-09-19T18:12:56+00:00
hollywood/235548518321402_0,reject,2026-09-19T18:12:56+00:00
hollywood/4122655837756932_0,reject,2026-09-19T18:12:56+00:00
hollywood/1223632405837786_0,reject,2026-09-19T18:12:56+00:00
hollywood/688757950448961_0,reject,2026-09-19T18:12:56+00:00
hollywood/1128280249022724_0,reject,2026-09-19T18:12:56+00:00
koreatown/1001815613717454_0,reject,2026-09-19T18:12:56+00:00
venice_mar_vista/1877679409048338_0,reject,2026-09-19T18:12:56+00:00
venice_mar_vista/1269288476861375_0,reject,2026-09-19T18:12:56+00:00
venice_mar_vista/225626059573217_0,reject,2026-09-19T18:12:56+00:00
venice_mar_vista/470890790881755_0,reject,2026-09-19T18:12:56+00:00
downtown/300521004848424_1,reject,2026-09-19T18:12:56+00:00
downtown/300167321655354_0,reject,2026-09-19T18:12:56+00:00
downtown/770852130217573_1,reject,2026-09-19T18:12:56+00:00
downtown/729112801103365_1,reject,2026-09-19T18:12:56+00:00
downtown/3289691881257962_0,reject,2026-09-19T18:12:56+00:00
downtown/274999277650555_0,reject,2026-09-19T18:12:56+00:00
hollywood/825006388392650_0,reject,2026-09-19T18:12:56+00:00
hollywood/1075266589663333_0,reject,2026-09-19T18:12:59+00:00
hollywood/1173214029784145_1,reject,2026-09-19T18:12:59+00:00
hollywood/1024179241446516_0,reject,2026-09-19T18:12:59+00:00
hollywood/2304313799703095_0,reject,2026-09-19T18:12:59+00:00
koreatown/2765855500392211_0,reject,2026-09-19T18:12:59+00:00
venice_mar_vista/1605139539670811_0,reject,2026-09-19T18:12:59+00:00
venice_mar_vista/1900972523384402_0,reject,2026-09-19T18:12:59+00:00
westwood/780818012580508_0,reject,2026-09-19T18:12:59+00:00
downtown/456992458699334_0,reject,2026-09-19T18:12:59+00:00
hollywood/1154400871648130_0,reject,2026-09-19T18:12:59+00:00
hollywood/156226926439680_0,reject,2026-09-19T18:12:59+00:00
hollywood/195526435628119_0,reject,2026-09-19T18:12:59+00:00
hollywood/464740181421550_0,reject,2026-09-19T18:12:59+00:00
hollywood/266022391894796_0,reject,2026-09-19T18:12:59+00:00
hollywood/2072734442869105_0,reject,2026-09-19T18:12:59+00:00
koreatown/182793060285250_0,reject,2026-09-19T18:12:59+00:00
venice_mar_vista/2663820910575809_0,reject,2026-09-19T18:12:59+00:00
venice_mar_vista/288685866239504_0,reject,2026-09-19T18:12:59+00:00
venice_mar_vista/857273288335472_0,reject,2026-09-19T18:12:59+00:00
venice_mar_vista/371641737475521_0,reject,2026-09-19T18:12:59+00:00
downtown/4070425326547193_0,reject,2026-09-19T18:12:59+00:00
downtown/578602493113569_0,reject,2026-09-19T18:12:59+00:00
downtown/1205643389943852_0,reject,2026-09-19T18:12:59+00:00
downtown/1985171261639221_0,reject,2026-09-19T18:12:59+00:00
hollywood/742932723055266_0,reject,2026-09-19T18:12:59+00:00
hollywood/575217670119286_1,reject,2026-09-19T18:12:59+00:00
hollywood/712569111271367_0,reject,2026-09-19T18:12:59+00:00
hollywood/574018847321750_0,reject,2026-09-19T18:12:59+00:00
venice_mar_vista/455359805535899_0,reject,2026-09-19T18:12:59+00:00
venice_mar_vista/336586894820367_0,reject,2026-09-19T18:12:59+00:00
venice_mar_vista/189179696367236_0,reject,2026-09-19T18:12:59+00:00
downtown/321076986105005_0,reject,2026-09-19T18:12:59+00:00
downtown/224187412374922_0,reject,2026-09-19T18:12:59+00:00
hollywood/1704664600255701_1,reject,2026-09-19T18:12:59+00:00
hollywood/1231899915270066_0,reject,2026-09-19T18:12:59+00:00
hollywood/3667238716742610_1,reject,2026-09-19T18:12:59+00:00
hollywood/1166657488564253_0,reject,2026-09-19T18:12:59+00:00
koreatown/131123819055997_1,reject,2026-09-19T18:12:59+00:00
venice_mar_vista/287910023012306_0,reject,2026-09-19T18:12:59+00:00
westwood/353272209738313_0,reject,2026-09-19T18:12:59+00:00
westwood/1670717609796863_0,accept,2026-09-19T18:13:10+00:00
downtown/3928852647213456_0,reject,2026-09-19T18:13:10+00:00
downtown/318119843268225_0,reject,2026-09-19T18:13:10+00:00
hollywood/172903361390102_0,reject,2026-09-19T18:13:10+00:00
hollywood/2881829535419003_0,reject,2026-09-19T18:13:10+00:00
hollywood/3896793453744042_0,reject,2026-09-19T18:13:10+00:00
hollywood/2658633064441480_0,reject,2026-09-19T18:13:10+00:00
hollywood/1263926305263159_0,reject,2026-09-19T18:13:10+00:00
hollywood/1716941232251522_0,reject,2026-09-19T18:13:10+00:00
koreatown/374115277254724_1,reject,2026-09-19T18:13:10+00:00
downtown/373500220654353_0,reject,2026-09-19T18:13:10+00:00
downtown/510248416777542_0,reject,2026-09-19T18:13:10+00:00
downtown/2817421511844447_0,reject,2026-09-19T18:13:10+00:00
downtown/2878222412463682_0,reject,2026-09-19T18:13:10+00:00
downtown/501589754622848_1,reject,2026-09-19T18:13:10+00:00
hollywood/488481098912063_0,reject,2026-09-19T18:13:10+00:00
hollywood/1005131518369227_0,reject,2026-09-19T18:13:10+00:00
koreatown/180688480605045_0,reject,2026-09-19T18:13:10+00:00
venice_mar_vista/304138191243479_0,reject,2026-09-19T18:13:10+00:00
venice_mar_vista/1189579621503390_0,accept,2026-09-19T18:13:10+00:00
venice_mar_vista/194148185889938_0,reject,2026-09-19T18:13:10+00:00
venice_mar_vista/1580824392123853_0,reject,2026-09-19T18:13:10+00:00
venice_mar_vista/546926933314584_0,reject,2026-09-19T18:13:10+00:00
downtown/483533939519292_0,reject,2026-09-19T18:13:10+00:00
hollywood/1145152207416519_1,reject,2026-09-19T18:13:10+00:00
hollywood/172360501444650_0,reject,2026-09-19T18:13:10+00:00
hollywood/823886598505782_0,reject,2026-09-19T18:13:10+00:00
hollywood/299855815086900_0,reject,2026-09-19T18:13:10+00:00
koreatown/1335985013450978_0,reject,2026-09-19T18:13:10+00:00
venice_mar_vista/785878878729168_1,reject,2026-09-19T18:13:10+00:00
venice_mar_vista/190689062891784_0,reject,2026-09-19T18:13:10+00:00
venice_mar_vista/179793507222281_0,reject,2026-09-19T18:13:10+00:00
venice_mar_vista/2421770607966416_0,reject,2026-09-19T18:13:10+00:00
downtown/915426437375710_0,reject,2026-09-19T18:13:10+00:00
downtown/985845812174384_0,reject,2026-09-19T18:13:10+00:00
downtown/313125213660550_0,reject,2026-09-19T18:13:10+00:00
downtown/138648001589041_1,reject,2026-09-19T18:13:10+00:00
downtown/766603474218788_0,reject,2026-09-19T18:13:10+00:00
downtown/1195874995552862_0,reject,2026-09-19T18:13:10+00:00
hollywood/272669227861185_0,reject,2026-09-19T18:13:10+00:00
hollywood/500948747611926_0,reject,2026-09-19T18:13:20+00:00
hollywood/570910180554425_0,reject,2026-09-19T18:13:20+00:00
hollywood/1115707485506532_0,reject,2026-09-19T18:13:20+00:00
hollywood/299568881740864_0,reject,2026-09-19T18:13:20+00:00
koreatown/829114774686000_0,reject,2026-09-19T18:13:20+00:00
koreatown/287090466469116_0,reject,2026-09-19T18:13:20+00:00
venice_mar_vista/449553812809080_0,reject,2026-09-19T18:13:20+00:00
westwood/961377288042286_0,reject,2026-09-19T18:13:20+00:00
downtown/686936611167157_0,reject,2026-09-19T18:13:20+00:00
downtown/374545407200348_0,reject,2026-09-19T18:13:20+00:00
downtown/845947809355269_0,reject,2026-09-19T18:13:20+00:00
downtown/1058000314727990_0,reject,2026-09-19T18:13:20+00:00
downtown/212918627022410_0,reject,2026-09-19T18:13:20+00:00
downtown/305777780993975_0,reject,2026-09-19T18:13:20+00:00
downtown/520669319341193_0,reject,2026-09-19T18:13:20+00:00
downtown/195467508923435_1,reject,2026-09-19T18:13:20+00:00
downtown/772847656931117_0,reject,2026-09-19T18:13:20+00:00
downtown/1202872454951371_0,reject,2026-09-19T18:13:20+00:00
hollywood/1141602749599809_0,reject,2026-09-19T18:13:20+00:00
hollywood/1005131518369227_1,reject,2026-09-19T18:13:20+00:00
hollywood/293349992277318_0,reject,2026-09-19T18:13:20+00:00
hollywood/311694817026737_0,reject,2026-09-19T18:13:20+00:00
hollywood/303668224470453_1,reject,2026-09-19T18:13:20+00:00
hollywood/1379620400136194_0,reject,2026-09-19T18:13:20+00:00
hollywood/1263926305263159_1,reject,2026-09-19T18:13:20+00:00
hollywood/1005227155107257_2,reject,2026-09-19T18:13:20+00:00
koreatown/846814325911756_0,reject,2026-09-19T18:13:20+00:00
koreatown/209750334065010_0,reject,2026-09-19T18:13:20+00:00
venice_mar_vista/453566719275867_1,reject,2026-09-19T18:13:20+00:00
westwood/137652921743035_0,reject,2026-09-19T18:13:20+00:00
downtown/305404320979124_0,reject,2026-09-19T18:13:20+00:00
downtown/380143356649265_0,reject,2026-09-19T18:13:20+00:00
downtown/300521004848424_0,reject,2026-09-19T18:13:20+00:00
downtown/1065352330534978_0,reject,2026-09-19T18:13:20+00:00
downtown/1781768682030542_2,reject,2026-09-19T18:13:20+00:00
downtown/414743499534156_0,reject,2026-09-19T18:13:20+00:00
downtown/807192433268897_0,reject,2026-09-19T18:13:20+00:00
downtown/481863749691192_0,reject,2026-09-19T18:13:20+00:00
downtown/132656942185962_1,reject,2026-09-19T18:13:20+00:00
hollywood/181530337165659_0,reject,2026-09-19T18:13:20+00:00
hollywood/742098629791366_1,reject,2026-09-19T18:13:24+00:00
hollywood/462757244992686_0,reject,2026-09-19T18:13:24+00:00
hollywood/200437355257055_0,reject,2026-09-19T18:13:24+00:00
koreatown/565846791067325_1,reject,2026-09-19T18:13:24+00:00
koreatown/804323997161473_0,reject,2026-09-19T18:13:24+00:00
venice_mar_vista/2971475356461709_0,reject,2026-09-19T18:13:24+00:00
venice_mar_vista/4061322557286305_0,reject,2026-09-19T18:13:24+00:00
westwood/164212749064216_0,reject,2026-09-19T18:13:24+00:00
downtown/1480794435590395_0,reject,2026-09-19T18:13:24+00:00
downtown/508078546867747_1,reject,2026-09-19T18:13:24+00:00
downtown/660757213495176_0,reject,2026-09-19T18:13:24+00:00
downtown/1781768682030542_1,reject,2026-09-19T18:13:24+00:00
downtown/1457657055404975_0,reject,2026-09-19T18:13:24+00:00
downtown/393486611628270_1,reject,2026-09-19T18:13:24+00:00
downtown/248764233700811_0,reject,2026-09-19T18:13:24+00:00
downtown/3049574958698024_0,reject,2026-09-19T18:13:24+00:00
downtown/874928733237150_0,reject,2026-09-19T18:13:24+00:00
hollywood/761691831198307_1,reject,2026-09-19T18:13:24+00:00
hollywood/486766709109324_0,reject,2026-09-19T18:13:24+00:00
hollywood/1011814299352839_0,reject,2026-09-19T18:13:24+00:00
hollywood/108342064665275_0,reject,2026-09-19T18:13:24+00:00
hollywood/221033116079335_0,reject,2026-09-19T18:13:24+00:00
hollywood/328012838670333_0,reject,2026-09-19T18:13:24+00:00
hollywood/1005973388366328_1,reject,2026-09-19T18:13:24+00:00
koreatown/1231622343940810_0,reject,2026-09-19T18:13:24+00:00
venice_mar_vista/2833694213612937_0,reject,2026-09-19T18:13:24+00:00
venice_mar_vista/763213971228948_0,reject,2026-09-19T18:13:24+00:00
venice_mar_vista/171117351580091_0,reject,2026-09-19T18:13:24+00:00
downtown/148613957213236_0,reject,2026-09-19T18:13:24+00:00
downtown/217527926476956_0,reject,2026-09-19T18:13:24+00:00
downtown/522367729142385_0,reject,2026-09-19T18:13:24+00:00
downtown/184330523624522_0,reject,2026-09-19T18:13:24+00:00
downtown/1971898089616938_1,reject,2026-09-19T18:13:24+00:00
downtown/826980218221233_3,reject,2026-09-19T18:13:24+00:00
downtown/201711548229902_1,reject,2026-09-19T18:13:24+00:00
downtown/906575126854176_0,reject,2026-09-19T18:13:24+00:00
downtown/1720366768151172_0,reject,2026-09-19T18:13:24+00:00
downtown/500958577718865_0,reject,2026-09-19T18:13:24+00:00
downtown/305404320979124_1,reject,2026-09-19T18:13:24+00:00
hollywood/1039613861479265_0,reject,2026-09-19T18:13:24+00:00
hollywood/717354180710799_1,reject,2026-09-19T18:13:27+00:00
hollywood/1243572289394076_0,reject,2026-09-19T18:13:27+00:00
hollywood/300026168275768_0,reject,2026-09-19T18:13:27+00:00
hollywood/273801807807880_0,reject,2026-09-19T18:13:27+00:00
hollywood/506747657124121_0,reject,2026-09-19T18:13:27+00:00
hollywood/3786696658122372_0,reject,2026-09-19T18:13:27+00:00
hollywood/854468525138455_1,reject,2026-09-19T18:13:27+00:00
hollywood/1154400871648130_1,reject,2026-09-19T18:13:27+00:00
koreatown/1412149969129653_0,reject,2026-09-19T18:13:27+00:00
koreatown/184660016867316_0,reject,2026-09-19T18:13:27+00:00
venice_mar_vista/177917914103249_0,reject,2026-09-19T18:13:27+00:00
venice_mar_vista/157766359623314_0,reject,2026-09-19T18:13:27+00:00
venice_mar_vista/4311309825593873_0,reject,2026-09-19T18:13:27+00:00
venice_mar_vista/3189237011302855_0,reject,2026-09-19T18:13:27+00:00
downtown/1065352330534978_1,reject,2026-09-19T18:13:27+00:00
hollywood/276345497547336_0,reject,2026-09-19T18:13:27+00:00
hollywood/24014032531534989_0,reject,2026-09-19T18:13:27+00:00
hollywood/717354180710799_2,reject,2026-09-19T18:13:27+00:00
hollywood/1003096918661598_0,reject,2026-09-19T18:13:27+00:00
venice_mar_vista/1603873443139127_0,reject,2026-09-19T18:13:27+00:00
venice_mar_vista/513002076545925_0,reject,2026-09-19T18:13:27+00:00
venice_mar_vista/478451386829058_0,reject,2026-09-19T18:13:27+00:00
westwood/2926557047598986_0,reject,2026-09-19T18:13:27+00:00
downtown/756052468438202_0,reject,2026-09-19T18:13:27+00:00
downtown/1703420793198867_0,reject,2026-09-19T18:13:27+00:00
downtown/301633061459390_0,reject,2026-09-19T18:13:27+00:00
downtown/392769055032579_0,reject,2026-09-19T18:13:27+00:00
downtown/951131842356640_0,reject,2026-09-19T18:13:27+00:00
hollywood/864072037535490_0,reject,2026-09-19T18:13:27+00:00
hollywood/320044159484864_0,reject,2026-09-19T18:13:27+00:00
hollywood/324839085664127_0,reject,2026-09-19T18:13:27+00:00
hollywood/9633758236722921_0,reject,2026-09-19T18:13:27+00:00
hollywood/977382299467384_0,reject,2026-09-19T18:13:27+00:00
hollywood/176511664349205_0,reject,2026-09-19T18:13:27+00:00
hollywood/131483182360119_0,reject,2026-09-19T18:13:27+00:00
hollywood/985689055304494_0,reject,2026-09-19T18:13:27+00:00
hollywood/308536410718991_0,reject,2026-09-19T18:13:27+00:00
hollywood/315927646827491_0,reject,2026-09-19T18:13:27+00:00
hollywood/647006596162352_0,reject,2026-09-19T18:13:27+00:00
hollywood/1603247177019530_0,reject,2026-09-19T18:13:27+00:00
hollywood/680196951393281_1,reject,2026-09-19T18:13:30+00:00
hollywood/762144551331375_0,reject,2026-09-19T18:13:30+00:00
hollywood/465069854775038_0,reject,2026-09-19T18:13:30+00:00
hollywood/490822379028886_1,reject,2026-09-19T18:13:30+00:00
hollywood/722624156881556_0,reject,2026-09-19T18:13:30+00:00
koreatown/758538708017759_0,reject,2026-09-19T18:13:30+00:00
venice_mar_vista/1165038187275154_0,reject,2026-09-19T18:13:30+00:00
downtown/234612605087924_0,reject,2026-09-19T18:13:30+00:00
downtown/527798441544161_1,reject,2026-09-19T18:13:30+00:00
downtown/132656942185962_0,reject,2026-09-19T18:13:30+00:00
downtown/1153792695082450_0,reject,2026-09-19T18:13:30+00:00
downtown/389299162172002_0,reject,2026-09-19T18:13:30+00:00
downtown/908507293061467_0,reject,2026-09-19T18:13:30+00:00
hollywood/105953904908888_0,reject,2026-09-19T18:13:30+00:00
hollywood/1185344545314979_0,reject,2026-09-19T18:13:30+00:00
hollywood/312000227057488_0,reject,2026-09-19T18:13:30+00:00
hollywood/338222434392964_0,reject,2026-09-19T18:13:30+00:00
hollywood/1232253425041454_0,reject,2026-09-19T18:13:30+00:00
koreatown/799691224312330_0,reject,2026-09-19T18:13:30+00:00
venice_mar_vista/309688727195428_0,reject,2026-09-19T18:13:30+00:00
venice_mar_vista/299370125008753_0,reject,2026-09-19T18:13:30+00:00
venice_mar_vista/830430114345970_0,reject,2026-09-19T18:13:30+00:00
westwood/180605617182930_0,reject,2026-09-19T18:13:30+00:00
westwood/381327549855489_0,reject,2026-09-19T18:13:30+00:00
downtown/2051087065029388_0,reject,2026-09-19T18:13:30+00:00
downtown/791087911541756_0,reject,2026-09-19T18:13:30+00:00
downtown/3082086788686320_0,reject,2026-09-19T18:13:30+00:00
hollywood/1005973388366328_0,reject,2026-09-19T18:13:30+00:00
hollywood/324392032406135_0,reject,2026-09-19T18:13:30+00:00
hollywood/703707198916824_0,reject,2026-09-19T18:13:30+00:00
hollywood/926999954752864_0,reject,2026-09-19T18:13:30+00:00
hollywood/1791887954323123_1,reject,2026-09-19T18:13:30+00:00
koreatown/984223909053090_0,reject,2026-09-19T18:13:30+00:00
venice_mar_vista/1159154364551555_1,reject,2026-09-19T18:13:30+00:00
downtown/215938686662433_0,reject,2026-09-19T18:13:30+00:00
downtown/1371637456540460_1,reject,2026-09-19T18:13:30+00:00
downtown/521837935849795_0,reject,2026-09-19T18:13:30+00:00
downtown/948842262349742_0,reject,2026-09-19T18:13:30+00:00
downtown/687366470566433_1,reject,2026-09-19T18:13:30+00:00
downtown/3209021389329370_0,reject,2026-09-19T18:13:30+00:00
downtown/169676648397845_0,reject,2026-09-19T18:13:35+00:00
downtown/2569070760063149_0,reject,2026-09-19T18:13:35+00:00
downtown/2974004439495075_0,reject,2026-09-19T18:13:35+00:00
downtown/161985762431864_0,reject,2026-09-19T18:13:35+00:00
hollywood/209762037621994_0,reject,2026-09-19T18:13:35+00:00
hollywood/3008407326071060_0,reject,2026-09-19T18:13:35+00:00
hollywood/1197275757391568_0,reject,2026-09-19T18:13:35+00:00
hollywood/1005227155107257_1,reject,2026-09-19T18:13:35+00:00
hollywood/1866535557530546_0,reject,2026-09-19T18:13:35+00:00
hollywood/1019445817056386_0,reject,2026-09-19T18:13:35+00:00
hollywood/971858855155577_0,reject,2026-09-19T18:13:35+00:00
hollywood/1050643049762060_0,reject,2026-09-19T18:13:35+00:00
hollywood/1156651828147530_3,reject,2026-09-19T18:13:35+00:00
hollywood/510539690080982_0,reject,2026-09-19T18:13:35+00:00
hollywood/1127781137699469_0,reject,2026-09-19T18:13:35+00:00
hollywood/3894444433983273_0,reject,2026-09-19T18:13:35+00:00
hollywood/2819640458365418_1,reject,2026-09-19T18:13:35+00:00
hollywood/1172854183216754_0,reject,2026-09-19T18:13:35+00:00
koreatown/1372310163144147_0,reject,2026-09-19T18:13:35+00:00
koreatown/131123819055997_2,reject,2026-09-19T18:13:35+00:00
venice_mar_vista/314330516910490_0,reject,2026-09-19T18:13:35+00:00
venice_mar_vista/2962536763960560_0,reject,2026-09-19T18:13:35+00:00
venice_mar_vista/2866677073599724_1,reject,2026-09-19T18:13:35+00:00
venice_mar_vista/496469324808905_0,reject,2026-09-19T18:13:35+00:00
downtown/254174313103435_0,reject,2026-09-19T18:13:35+00:00
downtown/2921650898084602_0,reject,2026-09-19T18:13:35+00:00
downtown/297741708590057_0,reject,2026-09-19T18:13:35+00:00
downtown/1543899265951568_0,reject,2026-09-19T18:13:35+00:00
hollywood/165679908806437_0,reject,2026-09-19T18:13:35+00:00
hollywood/681267908126897_1,reject,2026-09-19T18:13:35+00:00
hollywood/3070615166420780_0,reject,2026-09-19T18:13:35+00:00
hollywood/722624156881556_1,reject,2026-09-19T18:13:35+00:00
hollywood/373670090661305_0,reject,2026-09-19T18:13:35+00:00
hollywood/2989716834594758_0,reject,2026-09-19T18:13:35+00:00
hollywood/507197930281401_0,reject,2026-09-19T18:13:35+00:00
hollywood/529134948253863_0,reject,2026-09-19T18:13:35+00:00
hollywood/713462534528960_1,reject,2026-09-19T18:13:35+00:00
hollywood/1263926305263159_4,reject,2026-09-19T18:13:35+00:00
hollywood/303848864693984_0,reject,2026-09-19T18:13:35+00:00
hollywood/2917944398475325_0,reject,2026-09-19T18:13:35+00:00
koreatown/805217333441853_1,reject,2026-09-19T18:13:49+00:00
koreatown/1508348196163370_0,reject,2026-09-19T18:13:49+00:00
koreatown/182287337085181_0,reject,2026-09-19T18:13:49+00:00
venice_mar_vista/163643425702370_0,reject,2026-09-19T18:13:49+00:00
downtown/481864452857725_0,reject,2026-09-19T18:13:49+00:00
downtown/3895270267193652_0,reject,2026-09-19T18:13:49+00:00
downtown/490033499099510_0,reject,2026-09-19T18:13:49+00:00
downtown/491027022248423_0,reject,2026-09-19T18:13:49+00:00
downtown/199305982007358_0,reject,2026-09-19T18:13:49+00:00
downtown/155351963187281_0,reject,2026-09-19T18:13:49+00:00
downtown/168159018442830_0,reject,2026-09-19T18:13:49+00:00
downtown/390120265459916_0,reject,2026-09-19T18:13:49+00:00
downtown/3948830762049814_0,reject,2026-09-19T18:13:49+00:00
downtown/671619195510124_0,reject,2026-09-19T18:13:49+00:00
downtown/515525019801068_0,reject,2026-09-19T18:13:49+00:00
hollywood/3000196816969469_1,reject,2026-09-19T18:13:49+00:00
hollywood/681267908126897_0,reject,2026-09-19T18:13:49+00:00
hollywood/481912709807488_0,reject,2026-09-19T18:13:49+00:00
hollywood/376861803851756_0,reject,2026-09-19T18:13:49+00:00
hollywood/485849345943239_0,reject,2026-09-19T18:13:49+00:00
hollywood/1407451337054147_0,reject,2026-09-19T18:13:49+00:00
hollywood/870346400232433_0,reject,2026-09-19T18:13:49+00:00
koreatown/776428769929935_0,reject,2026-09-19T18:13:49+00:00
downtown/1264513948439895_0,reject,2026-09-19T18:13:49+00:00
downtown/699595635806975_0,reject,2026-09-19T18:13:49+00:00
downtown/226666585928732_1,reject,2026-09-19T18:13:49+00:00
downtown/316882589796728_1,reject,2026-09-19T18:13:49+00:00
downtown/507518367053363_0,reject,2026-09-19T18:13:49+00:00
downtown/316472406535199_0,reject,2026-09-19T18:13:49+00:00
hollywood/5439136782794262_0,reject,2026-09-19T18:13:49+00:00
hollywood/1238632447851581_0,reject,2026-09-19T18:13:49+00:00
hollywood/3667238716742610_0,reject,2026-09-19T18:13:49+00:00
hollywood/322996785893218_1,reject,2026-09-19T18:13:49+00:00
hollywood/516067443135647_0,reject,2026-09-19T18:13:49+00:00
hollywood/5992286534179358_1,reject,2026-09-19T18:13:49+00:00
hollywood/266168115211198_0,reject,2026-09-19T18:13:49+00:00
hollywood/467719144498696_0,reject,2026-09-19T18:13:49+00:00
hollywood/537832417544509_0,reject,2026-09-19T18:13:49+00:00
hollywood/637808644282662_0,reject,2026-09-19T18:13:49+00:00
koreatown/774484873254645_0,accept,2026-09-19T18:13:49+00:00
koreatown/1713624288806491_0,reject,2026-09-19T18:13:53+00:00
venice_mar_vista/2166590000139303_0,reject,2026-09-19T18:13:53+00:00
venice_mar_vista/4602182259798007_0,reject,2026-09-19T18:13:53+00:00
venice_mar_vista/308558467519891_0,reject,2026-09-19T18:13:53+00:00
downtown/303349961259810_2,reject,2026-09-19T18:13:53+00:00
downtown/930688290998728_0,reject,2026-09-19T18:13:53+00:00
downtown/476854486973904_0,reject,2026-09-19T18:13:53+00:00
downtown/133041842147674_1,reject,2026-09-19T18:13:53+00:00
downtown/476841820063045_0,reject,2026-09-19T18:13:53+00:00
downtown/1060624794464960_0,reject,2026-09-19T18:13:53+00:00
downtown/621556659240235_0,reject,2026-09-19T18:13:53+00:00
downtown/268572334962165_0,reject,2026-09-19T18:13:53+00:00
downtown/318505049822364_0,reject,2026-09-19T18:13:53+00:00
hollywood/471446707242726_0,reject,2026-09-19T18:13:53+00:00
hollywood/2548017415506048_1,reject,2026-09-19T18:13:53+00:00
hollywood/2946709295595236_0,reject,2026-09-19T18:13:53+00:00
hollywood/221006516095185_1,reject,2026-09-19T18:13:53+00:00
hollywood/1371289089916592_0,reject,2026-09-19T18:13:53+00:00
hollywood/321466872953539_0,reject,2026-09-19T18:13:53+00:00
hollywood/293349992277318_1,reject,2026-09-19T18:13:53+00:00
hollywood/295280265541031_0,reject,2026-09-19T18:13:53+00:00
hollywood/807977003247007_0,reject,2026-09-19T18:13:53+00:00
hollywood/826371968232874_0,reject,2026-09-19T18:13:53+00:00
koreatown/473392830634215_0,reject,2026-09-19T18:13:53+00:00
venice_mar_vista/826370228232881_0,reject,2026-09-19T18:13:53+00:00
venice_mar_vista/317531269781894_0,reject,2026-09-19T18:13:53+00:00
venice_mar_vista/796987610970365_0,reject,2026-09-19T18:13:53+00:00
venice_mar_vista/349084656711440_2,reject,2026-09-19T18:13:53+00:00
venice_mar_vista/349084656711440_0,reject,2026-09-19T18:13:53+00:00
westwood/880722092557762_0,reject,2026-09-19T18:13:53+00:00
downtown/3040982612791926_1,reject,2026-09-19T18:13:53+00:00
downtown/310959960391769_0,reject,2026-09-19T18:13:53+00:00
downtown/489776408890252_0,reject,2026-09-19T18:13:53+00:00
downtown/2913391672263091_0,reject,2026-09-19T18:13:53+00:00
downtown/686643382060060_0,reject,2026-09-19T18:13:53+00:00
downtown/1185765471856661_0,reject,2026-09-19T18:13:53+00:00
hollywood/1156651828147530_2,reject,2026-09-19T18:13:53+00:00
hollywood/895090041285603_1,reject,2026-09-19T18:13:53+00:00
hollywood/960003181469972_0,reject,2026-09-19T18:13:53+00:00
hollywood/462805968331526_0,reject,2026-09-19T18:13:53+00:00
hollywood/518098892547471_0,reject,2026-09-19T18:13:56+00:00
hollywood/785805755397884_0,reject,2026-09-19T18:13:56+00:00
koreatown/463525848081394_0,reject,2026-09-19T18:13:56+00:00
koreatown/188737109794649_0,reject,2026-09-19T18:13:56+00:00
koreatown/499960221045795_0,reject,2026-09-19T18:13:56+00:00
venice_mar_vista/1603158633216164_0,reject,2026-09-19T18:13:56+00:00
westwood/2913010302272189_0,reject,2026-09-19T18:13:56+00:00
downtown/145584464142155_0,reject,2026-09-19T18:13:56+00:00
downtown/233328278591147_0,reject,2026-09-19T18:13:56+00:00
downtown/905814743597369_0,reject,2026-09-19T18:13:56+00:00
downtown/609571080002668_0,reject,2026-09-19T18:13:56+00:00
downtown/605518577508709_0,reject,2026-09-19T18:13:56+00:00
downtown/776924399675127_0,reject,2026-09-19T18:13:56+00:00
downtown/1280566122338814_0,reject,2026-09-19T18:13:56+00:00
downtown/472699087283625_0,reject,2026-09-19T18:13:56+00:00
downtown/873787696505085_1,reject,2026-09-19T18:13:56+00:00
downtown/371629437465284_0,reject,2026-09-19T18:13:56+00:00
downtown/775006466712184_0,reject,2026-09-19T18:13:56+00:00
hollywood/474792653825180_0,reject,2026-09-19T18:13:56+00:00
hollywood/769936647249059_3,reject,2026-09-19T18:13:56+00:00
hollywood/2767710483446108_0,reject,2026-09-19T18:13:56+00:00
hollywood/506967627002028_0,reject,2026-09-19T18:13:56+00:00
hollywood/798950107403114_0,reject,2026-09-19T18:13:56+00:00
hollywood/899048974251242_1,reject,2026-09-19T18:13:56+00:00
hollywood/1153892615082146_0,reject,2026-09-19T18:13:56+00:00
hollywood/227501688730115_0,reject,2026-09-19T18:13:56+00:00
hollywood/279080923933671_0,reject,2026-09-19T18:13:56+00:00
hollywood/221839889312223_0,reject,2026-09-19T18:13:56+00:00
koreatown/762197091148281_0,reject,2026-09-19T18:13:56+00:00
venice_mar_vista/179743007457882_0,reject,2026-09-19T18:13:56+00:00
venice_mar_vista/1184202958669715_0,reject,2026-09-19T18:13:56+00:00
downtown/302207098189627_0,reject,2026-09-19T18:13:56+00:00
downtown/610110956792149_0,reject,2026-09-19T18:13:56+00:00
downtown/176144194364090_0,reject,2026-09-19T18:13:56+00:00
downtown/480753936368542_0,reject,2026-09-19T18:13:56+00:00
downtown/835567070727576_0,reject,2026-09-19T18:13:56+00:00
downtown/305699367848026_0,reject,2026-09-19T18:13:56+00:00
downtown/1133753960465330_0,reject,2026-09-19T18:13:56+00:00
downtown/198329542100843_0,reject,2026-09-19T18:13:56+00:00
downtown/913816806085666_1,reject,2026-09-19T18:13:56+00:00
downtown/365855821534747_0,reject,2026-09-19T18:13:58+00:00
downtown/467982084458946_0,reject,2026-09-19T18:13:58+00:00
downtown/171330868230932_0,reject,2026-09-19T18:13:58+00:00
downtown/215495463383828_0,reject,2026-09-19T18:13:58+00:00
downtown/845957946301593_1,reject,2026-09-19T18:13:58+00:00
downtown/164483172256450_0,reject,2026-09-19T18:13:58+00:00
hollywood/215014726736748_0,reject,2026-09-19T18:13:58+00:00
hollywood/146364114067227_0,reject,2026-09-19T18:13:58+00:00
hollywood/480519309936820_0,reject,2026-09-19T18:13:58+00:00
hollywood/487351675942476_0,reject,2026-09-19T18:13:58+00:00
hollywood/465815241161141_0,reject,2026-09-19T18:13:58+00:00
koreatown/761277561253495_0,reject,2026-09-19T18:13:58+00:00
koreatown/813409092917733_0,reject,2026-09-19T18:13:58+00:00
koreatown/468518997810655_0,reject,2026-09-19T18:13:58+00:00
koreatown/323126925828112_0,reject,2026-09-19T18:13:58+00:00
koreatown/266110398555318_0,reject,2026-09-19T18:13:58+00:00
venice_mar_vista/478324470110152_0,reject,2026-09-19T18:13:58+00:00
venice_mar_vista/207465897700729_0,reject,2026-09-19T18:13:58+00:00
venice_mar_vista/2985111845057529_0,reject,2026-09-19T18:13:58+00:00
venice_mar_vista/241693494376840_0,reject,2026-09-19T18:13:58+00:00
venice_mar_vista/214687800154046_0,reject,2026-09-19T18:13:58+00:00
venice_mar_vista/2544385352352036_0,reject,2026-09-19T18:13:58+00:00
venice_mar_vista/182701516961616_0,reject,2026-09-19T18:13:58+00:00
venice_mar_vista/919513398811901_0,reject,2026-09-19T18:13:58+00:00
venice_mar_vista/296230125537385_0,reject,2026-09-19T18:13:58+00:00
westwood/204527008170160_0,reject,2026-09-19T18:13:58+00:00
westwood/808176316468596_0,reject,2026-09-19T18:13:58+00:00
westwood/507446230655054_0,reject,2026-09-19T18:13:58+00:00
westwood/323278662485012_0,reject,2026-09-19T18:13:58+00:00
westwood/836261357018035_1,reject,2026-09-19T18:13:58+00:00
downtown/313674937012901_0,reject,2026-09-19T18:13:58+00:00
downtown/327570442042257_1,reject,2026-09-19T18:13:58+00:00
downtown/928890764597614_2,reject,2026-09-19T18:13:58+00:00
downtown/185136013429012_0,reject,2026-09-19T18:13:58+00:00
downtown/296697442076658_0,reject,2026-09-19T18:13:58+00:00
downtown/513703229804067_1,reject,2026-09-19T18:13:58+00:00
downtown/167447178716439_0,reject,2026-09-19T18:13:58+00:00
downtown/850222625560400_0,reject,2026-09-19T18:13:58+00:00
hollywood/158578919608116_1,reject,2026-09-19T18:13:58+00:00
hollywood/5992286534179358_0,reject,2026-09-19T18:13:58+00:00
hollywood/157794929635855_0,reject,2026-09-19T18:14:02+00:00
hollywood/171884431575216_1,reject,2026-09-19T18:14:02+00:00
koreatown/742167013138327_0,reject,2026-09-19T18:14:02+00:00
koreatown/875252739718514_0,reject,2026-09-19T18:14:02+00:00
koreatown/533678651351162_1,reject,2026-09-19T18:14:02+00:00
koreatown/1399337543763786_0,reject,2026-09-19T18:14:02+00:00
koreatown/951508235585248_1,reject,2026-09-19T18:14:02+00:00
koreatown/808992083332510_0,reject,2026-09-19T18:14:02+00:00
venice_mar_vista/2789373384660810_0,reject,2026-09-19T18:14:02+00:00
venice_mar_vista/1094609601046047_0,reject,2026-09-19T18:14:02+00:00
venice_mar_vista/1372720536438139_0,reject,2026-09-19T18:14:02+00:00
venice_mar_vista/198591558766233_0,reject,2026-09-19T18:14:02+00:00
venice_mar_vista/467769614512457_0,reject,2026-09-19T18:14:02+00:00
venice_mar_vista/460034755254370_0,reject,2026-09-19T18:14:02+00:00
venice_mar_vista/190289242916424_1,reject,2026-09-19T18:14:02+00:00
venice_mar_vista/1239445706556319_1,reject,2026-09-19T18:14:02+00:00
venice_mar_vista/281065500332014_0,reject,2026-09-19T18:14:02+00:00
venice_mar_vista/218864646849175_0,reject,2026-09-19T18:14:02+00:00
venice_mar_vista/508734840307622_1,reject,2026-09-19T18:14:02+00:00
westwood/512290476613747_1,reject,2026-09-19T18:14:02+00:00
downtown/754624475237408_1,reject,2026-09-19T18:14:02+00:00
downtown/482072456441163_0,reject,2026-09-19T18:14:02+00:00
downtown/1137054650143212_1,reject,2026-09-19T18:14:02+00:00
downtown/146280410801105_0,reject,2026-09-19T18:14:02+00:00
downtown/969705973568434_0,reject,2026-09-19T18:14:02+00:00
downtown/510518056742781_0,reject,2026-09-19T18:14:02+00:00
downtown/245499357321877_1,reject,2026-09-19T18:14:02+00:00
downtown/310474317423958_0,reject,2026-09-19T18:14:02+00:00
downtown/3948573018570426_1,reject,2026-09-19T18:14:02+00:00
downtown/4034606836601980_0,reject,2026-09-19T18:14:02+00:00
hollywood/326384502250758_0,reject,2026-09-19T18:14:02+00:00
hollywood/108578621285885_1,reject,2026-09-19T18:14:02+00:00
hollywood/282481246861568_0,reject,2026-09-19T18:14:02+00:00
hollywood/473757877040044_0,reject,2026-09-19T18:14:02+00:00
hollywood/577544723418101_0,reject,2026-09-19T18:14:02+00:00
hollywood/1595977477280101_1,reject,2026-09-19T18:14:02+00:00
hollywood/152538960140599_0,reject,2026-09-19T18:14:02+00:00
koreatown/2956964274540804_0,reject,2026-09-19T18:14:02+00:00
koreatown/883608218884291_0,reject,2026-09-19T18:14:02+00:00
koreatown/487785195606211_0,reject,2026-09-19T18:14:02+00:00
koreatown/295010495635567_0,reject,2026-09-19T18:14:04+00:00
venice_mar_vista/2964705727146343_1,reject,2026-09-19T18:14:04+00:00
venice_mar_vista/580620416431946_0,reject,2026-09-19T18:14:04+00:00
venice_mar_vista/3963973633678639_0,reject,2026-09-19T18:14:04+00:00
venice_mar_vista/479324193404248_0,reject,2026-09-19T18:14:04+00:00
venice_mar_vista/291237849201068_0,reject,2026-09-19T18:14:04+00:00
venice_mar_vista/446816993074920_0,reject,2026-09-19T18:14:04+00:00
venice_mar_vista/349084656711440_1,reject,2026-09-19T18:14:04+00:00
venice_mar_vista/179289274051497_0,reject,2026-09-19T18:14:04+00:00
venice_mar_vista/213368467045588_0,reject,2026-09-19T18:14:04+00:00
downtown/488434452276723_0,reject,2026-09-19T18:14:04+00:00
downtown/755294445133154_0,reject,2026-09-19T18:14:04+00:00
downtown/485060536255723_0,reject,2026-09-19T18:14:04+00:00
downtown/153001906758521_1,reject,2026-09-19T18:14:04+00:00
downtown/852992475314303_0,reject,2026-09-19T18:14:04+00:00
downtown/1209838796132332_0,reject,2026-09-19T18:14:04+00:00
downtown/3977554502330974_2,reject,2026-09-19T18:14:04+00:00
hollywood/149936060402819_0,reject,2026-09-19T18:14:04+00:00
hollywood/491029212045728_0,reject,2026-09-19T18:14:04+00:00
hollywood/4611540248862415_0,reject,2026-09-19T18:14:04+00:00
hollywood/742781119696809_0,reject,2026-09-19T18:14:04+00:00
hollywood/1383566658711865_0,reject,2026-09-19T18:14:04+00:00
hollywood/2880937255457495_1,reject,2026-09-19T18:14:04+00:00
hollywood/1450253155324930_0,reject,2026-09-19T18:14:04+00:00
hollywood/459704471785653_0,reject,2026-09-19T18:14:04+00:00
hollywood/558378141978819_0,reject,2026-09-19T18:14:04+00:00
koreatown/965963767480430_0,reject,2026-09-19T18:14:04+00:00
koreatown/790373104953039_0,reject,2026-09-19T18:14:04+00:00
koreatown/1368923763508056_1,reject,2026-09-19T18:14:04+00:00
koreatown/918414145558247_0,reject,2026-09-19T18:14:04+00:00
venice_mar_vista/302964844719125_1,reject,2026-09-19T18:14:04+00:00
venice_mar_vista/233327791888145_0,reject,2026-09-19T18:14:04+00:00
venice_mar_vista/1931665907010084_1,reject,2026-09-19T18:14:04+00:00
venice_mar_vista/794362151499175_0,reject,2026-09-19T18:14:04+00:00
venice_mar_vista/313795976848164_0,reject,2026-09-19T18:14:04+00:00
venice_mar_vista/372071530748854_0,reject,2026-09-19T18:14:04+00:00
westwood/1203298066790304_0,reject,2026-09-19T18:14:04+00:00
downtown/387220372339458_0,reject,2026-09-19T18:14:04+00:00
downtown/505629973799468_0,reject,2026-09-19T18:14:04+00:00
downtown/886900418555529_0,reject,2026-09-19T18:14:04+00:00
downtown/500571634643739_0,reject,2026-09-19T18:14:09+00:00
downtown/834749667471603_0,reject,2026-09-19T18:14:09+00:00
downtown/1242508429497264_0,reject,2026-09-19T18:14:09+00:00
downtown/757356974971110_0,reject,2026-09-19T18:14:09+00:00
downtown/467497337865262_0,reject,2026-09-19T18:14:09+00:00
downtown/217874736367567_0,reject,2026-09-19T18:14:09+00:00
downtown/380944109795675_1,reject,2026-09-19T18:14:09+00:00
downtown/317452240001894_0,reject,2026-09-19T18:14:09+00:00
downtown/323498082461550_0,reject,2026-09-19T18:14:09+00:00
downtown/305251074299634_0,reject,2026-09-19T18:14:09+00:00
hollywood/1440897139576207_0,reject,2026-09-19T18:14:09+00:00
hollywood/307342967440422_0,reject,2026-09-19T18:14:09+00:00
hollywood/425444868561988_0,reject,2026-09-19T18:14:09+00:00
hollywood/166671915378117_0,reject,2026-09-19T18:14:09+00:00
hollywood/2966758966942612_1,reject,2026-09-19T18:14:09+00:00
hollywood/491522205600487_0,reject,2026-09-19T18:14:09+00:00
hollywood/926999954752864_1,reject,2026-09-19T18:14:09+00:00
hollywood/1148054358941607_1,reject,2026-09-19T18:14:09+00:00
hollywood/838872076725474_0,reject,2026-09-19T18:14:09+00:00
hollywood/372537557535150_0,reject,2026-09-19T18:14:09+00:00
hollywood/299855815086900_1,reject,2026-09-19T18:14:09+00:00
hollywood/3326168230818979_0,reject,2026-09-19T18:14:09+00:00
hollywood/173700954565623_0,reject,2026-09-19T18:14:09+00:00
hollywood/477988756755926_0,reject,2026-09-19T18:14:09+00:00
koreatown/197876838832104_0,reject,2026-09-19T18:14:09+00:00
koreatown/1572571949619002_1,reject,2026-09-19T18:14:09+00:00
koreatown/316578833184721_0,reject,2026-09-19T18:14:09+00:00
koreatown/313454856851576_1,reject,2026-09-19T18:14:09+00:00
venice_mar_vista/170828341617014_0,reject,2026-09-19T18:14:09+00:00
venice_mar_vista/586826222753270_0,reject,2026-09-19T18:14:09+00:00
venice_mar_vista/459431341818841_0,reject,2026-09-19T18:14:09+00:00
venice_mar_vista/215235987228607_0,reject,2026-09-19T18:14:09+00:00
downtown/996926474379089_0,reject,2026-09-19T18:14:09+00:00
downtown/470060674279345_1,reject,2026-09-19T18:14:09+00:00
downtown/295691708755799_0,reject,2026-09-19T18:14:09+00:00
downtown/527798441544161_2,reject,2026-09-19T18:14:09+00:00
downtown/1203378453413438_0,reject,2026-09-19T18:14:09+00:00
downtown/471580867450164_0,reject,2026-09-19T18:14:09+00:00
downtown/437839140549652_0,reject,2026-09-19T18:14:09+00:00
downtown/3057966221102460_0,reject,2026-09-19T18:14:09+00:00
downtown/519700842363200_0,reject,2026-09-19T18:14:12+00:00
downtown/475350383736277_0,reject,2026-09-19T18:14:12+00:00
downtown/129749109112382_0,reject,2026-09-19T18:14:12+00:00
hollywood/556603942174505_0,reject,2026-09-19T18:14:12+00:00
hollywood/378979970031616_0,reject,2026-09-19T18:14:12+00:00
hollywood/326673678873714_1,reject,2026-09-19T18:14:12+00:00
hollywood/531003428274764_0,reject,2026-09-19T18:14:12+00:00
hollywood/798091494157902_0,reject,2026-09-19T18:14:12+00:00
hollywood/321466872953539_1,reject,2026-09-19T18:14:12+00:00
hollywood/909309652977700_0,reject,2026-09-19T18:14:12+00:00
hollywood/954207861788245_0,reject,2026-09-19T18:14:12+00:00
hollywood/496186304836145_0,reject,2026-09-19T18:14:12+00:00
hollywood/291869325732088_0,reject,2026-09-19T18:14:12+00:00
hollywood/966660830743796_0,reject,2026-09-19T18:14:12+00:00
hollywood/1930279403814554_0,reject,2026-09-19T18:14:12+00:00
koreatown/565846791067325_0,reject,2026-09-19T18:14:12+00:00
koreatown/311724040449511_0,reject,2026-09-19T18:14:12+00:00
koreatown/823814371847956_0,reject,2026-09-19T18:14:12+00:00
venice_mar_vista/1159154364551555_0,reject,2026-09-19T18:14:12+00:00
venice_mar_vista/141688601252271_0,reject,2026-09-19T18:14:12+00:00
venice_mar_vista/525033381996702_1,reject,2026-09-19T18:14:12+00:00
westwood/204527008170160_1,reject,2026-09-19T18:14:12+00:00
westwood/535903484451257_0,reject,2026-09-19T18:14:12+00:00
westwood/212080777556058_1,reject,2026-09-19T18:14:12+00:00
downtown/1191616357964802_1,reject,2026-09-19T18:14:12+00:00
downtown/140796701357351_0,reject,2026-09-19T18:14:12+00:00
downtown/769035287336550_0,reject,2026-09-19T18:14:12+00:00
downtown/580781939559466_0,reject,2026-09-19T18:14:12+00:00
downtown/472641770671201_0,reject,2026-09-19T18:14:12+00:00
downtown/937663000108112_0,reject,2026-09-19T18:14:12+00:00
downtown/597169231685731_0,reject,2026-09-19T18:14:12+00:00
downtown/2974004439495075_1,reject,2026-09-19T18:14:12+00:00
downtown/320076023087782_0,reject,2026-09-19T18:14:12+00:00
downtown/776924399675127_1,reject,2026-09-19T18:14:12+00:00
downtown/294994618954502_0,reject,2026-09-19T18:14:12+00:00
downtown/455209262254854_0,reject,2026-09-19T18:14:12+00:00
downtown/1296328354095491_0,reject,2026-09-19T18:14:12+00:00
hollywood/576063500040180_0,reject,2026-09-19T18:14:12+00:00
hollywood/286516326357581_0,reject,2026-09-19T18:14:12+00:00
hollywood/111023817718983_0,reject,2026-09-19T18:14:12+00:00
hollywood/219042779561928_0,reject,2026-09-19T18:14:17+00:00
hollywood/2277319459068122_0,reject,2026-09-19T18:14:17+00:00
hollywood/179929510569075_0,reject,2026-09-19T18:14:17+00:00
hollywood/151038680301056_0,reject,2026-09-19T18:14:17+00:00
hollywood/1238251503261802_2,reject,2026-09-19T18:14:17+00:00
koreatown/514888159547597_0,reject,2026-09-19T18:14:17+00:00
koreatown/548412286564499_0,reject,2026-09-19T18:14:17+00:00
koreatown/3994317497272177_0,reject,2026-09-19T18:14:17+00:00
venice_mar_vista/239409124607037_0,reject,2026-09-19T18:14:17+00:00
venice_mar_vista/188968409765763_1,reject,2026-09-19T18:14:17+00:00
venice_mar_vista/477172023556347_0,reject,2026-09-19T18:14:17+00:00
venice_mar_vista/911214702829579_0,reject,2026-09-19T18:14:17+00:00
venice_mar_vista/1109776619490422_1,reject,2026-09-19T18:14:17+00:00
venice_mar_vista/466579471315470_0,reject,2026-09-19T18:14:17+00:00
westwood/1184489942043316_0,reject,2026-09-19T18:14:17+00:00
downtown/219205036289988_0,reject,2026-09-19T18:14:17+00:00
downtown/3856036014444218_1,reject,2026-09-19T18:14:17+00:00
downtown/460636808369677_0,reject,2026-09-19T18:14:17+00:00
downtown/1290123484753268_0,reject,2026-09-19T18:14:17+00:00
downtown/378596743484067_0,reject,2026-09-19T18:14:17+00:00
downtown/135808968543499_0,reject,2026-09-19T18:14:17+00:00
downtown/321225749417409_0,reject,2026-09-19T18:14:17+00:00
downtown/2982011485401451_0,reject,2026-09-19T18:14:17+00:00
downtown/1157409804706971_0,reject,2026-09-19T18:14:17+00:00
downtown/3910833439011919_0,reject,2026-09-19T18:14:17+00:00
downtown/2840062009594398_0,reject,2026-09-19T18:14:17+00:00
downtown/968939063854717_1,reject,2026-09-19T18:14:17+00:00
downtown/380944109795675_2,reject,2026-09-19T18:14:17+00:00
downtown/287127529748041_0,reject,2026-09-19T18:14:17+00:00
downtown/3832164366901532_0,reject,2026-09-19T18:14:17+00:00
downtown/459241435172407_0,reject,2026-09-19T18:14:17+00:00
downtown/823434371937224_0,reject,2026-09-19T18:14:17+00:00
downtown/292233412377614_0,reject,2026-09-19T18:14:17+00:00
downtown/1168912663593429_1,reject,2026-09-19T18:14:17+00:00
hollywood/583496565954621_0,reject,2026-09-19T18:14:17+00:00
hollywood/465149691377993_1,reject,2026-09-19T18:14:17+00:00
hollywood/529621968446663_0,reject,2026-09-19T18:14:17+00:00
hollywood/769936647249059_2,reject,2026-09-19T18:14:17+00:00
hollywood/258157425992991_0,reject,2026-09-19T18:14:17+00:00
hollywood/469064051026204_0,reject,2026-09-19T18:14:17+00:00
hollywood/291903129231541_0,reject,2026-09-19T18:14:21+00:00
hollywood/2586576198314179_0,reject,2026-09-19T18:14:21+00:00
hollywood/825402738383555_0,reject,2026-09-19T18:14:21+00:00
hollywood/1153892615082146_1,reject,2026-09-19T18:14:21+00:00
hollywood/960055048134734_0,reject,2026-09-19T18:14:21+00:00
hollywood/468329407728930_0,reject,2026-09-19T18:14:21+00:00
hollywood/819193848976703_0,reject,2026-09-19T18:14:21+00:00
hollywood/530168654659986_0,reject,2026-09-19T18:14:21+00:00
hollywood/1197275757391568_1,reject,2026-09-19T18:14:21+00:00
hollywood/297152232142707_1,reject,2026-09-19T18:14:21+00:00
hollywood/1193830064410626_0,reject,2026-09-19T18:14:21+00:00
koreatown/211719270505436_0,reject,2026-09-19T18:14:21+00:00
koreatown/1729307567253764_0,reject,2026-09-19T18:14:21+00:00
koreatown/831648407758707_0,reject,2026-09-19T18:14:21+00:00
koreatown/4030909280330137_0,reject,2026-09-19T18:14:21+00:00
venice_mar_vista/3028658080791357_0,reject,2026-09-19T18:14:21+00:00
venice_mar_vista/453566719275867_2,reject,2026-09-19T18:14:21+00:00
venice_mar_vista/530846898074213_0,reject,2026-09-19T18:14:21+00:00
venice_mar_vista/962641457644928_0,reject,2026-09-19T18:14:21+00:00
venice_mar_vista/270037284819954_0,reject,2026-09-19T18:14:21+00:00
venice_mar_vista/299547691660894_0,reject,2026-09-19T18:14:21+00:00
venice_mar_vista/1475131182842085_0,reject,2026-09-19T18:14:21+00:00
westwood/4111894822203072_0,reject,2026-09-19T18:14:21+00:00
westwood/504307460763280_0,reject,2026-09-19T18:14:21+00:00
downtown/285536176515310_0,reject,2026-09-19T18:14:21+00:00
downtown/137240348382574_0,reject,2026-09-19T18:14:21+00:00
downtown/191991322764502_0,reject,2026-09-19T18:14:21+00:00
downtown/1133753960465330_1,reject,2026-09-19T18:14:21+00:00
downtown/307195310799429_0,reject,2026-09-19T18:14:21+00:00
downtown/2930987590553897_0,reject,2026-09-19T18:14:21+00:00
downtown/1201499246948623_1,reject,2026-09-19T18:14:21+00:00
downtown/1192970917815702_0,reject,2026-09-19T18:14:21+00:00
hollywood/929953424465262_0,reject,2026-09-19T18:14:21+00:00
hollywood/2880937255457495_2,reject,2026-09-19T18:14:21+00:00
hollywood/2948120738765657_0,reject,2026-09-19T18:14:21+00:00
hollywood/4073545356027656_0,reject,2026-09-19T18:14:21+00:00
hollywood/496186304836145_1,reject,2026-09-19T18:14:21+00:00
hollywood/851676765425358_1,reject,2026-09-19T18:14:21+00:00
hollywood/907543870100770_0,reject,2026-09-19T18:14:21+00:00
koreatown/233561775207294_0,reject,2026-09-19T18:14:21+00:00
koreatown/821213948489141_0,reject,2026-09-19T18:14:25+00:00
venice_mar_vista/2016385041842960_0,reject,2026-09-19T18:14:25+00:00
venice_mar_vista/213459103619715_0,reject,2026-09-19T18:14:25+00:00
venice_mar_vista/390288345485186_0,reject,2026-09-19T18:14:25+00:00
venice_mar_vista/139864204852377_0,reject,2026-09-19T18:14:25+00:00
downtown/245499357321877_0,reject,2026-09-19T18:14:25+00:00
downtown/254174313103435_1,reject,2026-09-19T18:14:25+00:00
downtown/367677614644381_0,reject,2026-09-19T18:14:25+00:00
downtown/866040073947977_1,reject,2026-09-19T18:14:25+00:00
downtown/2865472190448041_0,reject,2026-09-19T18:14:25+00:00
downtown/1113792322441249_1,reject,2026-09-19T18:14:25+00:00
downtown/285996139911536_1,reject,2026-09-19T18:14:25+00:00
downtown/222237645920650_0,reject,2026-09-19T18:14:25+00:00
downtown/4026170887450832_0,reject,2026-09-19T18:14:25+00:00
downtown/508347500204192_0,reject,2026-09-19T18:14:25+00:00
downtown/875349819858081_0,reject,2026-09-19T18:14:25+00:00
downtown/2817421511844447_1,reject,2026-09-19T18:14:25+00:00
downtown/825281268414122_1,reject,2026-09-19T18:14:25+00:00
hollywood/812298449680015_0,reject,2026-09-19T18:14:25+00:00
hollywood/770339543554772_0,reject,2026-09-19T18:14:25+00:00
hollywood/798091494157902_1,reject,2026-09-19T18:14:25+00:00
hollywood/173342204660236_0,reject,2026-09-19T18:14:25+00:00
hollywood/867241227481841_0,reject,2026-09-19T18:14:25+00:00
hollywood/855016102027651_0,reject,2026-09-19T18:14:25+00:00
hollywood/313623003443612_0,reject,2026-09-19T18:14:25+00:00
hollywood/304713591329738_0,reject,2026-09-19T18:14:25+00:00
hollywood/253100999937485_0,reject,2026-09-19T18:14:25+00:00
hollywood/3376067992496246_0,reject,2026-09-19T18:14:25+00:00
koreatown/2984474211784629_0,reject,2026-09-19T18:14:25+00:00
koreatown/947734269360966_0,reject,2026-09-19T18:14:25+00:00
koreatown/1179543449151752_0,reject,2026-09-19T18:14:25+00:00
koreatown/1179543449151752_1,reject,2026-09-19T18:14:25+00:00
koreatown/2831591910426020_0,reject,2026-09-19T18:14:25+00:00
koreatown/2773489526247511_0,reject,2026-09-19T18:14:25+00:00
venice_mar_vista/325952722293035_0,reject,2026-09-19T18:14:25+00:00
venice_mar_vista/310343990476615_0,reject,2026-09-19T18:14:25+00:00
venice_mar_vista/539816277015809_0,reject,2026-09-19T18:14:25+00:00
venice_mar_vista/175029471165598_0,reject,2026-09-19T18:14:25+00:00
venice_mar_vista/308264097518638_1,reject,2026-09-19T18:14:25+00:00
venice_mar_vista/922294528610100_0,reject,2026-09-19T18:14:25+00:00
venice_mar_vista/452594196044099_1,reject,2026-09-19T18:14:29+00:00
westwood/182120720353915_0,reject,2026-09-19T18:14:29+00:00
westwood/365959881778535_0,reject,2026-09-19T18:14:29+00:00
westwood/366739901580762_0,reject,2026-09-19T18:14:29+00:00
westwood/4221817814519558_0,reject,2026-09-19T18:14:29+00:00
westwood/2873538559569525_0,reject,2026-09-19T18:14:29+00:00
downtown/779387665911733_0,reject,2026-09-19T18:14:29+00:00
downtown/4099223930143097_0,reject,2026-09-19T18:14:29+00:00
downtown/307145087458589_0,reject,2026-09-19T18:14:29+00:00
downtown/316201966682802_0,reject,2026-09-19T18:14:29+00:00
downtown/295490488883060_0,reject,2026-09-19T18:14:29+00:00
downtown/507490573950463_1,reject,2026-09-19T18:14:29+00:00
downtown/132598915563954_0,reject,2026-09-19T18:14:29+00:00
downtown/1184271712011401_0,reject,2026-09-19T18:14:29+00:00
downtown/4395659090457833_0,reject,2026-09-19T18:14:29+00:00
downtown/518285639207792_0,reject,2026-09-19T18:14:29+00:00
downtown/178460137460665_0,reject,2026-09-19T18:14:29+00:00
downtown/4026170887450832_1,reject,2026-09-19T18:14:29+00:00
downtown/1422222874810892_0,reject,2026-09-19T18:14:29+00:00
downtown/236909514853324_0,reject,2026-09-19T18:14:29+00:00
downtown/445134343510149_0,reject,2026-09-19T18:14:29+00:00
downtown/1458025201206648_1,reject,2026-09-19T18:14:29+00:00
downtown/746499236229812_0,reject,2026-09-19T18:14:29+00:00
downtown/1204816633309537_1,reject,2026-09-19T18:14:29+00:00
hollywood/895417264352118_0,reject,2026-09-19T18:14:29+00:00
hollywood/1436732726668622_0,reject,2026-09-19T18:14:29+00:00
hollywood/988071941962071_0,reject,2026-09-19T18:14:29+00:00
hollywood/905376376911308_1,reject,2026-09-19T18:14:29+00:00
hollywood/238066048076439_0,reject,2026-09-19T18:14:29+00:00
hollywood/473357193897475_0,reject,2026-09-19T18:14:29+00:00
hollywood/301522221631579_0,reject,2026-09-19T18:14:29+00:00
hollywood/922334775195899_0,reject,2026-09-19T18:14:29+00:00
hollywood/790230295214301_1,reject,2026-09-19T18:14:29+00:00
hollywood/800835100554321_0,reject,2026-09-19T18:14:29+00:00
hollywood/594404575286704_0,reject,2026-09-19T18:14:29+00:00
koreatown/786949735300181_0,reject,2026-09-19T18:14:29+00:00
koreatown/2246946612105805_0,reject,2026-09-19T18:14:29+00:00
koreatown/143260887819400_1,reject,2026-09-19T18:14:29+00:00
koreatown/512007153306681_0,reject,2026-09-19T18:14:29+00:00
koreatown/503386450804706_0,reject,2026-09-19T18:14:29+00:00
koreatown/487991768975485_0,reject,2026-09-19T18:14:32+00:00
koreatown/375186080485744_0,reject,2026-09-19T18:14:32+00:00
koreatown/181137487195699_0,reject,2026-09-19T18:14:32+00:00
koreatown/181137487195699_1,reject,2026-09-19T18:14:32+00:00
koreatown/465024458117806_0,reject,2026-09-19T18:14:32+00:00
koreatown/324775052684716_0,reject,2026-09-19T18:14:32+00:00
koreatown/827725981174459_1,reject,2026-09-19T18:14:32+00:00
koreatown/181137487195699_2,reject,2026-09-19T18:14:32+00:00
venice_mar_vista/789107191745801_0,reject,2026-09-19T18:14:32+00:00
venice_mar_vista/170828341617014_1,reject,2026-09-19T18:14:32+00:00
venice_mar_vista/384397912809822_0,reject,2026-09-19T18:14:32+00:00
venice_mar_vista/510956896760539_0,reject,2026-09-19T18:14:32+00:00
venice_mar_vista/464192371313972_0,reject,2026-09-19T18:14:32+00:00
venice_mar_vista/825192008015883_0,reject,2026-09-19T18:14:32+00:00
venice_mar_vista/921219282001258_0,reject,2026-09-19T18:14:32+00:00
venice_mar_vista/253584129916997_0,reject,2026-09-19T18:14:32+00:00
westwood/5357664120915851_0,reject,2026-09-19T18:14:32+00:00
westwood/178197477430055_0,reject,2026-09-19T18:14:32+00:00
westwood/918510085686583_0,reject,2026-09-19T18:14:32+00:00
downtown/831029960836426_0,reject,2026-09-19T18:14:32+00:00
downtown/2810504119278388_1,reject,2026-09-19T18:14:32+00:00
downtown/378680436822219_0,reject,2026-09-19T18:14:32+00:00
downtown/177302107600249_1,reject,2026-09-19T18:14:32+00:00
downtown/514613266345261_0,reject,2026-09-19T18:14:32+00:00
downtown/465716354543207_2,reject,2026-09-19T18:14:32+00:00
downtown/1156695704829948_0,reject,2026-09-19T18:14:32+00:00
downtown/326490808897406_0,reject,2026-09-19T18:14:32+00:00
downtown/767339883947821_0,reject,2026-09-19T18:14:32+00:00
downtown/526972631666347_0,reject,2026-09-19T18:14:32+00:00
downtown/1172021183226567_0,reject,2026-09-19T18:14:32+00:00
downtown/521161069098325_1,reject,2026-09-19T18:14:32+00:00
downtown/483247149634456_0,reject,2026-09-19T18:14:32+00:00
downtown/1439197606446367_2,reject,2026-09-19T18:14:32+00:00
downtown/896186000956538_0,reject,2026-09-19T18:14:32+00:00
downtown/981802302357662_0,reject,2026-09-19T18:14:32+00:00
downtown/296431742201725_0,reject,2026-09-19T18:14:32+00:00
downtown/1756309627879847_0,reject,2026-09-19T18:14:32+00:00
downtown/3998694283506800_0,reject,2026-09-19T18:14:32+00:00
downtown/134821745331717_0,reject,2026-09-19T18:14:32+00:00
downtown/526972631666347_1,reject,2026-09-19T18:14:32+00:00
hollywood/204967264790229_1,reject,2026-09-19T18:14:34+00:00
hollywood/922399698303109_0,reject,2026-09-19T18:14:34+00:00
hollywood/212567920419889_0,reject,2026-09-19T18:14:34+00:00
hollywood/3677951452327946_0,reject,2026-09-19T18:14:34+00:00
hollywood/802210107387568_0,reject,2026-09-19T18:14:34+00:00
hollywood/982231799195794_0,reject,2026-09-19T18:14:34+00:00
hollywood/287325082977557_0,reject,2026-09-19T18:14:34+00:00
hollywood/895531011292246_0,reject,2026-09-19T18:14:34+00:00
hollywood/461318405168906_0,reject,2026-09-19T18:14:34+00:00
hollywood/296925215470037_0,reject,2026-09-19T18:14:34+00:00
hollywood/925806291570737_0,reject,2026-09-19T18:14:34+00:00
hollywood/345668513650363_0,reject,2026-09-19T18:14:34+00:00
hollywood/839273466661026_0,reject,2026-09-19T18:14:34+00:00
hollywood/509997816700584_0,reject,2026-09-19T18:14:34+00:00
hollywood/377453646877567_0,reject,2026-09-19T18:14:34+00:00
hollywood/5506633729407640_0,reject,2026-09-19T18:14:34+00:00
koreatown/845218139410665_0,reject,2026-09-19T18:14:34+00:00
koreatown/330465985253552_0,reject,2026-09-19T18:14:34+00:00
koreatown/821795065413973_0,reject,2026-09-19T18:14:34+00:00
koreatown/305382251047390_1,reject,2026-09-19T18:14:34+00:00
koreatown/901035254085245_0,reject,2026-09-19T18:14:34+00:00
koreatown/2020790894738969_0,reject,2026-09-19T18:14:34+00:00
venice_mar_vista/4191401070979391_0,reject,2026-09-19T18:14:34+00:00
venice_mar_vista/518087719199691_1,reject,2026-09-19T18:14:34+00:00
venice_mar_vista/2985111845057529_1,reject,2026-09-19T18:14:34+00:00
venice_mar_vista/953473128722033_0,reject,2026-09-19T18:14:34+00:00
venice_mar_vista/208534040852083_0,reject,2026-09-19T18:14:34+00:00
venice_mar_vista/973292166824398_0,reject,2026-09-19T18:14:34+00:00
venice_mar_vista/2961653180738279_0,reject,2026-09-19T18:14:34+00:00
venice_mar_vista/869688353616478_0,reject,2026-09-19T18:14:34+00:00
venice_mar_vista/145294894184713_0,reject,2026-09-19T18:14:34+00:00
venice_mar_vista/4602182259798007_1,reject,2026-09-19T18:14:34+00:00
venice_mar_vista/1456679078064902_0,reject,2026-09-19T18:14:34+00:00
venice_mar_vista/1488315974844656_0,reject,2026-09-19T18:14:34+00:00
venice_mar_vista/366390731416985_0,reject,2026-09-19T18:14:34+00:00
venice_mar_vista/2595729510550679_0,reject,2026-09-19T18:14:34+00:00
venice_mar_vista/298429771939929_0,reject,2026-09-19T18:14:34+00:00
westwood/1241395836310993_0,reject,2026-09-19T18:14:34+00:00
westwood/366739901580762_1,reject,2026-09-19T18:14:34+00:00
downtown/1150387372100089_0,reject,2026-09-19T18:14:34+00:00
downtown/292622722450290_0,reject,2026-09-19T18:14:37+00:00
downtown/1458025201206648_0,reject,2026-09-19T18:14:37+00:00
downtown/487608955828609_0,reject,2026-09-19T18:14:37+00:00
downtown/2913391672263091_1,reject,2026-09-19T18:14:37+00:00
downtown/3972961049416077_0,reject,2026-09-19T18:14:37+00:00
downtown/211764007084868_0,reject,2026-09-19T18:14:37+00:00
downtown/1439197606446367_1,reject,2026-09-19T18:14:37+00:00
downtown/294642638826949_0,reject,2026-09-19T18:14:37+00:00
downtown/2860226347533239_0,reject,2026-09-19T18:14:37+00:00
downtown/477695140107582_0,reject,2026-09-19T18:14:37+00:00
downtown/1421860058147264_0,reject,2026-09-19T18:14:37+00:00
downtown/177302107600249_0,reject,2026-09-19T18:14:37+00:00
downtown/3886821198030854_0,reject,2026-09-19T18:14:37+00:00
downtown/948998435873191_0,reject,2026-09-19T18:14:37+00:00
downtown/138648001589041_0,reject,2026-09-19T18:14:37+00:00
downtown/367677614644381_1,reject,2026-09-19T18:14:37+00:00
downtown/521364865565196_0,reject,2026-09-19T18:14:37+00:00
downtown/521364865565196_1,reject,2026-09-19T18:14:37+00:00
downtown/502668467841919_0,reject,2026-09-19T18:14:37+00:00
downtown/981802302357662_1,reject,2026-09-19T18:14:37+00:00
downtown/460916178545052_0,reject,2026-09-19T18:14:37+00:00
downtown/1692052871005943_0,reject,2026-09-19T18:14:37+00:00
hollywood/1184786101989064_0,reject,2026-09-19T18:14:37+00:00
hollywood/293209172457182_0,reject,2026-09-19T18:14:37+00:00
hollywood/505117680674893_0,reject,2026-09-19T18:14:37+00:00
hollywood/829272317685079_0,reject,2026-09-19T18:14:37+00:00
hollywood/280765907058565_0,reject,2026-09-19T18:14:37+00:00
hollywood/139345864836734_0,reject,2026-09-19T18:14:37+00:00
hollywood/833651734174179_0,reject,2026-09-19T18:14:37+00:00
hollywood/491522205600487_1,reject,2026-09-19T18:14:37+00:00
hollywood/251962883286290_0,reject,2026-09-19T18:14:37+00:00
hollywood/3046267308993360_0,reject,2026-09-19T18:14:37+00:00
hollywood/827075408186006_1,reject,2026-09-19T18:14:37+00:00
hollywood/330797595067275_0,reject,2026-09-19T18:14:37+00:00
hollywood/314893410422930_0,reject,2026-09-19T18:14:37+00:00
hollywood/1176604192775693_0,reject,2026-09-19T18:14:37+00:00
hollywood/2650552235244298_0,reject,2026-09-19T18:14:37+00:00
hollywood/204967264790229_0,reject,2026-09-19T18:14:37+00:00
hollywood/476889050180528_0,reject,2026-09-19T18:14:37+00:00
hollywood/1027032964768988_0,reject,2026-09-19T18:14:37+00:00
hollywood/162361142398775_0,reject,2026-09-19T18:14:38+00:00
koreatown/1381999475503001_0,reject,2026-09-19T18:14:38+00:00
koreatown/1038068539930345_0,reject,2026-09-19T18:14:38+00:00
koreatown/822069668667694_0,reject,2026-09-19T18:14:38+00:00
koreatown/3200706863489979_0,reject,2026-09-19T18:14:38+00:00
koreatown/482205369715981_0,reject,2026-09-19T18:14:38+00:00
koreatown/192647929344566_1,reject,2026-09-19T18:14:38+00:00
koreatown/292260522503169_0,reject,2026-09-19T18:14:38+00:00
koreatown/2831591910426020_1,reject,2026-09-19T18:14:38+00:00
venice_mar_vista/306187981158148_0,reject,2026-09-19T18:14:38+00:00
venice_mar_vista/379054570109130_1,reject,2026-09-19T18:14:38+00:00
venice_mar_vista/753868355262630_1,reject,2026-09-19T18:14:38+00:00
venice_mar_vista/126571002791077_0,reject,2026-09-19T18:14:38+00:00
venice_mar_vista/1255116384952194_0,reject,2026-09-19T18:14:38+00:00
venice_mar_vista/2840085962925106_0,reject,2026-09-19T18:14:38+00:00
venice_mar_vista/257301859414190_0,reject,2026-09-19T18:14:38+00:00
venice_mar_vista/336455004573628_0,reject,2026-09-19T18:14:38+00:00
venice_mar_vista/5518777018197134_0,reject,2026-09-19T18:14:38+00:00
venice_mar_vista/1199598740513484_1,reject,2026-09-19T18:14:38+00:00
venice_mar_vista/530846898074213_1,reject,2026-09-19T18:14:38+00:00
venice_mar_vista/308814894244815_0,reject,2026-09-19T18:14:38+00:00
venice_mar_vista/1191037838002224_0,reject,2026-09-19T18:14:38+00:00
venice_mar_vista/170421988306162_0,reject,2026-09-19T18:14:38+00:00
venice_mar_vista/236362118372720_0,reject,2026-09-19T18:14:38+00:00
venice_mar_vista/314522236912265_0,reject,2026-09-19T18:14:38+00:00
venice_mar_vista/212485687307417_0,reject,2026-09-19T18:14:38+00:00
venice_mar_vista/386350626222489_0,reject,2026-09-19T18:14:38+00:00
westwood/843083846600453_0,reject,2026-09-19T18:14:38+00:00
westwood/176722874245765_0,reject,2026-09-19T18:14:38+00:00
westwood/606468090333487_0,reject,2026-09-19T18:14:38+00:00
westwood/820850522185752_1,reject,2026-09-19T18:14:38+00:00
downtown/567669710870674_1,reject,2026-09-19T18:14:38+00:00
downtown/135808968543499_1,reject,2026-09-19T18:14:38+00:00
downtown/1456890018022060_0,reject,2026-09-19T18:14:38+00:00
downtown/318119843268225_1,reject,2026-09-19T18:14:38+00:00
downtown/2777145802536880_0,reject,2026-09-19T18:14:38+00:00
downtown/1205966649842699_0,reject,2026-09-19T18:14:38+00:00
downtown/138238598353291_0,reject,2026-09-19T18:14:38+00:00
downtown/364812368295743_0,reject,2026-09-19T18:14:38+00:00
downtown/474249667197832_0,reject,2026-09-19T18:14:38+00:00
hollywood/314443336743878_0,reject,2026-09-19T18:14:40+00:00
hollywood/303893821384220_0,reject,2026-09-19T18:14:40+00:00
hollywood/1198755210544991_0,reject,2026-09-19T18:14:40+00:00
venice_mar_vista/2985111845057529_2,reject,2026-09-19T18:14:40+00:00
venice_mar_vista/1255116384952194_1,reject,2026-09-19T18:14:40+00:00
venice_mar_vista/525336491959077_0,reject,2026-09-19T18:14:40+00:00
venice_mar_vista/1196561770767368_0,reject,2026-09-19T18:14:40+00:00
venice_mar_vista/3966112593471443_0,reject,2026-09-19T18:14:40+00:00
venice_mar_vista/507503463942824_0,reject,2026-09-19T18:14:40+00:00
westwood/562345178439938_0,reject,2026-09-19T18:14:40+00:00
westwood/483176436260959_1,reject,2026-09-19T18:14:40+00:00
westwood/894212454470877_0,reject,2026-09-19T18:14:40+00:00
downtown/484606016207485_0,reject,2026-09-19T18:14:40+00:00
downtown/162665709108982_0,reject,2026-09-19T18:14:40+00:00
downtown/222722049614742_0,reject,2026-09-19T18:14:40+00:00
downtown/477594696994526_0,reject,2026-09-19T18:14:40+00:00
downtown/205039097913549_0,reject,2026-09-19T18:14:40+00:00
downtown/1349320788783374_0,reject,2026-09-19T18:14:40+00:00
downtown/849170722611199_0,reject,2026-09-19T18:14:40+00:00
downtown/288688052864714_0,reject,2026-09-19T18:14:40+00:00
downtown/183342783634859_0,reject,2026-09-19T18:14:40+00:00
downtown/138394214883605_0,reject,2026-09-19T18:14:40+00:00
downtown/312245536924927_1,reject,2026-09-19T18:14:40+00:00
downtown/930940611004743_0,reject,2026-09-19T18:14:40+00:00
downtown/801594583820108_0,reject,2026-09-19T18:14:40+00:00
downtown/145504567535962_0,reject,2026-09-19T18:14:40+00:00
downtown/3955092294609001_0,reject,2026-09-19T18:14:40+00:00
downtown/580993592878812_0,reject,2026-09-19T18:14:40+00:00
downtown/459241435172407_1,reject,2026-09-19T18:14:40+00:00
downtown/4504659706230763_1,reject,2026-09-19T18:14:40+00:00
downtown/773560043522350_0,reject,2026-09-19T18:14:40+00:00
downtown/222826892975840_0,reject,2026-09-19T18:14:40+00:00
downtown/1405712496460185_0,reject,2026-09-19T18:14:40+00:00
downtown/884258605763050_0,reject,2026-09-19T18:14:40+00:00
downtown/2869509476594658_0,reject,2026-09-19T18:14:40+00:00
downtown/2947627795524813_0,reject,2026-09-19T18:14:40+00:00
downtown/742035213134089_0,reject,2026-09-19T18:14:40+00:00
hollywood/1106808119810106_0,reject,2026-09-19T18:14:40+00:00
hollywood/370223257734210_0,reject,2026-09-19T18:14:40+00:00
hollywood/3847580328692117_0,reject,2026-09-19T18:14:40+00:00
hollywood/1216443835453006_1,reject,2026-09-19T18:14:52+00:00
hollywood/214369606783678_0,reject,2026-09-19T18:14:52+00:00
hollywood/467996087792659_1,reject,2026-09-19T18:14:52+00:00
hollywood/200353781930685_0,reject,2026-09-19T18:14:52+00:00
hollywood/549582962677188_1,reject,2026-09-19T18:14:52+00:00
hollywood/774596270093819_0,reject,2026-09-19T18:14:52+00:00
hollywood/1011814299352839_1,reject,2026-09-19T18:14:52+00:00
hollywood/2090544547763004_0,reject,2026-09-19T18:14:52+00:00
hollywood/309971467192581_0,reject,2026-09-19T18:14:52+00:00
hollywood/1838489469661632_1,reject,2026-09-19T18:14:52+00:00
koreatown/241241751103044_0,reject,2026-09-19T18:14:52+00:00
koreatown/803627323606350_1,reject,2026-09-19T18:14:52+00:00
koreatown/204004071557228_0,reject,2026-09-19T18:14:52+00:00
koreatown/756544665035703_0,reject,2026-09-19T18:14:52+00:00
koreatown/586258558994560_0,reject,2026-09-19T18:14:52+00:00
koreatown/925445924915296_0,reject,2026-09-19T18:14:52+00:00
koreatown/798746561053523_0,reject,2026-09-19T18:14:52+00:00
venice_mar_vista/1188600184929517_0,reject,2026-09-19T18:14:52+00:00
venice_mar_vista/840399719896714_0,reject,2026-09-19T18:14:52+00:00
venice_mar_vista/510956896760539_1,reject,2026-09-19T18:14:52+00:00
venice_mar_vista/1190734801377917_0,reject,2026-09-19T18:14:52+00:00
venice_mar_vista/989569525228112_0,reject,2026-09-19T18:14:52+00:00
venice_mar_vista/374443023893622_0,reject,2026-09-19T18:14:52+00:00
venice_mar_vista/308118550917597_1,reject,2026-09-19T18:14:52+00:00
venice_mar_vista/234812695213994_0,reject,2026-09-19T18:14:52+00:00
venice_mar_vista/218578159697834_0,reject,2026-09-19T18:14:52+00:00
venice_mar_vista/382809630116072_0,reject,2026-09-19T18:14:52+00:00
westwood/537220057449329_0,reject,2026-09-19T18:14:52+00:00
westwood/870870110129528_0,reject,2026-09-19T18:14:52+00:00
downtown/1864351420402866_0,reject,2026-09-19T18:14:52+00:00
downtown/497518211443949_1,reject,2026-09-19T18:14:52+00:00
downtown/298178661948032_0,reject,2026-09-19T18:14:52+00:00
downtown/173037471267812_0,reject,2026-09-19T18:14:52+00:00
downtown/1157409804706971_1,reject,2026-09-19T18:14:52+00:00
hollywood/1169237016837103_1,reject,2026-09-19T18:14:52+00:00
westwood/586733722329629_0,reject,2026-09-19T18:14:52+00:00
koreatown/313031176994892_0,accept,2026-09-19T18:23:58+00:00
hollywood/237600011459029_1,accept,2026-09-19T18:23:58+00:00
hollywood/277404437460181_0,accept,2026-09-19T18:23:58+00:00
hollywood/526113698754851_0,accept,2026-09-19T18:23:58+00:00
koreatown/261632642326397_0,accept,2026-09-19T18:23:58+00:00
koreatown/883879805510315_0,accept,2026-09-19T18:23:58+00:00
hollywood/779786446241818_0,accept,2026-09-19T18:23:58+00:00
hollywood/822273882003389_0,accept,2026-09-19T18:23:58+00:00
hollywood/487897999078862_0,accept,2026-09-19T18:23:58+00:00
koreatown/1213640135738354_0,accept,2026-09-19T18:23:58+00:00
hollywood/546506563215977_0,accept,2026-09-19T18:23:58+00:00
koreatown/369819964470275_0,accept,2026-09-19T18:23:58+00:00
hollywood/1518065921734554_0,accept,2026-09-19T18:23:58+00:00
hollywood/457072015384911_0,accept,2026-09-19T18:23:58+00:00
koreatown/797486671159367_0,accept,2026-09-19T18:23:58+00:00
hollywood/129997879121190_0,accept,2026-09-19T18:23:58+00:00
koreatown/1084170915326121_0,accept,2026-09-19T18:23:58+00:00
hollywood/390801655947611_0,accept,2026-09-19T18:23:58+00:00
hollywood/332520741671266_0,accept,2026-09-19T18:23:58+00:00
hollywood/189067253286595_0,accept,2026-09-19T18:23:58+00:00
hollywood/195917439229684_0,accept,2026-09-19T18:23:58+00:00
hollywood/494934138504444_0,accept,2026-09-19T18:23:58+00:00
hollywood/172925844728136_0,accept,2026-09-19T18:23:58+00:00
koreatown/462533661521707_0,accept,2026-09-19T18:23:58+00:00
hollywood/525744248593887_0,accept,2026-09-19T18:23:58+00:00
hollywood/2955852644684820_0,accept,2026-09-19T18:23:58+00:00
hollywood/500666760981000_0,accept,2026-09-19T18:23:58+00:00
hollywood/304012904777782_0,accept,2026-09-19T18:23:58+00:00
hollywood/800415414182499_0,accept,2026-09-19T18:23:58+00:00
hollywood/1004799076954001_0,accept,2026-09-19T18:23:58+00:00
hollywood/512261183133505_0,accept,2026-09-19T18:23:58+00:00
hollywood/384528969415817_0,accept,2026-09-19T18:23:58+00:00
hollywood/1186436821797122_0,accept,2026-09-19T18:23:58+00:00
hollywood/154703776643732_0,reject,2026-09-19T18:23:58+00:00
hollywood/118944170313120_0,reject,2026-09-19T18:23:58+00:00
hollywood/261550605529872_0,accept,2026-09-19T18:23:58+00:00
hollywood/2962393617415665_0,accept,2026-09-19T18:23:58+00:00
hollywood/1038124204102821_0,accept,2026-09-19T18:23:58+00:00
hollywood/273483270783844_0,accept,2026-09-19T18:23:58+00:00
koreatown/466520251227069_0,accept,2026-09-19T18:23:58+00:00
koreatown/506989847333619_0,accept,2026-09-19T18:24:05+00:00
koreatown/308230087373990_0,accept,2026-09-19T18:24:05+00:00
koreatown/177279144270403_0,accept,2026-09-19T18:24:05+00:00
hollywood/934611757339272_0,accept,2026-09-19T18:24:05+00:00
koreatown/380837541606433_0,accept,2026-09-19T18:24:05+00:00
hollywood/1928144117348476_0,accept,2026-09-19T18:24:05+00:00
hollywood/176651727653398_0,accept,2026-09-19T18:24:05+00:00
koreatown/782372136002731_0,accept,2026-09-19T18:24:05+00:00
koreatown/1012453355956617_0,accept,2026-09-19T18:24:05+00:00
hollywood/574032430240752_0,accept,2026-09-19T18:24:05+00:00
koreatown/1078571849301065_0,accept,2026-09-19T18:24:05+00:00
koreatown/960270391375844_0,accept,2026-09-19T18:24:05+00:00
hollywood/495740451470138_0,accept,2026-09-19T18:24:05+00:00
hollywood/1210934566091126_0,accept,2026-09-19T18:24:05+00:00
koreatown/307518580776345_0,accept,2026-09-19T18:24:05+00:00
koreatown/495260971625720_0,accept,2026-09-19T18:24:05+00:00
hollywood/486843902468242_0,accept,2026-09-19T18:24:05+00:00
koreatown/405407567596371_0,accept,2026-09-19T18:24:05+00:00
hollywood/584603299187731_0,accept,2026-09-19T18:24:05+00:00
hollywood/1482865872044903_0,accept,2026-09-19T18:24:05+00:00
hollywood/235515858327876_0,accept,2026-09-19T18:24:05+00:00
koreatown/496810371373082_0,accept,2026-09-19T18:24:05+00:00
koreatown/888918591838929_0,accept,2026-09-19T18:24:05+00:00
hollywood/4171080609635871_0,accept,2026-09-19T18:24:05+00:00
hollywood/472884477271495_0,accept,2026-09-19T18:24:05+00:00
koreatown/1462497850753678_0,accept,2026-09-19T18:24:05+00:00
koreatown/826577264956143_1,accept,2026-09-19T18:24:05+00:00
koreatown/480697099659750_0,accept,2026-09-19T18:24:05+00:00
koreatown/544182600078778_0,accept,2026-09-19T18:24:05+00:00
hollywood/987229432012779_1,accept,2026-09-19T18:24:05+00:00
koreatown/134438485366615_0,accept,2026-09-19T18:24:05+00:00
koreatown/372422340837586_0,accept,2026-09-19T18:24:05+00:00
koreatown/924709124740699_0,accept,2026-09-19T18:24:05+00:00
hollywood/3775935929181358_0,accept,2026-09-19T18:24:05+00:00
koreatown/786823448635082_0,accept,2026-09-19T18:24:05+00:00
hollywood/2254345021366595_0,accept,2026-09-19T18:24:05+00:00
hollywood/546773886370118_0,accept,2026-09-19T18:24:05+00:00
hollywood/781441539226927_0,accept,2026-09-19T18:24:05+00:00
koreatown/492387845530222_0,accept,2026-09-19T18:24:05+00:00
koreatown/501925230960775_0,accept,2026-09-19T18:24:05+00:00
hollywood/2954230448126800_0,accept,2026-09-19T18:24:13+00:00
koreatown/272307042616926_0,accept,2026-09-19T18:24:13+00:00
hollywood/119924323441708_0,accept,2026-09-19T18:24:13+00:00
koreatown/323630229328815_0,accept,2026-09-19T18:24:13+00:00
koreatown/1904436046372094_0,accept,2026-09-19T18:24:13+00:00
hollywood/316645973207037_0,accept,2026-09-19T18:24:13+00:00
koreatown/854870125386257_0,accept,2026-09-19T18:24:13+00:00
hollywood/209420841148968_0,accept,2026-09-19T18:24:13+00:00
hollywood/916194462555062_0,accept,2026-09-19T18:24:13+00:00
hollywood/1361947434186040_0,accept,2026-09-19T18:24:13+00:00
hollywood/1790662574448539_0,accept,2026-09-19T18:24:13+00:00
hollywood/1334429907003162_0,accept,2026-09-19T18:24:13+00:00
koreatown/479521243372054_0,accept,2026-09-19T18:24:13+00:00
hollywood/137430618405665_0,accept,2026-09-19T18:24:13+00:00
hollywood/459636905113537_1,accept,2026-09-19T18:24:13+00:00
koreatown/476008786843794_0,accept,2026-09-19T18:24:13+00:00
hollywood/2943347392655881_0,accept,2026-09-19T18:24:13+00:00
koreatown/330734295063510_0,accept,2026-09-19T18:24:13+00:00
koreatown/2855552834699559_0,accept,2026-09-19T18:24:13+00:00
hollywood/1653685764827966_0,reject,2026-09-19T18:24:13+00:00
hollywood/2888196741496726_0,accept,2026-09-19T18:24:13+00:00
hollywood/352931489586422_0,accept,2026-09-19T18:24:13+00:00
hollywood/790471351592979_1,accept,2026-09-19T18:24:13+00:00
hollywood/468798014379464_0,accept,2026-09-19T18:24:13+00:00
hollywood/979066339563662_0,accept,2026-09-19T18:24:13+00:00
koreatown/453311663759158_0,accept,2026-09-19T18:24:13+00:00
hollywood/485823732666053_0,accept,2026-09-19T18:24:13+00:00
koreatown/3985858851522028_0,accept,2026-09-19T18:24:13+00:00
hollywood/849482789248156_0,accept,2026-09-19T18:24:13+00:00
hollywood/184011743583718_0,accept,2026-09-19T18:24:13+00:00
hollywood/170028138377354_0,accept,2026-09-19T18:24:13+00:00
hollywood/2561837174123436_0,accept,2026-09-19T18:24:13+00:00
hollywood/314322767019884_0,accept,2026-09-19T18:24:13+00:00
koreatown/291725262687285_0,accept,2026-09-19T18:24:13+00:00
hollywood/876035932959608_0,accept,2026-09-19T18:24:13+00:00
hollywood/367605941360114_0,reject,2026-09-19T18:24:13+00:00
hollywood/1118940358585306_0,accept,2026-09-19T18:24:13+00:00
hollywood/465172274599489_0,accept,2026-09-19T18:24:13+00:00
hollywood/753058635577581_0,accept,2026-09-19T18:24:13+00:00
hollywood/168863325141045_0,accept,2026-09-19T18:24:13+00:00
hollywood/292272009216681_1,accept,2026-09-19T18:24:27+00:00
koreatown/310014417196494_0,reject,2026-09-19T18:24:27+00:00
hollywood/463585041609809_0,reject,2026-09-19T18:24:27+00:00
koreatown/541001873951093_0,accept,2026-09-19T18:24:27+00:00
hollywood/477588270014864_0,accept,2026-09-19T18:24:27+00:00
hollywood/308772487289909_0,accept,2026-09-19T18:24:27+00:00
hollywood/805204377037709_0,reject,2026-09-19T18:24:27+00:00
koreatown/1119481208528568_0,accept,2026-09-19T18:24:27+00:00
hollywood/167494915287968_0,accept,2026-09-19T18:24:27+00:00
koreatown/186057413345829_0,accept,2026-09-19T18:24:27+00:00
hollywood/475927303526042_0,accept,2026-09-19T18:24:27+00:00
koreatown/355762869299823_0,accept,2026-09-19T18:24:27+00:00
hollywood/574618233521009_0,accept,2026-09-19T18:24:27+00:00
koreatown/476477656737670_0,accept,2026-09-19T18:24:27+00:00
hollywood/194664919382760_0,accept,2026-09-19T18:24:27+00:00
koreatown/456950222275122_0,accept,2026-09-19T18:24:27+00:00
koreatown/372582960706845_0,accept,2026-09-19T18:24:27+00:00
koreatown/512783949727652_0,accept,2026-09-19T18:24:27+00:00
koreatown/250686736803514_0,accept,2026-09-19T18:24:27+00:00
hollywood/205271574542904_0,accept,2026-09-19T18:24:27+00:00
hollywood/535863227667554_0,reject,2026-09-19T18:24:27+00:00
hollywood/229565979083446_0,accept,2026-09-19T18:24:27+00:00
koreatown/170262561668908_0,accept,2026-09-19T18:24:27+00:00
koreatown/137299408383852_0,accept,2026-09-19T18:24:27+00:00
hollywood/456889355379985_0,accept,2026-09-19T18:24:27+00:00
koreatown/3005574869719856_0,accept,2026-09-19T18:24:27+00:00
hollywood/193717959255753_0,accept,2026-09-19T18:24:27+00:00
koreatown/178298577502491_0,accept,2026-09-19T18:24:27+00:00
koreatown/301447641456955_0,accept,2026-09-19T18:24:27+00:00
koreatown/537114717661330_0,accept,2026-09-19T18:24:27+00:00
koreatown/467282222318321_0,accept,2026-09-19T18:24:27+00:00
koreatown/223857155762410_0,accept,2026-09-19T18:24:27+00:00
hollywood/3446041115496076_0,accept,2026-09-19T18:24:27+00:00
hollywood/518357679168334_0,accept,2026-09-19T18:24:27+00:00
hollywood/829960654599590_0,accept,2026-09-19T18:24:27+00:00
hollywood/535863227667554_1,accept,2026-09-19T18:24:27+00:00
koreatown/199024465376278_0,accept,2026-09-19T18:24:27+00:00
koreatown/442531518432100_0,accept,2026-09-19T18:24:27+00:00
koreatown/590575981847116_0,accept,2026-09-19T18:24:27+00:00
hollywood/166898325443475_0,accept,2026-09-19T18:24:27+00:00
koreatown/295836642029346_0,reject,2026-09-19T19:08:08+00:00
hollywood/759441727989214_0,accept,2026-09-19T19:08:08+00:00
hollywood/1003378970424904_0,accept,2026-09-19T19:08:08+00:00
hollywood/130075789110834_0,reject,2026-09-19T19:08:08+00:00
koreatown/302195664895450_0,reject,2026-09-19T19:08:08+00:00
koreatown/134286618724745_0,reject,2026-09-19T19:08:08+00:00
koreatown/298087145312189_0,reject,2026-09-19T19:08:08+00:00
koreatown/1470438313297293_0,reject,2026-09-19T19:08:08+00:00
hollywood/757622164948650_1,reject,2026-09-19T19:08:08+00:00
koreatown/1537672749905364_0,accept,2026-09-19T19:08:08+00:00
koreatown/1099359893806032_0,reject,2026-09-19T19:08:08+00:00
koreatown/517514292758819_0,reject,2026-09-19T19:08:08+00:00
koreatown/157765299681735_0,reject,2026-09-19T19:08:08+00:00
hollywood/1895509127280451_0,accept,2026-09-19T19:08:08+00:00
koreatown/536660351044064_0,reject,2026-09-19T19:08:08+00:00
koreatown/535292954521037_0,accept,2026-09-19T19:08:08+00:00
hollywood/789765625288883_0,reject,2026-09-19T19:08:08+00:00
koreatown/945757755965034_0,reject,2026-09-19T19:08:08+00:00
koreatown/311019533800275_0,reject,2026-09-19T19:08:08+00:00
koreatown/459671698461075_0,reject,2026-09-19T19:08:08+00:00
hollywood/608337623457860_0,reject,2026-09-19T19:08:08+00:00
hollywood/219175372981985_0,accept,2026-09-19T19:08:08+00:00
koreatown/1099359893806032_1,reject,2026-09-19T19:08:08+00:00
koreatown/468269850917331_1,reject,2026-09-19T19:08:08+00:00
hollywood/393218115082566_0,accept,2026-09-19T19:08:08+00:00
hollywood/1010623446432879_1,reject,2026-09-19T19:08:08+00:00
koreatown/1086220768567428_0,reject,2026-09-19T19:08:08+00:00
koreatown/293587835806392_0,reject,2026-09-19T19:08:08+00:00
koreatown/1163268404100860_0,accept,2026-09-19T19:08:08+00:00
hollywood/785998028787819_0,reject,2026-09-19T19:08:08+00:00
koreatown/483517399427050_0,reject,2026-09-19T19:08:08+00:00
hollywood/175967447646203_0,reject,2026-09-19T19:08:08+00:00
koreatown/311236953732853_0,accept,2026-09-19T19:08:08+00:00
koreatown/313830890281033_0,accept,2026-09-19T19:08:08+00:00
koreatown/335617224659511_0,reject,2026-09-19T19:08:08+00:00
koreatown/472549380741163_0,reject,2026-09-19T19:08:08+00:00
hollywood/1189939408108096_0,reject,2026-09-19T19:08:08+00:00
koreatown/826577264956143_0,accept,2026-09-19T19:08:08+00:00
koreatown/513681109663578_0,accept,2026-09-19T19:08:08+00:00
hollywood/465388854561342_0,accept,2026-09-19T19:08:08+00:00
koreatown/370233927741381_0,reject,2026-09-19T19:08:47+00:00
koreatown/470166837643246_0,reject,2026-09-19T19:08:47+00:00
koreatown/265605151920437_0,reject,2026-09-19T19:08:47+00:00
hollywood/214416773784011_0,reject,2026-09-19T19:08:47+00:00
koreatown/474944340230818_0,accept,2026-09-19T19:08:47+00:00
koreatown/470450947569146_0,reject,2026-09-19T19:08:47+00:00
koreatown/370127764417435_0,accept,2026-09-19T19:08:47+00:00
hollywood/399059961553900_0,accept,2026-09-19T19:08:47+00:00
koreatown/1099881297088398_0,accept,2026-09-19T19:08:47+00:00
koreatown/783361085899966_0,reject,2026-09-19T19:08:47+00:00
koreatown/499159034591156_0,reject,2026-09-19T19:08:47+00:00
koreatown/479448976609379_0,reject,2026-09-19T19:08:47+00:00
koreatown/170543548307553_0,reject,2026-09-19T19:08:47+00:00
hollywood/1187224805127902_0,reject,2026-09-19T19:08:47+00:00
koreatown/499825767813050_0,accept,2026-09-19T19:08:47+00:00
koreatown/642773590012078_0,reject,2026-09-19T19:08:47+00:00
hollywood/161888685756007_0,accept,2026-09-19T19:08:47+00:00
hollywood/155000996573406_0,reject,2026-09-19T19:08:47+00:00
koreatown/2820492958205337_0,accept,2026-09-19T19:08:47+00:00
koreatown/2332888310189045_0,reject,2026-09-19T19:08:47+00:00
hollywood/229571018935504_0,reject,2026-09-19T19:08:47+00:00
hollywood/345963470534172_0,reject,2026-09-19T19:08:47+00:00
hollywood/292006199067580_0,reject,2026-09-19T19:08:47+00:00
hollywood/796714091266129_0,reject,2026-09-19T19:08:47+00:00
koreatown/807569836836187_0,reject,2026-09-19T19:08:47+00:00
koreatown/760986129432140_0,reject,2026-09-19T19:08:47+00:00
hollywood/575628690496784_0,accept,2026-09-19T19:08:47+00:00
koreatown/450614190763632_0,reject,2026-09-19T19:08:47+00:00
koreatown/2836019663325022_0,accept,2026-09-19T19:08:47+00:00
hollywood/202750471816601_0,reject,2026-09-19T19:08:47+00:00
koreatown/794011754653530_0,reject,2026-09-19T19:08:47+00:00
hollywood/800399450851473_0,reject,2026-09-19T19:08:47+00:00
koreatown/242624414310444_0,accept,2026-09-19T19:08:47+00:00
koreatown/152765540142440_0,reject,2026-09-19T19:08:47+00:00
koreatown/607991913507875_0,reject,2026-09-19T19:08:47+00:00
koreatown/792355241672656_1,reject,2026-09-19T19:08:47+00:00
koreatown/853237125544527_0,reject,2026-09-19T19:08:47+00:00
hollywood/488883409123973_0,reject,2026-09-19T19:08:47+00:00
koreatown/158357106234125_0,reject,2026-09-19T19:08:47+00:00
koreatown/1254192854983294_0,reject,2026-09-19T19:08:47+00:00
hollywood/1142697389567212_0,reject,2026-09-19T19:09:30+00:00
hollywood/544969616752597_0,reject,2026-09-19T19:09:30+00:00
koreatown/214565326852319_0,accept,2026-09-19T19:09:30+00:00
hollywood/110692204466767_0,reject,2026-09-19T19:09:30+00:00
koreatown/926698884849511_0,reject,2026-09-19T19:09:30+00:00
koreatown/308141340918762_0,accept,2026-09-19T19:09:30+00:00
koreatown/937828543425431_0,accept,2026-09-19T19:09:30+00:00
koreatown/996261594242197_0,reject,2026-09-19T19:09:30+00:00
koreatown/214109973579105_0,accept,2026-09-19T19:09:30+00:00
koreatown/1603018590089043_0,accept,2026-09-19T19:09:30+00:00
hollywood/531371257876809_0,reject,2026-09-19T19:09:30+00:00
hollywood/3865456780216398_0,reject,2026-09-19T19:09:30+00:00
koreatown/2978644319124982_0,reject,2026-09-19T19:09:30+00:00
hollywood/1506678609723677_0,accept,2026-09-19T19:09:30+00:00
hollywood/210683227305076_0,accept,2026-09-19T19:09:30+00:00
hollywood/462727368169202_0,reject,2026-09-19T19:09:30+00:00
hollywood/449808039451997_0,accept,2026-09-19T19:09:30+00:00
koreatown/1393736677649141_0,reject,2026-09-19T19:09:30+00:00
koreatown/163427639043579_0,accept,2026-09-19T19:09:30+00:00
hollywood/146556254038639_0,reject,2026-09-19T19:09:30+00:00
koreatown/457465538683599_0,reject,2026-09-19T19:09:30+00:00
koreatown/265667971972041_0,reject,2026-09-19T19:09:30+00:00
hollywood/812053396383689_0,reject,2026-09-19T19:09:30+00:00
koreatown/942889396509889_0,reject,2026-09-19T19:09:30+00:00
koreatown/929151990995616_0,reject,2026-09-19T19:09:30+00:00
koreatown/2966422470305789_0,reject,2026-09-19T19:09:30+00:00
koreatown/328093075565781_1,accept,2026-09-19T19:09:30+00:00
koreatown/834790637466875_0,reject,2026-09-19T19:09:30+00:00
hollywood/186164816662046_0,reject,2026-09-19T19:09:30+00:00
hollywood/1272748629843152_1,reject,2026-09-19T19:09:30+00:00
koreatown/182810923711628_0,reject,2026-09-19T19:09:30+00:00
koreatown/1222922914772638_0,reject,2026-09-19T19:09:30+00:00
hollywood/454251265652612_0,reject,2026-09-19T19:09:30+00:00
hollywood/225179049525889_0,accept,2026-09-19T19:09:30+00:00
koreatown/279652163803041_0,reject,2026-09-19T19:09:30+00:00
koreatown/193016899220099_0,reject,2026-09-19T19:09:30+00:00
koreatown/4302579719773862_0,reject,2026-09-19T19:09:30+00:00
koreatown/292339959152681_1,reject,2026-09-19T19:09:30+00:00
koreatown/1390777217951340_0,reject,2026-09-19T19:09:30+00:00
koreatown/828660168059981_0,reject,2026-09-19T19:09:30+00:00
hollywood/1010623446432879_2,accept,2026-09-19T19:10:56+00:00
hollywood/378121493923185_0,reject,2026-09-19T19:10:56+00:00
hollywood/309273127446655_0,reject,2026-09-19T19:10:56+00:00
hollywood/214036460160490_0,reject,2026-09-19T19:10:56+00:00
hollywood/307702200710579_0,reject,2026-09-19T19:10:56+00:00
hollywood/275076654311736_0,reject,2026-09-19T19:10:56+00:00
hollywood/376579970351163_0,reject,2026-09-19T19:10:56+00:00
koreatown/1212679402577941_0,reject,2026-09-19T19:10:56+00:00
koreatown/321913599302498_0,reject,2026-09-19T19:10:56+00:00
koreatown/139916301452017_0,reject,2026-09-19T19:10:56+00:00
hollywood/155835929826934_0,accept,2026-09-19T19:10:56+00:00
hollywood/1570953283111421_0,accept,2026-09-19T19:10:56+00:00
hollywood/149744147119749_0,reject,2026-09-19T19:10:56+00:00
hollywood/952958152118023_0,reject,2026-09-19T19:10:56+00:00
hollywood/458611528729034_0,reject,2026-09-19T19:10:56+00:00
hollywood/212226403709328_0,reject,2026-09-19T19:10:56+00:00
hollywood/314389500079857_0,reject,2026-09-19T19:10:56+00:00
hollywood/296668645461526_0,reject,2026-09-19T19:10:56+00:00
hollywood/647395286244223_0,reject,2026-09-19T19:10:56+00:00
koreatown/458525131885714_0,reject,2026-09-19T19:10:56+00:00
koreatown/467257531175964_0,reject,2026-09-19T19:10:56+00:00
koreatown/902554183640805_0,reject,2026-09-19T19:10:56+00:00
koreatown/106407158177166_0,reject,2026-09-19T19:10:56+00:00
hollywood/2547866388855174_0,reject,2026-09-19T19:10:56+00:00
hollywood/246887563789037_0,reject,2026-09-19T19:10:56+00:00
koreatown/1609532752574946_0,reject,2026-09-19T19:10:56+00:00
hollywood/417173823002876_0,reject,2026-09-19T19:10:56+00:00
hollywood/173029521377346_0,reject,2026-09-19T19:10:56+00:00
koreatown/381515886408197_0,reject,2026-09-19T19:10:56+00:00
koreatown/808282940105165_0,reject,2026-09-19T19:10:56+00:00
koreatown/832042307404892_0,reject,2026-09-19T19:10:56+00:00
koreatown/160725479325733_0,reject,2026-09-19T19:10:56+00:00
hollywood/486577176103514_0,reject,2026-09-19T19:10:56+00:00
hollywood/297481775320317_0,reject,2026-09-19T19:10:56+00:00
hollywood/952903262192867_0,accept,2026-09-19T19:10:56+00:00
koreatown/1444884969196499_0,reject,2026-09-19T19:10:56+00:00
koreatown/1126043294564312_0,reject,2026-09-19T19:10:56+00:00
koreatown/2447909288679647_0,reject,2026-09-19T19:10:56+00:00
hollywood/804038927212891_0,reject,2026-09-19T19:10:56+00:00
koreatown/488863952302490_0,reject,2026-09-19T19:10:56+00:00
koreatown/166452342034039_1,reject,2026-09-19T19:11:02+00:00
koreatown/1663775047162251_0,reject,2026-09-19T19:11:02+00:00
hollywood/3894168417364681_0,reject,2026-09-19T19:11:02+00:00
hollywood/4272130502839077_0,reject,2026-09-19T19:11:02+00:00
hollywood/177014800966651_0,reject,2026-09-19T19:11:02+00:00
hollywood/158539579537280_0,reject,2026-09-19T19:11:02+00:00
koreatown/459020768531404_0,reject,2026-09-19T19:11:02+00:00
hollywood/950708049020541_1,reject,2026-09-19T19:11:02+00:00
hollywood/159852182732900_0,reject,2026-09-19T19:11:02+00:00
hollywood/218476969680968_0,reject,2026-09-19T19:11:02+00:00
hollywood/468580284398074_0,reject,2026-09-19T19:11:02+00:00
koreatown/299866738430016_0,reject,2026-09-19T19:11:02+00:00
hollywood/2993589980966429_1,reject,2026-09-19T19:11:02+00:00
hollywood/190173139496744_1,reject,2026-09-19T19:11:02+00:00
koreatown/1189649588153953_0,reject,2026-09-19T19:11:02+00:00
hollywood/501609547694503_0,reject,2026-09-19T19:11:02+00:00
hollywood/507412733732032_0,reject,2026-09-19T19:11:02+00:00
koreatown/1416126312058244_0,reject,2026-09-19T19:11:02+00:00
koreatown/309193763894462_0,reject,2026-09-19T19:11:02+00:00
hollywood/730756087594024_0,reject,2026-09-19T19:11:02+00:00
hollywood/221249796465591_0,reject,2026-09-19T19:11:02+00:00
koreatown/886316345265738_0,reject,2026-09-19T19:11:02+00:00
hollywood/304181961236126_0,reject,2026-09-19T19:11:02+00:00
venice_mar_vista/294681652293930_0,reject,2026-09-19T20:09:36+00:00
venice_mar_vista/595871601370052_0,reject,2026-09-19T20:09:36+00:00
koreatown/502193664161029_0,reject,2026-09-19T20:09:36+00:00
koreatown/174679374446241_0,reject,2026-09-19T20:09:36+00:00
downtown/779866812895669_0,reject,2026-09-19T20:09:36+00:00
venice_mar_vista/155407819919417_0,reject,2026-09-19T20:09:36+00:00
venice_mar_vista/1151038375360659_0,reject,2026-09-19T20:09:36+00:00
venice_mar_vista/1358255967880105_0,reject,2026-09-19T20:09:36+00:00
venice_mar_vista/503454750681896_0,reject,2026-09-19T20:09:36+00:00
hollywood/933602257453347_0,reject,2026-09-19T20:09:36+00:00
downtown/331623928491267_0,reject,2026-09-19T20:09:36+00:00
venice_mar_vista/263455812141561_0,reject,2026-09-19T20:09:36+00:00
venice_mar_vista/3832972816817168_0,reject,2026-09-19T20:09:36+00:00
hollywood/313740928195402_0,reject,2026-09-19T20:09:36+00:00
koreatown/316482053410891_0,reject,2026-09-19T20:09:36+00:00
koreatown/283172096872516_0,reject,2026-09-19T20:09:36+00:00
hollywood/889295954961971_0,reject,2026-09-19T20:09:36+00:00
hollywood/355519495915712_0,reject,2026-09-19T20:09:36+00:00
venice_mar_vista/1074224298284653_0,reject,2026-09-19T20:09:36+00:00
downtown/2546869832275588_0,reject,2026-09-19T20:09:36+00:00
hollywood/1732662476905830_0,reject,2026-09-19T20:09:36+00:00
venice_mar_vista/219635969535971_0,reject,2026-09-19T20:09:36+00:00
hollywood/1757153141157411_0,reject,2026-09-19T20:09:36+00:00
venice_mar_vista/137924711680432_0,reject,2026-09-19T20:09:36+00:00
venice_mar_vista/126795066142921_0,reject,2026-09-19T20:09:36+00:00
venice_mar_vista/504370483935983_0,reject,2026-09-19T20:09:36+00:00
venice_mar_vista/936869640402845_0,reject,2026-09-19T20:09:36+00:00
downtown/2018621008302144_0,reject,2026-09-19T20:09:36+00:00
hollywood/589408519082891_0,reject,2026-09-19T20:09:36+00:00
hollywood/514525449972293_1,reject,2026-09-19T20:09:36+00:00
hollywood/208984267489032_0,reject,2026-09-19T20:09:36+00:00
venice_mar_vista/1455435308141973_0,reject,2026-09-19T20:09:36+00:00
venice_mar_vista/278846313900905_0,reject,2026-09-19T20:09:36+00:00
venice_mar_vista/1094213954389329_0,reject,2026-09-19T20:09:36+00:00
venice_mar_vista/2905826962971767_0,reject,2026-09-19T20:09:36+00:00
venice_mar_vista/732945564069248_0,reject,2026-09-19T20:09:36+00:00
venice_mar_vista/2522576101372742_0,reject,2026-09-19T20:09:36+00:00
venice_mar_vista/2544343095861853_0,reject,2026-09-19T20:09:36+00:00
downtown/1657174564468754_0,reject,2026-09-19T20:09:36+00:00
hollywood/866353643953421_0,reject,2026-09-19T20:09:36+00:00
venice_mar_vista/806993376916374_0,reject,2026-09-19T20:10:15+00:00
downtown/1786179504893516_0,reject,2026-09-19T20:10:15+00:00
venice_mar_vista/736466673676981_0,accept,2026-09-19T20:10:15+00:00
venice_mar_vista/322229852663342_0,reject,2026-09-19T20:10:15+00:00
venice_mar_vista/860982757831516_0,reject,2026-09-19T20:10:15+00:00
venice_mar_vista/923033445200269_0,accept,2026-09-19T20:10:15+00:00
hollywood/510001013363166_0,reject,2026-09-19T20:10:15+00:00
downtown/192612799344471_0,reject,2026-09-19T20:10:15+00:00
hollywood/199437342016386_0,reject,2026-09-19T20:10:15+00:00
venice_mar_vista/4497634863608516_0,reject,2026-09-19T20:10:15+00:00
venice_mar_vista/543916490246512_0,reject,2026-09-19T20:10:15+00:00
koreatown/300156401694148_0,reject,2026-09-19T20:10:15+00:00
venice_mar_vista/1376481141002405_0,reject,2026-09-19T20:10:15+00:00
koreatown/806769853610585_0,reject,2026-09-19T20:10:15+00:00
hollywood/1963681123782352_0,accept,2026-09-19T20:10:15+00:00
hollywood/3889146894473543_0,reject,2026-09-19T20:10:15+00:00
venice_mar_vista/973678996736015_0,reject,2026-09-19T20:10:15+00:00
hollywood/4476219829109637_0,accept,2026-09-19T20:10:15+00:00
koreatown/151019023657396_0,reject,2026-09-19T20:10:15+00:00
downtown/425281921822268_0,reject,2026-09-19T20:10:15+00:00
downtown/203843498254187_0,reject,2026-09-19T20:10:15+00:00
hollywood/186066370084053_0,reject,2026-09-19T20:10:15+00:00
hollywood/701558197230810_0,reject,2026-09-19T20:10:15+00:00
koreatown/499218871313492_0,reject,2026-09-19T20:10:15+00:00
venice_mar_vista/460977311899886_0,reject,2026-09-19T20:10:15+00:00
hollywood/499706724502153_0,reject,2026-09-19T20:10:15+00:00
koreatown/825569608066297_0,reject,2026-09-19T20:10:15+00:00
koreatown/596764248384135_0,accept,2026-09-19T20:10:15+00:00
koreatown/155669969843831_0,accept,2026-09-19T20:10:15+00:00
hollywood/851430398786048_0,reject,2026-09-19T20:10:15+00:00
downtown/248667137011558_0,reject,2026-09-19T20:10:15+00:00
hollywood/541831663800034_0,accept,2026-09-19T20:10:15+00:00
venice_mar_vista/887631775152076_0,reject,2026-09-19T20:10:15+00:00
hollywood/893466154853060_0,reject,2026-09-19T20:10:15+00:00
hollywood/476966573612363_0,accept,2026-09-19T20:10:15+00:00
downtown/400125331031714_0,reject,2026-09-19T20:10:15+00:00
koreatown/346790570200306_0,reject,2026-09-19T20:10:15+00:00
downtown/2532489217059819_0,reject,2026-09-19T20:10:15+00:00
hollywood/124067523143412_0,accept,2026-09-19T20:10:15+00:00
hollywood/1661010710954608_0,reject,2026-09-19T20:10:15+00:00
koreatown/5780431351981964_0,reject,2026-09-19T20:10:55+00:00
hollywood/957249278419100_0,reject,2026-09-19T20:10:55+00:00
venice_mar_vista/2109010275908451_0,reject,2026-09-19T20:10:55+00:00
downtown/281864730272367_0,reject,2026-09-19T20:10:55+00:00
venice_mar_vista/3698976856874688_0,reject,2026-09-19T20:10:55+00:00
hollywood/281140246976710_0,accept,2026-09-19T20:10:55+00:00
hollywood/196536955631734_0,reject,2026-09-19T20:10:55+00:00
venice_mar_vista/860695191186381_0,reject,2026-09-19T20:10:55+00:00
venice_mar_vista/921195751947558_0,accept,2026-09-19T20:10:55+00:00
hollywood/963354064468743_0,reject,2026-09-19T20:10:55+00:00
downtown/338906294294750_0,reject,2026-09-19T20:10:55+00:00
hollywood/1217006475478974_0,reject,2026-09-19T20:10:55+00:00
downtown/2062511170554750_0,reject,2026-09-19T20:10:55+00:00
hollywood/478839383417010_0,reject,2026-09-19T20:10:55+00:00
hollywood/302427488265576_1,reject,2026-09-19T20:10:55+00:00
koreatown/209206080789075_0,reject,2026-09-19T20:10:55+00:00
hollywood/139399808216491_0,reject,2026-09-19T20:10:55+00:00
downtown/3974117335988161_0,reject,2026-09-19T20:10:55+00:00
venice_mar_vista/457213652052012_0,reject,2026-09-19T20:10:55+00:00
koreatown/375841393816788_0,reject,2026-09-19T20:10:55+00:00
venice_mar_vista/301993694746989_0,accept,2026-09-19T20:10:55+00:00
hollywood/1658134887907962_0,reject,2026-09-19T20:10:55+00:00
venice_mar_vista/2633618013597131_0,reject,2026-09-19T20:10:55+00:00
venice_mar_vista/419657539122884_0,reject,2026-09-19T20:10:55+00:00
venice_mar_vista/152396376818957_0,reject,2026-09-19T20:10:55+00:00
venice_mar_vista/731494484185633_0,reject,2026-09-19T20:10:55+00:00
venice_mar_vista/2918978441693748_0,reject,2026-09-19T20:10:55+00:00
venice_mar_vista/477081753583754_0,reject,2026-09-19T20:10:55+00:00
downtown/489438402270808_0,reject,2026-09-19T20:10:55+00:00
downtown/960568314716295_0,reject,2026-09-19T20:10:55+00:00
venice_mar_vista/277117884148372_0,reject,2026-09-19T20:10:55+00:00
hollywood/301175411701804_0,reject,2026-09-19T20:10:55+00:00
hollywood/190001356524991_0,reject,2026-09-19T20:10:55+00:00
venice_mar_vista/508545506822005_0,reject,2026-09-19T20:10:55+00:00
downtown/2993203807607317_0,reject,2026-09-19T20:10:55+00:00
hollywood/266599758539698_0,reject,2026-09-19T20:10:55+00:00
venice_mar_vista/947498402737906_0,reject,2026-09-19T20:10:55+00:00
hollywood/4304114262941022_0,reject,2026-09-19T20:10:55+00:00
downtown/177667397483246_0,reject,2026-09-19T20:10:55+00:00
downtown/819844631998516_0,reject,2026-09-19T20:10:55+00:00
hollywood/4039452512837371_0,reject,2026-09-19T20:11:22+00:00
downtown/502971831138461_0,reject,2026-09-19T20:11:22+00:00
hollywood/2911829949100550_0,reject,2026-09-19T20:11:22+00:00
downtown/2744082875903165_0,reject,2026-09-19T20:11:22+00:00
hollywood/149586140470471_0,reject,2026-09-19T20:11:22+00:00
hollywood/925970074912809_0,reject,2026-09-19T20:11:22+00:00
downtown/467285297836199_0,reject,2026-09-19T20:11:22+00:00
hollywood/281317290373241_1,reject,2026-09-19T20:11:22+00:00
hollywood/507851980240913_0,reject,2026-09-19T20:11:22+00:00
downtown/455599688869738_0,reject,2026-09-19T20:11:22+00:00
downtown/200445995051404_0,reject,2026-09-19T20:11:22+00:00
downtown/501217551015697_0,reject,2026-09-19T20:11:22+00:00
venice_mar_vista/305519214288607_0,reject,2026-09-19T20:11:22+00:00
hollywood/172991951303220_0,reject,2026-09-19T20:11:22+00:00
downtown/476993650211623_0,reject,2026-09-19T20:11:22+00:00
venice_mar_vista/125716376181841_0,reject,2026-09-19T20:11:22+00:00
hollywood/373807620654053_0,reject,2026-09-19T20:11:22+00:00
hollywood/376363963659944_0,reject,2026-09-19T20:11:22+00:00
venice_mar_vista/2974713149518704_0,reject,2026-09-19T20:11:22+00:00
downtown/770630406971304_0,reject,2026-09-19T20:11:22+00:00
hollywood/800403677549171_0,reject,2026-09-19T20:11:22+00:00
venice_mar_vista/858591454695005_0,reject,2026-09-19T20:11:22+00:00
downtown/452482549178099_0,reject,2026-09-19T20:11:22+00:00
downtown/534953877667771_0,reject,2026-09-19T20:11:22+00:00
downtown/134379708715953_0,reject,2026-09-19T20:11:22+00:00
downtown/265323921993805_0,reject,2026-09-19T20:11:22+00:00
downtown/140182831460326_0,reject,2026-09-19T20:11:22+00:00
downtown/931883791000121_0,reject,2026-09-19T20:11:22+00:00
hollywood/127773822648972_0,reject,2026-09-19T20:11:22+00:00
hollywood/3953876697991969_0,reject,2026-09-19T20:11:22+00:00
downtown/533117614762675_0,reject,2026-09-19T20:11:22+00:00
downtown/307189800916560_0,reject,2026-09-19T20:11:22+00:00
downtown/131894452305623_0,reject,2026-09-19T20:11:22+00:00
koreatown/1858553857655537_0,accept,2026-09-19T20:11:22+00:00
koreatown/1011142336357408_0,accept,2026-09-19T20:11:22+00:00
koreatown/143709684341272_0,accept,2026-09-19T20:11:22+00:00
hollywood/538463990517683_0,accept,2026-09-19T20:11:22+00:00
hollywood/211289520473849_0,reject,2026-09-19T20:11:22+00:00
koreatown/204351657952815_0,accept,2026-09-19T20:11:22+00:00
hollywood/538463990517683_1,reject,2026-09-19T20:11:22+00:00
downtown/244500900780511_0,reject,2026-09-19T20:12:24+00:00
downtown/308058517394142_0,reject,2026-09-19T20:12:24+00:00
koreatown/932070207338645_0,accept,2026-09-19T20:12:24+00:00
venice_mar_vista/149136003883846_0,reject,2026-09-19T20:12:24+00:00
venice_mar_vista/1857888968506240_0,accept,2026-09-19T20:12:24+00:00
venice_mar_vista/284027640050237_0,accept,2026-09-19T20:12:24+00:00
venice_mar_vista/1043356912861963_0,accept,2026-09-19T20:12:24+00:00
venice_mar_vista/1620125669696494_0,accept,2026-09-19T20:12:24+00:00
koreatown/868628573861821_0,reject,2026-09-19T20:12:24+00:00
downtown/227043612197434_0,reject,2026-09-19T20:12:24+00:00
downtown/804121337144093_0,reject,2026-09-19T20:12:24+00:00
koreatown/773477276693572_0,accept,2026-09-19T20:12:24+00:00
venice_mar_vista/6195227487169373_0,accept,2026-09-19T20:12:24+00:00
koreatown/166330212069588_0,accept,2026-09-19T20:12:24+00:00
venice_mar_vista/461948478432026_0,reject,2026-09-19T20:12:24+00:00
downtown/319137199712819_0,accept,2026-09-19T20:12:24+00:00
downtown/847239752814478_0,accept,2026-09-19T20:12:24+00:00
venice_mar_vista/467296844339136_0,accept,2026-09-19T20:12:24+00:00
hollywood/941815926611805_0,accept,2026-09-19T20:12:24+00:00
koreatown/220565142818010_0,reject,2026-09-19T20:12:24+00:00
venice_mar_vista/3920360254735722_0,reject,2026-09-19T20:12:24+00:00
downtown/146787204067512_0,reject,2026-09-19T20:12:24+00:00
koreatown/1141384519669309_0,reject,2026-09-19T20:12:24+00:00
venice_mar_vista/947296112740056_0,reject,2026-09-19T20:12:24+00:00
hollywood/475840286867951_0,reject,2026-09-19T20:12:24+00:00
venice_mar_vista/192875152673202_0,accept,2026-09-19T20:12:24+00:00
venice_mar_vista/839569949969692_0,accept,2026-09-19T20:12:24+00:00
venice_mar_vista/3049436208618966_0,reject,2026-09-19T20:12:24+00:00
hollywood/839166467031274_0,reject,2026-09-19T20:12:24+00:00
venice_mar_vista/296801421969332_0,reject,2026-09-19T20:12:24+00:00
venice_mar_vista/1168120227038775_0,accept,2026-09-19T20:12:24+00:00
venice_mar_vista/224669582794573_0,reject,2026-09-19T20:12:24+00:00
hollywood/125361889815727_0,reject,2026-09-19T20:12:24+00:00
venice_mar_vista/191810146090136_0,reject,2026-09-19T20:12:24+00:00
downtown/469198284335144_0,reject,2026-09-19T20:12:24+00:00
koreatown/3925488104199343_0,reject,2026-09-19T20:12:24+00:00
hollywood/218953889584894_0,reject,2026-09-19T20:12:24+00:00
koreatown/458781795216749_0,accept,2026-09-19T20:12:24+00:00
koreatown/465678254537858_0,reject,2026-09-19T20:12:24+00:00
koreatown/312644030502803_0,reject,2026-09-19T20:12:24+00:00
venice_mar_vista/221772566375894_0,reject,2026-09-19T20:20:19+00:00
venice_mar_vista/3945531582194375_0,reject,2026-09-19T20:20:19+00:00
downtown/189109209719884_0,accept,2026-09-19T20:20:19+00:00
koreatown/952835668886356_0,accept,2026-09-19T20:20:19+00:00
hollywood/343965357440398_0,accept,2026-09-19T20:20:19+00:00
koreatown/907086896814216_0,reject,2026-09-19T20:20:19+00:00
venice_mar_vista/305094854394151_0,reject,2026-09-19T20:20:19+00:00
venice_mar_vista/1525402512960027_0,reject,2026-09-19T20:20:19+00:00
venice_mar_vista/1627425432140958_0,accept,2026-09-19T20:20:19+00:00
hollywood/1032605450886060_0,reject,2026-09-19T20:20:19+00:00
koreatown/333692604853291_0,reject,2026-09-19T20:20:19+00:00
hollywood/206363428122465_0,reject,2026-09-19T20:20:19+00:00
venice_mar_vista/1294459037677496_0,reject,2026-09-19T20:20:19+00:00
koreatown/1101023650391737_0,reject,2026-09-19T20:20:19+00:00
venice_mar_vista/469640430968774_0,accept,2026-09-19T20:20:19+00:00
hollywood/495535658346890_0,reject,2026-09-19T20:20:19+00:00
hollywood/2966218256997339_0,accept,2026-09-19T20:20:19+00:00
koreatown/345391897013527_0,reject,2026-09-19T20:20:19+00:00
venice_mar_vista/1778057402376929_0,reject,2026-09-19T20:20:19+00:00
hollywood/178426940861679_0,reject,2026-09-19T20:20:19+00:00
venice_mar_vista/286848639749469_0,reject,2026-09-19T20:20:19+00:00
koreatown/136764908390868_0,reject,2026-09-19T20:20:19+00:00
koreatown/754469305257600_0,accept,2026-09-19T20:20:19+00:00
koreatown/1414689572263022_0,reject,2026-09-19T20:20:19+00:00
koreatown/459022471854534_0,accept,2026-09-19T20:20:19+00:00
koreatown/479971043323903_0,accept,2026-09-19T20:20:19+00:00
koreatown/381911826365805_0,reject,2026-09-19T20:20:19+00:00
venice_mar_vista/1447197012282316_0,reject,2026-09-19T20:20:19+00:00
koreatown/1371316149913925_0,accept,2026-09-19T20:20:19+00:00
venice_mar_vista/735462500456507_0,reject,2026-09-19T20:20:19+00:00
venice_mar_vista/1120741838401222_0,reject,2026-09-19T20:20:19+00:00
koreatown/1210125246083019_0,accept,2026-09-19T20:20:19+00:00
venice_mar_vista/492296195252885_0,reject,2026-09-19T20:20:19+00:00
hollywood/1434449213614198_0,reject,2026-09-19T20:20:19+00:00
venice_mar_vista/945947752892736_0,reject,2026-09-19T20:20:19+00:00
venice_mar_vista/169798301690384_0,reject,2026-09-19T20:20:19+00:00
hollywood/1432834567049643_0,reject,2026-09-19T20:20:19+00:00
venice_mar_vista/1206648249764290_0,reject,2026-09-19T20:20:19+00:00
venice_mar_vista/306918777686933_0,accept,2026-09-19T20:20:19+00:00
venice_mar_vista/3012244555718216_0,reject,2026-09-19T20:20:19+00:00
koreatown/540453943607398_0,reject,2026-09-19T20:20:45+00:00
hollywood/4013208898792486_0,reject,2026-09-19T20:20:45+00:00
hollywood/6180472288644887_0,reject,2026-09-19T20:20:45+00:00
koreatown/137197345098653_0,reject,2026-09-19T20:20:45+00:00
venice_mar_vista/368898851151330_0,accept,2026-09-19T20:20:45+00:00
koreatown/221509546054735_0,reject,2026-09-19T20:20:45+00:00
koreatown/134891888628014_0,reject,2026-09-19T20:20:45+00:00
hollywood/1448702493514460_0,reject,2026-09-19T20:20:45+00:00
hollywood/146649757415389_0,reject,2026-09-19T20:20:45+00:00
hollywood/937543200402147_0,reject,2026-09-19T20:20:45+00:00
venice_mar_vista/3066327913625892_0,reject,2026-09-19T20:20:45+00:00
venice_mar_vista/897962400983694_0,reject,2026-09-19T20:20:45+00:00
venice_mar_vista/2877563145846395_0,reject,2026-09-19T20:20:45+00:00
koreatown/1042686766263881_0,reject,2026-09-19T20:20:45+00:00
venice_mar_vista/1709837980301534_0,reject,2026-09-19T20:20:45+00:00
hollywood/459503458644851_0,reject,2026-09-19T20:20:45+00:00
venice_mar_vista/282133830306467_0,reject,2026-09-19T20:20:45+00:00
koreatown/2848481012072859_0,reject,2026-09-19T20:20:45+00:00
venice_mar_vista/270627331433002_0,reject,2026-09-19T20:20:45+00:00
koreatown/313691893614043_0,reject,2026-09-19T20:20:45+00:00
venice_mar_vista/931824407662112_0,reject,2026-09-19T20:20:45+00:00
venice_mar_vista/358372922375247_0,reject,2026-09-19T20:20:45+00:00
koreatown/516221746077559_0,reject,2026-09-19T20:20:45+00:00
venice_mar_vista/373647310565339_0,reject,2026-09-19T20:20:45+00:00
downtown/181289303898740_0,reject,2026-09-19T20:20:45+00:00
hollywood/525499685361861_0,reject,2026-09-19T20:20:45+00:00
koreatown/777777192886660_0,reject,2026-09-19T20:20:45+00:00
koreatown/196000509009265_1,reject,2026-09-19T20:20:45+00:00
venice_mar_vista/1103296330148651_0,reject,2026-09-19T20:20:45+00:00
koreatown/993653121373796_0,reject,2026-09-19T20:20:45+00:00
koreatown/2790390884624824_0,reject,2026-09-19T20:20:45+00:00
hollywood/464175784694548_0,reject,2026-09-19T20:20:45+00:00
koreatown/476460670288902_0,reject,2026-09-19T20:20:45+00:00
koreatown/1373069896389469_0,reject,2026-09-19T20:20:45+00:00
koreatown/318381376522824_0,reject,2026-09-19T20:20:45+00:00
hollywood/2652632805035636_0,reject,2026-09-19T20:20:45+00:00
hollywood/904782716754922_0,reject,2026-09-19T20:20:45+00:00
koreatown/172984741398770_0,reject,2026-09-19T20:20:45+00:00
venice_mar_vista/1868793533275567_0,reject,2026-09-19T20:20:45+00:00
hollywood/257721039382886_0,reject,2026-09-19T20:20:45+00:00
koreatown/520797468961775_0,reject,2026-09-19T20:29:16+00:00
venice_mar_vista/517281619438437_0,accept,2026-09-19T20:29:16+00:00
hollywood/1224050268020234_0,reject,2026-09-19T20:29:16+00:00
hollywood/399903984579150_0,reject,2026-09-19T20:29:16+00:00
koreatown/468042524278502_0,reject,2026-09-19T20:29:16+00:00
venice_mar_vista/3012170002335598_0,reject,2026-09-19T20:29:16+00:00
hollywood/429179041738560_0,reject,2026-09-19T20:29:16+00:00
downtown/524120779021514_0,reject,2026-09-19T20:29:16+00:00
koreatown/826137578110313_0,accept,2026-09-19T20:29:16+00:00
koreatown/245467540599498_0,reject,2026-09-19T20:29:16+00:00
koreatown/1276263862767967_0,accept,2026-09-19T20:29:16+00:00
hollywood/6053123198034726_0,accept,2026-09-19T20:29:16+00:00
venice_mar_vista/209757457338599_0,reject,2026-09-19T20:29:16+00:00
hollywood/1921539078011514_0,reject,2026-09-19T20:29:16+00:00
koreatown/490488848830420_0,reject,2026-09-19T20:29:16+00:00
venice_mar_vista/936719130428387_0,reject,2026-09-19T20:29:16+00:00
koreatown/1557720634619342_0,reject,2026-09-19T20:29:16+00:00
koreatown/309667610762564_0,reject,2026-09-19T20:29:16+00:00
venice_mar_vista/459220298516632_0,reject,2026-09-19T20:29:16+00:00
hollywood/1362694217456683_0,accept,2026-09-19T20:29:16+00:00
koreatown/312653070377390_0,reject,2026-09-19T20:29:16+00:00
koreatown/485659096084067_0,reject,2026-09-19T20:29:16+00:00
venice_mar_vista/589606122228396_0,reject,2026-09-19T20:29:16+00:00
venice_mar_vista/459681962005210_0,reject,2026-09-19T20:29:16+00:00
hollywood/148003090536308_0,reject,2026-09-19T20:29:16+00:00
hollywood/6401830093175827_0,reject,2026-09-19T20:29:16+00:00
hollywood/575153773484602_1,accept,2026-09-19T20:29:16+00:00
venice_mar_vista/296887495272048_0,reject,2026-09-19T20:29:16+00:00
venice_mar_vista/252671363263576_0,accept,2026-09-19T20:29:16+00:00
downtown/297045445288364_0,reject,2026-09-19T20:29:16+00:00
venice_mar_vista/298431798440397_0,reject,2026-09-19T20:29:16+00:00
venice_mar_vista/302926431447612_0,reject,2026-09-19T20:29:16+00:00
hollywood/2823328384458321_0,reject,2026-09-19T20:29:16+00:00
hollywood/761777587832553_0,reject,2026-09-19T20:29:16+00:00
koreatown/389544708837921_0,reject,2026-09-19T20:29:16+00:00
downtown/3783057328409749_0,accept,2026-09-19T20:29:16+00:00
koreatown/949149612321145_0,reject,2026-09-19T20:29:16+00:00
downtown/1255517758237961_0,reject,2026-09-19T20:29:16+00:00
venice_mar_vista/153584206706009_0,accept,2026-09-19T20:29:16+00:00
downtown/528674728162452_0,reject,2026-09-19T20:29:16+00:00
downtown/153830893362342_0,reject,2026-09-19T20:29:55+00:00
venice_mar_vista/301238228249912_0,reject,2026-09-19T20:29:55+00:00
hollywood/137619455019286_0,accept,2026-09-19T20:29:55+00:00
downtown/282290660065175_0,reject,2026-09-19T20:29:55+00:00
hollywood/846151605979379_0,reject,2026-09-19T20:29:55+00:00
hollywood/466798171215772_0,accept,2026-09-19T20:29:55+00:00
koreatown/492312278487546_0,reject,2026-09-19T20:29:55+00:00
koreatown/508849580481779_0,reject,2026-09-19T20:29:55+00:00
hollywood/802638057310839_0,reject,2026-09-19T20:29:55+00:00
koreatown/318279946455932_0,reject,2026-09-19T20:29:55+00:00
koreatown/493319732017296_0,reject,2026-09-19T20:29:55+00:00
venice_mar_vista/497036401468252_0,accept,2026-09-19T20:29:55+00:00
downtown/500970487620888_0,reject,2026-09-19T20:29:55+00:00
venice_mar_vista/988932991849157_0,reject,2026-09-19T20:29:55+00:00
hollywood/780281489549202_0,reject,2026-09-19T20:29:55+00:00
koreatown/4116296008416670_0,reject,2026-09-19T20:29:55+00:00
venice_mar_vista/902815856930467_0,accept,2026-09-19T20:29:55+00:00
venice_mar_vista/803007397055975_0,reject,2026-09-19T20:29:55+00:00
hollywood/4428559757257114_0,reject,2026-09-19T20:29:55+00:00
hollywood/3902909273090813_0,reject,2026-09-19T20:29:55+00:00
hollywood/1657548901104975_0,reject,2026-09-19T20:29:55+00:00
koreatown/950427092453185_0,reject,2026-09-19T20:29:55+00:00
koreatown/4154658484577087_0,reject,2026-09-19T20:29:55+00:00
venice_mar_vista/321757672704879_0,reject,2026-09-19T20:29:55+00:00
venice_mar_vista/483389546222945_0,accept,2026-09-19T20:29:55+00:00
venice_mar_vista/111700854295216_0,reject,2026-09-19T20:29:55+00:00
koreatown/1100288017130231_0,reject,2026-09-19T20:29:55+00:00
venice_mar_vista/1113499015838236_0,reject,2026-09-19T20:29:55+00:00
venice_mar_vista/2924874804493834_0,reject,2026-09-19T20:29:55+00:00
hollywood/172902738073499_0,reject,2026-09-19T20:29:55+00:00
downtown/149657600457398_0,reject,2026-09-19T20:29:55+00:00
hollywood/2927081754240427_0,reject,2026-09-19T20:29:55+00:00
koreatown/120949850025318_0,reject,2026-09-19T20:29:55+00:00
koreatown/2541419336152282_0,reject,2026-09-19T20:29:55+00:00
hollywood/1353787194991929_0,reject,2026-09-19T20:29:55+00:00
hollywood/1351527408548323_0,accept,2026-09-19T20:29:55+00:00
koreatown/951423892273999_0,reject,2026-09-19T20:29:55+00:00
venice_mar_vista/236363404929009_0,reject,2026-09-19T20:29:55+00:00
koreatown/240004361215513_0,reject,2026-09-19T20:29:55+00:00
hollywood/2554838141477943_0,reject,2026-09-19T20:29:55+00:00
koreatown/929501334559115_0,reject,2026-09-19T20:30:24+00:00
venice_mar_vista/1467983700200240_0,reject,2026-09-19T20:30:24+00:00
koreatown/1165130513926216_0,reject,2026-09-19T20:30:24+00:00
hollywood/472751940710995_0,reject,2026-09-19T20:30:24+00:00
hollywood/342383310641454_0,reject,2026-09-19T20:30:24+00:00
venice_mar_vista/147670543920673_0,reject,2026-09-19T20:30:24+00:00
hollywood/516870622646011_0,reject,2026-09-19T20:30:24+00:00
hollywood/266720681839272_1,reject,2026-09-19T20:30:24+00:00
koreatown/279971750462157_0,reject,2026-09-19T20:30:24+00:00
koreatown/369564091122596_0,reject,2026-09-19T20:30:24+00:00
venice_mar_vista/339619364295230_0,reject,2026-09-19T20:30:24+00:00
venice_mar_vista/1048763355650058_0,reject,2026-09-19T20:30:24+00:00
venice_mar_vista/583843799255999_0,reject,2026-09-19T20:30:24+00:00
venice_mar_vista/1094475251041677_0,reject,2026-09-19T20:30:24+00:00
hollywood/346377346937119_0,reject,2026-09-19T20:30:24+00:00
hollywood/2941583356108149_0,reject,2026-09-19T20:30:24+00:00
koreatown/215941973375717_0,reject,2026-09-19T20:30:24+00:00
hollywood/284635233300633_0,reject,2026-09-19T20:30:24+00:00
venice_mar_vista/315707613241536_0,reject,2026-09-19T20:30:24+00:00
hollywood/1435973603404286_0,reject,2026-09-19T20:30:24+00:00
koreatown/460411945038252_0,reject,2026-09-19T20:30:24+00:00
venice_mar_vista/177414764154670_0,reject,2026-09-19T20:30:24+00:00
venice_mar_vista/223377512887192_0,reject,2026-09-19T20:30:24+00:00
hollywood/306492701149633_0,reject,2026-09-19T20:30:24+00:00
koreatown/2924494314538437_0,reject,2026-09-19T20:30:24+00:00
hollywood/175641207775920_0,accept,2026-09-19T20:30:24+00:00
koreatown/858204638107288_0,reject,2026-09-19T20:30:24+00:00
koreatown/3938542356231566_0,reject,2026-09-19T20:30:24+00:00
venice_mar_vista/171064891470317_0,reject,2026-09-19T20:30:24+00:00
venice_mar_vista/522560532245339_0,reject,2026-09-19T20:30:24+00:00
hollywood/518590292470503_0,reject,2026-09-19T20:30:24+00:00
hollywood/473626177278242_0,reject,2026-09-19T20:30:24+00:00
downtown/339615597542802_0,reject,2026-09-19T20:30:24+00:00
hollywood/219257636633425_0,accept,2026-09-19T20:30:24+00:00
hollywood/217038683230135_0,reject,2026-09-19T20:30:24+00:00
hollywood/317441613067173_0,reject,2026-09-19T20:30:24+00:00
hollywood/222902686265141_0,reject,2026-09-19T20:30:24+00:00
downtown/326489485495654_0,reject,2026-09-19T20:30:24+00:00
hollywood/316380429847795_0,reject,2026-09-19T20:30:24+00:00
downtown/1786783638196485_0,reject,2026-09-19T20:30:24+00:00
venice_mar_vista/173488581219733_0,reject,2026-09-19T20:31:00+00:00
hollywood/1993932820756985_0,reject,2026-09-19T20:31:00+00:00
hollywood/369105787865930_0,reject,2026-09-19T20:31:00+00:00
hollywood/317100656547344_0,reject,2026-09-19T20:31:00+00:00
venice_mar_vista/315707613241536_1,reject,2026-09-19T20:31:00+00:00
downtown/479508496693216_0,reject,2026-09-19T20:31:00+00:00
hollywood/146317950802111_0,reject,2026-09-19T20:31:00+00:00
downtown/519907819372050_0,accept,2026-09-19T20:31:00+00:00
hollywood/303197148008982_0,reject,2026-09-19T20:31:00+00:00
hollywood/4167133863380630_0,reject,2026-09-19T20:31:00+00:00
venice_mar_vista/195386088938861_0,reject,2026-09-19T20:31:00+00:00
hollywood/1461472090868252_0,reject,2026-09-19T20:31:00+00:00
venice_mar_vista/155722316488707_1,reject,2026-09-19T20:31:00+00:00
hollywood/767648987260469_0,reject,2026-09-19T20:31:00+00:00
koreatown/134285995397908_0,reject,2026-09-19T20:31:00+00:00
venice_mar_vista/238508498043710_0,reject,2026-09-19T20:31:00+00:00
koreatown/465875307853144_0,reject,2026-09-19T20:31:00+00:00
venice_mar_vista/266125231919267_0,reject,2026-09-19T20:31:00+00:00
downtown/903138310478929_0,reject,2026-09-19T20:31:00+00:00
venice_mar_vista/473263947433788_0,reject,2026-09-19T20:31:00+00:00
venice_mar_vista/1771533443028873_0,reject,2026-09-19T20:31:00+00:00
downtown/220302079471254_0,reject,2026-09-19T20:31:00+00:00
venice_mar_vista/1994782600660461_0,reject,2026-09-19T20:31:00+00:00
downtown/145850884216661_0,reject,2026-09-19T20:31:00+00:00
hollywood/162894942346233_0,reject,2026-09-19T20:31:00+00:00
hollywood/504407644027951_0,reject,2026-09-19T20:31:00+00:00
hollywood/986982118706147_0,reject,2026-09-19T20:31:00+00:00
hollywood/903297763783407_0,reject,2026-09-19T20:31:00+00:00
hollywood/169040068464486_0,reject,2026-09-19T20:31:00+00:00
hollywood/496935281447721_0,accept,2026-09-19T20:31:00+00:00
hollywood/299699671621705_0,reject,2026-09-19T20:31:00+00:00
downtown/1202563213509358_0,reject,2026-09-19T20:31:00+00:00
downtown/847040762824856_0,reject,2026-09-19T20:31:00+00:00
hollywood/304687271039642_0,reject,2026-09-19T20:31:00+00:00
hollywood/4080053755350326_0,reject,2026-09-19T20:31:00+00:00
hollywood/1171414533299911_0,reject,2026-09-19T20:31:00+00:00
downtown/152220220193253_0,reject,2026-09-19T20:31:00+00:00
hollywood/272005917978785_0,reject,2026-09-19T20:31:00+00:00
koreatown/292511732593781_0,reject,2026-09-19T20:31:00+00:00
venice_mar_vista/182522633767874_0,reject,2026-09-19T20:31:00+00:00
downtown/859214251604327_0,reject,2026-09-19T20:31:43+00:00
hollywood/514694866210762_0,accept,2026-09-19T20:31:43+00:00
hollywood/968611873877577_0,reject,2026-09-19T20:31:43+00:00
venice_mar_vista/391201728695506_0,reject,2026-09-19T20:31:43+00:00
hollywood/461515741794479_0,reject,2026-09-19T20:31:43+00:00
hollywood/3075722279379387_0,reject,2026-09-19T20:31:43+00:00
hollywood/152453340102376_0,reject,2026-09-19T20:31:43+00:00
venice_mar_vista/176477194254461_0,reject,2026-09-19T20:31:43+00:00
hollywood/343206514073486_0,reject,2026-09-19T20:31:43+00:00
hollywood/330101161864660_0,reject,2026-09-19T20:31:43+00:00
hollywood/864012104184052_0,reject,2026-09-19T20:31:43+00:00
venice_mar_vista/498612921329015_0,reject,2026-09-19T20:31:43+00:00
downtown/2903459323199617_0,reject,2026-09-19T20:31:43+00:00
downtown/264832138479694_1,reject,2026-09-19T20:31:43+00:00
hollywood/143969174376547_0,reject,2026-09-19T20:31:43+00:00
hollywood/2980410218858682_0,reject,2026-09-19T20:31:43+00:00
venice_mar_vista/299323661759705_0,reject,2026-09-19T20:31:43+00:00
venice_mar_vista/287895669638116_0,reject,2026-09-19T20:31:43+00:00
hollywood/502803474271651_0,reject,2026-09-19T20:31:43+00:00
hollywood/504962597301198_0,reject,2026-09-19T20:31:43+00:00
venice_mar_vista/761756297836032_0,reject,2026-09-19T20:31:43+00:00
venice_mar_vista/527034005092925_0,reject,2026-09-19T20:31:43+00:00
downtown/222362526356724_0,reject,2026-09-19T20:31:43+00:00
downtown/572733053689012_1,reject,2026-09-19T20:31:43+00:00
venice_mar_vista/1973037112849094_0,reject,2026-09-19T20:31:43+00:00
venice_mar_vista/1390340627988757_0,reject,2026-09-19T20:31:43+00:00
venice_mar_vista/146703534074132_0,reject,2026-09-19T20:31:43+00:00
venice_mar_vista/1212171255880604_0,reject,2026-09-19T20:31:43+00:00
downtown/895244354395307_0,reject,2026-09-19T20:31:43+00:00
venice_mar_vista/459096615378948_0,reject,2026-09-19T20:31:43+00:00
hollywood/3990748210960377_0,reject,2026-09-19T20:31:43+00:00
hollywood/504427297380380_0,reject,2026-09-19T20:31:43+00:00
venice_mar_vista/298832751810492_0,reject,2026-09-19T20:31:43+00:00
downtown/934958087306102_0,reject,2026-09-19T20:31:43+00:00
downtown/896260227888413_0,reject,2026-09-19T20:31:43+00:00
hollywood/169716565057722_0,reject,2026-09-19T20:31:43+00:00
downtown/835946673689968_0,reject,2026-09-19T20:31:43+00:00
downtown/473600610522138_0,reject,2026-09-19T20:31:43+00:00
hollywood/290645916039482_0,accept,2026-09-19T20:31:43+00:00
hollywood/511970726640931_0,reject,2026-09-19T20:31:43+00:00
downtown/760684781484182_0,reject,2026-09-19T20:32:46+00:00
downtown/4135763369836482_0,reject,2026-09-19T20:32:46+00:00
hollywood/1356867591363618_0,reject,2026-09-19T20:32:46+00:00
venice_mar_vista/367301514701575_0,reject,2026-09-19T20:32:46+00:00
downtown/141622651215663_0,reject,2026-09-19T20:32:46+00:00
hollywood/3129565193970765_0,reject,2026-09-19T20:32:46+00:00
downtown/3952429594848196_0,reject,2026-09-19T20:32:46+00:00
downtown/491949688522196_0,reject,2026-09-19T20:32:46+00:00
hollywood/179775237354927_0,reject,2026-09-19T20:32:46+00:00
downtown/4026629747401544_0,reject,2026-09-19T20:32:46+00:00
downtown/294490168924444_0,reject,2026-09-19T20:32:46+00:00
hollywood/147897103965751_0,reject,2026-09-19T20:32:46+00:00
hollywood/145343704272316_0,reject,2026-09-19T20:32:46+00:00
westwood/579254266438463_0,reject,2026-09-19T20:32:46+00:00
westwood/2749943305303721_0,reject,2026-09-19T20:32:46+00:00
downtown/315356319975653_1,reject,2026-09-19T20:32:46+00:00
downtown/934748760684682_0,reject,2026-09-19T20:32:46+00:00
hollywood/485237985867033_0,reject,2026-09-19T20:32:46+00:00
hollywood/830273021030955_0,reject,2026-09-19T20:32:46+00:00
downtown/1189500198150866_0,reject,2026-09-19T20:32:46+00:00
downtown/466565427984116_0,reject,2026-09-19T20:32:46+00:00
hollywood/1124079231394928_0,reject,2026-09-19T20:32:46+00:00
venice_mar_vista/2806450512942540_0,reject,2026-09-19T20:32:46+00:00
downtown/214235936794372_0,reject,2026-09-19T20:32:46+00:00
downtown/195147829091464_2,reject,2026-09-19T20:32:46+00:00
downtown/1395949274105016_0,reject,2026-09-19T20:32:46+00:00
hollywood/531213034539545_0,reject,2026-09-19T20:32:46+00:00
hollywood/4794558627227711_0,reject,2026-09-19T20:32:46+00:00
hollywood/3891656770924092_0,reject,2026-09-19T20:32:46+00:00
downtown/478664596885172_1,reject,2026-09-19T20:32:46+00:00
hollywood/738659996829650_0,reject,2026-09-19T20:32:46+00:00
venice_mar_vista/504873124031686_0,reject,2026-09-19T20:32:46+00:00
downtown/779132026331570_0,reject,2026-09-19T20:32:46+00:00
hollywood/479262979987315_0,reject,2026-09-19T20:32:46+00:00
venice_mar_vista/171137081571380_0,reject,2026-09-19T20:32:46+00:00
venice_mar_vista/384868179343295_0,reject,2026-09-19T20:32:46+00:00
downtown/459856238423495_1,reject,2026-09-19T20:32:46+00:00
hollywood/176804900991876_0,reject,2026-09-19T20:32:46+00:00
downtown/312789220449228_0,reject,2026-09-19T20:32:46+00:00
hollywood/469628900994871_0,reject,2026-09-19T20:32:46+00:00
venice_mar_vista/420067846204271_1,reject,2026-09-19T20:33:37+00:00
hollywood/799004754072752_0,reject,2026-09-19T20:33:37+00:00
hollywood/1121722854971129_0,reject,2026-09-19T20:33:37+00:00
hollywood/487420175640801_0,reject,2026-09-19T20:33:37+00:00
venice_mar_vista/3898142343614555_0,reject,2026-09-19T20:33:37+00:00
downtown/2847706528824294_0,reject,2026-09-19T20:33:37+00:00
downtown/4074438572620699_0,reject,2026-09-19T20:33:37+00:00
hollywood/2821362884655009_0,reject,2026-09-19T20:33:37+00:00
venice_mar_vista/886018301964904_0,reject,2026-09-19T20:33:37+00:00
downtown/951654658995019_0,reject,2026-09-19T20:33:37+00:00
venice_mar_vista/946598299214428_0,reject,2026-09-19T20:33:37+00:00
venice_mar_vista/2865495480372085_0,reject,2026-09-19T20:33:37+00:00
venice_mar_vista/500324914347440_0,reject,2026-09-19T20:33:37+00:00
koreatown/155336476532201_0,reject,2026-09-19T20:33:37+00:00
venice_mar_vista/775150303188962_0,reject,2026-09-19T20:33:37+00:00
koreatown/467783770981816_0,reject,2026-09-19T20:33:37+00:00
hollywood/1226590374420941_0,reject,2026-09-19T20:33:37+00:00
koreatown/466357707976840_0,accept,2026-09-19T20:33:37+00:00
hollywood/1429850150682755_0,reject,2026-09-19T20:33:37+00:00
hollywood/968728330576548_0,reject,2026-09-19T20:33:37+00:00
downtown/125062853040076_0,reject,2026-09-19T20:33:37+00:00
hollywood/842531893014756_0,reject,2026-09-19T20:33:37+00:00
downtown/1042733712801547_0,reject,2026-09-19T20:33:37+00:00
downtown/164760978885189_0,reject,2026-09-19T20:33:37+00:00
koreatown/476834543751267_0,reject,2026-09-19T20:33:37+00:00
koreatown/196000509009265_0,reject,2026-09-19T20:33:37+00:00
downtown/473515267058674_0,reject,2026-09-19T20:33:37+00:00
koreatown/1212429945876449_0,reject,2026-09-19T20:33:37+00:00
hollywood/913244406193144_0,accept,2026-09-19T20:33:37+00:00
downtown/624517308944628_0,reject,2026-09-19T20:33:37+00:00
koreatown/745393103007116_0,reject,2026-09-19T20:33:37+00:00
venice_mar_vista/1772427452918753_0,reject,2026-09-19T20:33:37+00:00
downtown/396783264782351_0,reject,2026-09-19T20:33:37+00:00
downtown/184020273621338_0,reject,2026-09-19T20:33:37+00:00
koreatown/236880014899511_0,accept,2026-09-19T20:33:37+00:00
koreatown/1263814977391084_0,reject,2026-09-19T20:33:37+00:00
downtown/473171823767659_0,reject,2026-09-19T20:33:37+00:00
hollywood/2894019530820394_0,reject,2026-09-19T20:33:37+00:00
downtown/185266860156184_0,reject,2026-09-19T20:33:37+00:00
downtown/306360294426048_0,reject,2026-09-19T20:33:37+00:00
koreatown/1426114194412563_0,reject,2026-09-19T20:34:11+00:00
hollywood/208680714428371_0,reject,2026-09-19T20:34:11+00:00
downtown/2945087945709638_0,reject,2026-09-19T20:34:11+00:00
koreatown/819887648734462_0,reject,2026-09-19T20:34:11+00:00
downtown/179253640801436_0,reject,2026-09-19T20:34:11+00:00
koreatown/3454283608008179_0,reject,2026-09-19T20:34:11+00:00
downtown/3049562008610394_0,reject,2026-09-19T20:34:11+00:00
venice_mar_vista/128973639218398_0,accept,2026-09-19T20:34:11+00:00
koreatown/1381146572284160_0,reject,2026-09-19T20:34:11+00:00
venice_mar_vista/120182626761707_0,reject,2026-09-19T20:34:11+00:00
venice_mar_vista/917101974791381_0,reject,2026-09-19T20:34:11+00:00
hollywood/604932483827965_0,reject,2026-09-19T20:34:11+00:00
hollywood/815742565735036_0,reject,2026-09-19T20:34:11+00:00
hollywood/298721805041139_0,reject,2026-09-19T20:34:11+00:00
koreatown/2945973282346636_0,reject,2026-09-19T20:34:11+00:00
hollywood/470729764224898_0,reject,2026-09-19T20:34:11+00:00
koreatown/1394369387593551_0,reject,2026-09-19T20:34:11+00:00
koreatown/485136772540276_0,accept,2026-09-19T20:34:11+00:00
koreatown/1600649383474483_0,reject,2026-09-19T20:34:11+00:00
koreatown/464610727968383_0,reject,2026-09-19T20:34:11+00:00
hollywood/393524798334438_0,reject,2026-09-19T20:34:11+00:00
downtown/350038853215034_0,reject,2026-09-19T20:34:11+00:00
hollywood/302414171342115_0,reject,2026-09-19T20:34:11+00:00
hollywood/235560481766263_0,reject,2026-09-19T20:34:11+00:00
hollywood/309727107209581_0,reject,2026-09-19T20:34:11+00:00
downtown/529588658057049_0,reject,2026-09-19T20:34:11+00:00
downtown/933481640552505_0,reject,2026-09-19T20:34:11+00:00
koreatown/3989252387807865_0,reject,2026-09-19T20:34:11+00:00
koreatown/2904591329756441_0,reject,2026-09-19T20:34:11+00:00
koreatown/2922251734712531_0,reject,2026-09-19T20:34:11+00:00
downtown/819012438805690_0,reject,2026-09-19T20:34:11+00:00
downtown/2409933772483545_0,reject,2026-09-19T20:34:11+00:00
hollywood/471675070739673_0,reject,2026-09-19T20:34:11+00:00
koreatown/462432235041187_0,reject,2026-09-19T20:34:11+00:00
downtown/310441334032792_0,reject,2026-09-19T20:34:11+00:00
hollywood/2991569884435022_0,reject,2026-09-19T20:34:11+00:00
downtown/561213151527580_0,reject,2026-09-19T20:34:11+00:00
downtown/1585774978293251_0,reject,2026-09-19T20:34:11+00:00
koreatown/1928679410633045_0,reject,2026-09-19T20:34:11+00:00
downtown/148261220526399_0,reject,2026-09-19T20:34:11+00:00
koreatown/1110171302801936_0,reject,2026-09-19T20:35:30+00:00
downtown/779059559472099_0,reject,2026-09-19T20:35:30+00:00
downtown/1448816782126478_0,reject,2026-09-19T20:35:30+00:00
hollywood/1070915560065351_0,reject,2026-09-19T20:35:30+00:00
downtown/388605725885653_0,reject,2026-09-19T20:35:30+00:00
downtown/302593758265720_0,reject,2026-09-19T20:35:30+00:00
hollywood/1370377803333606_1,reject,2026-09-19T20:35:30+00:00
downtown/201678991848836_0,accept,2026-09-19T20:35:30+00:00
koreatown/1112929469198101_0,reject,2026-09-19T20:35:30+00:00
koreatown/2931561697116434_0,reject,2026-09-19T20:35:30+00:00
venice_mar_vista/499269817866556_0,reject,2026-09-19T20:35:30+00:00
koreatown/2574190012882668_0,reject,2026-09-19T20:35:30+00:00
koreatown/1439844626359879_0,reject,2026-09-19T20:35:30+00:00
koreatown/3015345775410092_0,reject,2026-09-19T20:35:30+00:00
koreatown/134306035358488_0,reject,2026-09-19T20:35:30+00:00
hollywood/4551168871581231_0,reject,2026-09-19T20:35:30+00:00
hollywood/593150568746649_0,reject,2026-09-19T20:35:30+00:00
hollywood/817765385500654_0,reject,2026-09-19T20:35:30+00:00
venice_mar_vista/4025285184159517_0,accept,2026-09-19T20:35:30+00:00
hollywood/299953915077160_0,reject,2026-09-19T20:35:30+00:00
koreatown/217249729872788_0,reject,2026-09-19T20:35:30+00:00
venice_mar_vista/1588292274703333_0,accept,2026-09-19T20:35:30+00:00
downtown/1407463789613100_0,reject,2026-09-19T20:35:30+00:00
koreatown/316544876573962_0,reject,2026-09-19T20:35:30+00:00
koreatown/2888001678185467_0,reject,2026-09-19T20:35:30+00:00
downtown/2010586992413903_0,reject,2026-09-19T20:35:30+00:00
hollywood/558592271848891_0,accept,2026-09-19T20:35:30+00:00
koreatown/678076822963531_0,reject,2026-09-19T20:35:30+00:00
koreatown/537162984358966_0,reject,2026-09-19T20:35:30+00:00
koreatown/895976030979056_0,reject,2026-09-19T20:35:30+00:00
hollywood/523476712241631_0,accept,2026-09-19T20:35:30+00:00
hollywood/466977011187108_0,reject,2026-09-19T20:35:30+00:00
koreatown/329639088590369_0,reject,2026-09-19T20:35:30+00:00
koreatown/463509938044301_0,reject,2026-09-19T20:35:30+00:00
downtown/792661564722142_0,accept,2026-09-19T20:35:30+00:00
koreatown/1426958151009024_0,reject,2026-09-19T20:35:30+00:00
downtown/319331859532817_0,reject,2026-09-19T20:35:30+00:00
venice_mar_vista/246438987272401_0,reject,2026-09-19T20:35:30+00:00
downtown/1130927154001952_0,reject,2026-09-19T20:35:30+00:00
hollywood/478790130043666_0,reject,2026-09-19T20:35:30+00:00
venice_mar_vista/487611208994776_0,reject,2026-09-19T20:36:10+00:00
downtown/839949926923660_0,accept,2026-09-19T20:36:10+00:00
downtown/2902574623325551_0,reject,2026-09-19T20:36:10+00:00
downtown/1113862455787685_0,reject,2026-09-19T20:36:10+00:00
downtown/266236315244156_0,reject,2026-09-19T20:36:10+00:00
hollywood/4170359229693973_1,reject,2026-09-19T20:36:10+00:00
hollywood/318732846294936_0,reject,2026-09-19T20:36:10+00:00
hollywood/278908650613426_0,reject,2026-09-19T20:36:10+00:00
downtown/175552774425493_0,reject,2026-09-19T20:36:10+00:00
hollywood/1928581100623523_0,accept,2026-09-19T20:36:10+00:00
hollywood/135529901972756_0,reject,2026-09-19T20:36:10+00:00
koreatown/998727468340546_0,reject,2026-09-19T20:36:10+00:00
koreatown/279029117247838_0,reject,2026-09-19T20:36:10+00:00
koreatown/2567230450246316_0,reject,2026-09-19T20:36:10+00:00
venice_mar_vista/153813713346019_0,accept,2026-09-19T20:36:10+00:00
venice_mar_vista/771848109983714_0,reject,2026-09-19T20:36:10+00:00
downtown/815877025975989_0,reject,2026-09-19T20:36:10+00:00
hollywood/511704939863961_0,reject,2026-09-19T20:36:10+00:00
koreatown/296004152157835_1,reject,2026-09-19T20:36:10+00:00
downtown/501725654585541_0,reject,2026-09-19T20:36:10+00:00
koreatown/147334500697754_0,reject,2026-09-19T20:36:10+00:00
venice_mar_vista/1126235174517459_0,accept,2026-09-19T20:36:10+00:00
downtown/1691234084396139_0,reject,2026-09-19T20:36:10+00:00
downtown/1259249051152330_0,reject,2026-09-19T20:36:10+00:00
downtown/200466508809582_0,reject,2026-09-19T20:36:10+00:00
downtown/3035748593379085_0,reject,2026-09-19T20:36:10+00:00
venice_mar_vista/2095201987777417_0,reject,2026-09-19T20:36:10+00:00
downtown/2576056576034080_0,reject,2026-09-19T20:36:10+00:00
hollywood/305981097562814_0,reject,2026-09-19T20:36:10+00:00
koreatown/611121253177716_0,reject,2026-09-19T20:36:10+00:00
hollywood/296609852133826_0,reject,2026-09-19T20:36:10+00:00
koreatown/1108629756302512_0,reject,2026-09-19T20:36:10+00:00
koreatown/4229868337044439_0,reject,2026-09-19T20:36:10+00:00
koreatown/1883562108462619_0,reject,2026-09-19T20:36:10+00:00
koreatown/1560177677523786_0,reject,2026-09-19T20:36:10+00:00
hollywood/206947780992382_0,reject,2026-09-19T20:36:10+00:00
hollywood/299335598400004_0,reject,2026-09-19T20:36:10+00:00
downtown/760829781463937_0,reject,2026-09-19T20:36:10+00:00
hollywood/805510613695379_0,reject,2026-09-19T20:36:10+00:00
koreatown/519411475731310_0,reject,2026-09-19T20:36:10+00:00
venice_mar_vista/193718389108541_0,reject,2026-09-19T20:37:08+00:00
venice_mar_vista/196903638912367_0,reject,2026-09-19T20:37:08+00:00
hollywood/4493406740683087_0,reject,2026-09-19T20:37:08+00:00
koreatown/473336137307922_1,accept,2026-09-19T20:37:08+00:00
koreatown/320385412784601_0,reject,2026-09-19T20:37:08+00:00
venice_mar_vista/935098233725942_0,accept,2026-09-19T20:37:08+00:00
hollywood/244196947461100_0,reject,2026-09-19T20:37:08+00:00
koreatown/369407871144062_0,reject,2026-09-19T20:37:08+00:00
koreatown/508562696948887_0,reject,2026-09-19T20:37:08+00:00
koreatown/212587490419046_0,reject,2026-09-19T20:37:08+00:00
hollywood/416775269412331_0,reject,2026-09-19T20:37:08+00:00
koreatown/4088853147868197_0,reject,2026-09-19T20:37:08+00:00
downtown/1428404330830025_0,reject,2026-09-19T20:37:08+00:00
venice_mar_vista/274727800998404_0,reject,2026-09-19T20:37:08+00:00
hollywood/952208405552005_0,accept,2026-09-19T20:37:08+00:00
koreatown/458063895293522_0,reject,2026-09-19T20:37:08+00:00
koreatown/497189591406203_0,reject,2026-09-19T20:37:08+00:00
koreatown/306930030816146_0,reject,2026-09-19T20:37:08+00:00
koreatown/775381906343352_0,reject,2026-09-19T20:37:08+00:00
venice_mar_vista/942772299790344_0,reject,2026-09-19T20:37:08+00:00
hollywood/1099397630535866_0,reject,2026-09-19T20:37:08+00:00
downtown/495883361534449_0,reject,2026-09-19T20:37:08+00:00
koreatown/4019371311434128_1,reject,2026-09-19T20:37:08+00:00
koreatown/2004256663049453_0,accept,2026-09-19T20:37:08+00:00
venice_mar_vista/969335943875663_0,reject,2026-09-19T20:37:08+00:00
downtown/306360294426048_1,reject,2026-09-19T20:37:08+00:00
downtown/1291249307998958_0,reject,2026-09-19T20:37:08+00:00
koreatown/4080841928620765_0,reject,2026-09-19T20:37:08+00:00
koreatown/562550121392358_0,reject,2026-09-19T20:37:08+00:00
venice_mar_vista/460240418382244_0,reject,2026-09-19T20:37:08+00:00
downtown/475184477034767_0,reject,2026-09-19T20:37:08+00:00
koreatown/4144806412252964_0,reject,2026-09-19T20:37:08+00:00
venice_mar_vista/373004180761684_0,reject,2026-09-19T20:37:08+00:00
koreatown/1105155536637243_0,accept,2026-09-19T20:37:08+00:00
koreatown/216575366635339_0,reject,2026-09-19T20:37:08+00:00
venice_mar_vista/130700409045009_0,accept,2026-09-19T20:37:08+00:00
hollywood/497468238261196_0,reject,2026-09-19T20:37:08+00:00
koreatown/474758520459805_0,reject,2026-09-19T20:37:08+00:00
venice_mar_vista/3777750672338342_0,reject,2026-09-19T20:37:08+00:00
koreatown/938879130221657_0,reject,2026-09-19T20:37:08+00:00
venice_mar_vista/279240343910327_0,reject,2026-09-19T20:37:42+00:00
venice_mar_vista/1387063753394125_0,reject,2026-09-19T20:37:42+00:00
downtown/1448816782126478_1,reject,2026-09-19T20:37:42+00:00
downtown/377659247006043_0,reject,2026-09-19T20:37:42+00:00
hollywood/1474863982861364_0,reject,2026-09-19T20:37:42+00:00
koreatown/238587924690918_0,reject,2026-09-19T20:37:42+00:00
hollywood/492677005510361_0,reject,2026-09-19T20:37:42+00:00
koreatown/860163278045862_0,reject,2026-09-19T20:37:42+00:00
downtown/478253973510422_0,reject,2026-09-19T20:37:42+00:00
downtown/2977993722434248_0,reject,2026-09-19T20:37:42+00:00
hollywood/1002426680497685_0,accept,2026-09-19T20:37:42+00:00
koreatown/627281322004311_0,reject,2026-09-19T20:37:42+00:00
koreatown/322790482541192_0,accept,2026-09-19T20:37:42+00:00
hollywood/2944587289120673_0,accept,2026-09-19T20:37:42+00:00
downtown/903607807161082_0,reject,2026-09-19T20:37:42+00:00
hollywood/167717151939750_0,reject,2026-09-19T20:37:42+00:00
koreatown/3930030827091403_0,reject,2026-09-19T20:37:42+00:00
koreatown/314553023409519_0,reject,2026-09-19T20:37:42+00:00
koreatown/520842282660117_0,reject,2026-09-19T20:37:42+00:00
koreatown/745194416138346_0,reject,2026-09-19T20:37:42+00:00
venice_mar_vista/1001521377253450_0,reject,2026-09-19T20:37:42+00:00
koreatown/508201773925657_0,reject,2026-09-19T20:37:42+00:00
venice_mar_vista/198022122135052_0,reject,2026-09-19T20:37:42+00:00
hollywood/231782842080121_0,reject,2026-09-19T20:37:42+00:00
hollywood/4302112306568740_0,reject,2026-09-19T20:37:42+00:00
venice_mar_vista/905411080192972_0,reject,2026-09-19T20:37:42+00:00
hollywood/1492129831123473_0,reject,2026-09-19T20:37:42+00:00
hollywood/875534793002008_0,accept,2026-09-19T20:37:42+00:00
koreatown/2315529735246794_0,accept,2026-09-19T20:37:42+00:00
koreatown/307253981034996_0,reject,2026-09-19T20:37:42+00:00
koreatown/816974169202335_0,accept,2026-09-19T20:37:42+00:00
venice_mar_vista/1753050202487398_0,reject,2026-09-19T20:37:42+00:00
koreatown/168378041876202_0,accept,2026-09-19T20:37:42+00:00
venice_mar_vista/512172763275575_0,reject,2026-09-19T20:37:42+00:00
hollywood/355599866212454_0,reject,2026-09-19T20:37:42+00:00
koreatown/192907049231724_0,accept,2026-09-19T20:37:42+00:00
hollywood/365943134914540_0,reject,2026-09-19T20:37:42+00:00
hollywood/1480849878936855_0,accept,2026-09-19T20:37:42+00:00
koreatown/4322161127828504_0,reject,2026-09-19T20:37:42+00:00
koreatown/317968183266352_0,reject,2026-09-19T20:37:42+00:00
hollywood/1162572464195481_0,accept,2026-09-19T20:38:30+00:00
koreatown/824238145117424_0,reject,2026-09-19T20:38:30+00:00
koreatown/301531518237357_0,reject,2026-09-19T20:38:30+00:00
downtown/1091712408003627_0,reject,2026-09-19T20:38:30+00:00
koreatown/255748926332880_0,reject,2026-09-19T20:38:30+00:00
koreatown/1660590317483421_0,reject,2026-09-19T20:38:30+00:00
koreatown/1082451332247257_1,reject,2026-09-19T20:38:30+00:00
venice_mar_vista/465913624475603_0,reject,2026-09-19T20:38:30+00:00
downtown/786376215359311_0,reject,2026-09-19T20:38:30+00:00
koreatown/180915820626204_0,reject,2026-09-19T20:38:30+00:00
koreatown/486175842698092_0,reject,2026-09-19T20:38:30+00:00
downtown/278341970642328_0,reject,2026-09-19T20:38:30+00:00
downtown/918856735370075_0,reject,2026-09-19T20:38:30+00:00
venice_mar_vista/2849799192002071_0,reject,2026-09-19T20:38:30+00:00
hollywood/1136507556755185_0,reject,2026-09-19T20:38:30+00:00
hollywood/457782178662835_0,reject,2026-09-19T20:38:30+00:00
koreatown/1346804745703608_0,reject,2026-09-19T20:38:30+00:00
hollywood/2848502928721162_0,accept,2026-09-19T20:38:30+00:00
hollywood/173281854696919_0,reject,2026-09-19T20:38:30+00:00
downtown/979930199445991_0,reject,2026-09-19T20:38:30+00:00
downtown/950542295695837_0,reject,2026-09-19T20:38:30+00:00
hollywood/198717145231868_0,reject,2026-09-19T20:38:30+00:00
hollywood/483595119568674_0,reject,2026-09-19T20:38:30+00:00
koreatown/284651353032047_0,reject,2026-09-19T20:38:30+00:00
koreatown/392811538454974_0,reject,2026-09-19T20:38:30+00:00
venice_mar_vista/496353881721948_0,reject,2026-09-19T20:38:30+00:00
downtown/307397231063967_0,reject,2026-09-19T20:38:30+00:00
koreatown/314429046709804_0,reject,2026-09-19T20:38:30+00:00
koreatown/223668712457515_0,reject,2026-09-19T20:38:30+00:00
koreatown/311611663680855_0,reject,2026-09-19T20:38:30+00:00
downtown/1345341502518668_1,reject,2026-09-19T20:38:30+00:00
koreatown/147298047300565_0,reject,2026-09-19T20:38:30+00:00
koreatown/165290242185595_0,reject,2026-09-19T20:38:30+00:00
koreatown/873300699942526_0,reject,2026-09-19T20:38:30+00:00
koreatown/853836068535054_0,reject,2026-09-19T20:38:30+00:00
venice_mar_vista/460347815189646_0,reject,2026-09-19T20:38:30+00:00
venice_mar_vista/176197704373394_0,reject,2026-09-19T20:38:30+00:00
hollywood/1033468110757015_0,reject,2026-09-19T20:38:30+00:00
hollywood/304351744479672_0,reject,2026-09-19T20:38:30+00:00
koreatown/1208957892870492_0,reject,2026-09-19T20:38:30+00:00
koreatown/496671574788533_0,reject,2026-09-19T20:38:57+00:00
venice_mar_vista/535738347753916_0,reject,2026-09-19T20:38:57+00:00
downtown/1552282161643665_0,reject,2026-09-19T20:38:57+00:00
hollywood/1405361403161988_0,reject,2026-09-19T20:38:57+00:00
downtown/1393532911002874_0,reject,2026-09-19T20:38:57+00:00
hollywood/3218096255084724_0,reject,2026-09-19T20:38:57+00:00
hollywood/309997173892191_0,reject,2026-09-19T20:38:57+00:00
koreatown/799242717382970_0,reject,2026-09-19T20:38:57+00:00
koreatown/214138183571751_0,reject,2026-09-19T20:38:57+00:00
venice_mar_vista/775917646402607_0,reject,2026-09-19T20:38:57+00:00
downtown/518349952672999_0,reject,2026-09-19T20:38:57+00:00
downtown/452294269404526_0,reject,2026-09-19T20:38:57+00:00
downtown/1202467286871160_0,reject,2026-09-19T20:38:57+00:00
hollywood/747310852606593_0,reject,2026-09-19T20:38:57+00:00
hollywood/754957365190163_0,reject,2026-09-19T20:38:57+00:00
koreatown/828028821476323_1,reject,2026-09-19T20:38:57+00:00
venice_mar_vista/814313732813433_0,reject,2026-09-19T20:38:57+00:00
venice_mar_vista/952595378834538_0,accept,2026-09-19T20:38:57+00:00
venice_mar_vista/178603354114967_0,reject,2026-09-19T20:38:57+00:00
downtown/564354551205504_0,reject,2026-09-19T20:38:57+00:00
hollywood/1088687398280998_0,accept,2026-09-19T20:38:57+00:00
hollywood/490259485728339_1,reject,2026-09-19T20:38:57+00:00
koreatown/212258287121211_0,accept,2026-09-19T20:38:57+00:00
downtown/907135383468379_0,reject,2026-09-19T20:38:57+00:00
downtown/478219116753127_0,reject,2026-09-19T20:38:57+00:00
downtown/2894562150787560_0,reject,2026-09-19T20:38:57+00:00
hollywood/208487127480819_0,reject,2026-09-19T20:38:57+00:00
hollywood/1214162619016887_0,reject,2026-09-19T20:38:57+00:00
koreatown/867380493993380_0,reject,2026-09-19T20:38:57+00:00
koreatown/886600768573021_0,reject,2026-09-19T20:38:57+00:00
downtown/470170460707570_0,reject,2026-09-19T20:38:57+00:00
hollywood/271367088062272_0,reject,2026-09-19T20:38:57+00:00
hollywood/4257534447643340_0,reject,2026-09-19T20:38:57+00:00
koreatown/304116311099062_0,reject,2026-09-19T20:38:57+00:00
venice_mar_vista/914320885807139_0,reject,2026-09-19T20:38:57+00:00
downtown/853270328616877_0,reject,2026-09-19T20:38:57+00:00
koreatown/1024991338032027_0,reject,2026-09-19T20:38:57+00:00
venice_mar_vista/3747154548746627_0,reject,2026-09-19T20:38:57+00:00
downtown/820887962140127_0,reject,2026-09-19T20:38:57+00:00
koreatown/381308586441534_0,reject,2026-09-19T20:38:57+00:00
koreatown/748322795882921_0,reject,2026-09-19T20:39:33+00:00
koreatown/481833136466194_0,reject,2026-09-19T20:39:33+00:00
venice_mar_vista/374260783925890_0,reject,2026-09-19T20:39:33+00:00
venice_mar_vista/4386717241393279_0,reject,2026-09-19T20:39:33+00:00
downtown/153669000087952_0,reject,2026-09-19T20:39:33+00:00
downtown/3952053944888289_0,reject,2026-09-19T20:39:33+00:00
downtown/1477965432547037_0,reject,2026-09-19T20:39:33+00:00
downtown/503228474244399_0,reject,2026-09-19T20:39:33+00:00
hollywood/483595119568674_1,reject,2026-09-19T20:39:33+00:00
koreatown/244833024077355_0,reject,2026-09-19T20:39:33+00:00
koreatown/570069503967321_0,reject,2026-09-19T20:39:33+00:00
koreatown/192686079366806_0,reject,2026-09-19T20:39:33+00:00
koreatown/494525601966534_0,reject,2026-09-19T20:39:33+00:00
downtown/216075733314184_0,reject,2026-09-19T20:39:33+00:00
venice_mar_vista/2941584136078398_0,reject,2026-09-19T20:39:33+00:00
downtown/1971818039644207_0,reject,2026-09-19T20:39:33+00:00
hollywood/518602002477480_0,reject,2026-09-19T20:39:33+00:00
hollywood/216161360131824_0,reject,2026-09-19T20:39:33+00:00
hollywood/287909319637004_0,reject,2026-09-19T20:39:33+00:00
koreatown/338434070951299_0,reject,2026-09-19T20:39:33+00:00
koreatown/490208585762502_0,reject,2026-09-19T20:39:33+00:00
koreatown/420297169277444_1,reject,2026-09-19T20:39:33+00:00
koreatown/553053565679384_0,reject,2026-09-19T20:39:33+00:00
venice_mar_vista/483008559704002_0,reject,2026-09-19T20:39:33+00:00
koreatown/472361590656609_0,reject,2026-09-19T20:39:33+00:00
downtown/238410594750234_0,reject,2026-09-19T20:39:33+00:00
downtown/223787942563195_0,accept,2026-09-19T20:39:33+00:00
hollywood/222526112967018_0,reject,2026-09-19T20:39:33+00:00
koreatown/915492872343519_0,reject,2026-09-19T20:39:33+00:00
koreatown/3944043445683717_0,reject,2026-09-19T20:39:33+00:00
koreatown/175275964495633_0,reject,2026-09-19T20:39:33+00:00
downtown/1044983789364652_0,reject,2026-09-19T20:39:33+00:00
hollywood/5419071878166731_0,reject,2026-09-19T20:39:33+00:00
koreatown/1175984999497392_0,reject,2026-09-19T20:39:33+00:00
venice_mar_vista/877499219464007_0,reject,2026-09-19T20:39:33+00:00
hollywood/189580049676219_0,accept,2026-09-19T20:39:33+00:00
hollywood/516618492681882_0,reject,2026-09-19T20:39:33+00:00
hollywood/298292001885427_0,reject,2026-09-19T20:39:33+00:00
koreatown/793107674913613_0,reject,2026-09-19T20:39:33+00:00
koreatown/136227848527090_0,reject,2026-09-19T20:39:33+00:00
koreatown/469329897685605_1,reject,2026-09-19T20:40:14+00:00
koreatown/821929358687373_0,accept,2026-09-19T20:40:14+00:00
koreatown/2902035346705807_0,reject,2026-09-19T20:40:14+00:00
downtown/916308738937949_0,reject,2026-09-19T20:40:14+00:00
downtown/966366184110529_0,reject,2026-09-19T20:40:14+00:00
hollywood/906675533208154_0,reject,2026-09-19T20:40:14+00:00
koreatown/2857827091212323_0,reject,2026-09-19T20:40:14+00:00
koreatown/318180139700724_0,accept,2026-09-19T20:40:14+00:00
downtown/4097243290338799_0,reject,2026-09-19T20:40:14+00:00
downtown/1641928195991068_0,reject,2026-09-19T20:40:14+00:00
hollywood/3717450608382348_0,reject,2026-09-19T20:40:14+00:00
hollywood/313647100459926_0,reject,2026-09-19T20:40:14+00:00
hollywood/211331507223852_0,reject,2026-09-19T20:40:14+00:00
venice_mar_vista/759233614736992_0,reject,2026-09-19T20:40:14+00:00
downtown/318991963195530_0,reject,2026-09-19T20:40:14+00:00
hollywood/477115173519020_0,reject,2026-09-19T20:40:14+00:00
koreatown/395747424787777_0,reject,2026-09-19T20:40:14+00:00
koreatown/200385571897232_0,reject,2026-09-19T20:40:14+00:00
hollywood/150325107064249_1,reject,2026-09-19T20:40:14+00:00
downtown/1024369738369110_0,reject,2026-09-19T20:40:14+00:00
downtown/630262361234635_0,reject,2026-09-19T20:40:14+00:00
downtown/294413752330754_0,reject,2026-09-19T20:40:14+00:00
hollywood/942441696549291_0,reject,2026-09-19T20:40:14+00:00
venice_mar_vista/4136680006375193_0,reject,2026-09-19T20:40:14+00:00
hollywood/3016368981974609_0,reject,2026-09-19T20:40:14+00:00
venice_mar_vista/472127764024853_0,reject,2026-09-19T20:40:14+00:00
hollywood/4086968521359588_0,reject,2026-09-19T20:40:14+00:00
hollywood/831728731057672_0,reject,2026-09-19T20:40:14+00:00
hollywood/208173760911636_0,reject,2026-09-19T20:40:14+00:00
hollywood/897060554566972_0,reject,2026-09-19T20:40:14+00:00
koreatown/518525326249796_0,reject,2026-09-19T20:40:14+00:00
koreatown/3626951840750146_0,reject,2026-09-19T20:40:14+00:00
venice_mar_vista/201253031637357_0,reject,2026-09-19T20:40:14+00:00
venice_mar_vista/337331734482035_0,reject,2026-09-19T20:40:14+00:00
downtown/145064947642022_0,reject,2026-09-19T20:40:14+00:00
downtown/1023382315152019_0,reject,2026-09-19T20:40:14+00:00
hollywood/820371475529458_0,reject,2026-09-19T20:40:14+00:00
hollywood/4014420375321436_0,reject,2026-09-19T20:40:14+00:00
hollywood/219025266327129_0,reject,2026-09-19T20:40:14+00:00
koreatown/834876237422755_0,reject,2026-09-19T20:40:14+00:00
koreatown/521162522586798_0,reject,2026-09-19T20:40:39+00:00
koreatown/477891633262671_0,reject,2026-09-19T20:40:39+00:00
downtown/527471648631491_0,reject,2026-09-19T20:40:39+00:00
hollywood/184710843518132_0,accept,2026-09-19T20:40:39+00:00
downtown/207577917620405_0,reject,2026-09-19T20:40:39+00:00
hollywood/1396904650672965_0,reject,2026-09-19T20:40:39+00:00
koreatown/1105439116602878_0,reject,2026-09-19T20:40:39+00:00
venice_mar_vista/512623676784041_0,reject,2026-09-19T20:40:39+00:00
downtown/3997321577054846_0,reject,2026-09-19T20:40:39+00:00
hollywood/1127999687682957_0,reject,2026-09-19T20:40:39+00:00
hollywood/163164445889692_0,reject,2026-09-19T20:40:39+00:00
koreatown/2947154365541181_1,reject,2026-09-19T20:40:39+00:00
koreatown/1192388884543229_0,reject,2026-09-19T20:40:39+00:00
venice_mar_vista/1457437224589641_0,reject,2026-09-19T20:40:39+00:00
venice_mar_vista/207609297612857_0,reject,2026-09-19T20:40:39+00:00
venice_mar_vista/2899256033649082_0,reject,2026-09-19T20:40:39+00:00
koreatown/1838188639695942_0,reject,2026-09-19T20:40:39+00:00
koreatown/1926053167548762_0,reject,2026-09-19T20:40:39+00:00
venice_mar_vista/777245239643806_0,reject,2026-09-19T20:40:39+00:00
venice_mar_vista/286301106380542_0,reject,2026-09-19T20:40:39+00:00
downtown/548120819553764_0,reject,2026-09-19T20:40:39+00:00
venice_mar_vista/147409403996460_0,reject,2026-09-19T20:40:39+00:00
hollywood/135109701974186_0,reject,2026-09-19T20:40:39+00:00
hollywood/476023813616686_0,reject,2026-09-19T20:40:39+00:00
koreatown/3054111584822974_0,reject,2026-09-19T20:40:39+00:00
koreatown/2876013459347103_0,reject,2026-09-19T20:40:39+00:00
koreatown/569708454010569_0,reject,2026-09-19T20:40:39+00:00
koreatown/178418437501988_0,reject,2026-09-19T20:40:39+00:00
downtown/481128886421884_0,reject,2026-09-19T20:40:39+00:00
westwood/890965961627280_0,reject,2026-09-19T20:40:39+00:00
koreatown/300373758254443_0,reject,2026-09-19T20:40:39+00:00
venice_mar_vista/309838877241397_0,reject,2026-09-19T20:40:39+00:00
venice_mar_vista/941602563048418_0,reject,2026-09-19T20:40:39+00:00
downtown/909889213195442_1,reject,2026-09-19T20:40:39+00:00
koreatown/303828054639935_0,reject,2026-09-19T20:40:39+00:00
koreatown/311536493706809_0,reject,2026-09-19T20:40:39+00:00
koreatown/3979893345454410_0,reject,2026-09-19T20:40:39+00:00
koreatown/2597163370578167_1,reject,2026-09-19T20:40:39+00:00
downtown/314355803462263_0,reject,2026-09-19T20:40:39+00:00
downtown/3883215011725937_0,reject,2026-09-19T20:40:39+00:00
downtown/192242262621984_0,reject,2026-09-19T20:41:20+00:00
hollywood/307184634340299_0,reject,2026-09-19T20:41:20+00:00
koreatown/811109272840396_0,reject,2026-09-19T20:41:20+00:00
koreatown/925542098245148_0,reject,2026-09-19T20:41:20+00:00
koreatown/237542414826755_0,reject,2026-09-19T20:41:20+00:00
koreatown/156456489763586_0,reject,2026-09-19T20:41:20+00:00
koreatown/515279156149948_1,reject,2026-09-19T20:41:20+00:00
venice_mar_vista/279520483849417_0,reject,2026-09-19T20:41:20+00:00
downtown/313372710467093_0,reject,2026-09-19T20:41:20+00:00
hollywood/308578097311412_0,reject,2026-09-19T20:41:20+00:00
hollywood/299133241698870_0,accept,2026-09-19T20:41:20+00:00
venice_mar_vista/961070677982487_0,reject,2026-09-19T20:41:20+00:00
venice_mar_vista/291144782481313_0,reject,2026-09-19T20:41:20+00:00
venice_mar_vista/2026002214218987_0,reject,2026-09-19T20:41:20+00:00
downtown/3848531375273603_0,reject,2026-09-19T20:41:20+00:00
hollywood/4113799555324933_0,reject,2026-09-19T20:41:20+00:00
hollywood/266703405137267_0,reject,2026-09-19T20:41:20+00:00
downtown/2874420842773544_0,reject,2026-09-19T20:41:20+00:00
hollywood/470462544223725_0,reject,2026-09-19T20:41:20+00:00
hollywood/3597549097018094_0,accept,2026-09-19T20:41:20+00:00
downtown/1450886348589495_0,reject,2026-09-19T20:41:20+00:00
koreatown/809485759670472_0,reject,2026-09-19T20:41:20+00:00
koreatown/152392703512494_0,reject,2026-09-19T20:41:20+00:00
downtown/549092942745088_0,reject,2026-09-19T20:41:20+00:00
hollywood/900861954030554_0,accept,2026-09-19T20:41:20+00:00
venice_mar_vista/302286241493507_0,reject,2026-09-19T20:41:20+00:00
hollywood/129750915814857_0,reject,2026-09-19T20:41:20+00:00
hollywood/520634688945264_0,reject,2026-09-19T20:41:20+00:00
venice_mar_vista/191260579485940_0,reject,2026-09-19T20:41:20+00:00
downtown/350757829807968_0,reject,2026-09-19T20:41:20+00:00
hollywood/522769225402383_0,accept,2026-09-19T20:41:20+00:00
venice_mar_vista/197915985510696_0,reject,2026-09-19T20:41:20+00:00
hollywood/408879663882981_0,reject,2026-09-19T20:41:20+00:00
hollywood/384757009348165_0,reject,2026-09-19T20:41:20+00:00
venice_mar_vista/863140827879468_0,accept,2026-09-19T20:41:20+00:00
venice_mar_vista/4080502078666968_0,reject,2026-09-19T20:41:20+00:00
downtown/579987156306120_0,reject,2026-09-19T20:41:20+00:00
hollywood/245384550670820_0,accept,2026-09-19T20:41:20+00:00
hollywood/304544464485563_0,reject,2026-09-19T20:41:20+00:00
venice_mar_vista/527029298294009_0,reject,2026-09-19T20:41:20+00:00
downtown/896883430895198_0,reject,2026-09-19T20:42:23+00:00
venice_mar_vista/757059121667573_0,reject,2026-09-19T20:42:23+00:00
venice_mar_vista/163386669036973_0,reject,2026-09-19T20:42:23+00:00
downtown/212811883632477_0,reject,2026-09-19T20:42:23+00:00
hollywood/146839594069369_0,reject,2026-09-19T20:42:23+00:00
hollywood/190520809454195_0,reject,2026-09-19T20:42:23+00:00
hollywood/206027144482935_0,reject,2026-09-19T20:42:23+00:00
hollywood/814839325791436_0,reject,2026-09-19T20:42:23+00:00
koreatown/478484420130778_0,reject,2026-09-19T20:42:23+00:00
venice_mar_vista/463599641535838_1,reject,2026-09-19T20:42:23+00:00
downtown/1204315916649459_0,reject,2026-09-19T20:42:23+00:00
westwood/519389349129570_0,reject,2026-09-19T20:42:23+00:00
hollywood/771009087111063_0,reject,2026-09-19T20:42:23+00:00
downtown/316602773316881_0,reject,2026-09-19T20:42:23+00:00
hollywood/510103030169733_0,reject,2026-09-19T20:42:23+00:00
hollywood/227013499189904_0,reject,2026-09-19T20:42:23+00:00
hollywood/369106591187499_0,reject,2026-09-19T20:42:23+00:00
hollywood/1125411541292100_0,reject,2026-09-19T20:42:23+00:00
venice_mar_vista/208627630798368_0,reject,2026-09-19T20:42:23+00:00
venice_mar_vista/148105160633794_0,reject,2026-09-19T20:42:23+00:00
venice_mar_vista/1163099227485908_0,accept,2026-09-19T20:42:23+00:00
venice_mar_vista/470117057579924_0,reject,2026-09-19T20:42:23+00:00
venice_mar_vista/373409460764762_0,reject,2026-09-19T20:42:23+00:00
downtown/298138371893643_0,reject,2026-09-19T20:42:23+00:00
hollywood/2930733443879087_0,reject,2026-09-19T20:42:23+00:00
hollywood/254398896446619_0,accept,2026-09-19T20:42:23+00:00
hollywood/153636403385543_0,reject,2026-09-19T20:42:23+00:00
downtown/460628781837313_0,reject,2026-09-19T20:42:23+00:00
hollywood/287519596416874_0,accept,2026-09-19T20:42:23+00:00
venice_mar_vista/883825052529852_0,reject,2026-09-19T20:42:23+00:00
hollywood/162723049127575_0,reject,2026-09-19T20:42:23+00:00
venice_mar_vista/490725888633230_0,reject,2026-09-19T20:42:23+00:00
hollywood/1140815579730185_0,reject,2026-09-19T20:42:23+00:00
hollywood/468986887518617_1,reject,2026-09-19T20:42:23+00:00
venice_mar_vista/318321806321069_0,reject,2026-09-19T20:42:23+00:00
downtown/770439957172840_0,accept,2026-09-19T20:42:23+00:00
downtown/2848198435304895_0,reject,2026-09-19T20:42:23+00:00
hollywood/969042067184499_0,reject,2026-09-19T20:42:23+00:00
venice_mar_vista/274508454362712_0,reject,2026-09-19T20:42:23+00:00
venice_mar_vista/310081663843210_0,reject,2026-09-19T20:42:23+00:00
downtown/1371406543215517_0,reject,2026-09-19T20:43:40+00:00
downtown/1043105902880266_0,reject,2026-09-19T20:43:40+00:00
downtown/218249969671370_0,reject,2026-09-19T20:43:40+00:00
hollywood/4009558979124793_0,reject,2026-09-19T20:43:40+00:00
hollywood/1322190481508468_0,reject,2026-09-19T20:43:40+00:00
venice_mar_vista/603394063914265_0,reject,2026-09-19T20:43:40+00:00
downtown/155061256555703_0,reject,2026-09-19T20:43:40+00:00
venice_mar_vista/315766683277511_0,reject,2026-09-19T20:43:40+00:00
downtown/235045735043153_0,reject,2026-09-19T20:43:40+00:00
downtown/276713977523326_0,reject,2026-09-19T20:43:40+00:00
downtown/934481633762572_0,reject,2026-09-19T20:43:40+00:00
downtown/363015145122187_0,reject,2026-09-19T20:43:40+00:00
hollywood/4266919779999164_0,reject,2026-09-19T20:43:40+00:00
hollywood/4419341484744536_0,reject,2026-09-19T20:43:40+00:00
venice_mar_vista/179687700678572_0,reject,2026-09-19T20:43:40+00:00
venice_mar_vista/204198217974656_0,reject,2026-09-19T20:43:40+00:00
venice_mar_vista/311618067147111_1,reject,2026-09-19T20:43:40+00:00
downtown/213328103712816_0,reject,2026-09-19T20:43:40+00:00
downtown/458838805181647_0,reject,2026-09-19T20:43:40+00:00
hollywood/882802159245245_0,reject,2026-09-19T20:43:40+00:00
hollywood/508663353815925_0,accept,2026-09-19T20:43:40+00:00
downtown/789448928676664_0,reject,2026-09-19T20:43:40+00:00
hollywood/242497794295954_0,reject,2026-09-19T20:43:40+00:00
downtown/770918993552368_0,reject,2026-09-19T20:43:40+00:00
hollywood/1697825007070344_0,reject,2026-09-19T20:43:40+00:00
hollywood/497202771397013_0,reject,2026-09-19T20:43:40+00:00
downtown/486203115915849_0,reject,2026-09-19T20:43:40+00:00
downtown/1470859246591044_0,reject,2026-09-19T20:43:40+00:00
downtown/2666213263670035_0,reject,2026-09-19T20:43:40+00:00
downtown/256417366234794_0,reject,2026-09-19T20:43:40+00:00
downtown/4266538710075509_0,reject,2026-09-19T20:43:40+00:00
downtown/510853713325758_0,reject,2026-09-19T20:43:40+00:00
hollywood/2958714677691457_0,reject,2026-09-19T20:43:40+00:00
venice_mar_vista/930423247719259_0,reject,2026-09-19T20:43:40+00:00
venice_mar_vista/957249681482598_0,reject,2026-09-19T20:43:40+00:00
venice_mar_vista/314585250295998_0,reject,2026-09-19T20:43:40+00:00
downtown/316665109857997_0,accept,2026-09-19T20:43:40+00:00
hollywood/304036781249289_0,reject,2026-09-19T20:43:40+00:00
hollywood/180558580499961_0,reject,2026-09-19T20:43:40+00:00
downtown/222728172537016_0,reject,2026-09-19T20:43:40+00:00
downtown/316717483203670_0,reject,2026-09-19T20:43:48+00:00
downtown/468161084459734_0,reject,2026-09-19T20:43:48+00:00
hollywood/201065618503683_1,reject,2026-09-19T20:43:48+00:00
venice_mar_vista/476119153697471_0,reject,2026-09-19T20:43:48+00:00
downtown/4052980501407415_0,reject,2026-09-19T20:43:48+00:00
hollywood/4059191714144678_0,reject,2026-09-19T20:43:48+00:00
hollywood/491034045472274_0,reject,2026-09-19T20:43:48+00:00
downtown/1623618181169910_0,reject,2026-09-19T20:43:48+00:00
hollywood/310068814054593_0,reject,2026-09-19T20:43:48+00:00
hollywood/518428709316230_0,reject,2026-09-19T20:43:48+00:00
hollywood/227596925831615_0,reject,2026-09-19T20:43:48+00:00
venice_mar_vista/2962061240745928_0,reject,2026-09-19T20:43:48+00:00
downtown/156151099848031_0,reject,2026-09-19T20:43:48+00:00
downtown/421582045575288_0,reject,2026-09-19T20:43:48+00:00
downtown/882762732270805_0,reject,2026-09-19T20:43:48+00:00
downtown/485250629559109_0,reject,2026-09-19T20:43:48+00:00
downtown/2894150667578826_0,reject,2026-09-19T20:43:48+00:00
hollywood/763400757696955_0,reject,2026-09-19T20:43:48+00:00
hollywood/1214168692375087_0,reject,2026-09-19T20:43:48+00:00
hollywood/371470830937770_0,reject,2026-09-19T20:43:48+00:00
hollywood/192660429365145_0,reject,2026-09-19T20:43:48+00:00
koreatown/4060972360608252_0,reject,2026-09-19T20:43:48+00:00
downtown/129297972564918_0,reject,2026-09-19T20:43:48+00:00
downtown/808216143462907_0,reject,2026-09-19T20:43:48+00:00
hollywood/488167275829563_1,reject,2026-09-19T20:43:48+00:00
hollywood/832163760748427_0,reject,2026-09-19T20:43:48+00:00
venice_mar_vista/295523139000003_1,reject,2026-09-19T20:43:48+00:00
venice_mar_vista/3853162844752988_0,reject,2026-09-19T20:43:48+00:00
venice_mar_vista/566589660978208_1,reject,2026-09-19T20:43:48+00:00
downtown/1368767523505247_0,reject,2026-09-19T20:43:48+00:00
downtown/476472210258074_0,reject,2026-09-19T20:43:48+00:00
hollywood/206475844363145_0,reject,2026-09-19T20:43:48+00:00
hollywood/172685411409694_0,reject,2026-09-19T20:43:48+00:00
hollywood/367636158009244_0,reject,2026-09-19T20:43:48+00:00
venice_mar_vista/263892355418926_0,reject,2026-09-19T20:43:48+00:00
venice_mar_vista/522964868710511_0,reject,2026-09-19T20:43:48+00:00
venice_mar_vista/176354674347367_0,reject,2026-09-19T20:43:48+00:00
hollywood/308876777280145_0,reject,2026-09-19T20:43:48+00:00
hollywood/475314473738167_0,reject,2026-09-19T20:43:48+00:00
venice_mar_vista/1163236380806228_0,reject,2026-09-19T20:43:48+00:00
venice_mar_vista/744648042890725_0,accept,2026-09-19T20:44:04+00:00
downtown/901531153725927_0,reject,2026-09-19T20:44:04+00:00
hollywood/309374357226241_0,reject,2026-09-19T20:44:04+00:00
venice_mar_vista/181390253871361_0,reject,2026-09-19T20:44:04+00:00
venice_mar_vista/569732110847873_0,reject,2026-09-19T20:44:04+00:00
downtown/772448953313533_0,reject,2026-09-19T20:44:04+00:00
hollywood/487754148943413_0,reject,2026-09-19T20:44:04+00:00
venice_mar_vista/272005914648700_0,reject,2026-09-19T20:44:04+00:00
downtown/3894015134022478_0,reject,2026-09-19T20:44:04+00:00
hollywood/484575506210736_0,reject,2026-09-19T20:44:04+00:00
hollywood/458978025207282_0,reject,2026-09-19T20:44:04+00:00
venice_mar_vista/295756262099378_1,reject,2026-09-19T20:44:04+00:00
downtown/383996226089546_1,accept,2026-09-19T20:44:04+00:00
downtown/170317925004470_0,reject,2026-09-19T20:44:04+00:00
hollywood/479294513508550_0,accept,2026-09-19T20:44:04+00:00
hollywood/560681314897460_0,reject,2026-09-19T20:44:04+00:00
downtown/130142385775649_0,reject,2026-09-19T20:44:04+00:00
hollywood/155124436563492_0,reject,2026-09-19T20:44:04+00:00
downtown/365863864864558_0,reject,2026-09-19T20:44:04+00:00
venice_mar_vista/218476069806132_0,reject,2026-09-19T20:44:04+00:00
hollywood/309945257207886_0,reject,2026-09-19T20:44:04+00:00
downtown/819353345657758_0,reject,2026-09-19T20:44:04+00:00
hollywood/285999069846342_0,reject,2026-09-19T20:44:04+00:00
hollywood/1683214168530819_0,reject,2026-09-19T20:44:04+00:00
downtown/309703040670453_0,reject,2026-09-19T20:44:04+00:00
downtown/326840195535610_1,reject,2026-09-19T20:44:04+00:00
downtown/828063391163788_0,reject,2026-09-19T20:44:04+00:00
downtown/1528232247509183_1,reject,2026-09-19T20:44:04+00:00
downtown/122860246486115_0,reject,2026-09-19T20:44:04+00:00
hollywood/512233729805844_0,reject,2026-09-19T20:44:04+00:00
hollywood/1669703883214469_0,reject,2026-09-19T20:44:04+00:00
hollywood/246470937247586_0,reject,2026-09-19T20:44:04+00:00
downtown/481260459993344_0,reject,2026-09-19T20:44:04+00:00
downtown/2939214369692951_0,reject,2026-09-19T20:44:04+00:00
downtown/212023197144743_0,reject,2026-09-19T20:44:04+00:00
hollywood/3952763978147016_0,reject,2026-09-19T20:44:04+00:00
hollywood/485228549387471_0,reject,2026-09-19T20:44:04+00:00
hollywood/215480543339089_0,reject,2026-09-19T20:44:04+00:00
hollywood/1413620392364317_0,reject,2026-09-19T20:44:04+00:00
venice_mar_vista/206247731072382_0,reject,2026-09-19T20:44:04+00:00
downtown/1100400550455770_0,reject,2026-09-19T20:44:13+00:00
downtown/790715505182600_1,reject,2026-09-19T20:44:13+00:00
hollywood/174156254606474_0,reject,2026-09-19T20:44:13+00:00
venice_mar_vista/288750226184541_0,reject,2026-09-19T20:44:13+00:00
downtown/753466772031064_0,reject,2026-09-19T20:44:13+00:00
downtown/1093342427821762_0,reject,2026-09-19T20:44:13+00:00
downtown/736181427016314_0,reject,2026-09-19T20:44:13+00:00
downtown/282103783427714_0,reject,2026-09-19T20:44:13+00:00
hollywood/313352953735427_0,reject,2026-09-19T20:44:13+00:00
hollywood/1051370005386889_0,reject,2026-09-19T20:44:13+00:00
downtown/197239725564820_0,reject,2026-09-19T20:44:13+00:00
downtown/3174410436119597_0,reject,2026-09-19T20:44:13+00:00
downtown/312814950416776_1,reject,2026-09-19T20:44:13+00:00
hollywood/202904141641829_0,reject,2026-09-19T20:44:13+00:00
downtown/955015848649060_0,reject,2026-09-19T20:44:13+00:00
downtown/460417941728940_2,reject,2026-09-19T20:44:13+00:00
hollywood/4324802400904739_0,reject,2026-09-19T20:44:13+00:00
hollywood/2180104052119910_0,reject,2026-09-19T20:44:13+00:00
venice_mar_vista/3953747668045601_0,reject,2026-09-19T20:44:13+00:00
downtown/941803606584315_0,reject,2026-09-19T20:44:13+00:00
downtown/1170291223432374_0,reject,2026-09-19T20:44:13+00:00
hollywood/473912133668588_0,reject,2026-09-19T20:44:13+00:00
downtown/889469048570387_0,reject,2026-09-19T20:44:13+00:00
hollywood/942281819893255_0,reject,2026-09-19T20:44:13+00:00
hollywood/527602378278561_0,reject,2026-09-19T20:44:13+00:00
venice_mar_vista/322143112604668_0,reject,2026-09-19T20:44:13+00:00
downtown/145233590898285_0,reject,2026-09-19T20:44:13+00:00
hollywood/756782408364182_0,reject,2026-09-19T20:44:13+00:00
hollywood/2813806045596873_0,reject,2026-09-19T20:44:13+00:00
hollywood/263333905489969_0,reject,2026-09-19T20:44:13+00:00
hollywood/278651533965875_0,reject,2026-09-19T20:44:13+00:00
hollywood/141823414593209_0,reject,2026-09-19T20:44:13+00:00
venice_mar_vista/2891928977721265_0,reject,2026-09-19T20:44:13+00:00
downtown/786683685327880_1,reject,2026-09-19T20:44:13+00:00
downtown/1450886348589495_1,reject,2026-09-19T20:44:13+00:00
downtown/782158082434373_0,reject,2026-09-19T20:44:13+00:00
hollywood/527240075111374_0,reject,2026-09-19T20:44:13+00:00
hollywood/1144951159307106_0,reject,2026-09-19T20:44:13+00:00
hollywood/529639424860665_0,reject,2026-09-19T20:44:13+00:00
downtown/475794740509089_0,reject,2026-09-19T20:44:13+00:00
downtown/372415907442234_0,reject,2026-09-19T20:44:15+00:00
hollywood/491532492080695_0,reject,2026-09-19T20:44:15+00:00
hollywood/530730091249597_0,reject,2026-09-19T20:44:15+00:00
downtown/3533445450089093_0,reject,2026-09-19T20:44:15+00:00
hollywood/188256403135411_0,reject,2026-09-19T20:44:15+00:00
hollywood/4211641345536733_0,reject,2026-09-19T20:44:15+00:00
downtown/305781334462111_0,reject,2026-09-19T20:44:15+00:00
downtown/228916665661487_0,reject,2026-09-19T20:44:15+00:00
downtown/264057065453740_1,reject,2026-09-19T20:44:15+00:00
hollywood/475801600196396_0,reject,2026-09-19T20:44:15+00:00
hollywood/300218818257910_0,reject,2026-09-19T20:44:15+00:00
downtown/293754145560124_0,reject,2026-09-19T20:44:15+00:00
downtown/1076002169475249_0,reject,2026-09-19T20:44:15+00:00
downtown/934074354021771_0,reject,2026-09-19T20:44:15+00:00
hollywood/497445654786406_0,reject,2026-09-19T20:44:15+00:00
venice_mar_vista/488349189183894_0,reject,2026-09-19T20:44:15+00:00
venice_mar_vista/1843785535771055_0,reject,2026-09-19T20:44:15+00:00
downtown/472652610605668_0,reject,2026-09-19T20:44:15+00:00
downtown/210071957594006_0,reject,2026-09-19T20:44:15+00:00
downtown/454598692269745_0,reject,2026-09-19T20:44:15+00:00
downtown/213838460168100_0,reject,2026-09-19T20:44:15+00:00
downtown/1323794268004174_0,reject,2026-09-19T20:44:15+00:00
hollywood/228692722388837_0,reject,2026-09-19T20:44:15+00:00
venice_mar_vista/551307032524481_0,reject,2026-09-19T20:44:15+00:00
downtown/316686513176136_0,reject,2026-09-19T20:44:15+00:00
downtown/3775665565879663_0,reject,2026-09-19T20:44:15+00:00
downtown/200023985282926_0,reject,2026-09-19T20:44:15+00:00
hollywood/1433963206942182_0,reject,2026-09-19T20:44:15+00:00
hollywood/2605364063097013_0,reject,2026-09-19T20:44:15+00:00
hollywood/776662776384756_0,reject,2026-09-19T20:44:15+00:00
venice_mar_vista/1461072847567369_0,reject,2026-09-19T20:44:15+00:00
hollywood/495145315261818_0,reject,2026-09-19T20:44:15+00:00
venice_mar_vista/923064391787362_1,reject,2026-09-19T20:44:15+00:00
