candidate_id,area,crop_path,image_id,captured_at,year,lat,lon,compass_angle,is_pano,creator_username,source_url,license,n_panels_detected,height_native,n_views,ocr_status,ocr_text,ocr_conf
westwood/401881877825084_0,westwood,crops/westwood/401881877825084_0.jpg,401881877825084,2019-12-22T23:01:32.152000+00:00,2019,34.057489,-118.448769,252.08337402344,False,ericaschecter,https://www.mapillary.com/app/?pKey=401881877825084,CC BY-SA 4.0,2,601,2,parking,VETERANS | PARKWAY | NO | STOPPING | ANY TIME,0.994
westwood/1079641452561950_0,westwood,crops/westwood/1079641452561950_0.jpg,1079641452561950,2019-06-22T20:40:17+00:00,2019,34.057943833333,-118.4467345,74.319999694824,False,mds08011,https://www.mapillary.com/app/?pKey=1079641452561950,CC BY-SA 4.0,3,519,1,parking,ayley | RIGHT LANE | BUSES | RIGHT TURNS | ONLY | 7AM-9AM | 4PM-7PM | MON-FRI | BIKES OK | SPEED | LIMIT | 35 | TOW-AWAY | NOSTOPPING | ANY TIME,0.989
westwood/379698783335618_0,westwood,crops/westwood/379698783335618_0.jpg,379698783335618,2018-07-30T19:25:07.828000+00:00,2018,34.059659133868,-118.44462679429,326.37084960938,False,lvl5,https://www.mapillary.com/app/?pKey=379698783335618,CC BY-SA 4.0,4,513,1,parking,7AM10AM | 3PM7PM | EXCEPT SAT,0.991
westwood/162558839147364_0,westwood,crops/westwood/162558839147364_0.jpg,162558839147364,2019-06-22T20:40:11+00:00,2019,34.057759,-118.447409,71.51000213623,False,mds08011,https://www.mapillary.com/app/?pKey=162558839147364,CC BY-SA 4.0,4,469,1,parking,FlyAway | Bus | to LAX | ELECTRIC | VEHICLE | STATION | NOSTOPPING,0.984
westwood/214709433545715_0,westwood,crops/westwood/214709433545715_0.jpg,214709433545715,2020-10-22T23:06:30.205000+00:00,2020,34.064221137848,-118.45280246076,226.95803833008,False,shawnfujioka,https://www.mapillary.com/app/?pKey=214709433545715,CC BY-SA 4.0,1,460,1,unknown,"Lost Cat | ""Ophclia"" | (951) 322-2635",0.97
westwood/480639283058825_0,westwood,crops/westwood/480639283058825_0.jpg,480639283058825,2016-08-30T20:57:04.853000+00:00,2016,34.056573,-118.451014,166.8203,False,cscrivens,https://www.mapillary.com/app/?pKey=480639283058825,CC BY-SA 4.0,2,433,1,unknown,CAUTION | VERTICAL | CLEARANCE | 15'0 | PARK & | RIDE,0.98
westwood/3764630893664675_0,westwood,crops/westwood/3764630893664675_0.jpg,3764630893664675,2019-12-22T23:01:35.187000+00:00,2019,34.057344,-118.449274,247.28741455078,False,ericaschecter,https://www.mapillary.com/app/?pKey=3764630893664675,CC BY-SA 4.0,2,427,1,parking,RIGHT LANE | MUST | TURN RIGHT | GIOPPING | ARY TIME,0.972
westwood/561596018135371_0,westwood,crops/westwood/561596018135371_0.jpg,561596018135371,2016-08-30T21:11:44.535000+00:00,2016,34.053131,-118.4491,29.64612,False,cscrivens,https://www.mapillary.com/app/?pKey=561596018135371,CC BY-SA 4.0,3,401,1,parking,ELECTRIC | VEHICLE | CHARGING | STATION | NO | STOPPING | ANY TIME,0.991
westwood/511431956935445_0,westwood,crops/westwood/511431956935445_0.jpg,511431956935445,2018-11-30T16:46:05.118000+00:00,2018,34.045959130351,-118.45015883033,71.309501647949,False,lvl5,https://www.mapillary.com/app/?pKey=511431956935445,CC BY-SA 4.0,2,394,3,parking,ATORS WILL BE PROSECUTED | Penal C5 626 et q | ANTI- | NOSTOPPING | 7AM 10 9AM | 4PM 1 7PM | PAI,0.89
westwood/2888747168067013_0,westwood,crops/westwood/2888747168067013_0.jpg,2888747168067013,2017-11-02T20:21:54.009000+00:00,2017,34.063472104163,-118.44523676224,15.372714996338,False,lvl5,https://www.mapillary.com/app/?pKey=2888747168067013,CC BY-SA 4.0,3,355,1,parking,Le Conte | 10800 W | DROP- | &PICK | WEEKDAY | 7AM- | ON RED | nexdb,0.966
westwood/312037163642945_0,westwood,crops/westwood/312037163642945_0.jpg,312037163642945,2018-02-26T19:04:05.757000+00:00,2018,34.0624680675,-118.44692213825,122.30902099609,False,whereismystreet,https://www.mapillary.com/app/?pKey=312037163642945,CC BY-SA 4.0,2,353,2,unknown,R | ON RED,0.966
westwood/304492527806260_0,westwood,crops/westwood/304492527806260_0.jpg,304492527806260,2018-07-30T22:05:21.687000+00:00,2018,34.05767997352,-118.44839546917,255.45379638672,False,lvl5,https://www.mapillary.com/app/?pKey=304492527806260,CC BY-SA 4.0,4,363,1,unknown,心 | 聘,0.829
westwood/462138781552590_0,westwood,crops/westwood/462138781552590_0.jpg,462138781552590,2016-08-30T21:03:22.857000+00:00,2016,34.057454,-118.448456,350.7458,False,cscrivens,https://www.mapillary.com/app/?pKey=462138781552590,CC BY-SA 4.0,2,353,1,parking,RII | AHSA. | 7AM | 9AM | 4PM | 7PM,0.856
westwood/486138699248260_0,westwood,crops/westwood/486138699248260_0.jpg,486138699248260,2016-08-30T21:06:16.511000+00:00,2016,34.0528,-118.448595,234.5627,False,cscrivens,https://www.mapillary.com/app/?pKey=486138699248260,CC BY-SA 4.0,2,331,1,parking,DONOTLA | TOW-AWAY | NOSTOPPING | 5:30AM7AM | 1:30PM6:30PM | WBAYIODFEOAY | BUS ZONE | 4 | HOUR | PARKING | 8AM6PM,0.919
westwood/2994619354102965_0,westwood,crops/westwood/2994619354102965_0.jpg,2994619354102965,2020-10-22T23:06:39.643000+00:00,2020,34.064184337645,-118.4529259923,232.11155700684,False,shawnfujioka,https://www.mapillary.com/app/?pKey=2994619354102965,CC BY-SA 4.0,1,333,1,parking,NO DUAPING | NO PERSON SHALL | DHROW OR OSCAND | TRASH CR BULKY ITEMS | DONN ANYC | PENALTYE | 6MONTHS IN JAL | LAMC11.00() | VENICLE | CONRSCATION | LAMC41.70.3(0) | CALL | 74390311,0.857
westwood/2832890976928543_0,westwood,crops/westwood/2832890976928543_0.jpg,2832890976928543,2018-07-30T19:25:03.090000+00:00,2018,34.059403110694,-118.44441474465,327.27294921875,False,lvl5,https://www.mapillary.com/app/?pKey=2832890976928543,CC BY-SA 4.0,2,304,2,parking,7AM10AM | 3PM | 7PM | EXCEPT SAT | SUN,0.982
westwood/507054656990212_0,westwood,crops/westwood/507054656990212_0.jpg,507054656990212,2016-09-02T15:45:15.878000+00:00,2016,34.057711,-118.447733,108.8312,False,cscrivens,https://www.mapillary.com/app/?pKey=507054656990212,CC BY-SA 4.0,3,300,3,unknown,FlyAway | Bus | to LAX,0.998
westwood/1190700048033355_0,westwood,crops/westwood/1190700048033355_0.jpg,1190700048033355,2020-10-22T16:59:52.587000+00:00,2020,34.064907335661,-118.45172385995,354.86676025391,False,shawnfujioka,https://www.mapillary.com/app/?pKey=1190700048033355,CC BY-SA 4.0,2,317,1,parking,8AM | IIAM | 2 | HOUR | PARKING | 9AM | 4PM,0.921
westwood/1446921465652887_0,westwood,crops/westwood/1446921465652887_0.jpg,1446921465652887,2018-11-30T16:52:42.369000+00:00,2018,34.048830171017,-118.43953032989,81.194412231445,False,lvl5,https://www.mapillary.com/app/?pKey=1446921465652887,CC BY-SA 4.0,3,315,7,unknown,88,0.927
westwood/536687870824467_0,westwood,crops/westwood/536687870824467_0.jpg,536687870824467,2020-10-22T16:57:31.606000+00:00,2020,34.064249679606,-118.45241549225,69.222564697266,False,shawnfujioka,https://www.mapillary.com/app/?pKey=536687870824467,CC BY-SA 4.0,1,300,1,parking,8AM° 11AM | THURSDAY | STREET SWEEPING,0.934
westwood/932494610631032_0,westwood,crops/westwood/932494610631032_0.jpg,932494610631032,2017-11-21T16:06:59.255000+00:00,2017,34.048995649009,-118.44900075644,243.99096679688,False,astheduke,https://www.mapillary.com/app/?pKey=932494610631032,CC BY-SA 4.0,2,288,1,unknown,SHÁRE | THE | ROAD,0.992
westwood/5464826703588963_0,westwood,crops/westwood/5464826703588963_0.jpg,5464826703588963,2016-08-30T21:03:14.867000+00:00,2016,34.057174,-118.449348,346.0681,False,cscrivens,https://www.mapillary.com/app/?pKey=5464826703588963,CC BY-SA 4.0,1,286,3,parking,NO | STOPPING | ANY TIME,0.999
westwood/790306165006107_0,westwood,crops/westwood/790306165006107_0.jpg,790306165006107,2017-06-14T09:53:55+00:00,2017,34.049283055556,-118.43653305556,137.83499303845,False,mly_la,https://www.mapillary.com/app/?pKey=790306165006107,CC BY-SA 4.0,3,319,1,parking,SH | ACUR | PARKING | 8AN=8PW,0.842
westwood/481129906441697_0,westwood,crops/westwood/481129906441697_0.jpg,481129906441697,2019-06-22T20:40:14+00:00,2019,34.057859666667,-118.44706083333,67.169998168945,False,mds08011,https://www.mapillary.com/app/?pKey=481129906441697,CC BY-SA 4.0,3,297,1,unknown,wood vila | CNG | HOSPITAL | H,0.936
westwood/3009315509291512_0,westwood,crops/westwood/3009315509291512_0.jpg,3009315509291512,2018-07-30T19:25:06.927000+00:00,2018,34.059600440597,-118.44458137604,326.978515625,False,lvl5,https://www.mapillary.com/app/?pKey=3009315509291512,CC BY-SA 4.0,4,329,2,parking,G | ZAM OOAM | 3PM | V,0.771
westwood/583315675966269_0,westwood,crops/westwood/583315675966269_0.jpg,583315675966269,2019-12-22T23:01:37.156000+00:00,2019,34.057256,-118.449546,242.99505615234,False,ericaschecter,https://www.mapillary.com/app/?pKey=583315675966269,CC BY-SA 4.0,3,277,1,unknown,W,0.901
westwood/139077701588378_0,westwood,crops/westwood/139077701588378_0.jpg,139077701588378,2018-07-30T22:05:29.530000+00:00,2018,34.057562459326,-118.44888665058,252.04911804199,False,lvl5,https://www.mapillary.com/app/?pKey=139077701588378,CC BY-SA 4.0,3,345,1,unknown,r,0.625
westwood/2955757451327487_0,westwood,crops/westwood/2955757451327487_0.jpg,2955757451327487,2018-11-30T16:46:20.046000+00:00,2018,34.046079578957,-118.44963565749,70.779266357422,False,lvl5,https://www.mapillary.com/app/?pKey=2955757451327487,CC BY-SA 4.0,1,263,3,parking,NOSTOPPING | 9AM | 7AM | 7PM | 4PM | PARKING | BAM | 9AM | 8PM,0.937
westwood/2885556218358384_0,westwood,crops/westwood/2885556218358384_0.jpg,2885556218358384,2016-08-30T21:05:40.530000+00:00,2016,34.050556,-118.446701,245.5002,False,cscrivens,https://www.mapillary.com/app/?pKey=2885556218358384,CC BY-SA 4.0,1,254,2,parking,AOUR | 2 | PARKING | 8AM=8PM,0.961
westwood/285741869912200_0,westwood,crops/westwood/285741869912200_0.jpg,285741869912200,2017-11-02T20:23:12.502000+00:00,2017,34.064319782788,-118.44090445885,41.249946594238,False,lvl5,https://www.mapillary.com/app/?pKey=285741869912200,CC BY-SA 4.0,2,241,4,unknown,20 | MPH,1.0
westwood/944879376331658_0,westwood,crops/westwood/944879376331658_0.jpg,944879376331658,2020-10-22T16:57:10.589000+00:00,2020,34.064174860162,-118.45264521976,65.604034423828,False,shawnfujioka,https://www.mapillary.com/app/?pKey=944879376331658,CC BY-SA 4.0,1,240,1,unknown,Roberts Hall | R | THE | ROBERTS | COMPANES,0.987
westwood/950213785756650_0,westwood,crops/westwood/950213785756650_0.jpg,950213785756650,2020-10-22T23:05:06.637000+00:00,2020,34.06438168586,-118.45164716411,253.76979064941,False,shawnfujioka,https://www.mapillary.com/app/?pKey=950213785756650,CC BY-SA 4.0,1,246,1,parking,PARKING | 8AM | MAM,0.948
westwood/162366585801776_0,westwood,crops/westwood/162366585801776_0.jpg,162366585801776,2016-08-02T16:29:07.521000+00:00,2016,34.047953,-118.443795,252.6041,False,mapkin,https://www.mapillary.com/app/?pKey=162366585801776,CC BY-SA 4.0,2,246,1,unknown,Mobil | 299 | CM | 3.09 | TT | 3.19 | Tut Corsir,0.916
westwood/904935000071370_0,westwood,crops/westwood/904935000071370_0.jpg,904935000071370,2018-11-30T16:45:20.310000+00:00,2018,34.045657618729,-118.45137275763,71.712608337402,False,lvl5,https://www.mapillary.com/app/?pKey=904935000071370,CC BY-SA 4.0,1,232,7,parking,ZONE | NOSTOPPING | 9AM | 7AM | 7PM | K46 | 8 | AM | 4 | 8PM,0.957
westwood/1500736727496906_0,westwood,crops/westwood/1500736727496906_0.jpg,1500736727496906,2024-08-05T21:59:11.824000+00:00,2024,34.0474601,-118.4363207,148.0,False,jstreit,https://www.mapillary.com/app/?pKey=1500736727496906,CC BY-SA 4.0,3,677,1,unknown,,0.0
westwood/1380709968953294_0,westwood,crops/westwood/1380709968953294_0.jpg,1380709968953294,2017-06-14T09:53:55+00:00,2017,34.04921,-118.43647805556,231.59356332911,False,mly_la,https://www.mapillary.com/app/?pKey=1380709968953294,CC BY-SA 4.0,2,232,1,parking,HOUR | PARKING | 8AM=8PM,0.954
westwood/257693482709959_0,westwood,crops/westwood/257693482709959_0.jpg,257693482709959,2018-11-30T16:46:24.215000+00:00,2018,34.046157149787,-118.44946458291,70.567123413086,False,lvl5,https://www.mapillary.com/app/?pKey=257693482709959,CC BY-SA 4.0,2,226,3,parking,LOCK | NOSTOPPING | 7 | PARKING | 9AM | BAM | B,0.978
westwood/804183043852336_0,westwood,crops/westwood/804183043852336_0.jpg,804183043852336,2016-08-30T21:06:06.572000+00:00,2016,34.051986,-118.447936,236.8755,False,cscrivens,https://www.mapillary.com/app/?pKey=804183043852336,CC BY-SA 4.0,1,221,1,parking,2HOUR | PARKING | 8AM6PM,0.988
westwood/486211459163704_0,westwood,crops/westwood/486211459163704_0.jpg,486211459163704,2018-11-30T16:45:30.987000+00:00,2018,34.045680384517,-118.45113883223,72.484504699707,False,lvl5,https://www.mapillary.com/app/?pKey=486211459163704,CC BY-SA 4.0,1,229,7,parking,NOSTOPE | 0PARKING,0.941
westwood/3945103562251232_0,westwood,crops/westwood/3945103562251232_0.jpg,3945103562251232,2015-01-25T18:25:51+00:00,2015,34.059789,-118.440328,248.7823,False,gyllen,https://www.mapillary.com/app/?pKey=3945103562251232,CC BY-SA 4.0,2,237,1,unknown,D,0.877
westwood/973623256801835_0,westwood,crops/westwood/973623256801835_0.jpg,973623256801835,2016-08-30T21:06:26.552000+00:00,2016,34.053654,-118.449334,233.3928,False,cscrivens,https://www.mapillary.com/app/?pKey=973623256801835,CC BY-SA 4.0,1,213,1,parking,NO | STOPPING | ANY | TIME,0.999
westwood/1333101073732686_0,westwood,crops/westwood/1333101073732686_0.jpg,1333101073732686,2016-08-30T20:55:04.837000+00:00,2016,34.055507,-118.445727,276.8035,False,cscrivens,https://www.mapillary.com/app/?pKey=1333101073732686,CC BY-SA 4.0,1,213,1,parking,TOW-AWAY | NO | PARKING | 6PM | 7AM,0.98
westwood/3095036427386620_0,westwood,crops/westwood/3095036427386620_0.jpg,3095036427386620,2017-06-14T09:54:07+00:00,2017,34.048139722222,-118.43553638889,233.17051563804,False,mly_la,https://www.mapillary.com/app/?pKey=3095036427386620,CC BY-SA 4.0,2,215,1,unknown,an | be,0.956
westwood/497981788016989_0,westwood,crops/westwood/497981788016989_0.jpg,497981788016989,2018-07-30T19:25:03.790000+00:00,2018,34.059433929847,-118.44444227643,327.02673339844,False,lvl5,https://www.mapillary.com/app/?pKey=497981788016989,CC BY-SA 4.0,1,232,1,parking,7AM010AM | 3PMPM | EXCEPT SAT AND SUN | TRANSIT BOOES | EXCMPTEO,0.828
westwood/1455849318140951_0,westwood,crops/westwood/1455849318140951_0.jpg,1455849318140951,2020-10-22T16:57:20.561000+00:00,2020,34.064185744006,-118.45253091245,64.375366210938,False,shawnfujioka,https://www.mapillary.com/app/?pKey=1455849318140951,CC BY-SA 4.0,1,202,1,unknown,R,0.999
westwood/486787749230896_0,westwood,crops/westwood/486787749230896_0.jpg,486787749230896,2018-07-13T22:42:13.284000+00:00,2018,34.045260404445,-118.45261115458,63.923152923584,False,lvl5,https://www.mapillary.com/app/?pKey=486787749230896,CC BY-SA 4.0,2,201,1,parking,PHARM | NOSTOPPING,0.97
westwood/3012817878946133_0,westwood,crops/westwood/3012817878946133_0.jpg,3012817878946133,2016-08-30T21:06:20.523000+00:00,2016,34.053124,-118.448869,233.8042,False,cscrivens,https://www.mapillary.com/app/?pKey=3012817878946133,CC BY-SA 4.0,1,197,1,unknown,47,0.997
westwood/925258241619471_0,westwood,crops/westwood/925258241619471_0.jpg,925258241619471,2020-10-22T23:04:14.727000+00:00,2020,34.064515978154,-118.45099477836,204.64332580566,False,shawnfujioka,https://www.mapillary.com/app/?pKey=925258241619471,CC BY-SA 4.0,1,204,2,parking,NO | PARKING | 8AM10 AM | SRIT CLEAN,0.903
westwood/1777595159295712_0,westwood,crops/westwood/1777595159295712_0.jpg,1777595159295712,2018-07-11T18:31:44.652000+00:00,2018,34.057050200604,-118.44270617422,80.497268676758,False,lvl5,https://www.mapillary.com/app/?pKey=1777595159295712,CC BY-SA 4.0,1,186,2,unknown,OVER 6000 LBS,0.999
westwood/584678115783194_0,westwood,crops/westwood/584678115783194_0.jpg,584678115783194,2018-07-30T19:26:00.641000+00:00,2018,34.060699303279,-118.44536646323,353.3203125,False,lvl5,https://www.mapillary.com/app/?pKey=584678115783194,CC BY-SA 4.0,3,250,4,unknown,日,0.614
westwood/264338968806901_0,westwood,crops/westwood/264338968806901_0.jpg,264338968806901,2018-07-30T22:02:18.590000+00:00,2018,34.062806747228,-118.44540707211,186.82357788086,False,lvl5,https://www.mapillary.com/app/?pKey=264338968806901,CC BY-SA 4.0,1,240,1,unknown,1,0.637
westwood/756329418387140_0,westwood,crops/westwood/756329418387140_0.jpg,756329418387140,2018-07-30T19:26:02.143000+00:00,2018,34.060848370258,-118.44535222886,358.69442749023,False,lvl5,https://www.mapillary.com/app/?pKey=756329418387140,CC BY-SA 4.0,3,544,2,unknown,,0.0
westwood/760505107958849_0,westwood,crops/westwood/760505107958849_0.jpg,760505107958849,2018-07-30T19:25:04.858000+00:00,2018,34.059489865036,-118.4444818229,327.25506591797,False,lvl5,https://www.mapillary.com/app/?pKey=760505107958849,CC BY-SA 4.0,4,193,3,unknown,GOSY,0.894
westwood/782846442619900_0,westwood,crops/westwood/782846442619900_0.jpg,782846442619900,2018-11-30T16:45:11.537000+00:00,2018,34.045498958038,-118.45186389233,68.315032958984,False,lvl5,https://www.mapillary.com/app/?pKey=782846442619900,CC BY-SA 4.0,1,196,7,parking,NOSTOPPING | TAM | 9AN | 4FM | 7es | 30PARKING | 9AM | BA | 8,0.854
westwood/154268956555636_0,westwood,crops/westwood/154268956555636_0.jpg,154268956555636,2017-06-14T09:54:07+00:00,2017,34.048225,-118.435595,143.16120075152,False,mly_la,https://www.mapillary.com/app/?pKey=154268956555636,CC BY-SA 4.0,2,178,1,unknown,THE | hin,0.947
westwood/4108185275909554_0,westwood,crops/westwood/4108185275909554_0.jpg,4108185275909554,2018-07-30T22:05:37.870000+00:00,2018,34.057371453314,-118.44945048095,243.76892089844,False,lvl5,https://www.mapillary.com/app/?pKey=4108185275909554,CC BY-SA 4.0,2,248,1,unknown,—A | 1,0.527
westwood/464214147974416_0,westwood,crops/westwood/464214147974416_0.jpg,464214147974416,2018-11-30T16:45:13.807000+00:00,2018,34.045563310405,-118.45161122427,71.446762084961,False,lvl5,https://www.mapillary.com/app/?pKey=464214147974416,CC BY-SA 4.0,1,187,7,parking,NOSTOPPING | 30PARKING | Bas,0.822
westwood/604169957642154_0,westwood,crops/westwood/604169957642154_0.jpg,604169957642154,2018-02-26T19:04:03.505000+00:00,2018,34.06246924633,-118.44692215367,219.76924133301,False,whereismystreet,https://www.mapillary.com/app/?pKey=604169957642154,CC BY-SA 4.0,3,476,3,unknown,,0.0
westwood/150441846989464_0,westwood,crops/westwood/150441846989464_0.jpg,150441846989464,2018-07-30T19:25:01.488000+00:00,2018,34.059343829682,-118.44436689875,328.89898681641,False,lvl5,https://www.mapillary.com/app/?pKey=150441846989464,CC BY-SA 4.0,2,201,1,parking,R | 7AM,0.676
westwood/512184666632752_0,westwood,crops/westwood/512184666632752_0.jpg,512184666632752,2018-08-10T02:09:31.704000+00:00,2018,34.058102989927,-118.44787447716,331.82733154297,False,lvl5,https://www.mapillary.com/app/?pKey=512184666632752,CC BY-SA 4.0,1,157,7,unknown,FlyAway | Bus | to LAX,0.999
westwood/961456681251425_0,westwood,crops/westwood/961456681251425_0.jpg,961456681251425,2018-07-11T18:32:45.739000+00:00,2018,34.058002175957,-118.4389938785,74.959915161133,False,lvl5,https://www.mapillary.com/app/?pKey=961456681251425,CC BY-SA 4.0,2,159,1,parking,R | NOPARKING | ANY TIME,0.982
westwood/775918083110022_0,westwood,crops/westwood/775918083110022_0.jpg,775918083110022,2020-10-22T16:56:44.593000+00:00,2020,34.064076574674,-118.45290000631,55.122924804688,False,shawnfujioka,https://www.mapillary.com/app/?pKey=775918083110022,CC BY-SA 4.0,1,177,1,parking,8AM1IAM | TNURSD,0.816
westwood/4714317905250635_0,westwood,crops/westwood/4714317905250635_0.jpg,4714317905250635,2018-07-30T22:02:17.991000+00:00,2018,34.062869425032,-118.44540530805,187.01890563965,False,lvl5,https://www.mapillary.com/app/?pKey=4714317905250635,CC BY-SA 4.0,2,220,1,unknown,O0,0.558
westwood/446505176390445_0,westwood,crops/westwood/446505176390445_0.jpg,446505176390445,2017-11-21T16:07:12.415000+00:00,2017,34.048936840511,-118.44909737741,232.25366210938,False,astheduke,https://www.mapillary.com/app/?pKey=446505176390445,CC BY-SA 4.0,1,155,2,unknown,R,0.998
westwood/1218042878615955_0,westwood,crops/westwood/1218042878615955_0.jpg,1218042878615955,2018-11-30T16:46:03.618000+00:00,2018,34.045935646136,-118.45023668298,69.518074035645,False,lvl5,https://www.mapillary.com/app/?pKey=1218042878615955,CC BY-SA 4.0,2,220,3,unknown,SAN SROOL 2OW,0.551
westwood/180982760437925_0,westwood,crops/westwood/180982760437925_0.jpg,180982760437925,2016-08-30T21:06:02.513000+00:00,2016,34.051714,-118.447688,237.7564,False,cscrivens,https://www.mapillary.com/app/?pKey=180982760437925,CC BY-SA 4.0,1,159,1,parking,2HOUR | PARKING | 6FM,0.942
westwood/321425509413007_0,westwood,crops/westwood/321425509413007_0.jpg,321425509413007,2016-08-30T21:03:18.851000+00:00,2016,34.057343,-118.448899,348.2994,False,cscrivens,https://www.mapillary.com/app/?pKey=321425509413007,CC BY-SA 4.0,1,153,1,parking,STOPPIN | ANY TIME,0.988
westwood/2974682646141523_0,westwood,crops/westwood/2974682646141523_0.jpg,2974682646141523,2018-11-30T16:52:39.230000+00:00,2018,34.048802408257,-118.43984420691,71.484756469727,False,lvl5,https://www.mapillary.com/app/?pKey=2974682646141523,CC BY-SA 4.0,2,216,7,unknown,日,0.53
westwood/3651235884981643_0,westwood,crops/westwood/3651235884981643_0.jpg,3651235884981643,2018-11-30T16:45:02.229000+00:00,2018,34.045289261738,-118.45254436871,63.923595428467,False,lvl5,https://www.mapillary.com/app/?pKey=3651235884981643,CC BY-SA 4.0,1,158,7,parking,NO | STOPPING | RY6 | 7eM | PARKING | 8 | AM | 8PM,0.902
westwood/228272985305192_0,westwood,crops/westwood/228272985305192_0.jpg,228272985305192,2018-11-30T16:44:59.494000+00:00,2018,34.045202107066,-118.4527491276,64.283340454102,False,lvl5,https://www.mapillary.com/app/?pKey=228272985305192,CC BY-SA 4.0,2,189,11,parking,NOSTOPPING | 9 | 8AM | 414 | 82,0.675
westwood/270883984751238_0,westwood,crops/westwood/270883984751238_0.jpg,270883984751238,2015-01-25T18:26:33+00:00,2015,34.057858,-118.447442,247.6956,False,gyllen,https://www.mapillary.com/app/?pKey=270883984751238,CC BY-SA 4.0,1,152,1,unknown,JO NOT | BLOCK | INTERSECTION,0.939
westwood/159421696315882_0,westwood,crops/westwood/159421696315882_0.jpg,159421696315882,2018-07-11T18:33:49.274000+00:00,2018,34.059545223055,-118.43522620106,336.88613891602,False,lvl5,https://www.mapillary.com/app/?pKey=159421696315882,CC BY-SA 4.0,2,146,1,parking,NO | PARKING | 2 PARKING | 8AM | 6PM,0.974
westwood/202478601691451_0,westwood,crops/westwood/202478601691451_0.jpg,202478601691451,2018-11-30T16:45:11.270000+00:00,2018,34.045487290673,-118.45189886094,67.150810241699,False,lvl5,https://www.mapillary.com/app/?pKey=202478601691451,CC BY-SA 4.0,1,158,7,unknown,NOSTUPTING | 30 | BA,0.838
westwood/314006590219623_0,westwood,crops/westwood/314006590219623_0.jpg,314006590219623,2018-08-10T02:09:40.709000+00:00,2018,34.058850532078,-118.44843738737,327.96786499023,False,lvl5,https://www.mapillary.com/app/?pKey=314006590219623,CC BY-SA 4.0,3,416,1,unknown,,0.0
westwood/686627426893146_0,westwood,crops/westwood/686627426893146_0.jpg,686627426893146,2023-12-12T20:23:16.662000+00:00,2023,34.062601961556,-118.44499552131,18.790864923915,False,filipb,https://www.mapillary.com/app/?pKey=686627426893146,CC BY-SA 4.0,3,413,1,unknown,,0.0
westwood/543005037084473_0,westwood,crops/westwood/543005037084473_0.jpg,543005037084473,2016-08-30T20:53:40.841000+00:00,2016,34.057572,-118.447656,96.3855,False,cscrivens,https://www.mapillary.com/app/?pKey=543005037084473,CC BY-SA 4.0,1,407,1,unknown,,0.0
westwood/1166554757139601_0,westwood,crops/westwood/1166554757139601_0.jpg,1166554757139601,2016-08-30T20:54:20.895000+00:00,2016,34.055603,-118.445953,85.81488,False,cscrivens,https://www.mapillary.com/app/?pKey=1166554757139601,CC BY-SA 4.0,2,405,1,unknown,,0.0
westwood/1339500276696265_0,westwood,crops/westwood/1339500276696265_0.jpg,1339500276696265,2023-12-12T20:23:13.320000+00:00,2023,34.062599814189,-118.44477815757,22.432239282425,False,filipb,https://www.mapillary.com/app/?pKey=1339500276696265,CC BY-SA 4.0,1,399,1,unknown,,0.0
westwood/492122728572290_0,westwood,crops/westwood/492122728572290_0.jpg,492122728572290,2018-07-30T22:02:20.991000+00:00,2018,34.062537674863,-118.44542049356,184.92498779297,False,lvl5,https://www.mapillary.com/app/?pKey=492122728572290,CC BY-SA 4.0,3,398,1,unknown,,0.0
westwood/746643479307386_0,westwood,crops/westwood/746643479307386_0.jpg,746643479307386,2016-08-30T20:54:22.899000+00:00,2016,34.055558,-118.445904,80.43201,False,cscrivens,https://www.mapillary.com/app/?pKey=746643479307386,CC BY-SA 4.0,1,140,1,unknown,onLoash,0.92
westwood/321141522909912_0,westwood,crops/westwood/321141522909912_0.jpg,321141522909912,2018-11-30T16:45:40.098000+00:00,2018,34.045694659303,-118.45105525077,72.441970825195,False,lvl5,https://www.mapillary.com/app/?pKey=321141522909912,CC BY-SA 4.0,1,142,7,parking,7AM T0 4 PM | SUNDAY,0.892
westwood/267550838385317_0,westwood,crops/westwood/267550838385317_0.jpg,267550838385317,2020-10-22T23:05:02.672000+00:00,2020,34.064377009656,-118.451588677,252.95397949219,False,shawnfujioka,https://www.mapillary.com/app/?pKey=267550838385317,CC BY-SA 4.0,1,134,1,parking,NO | PARKING,0.963
westwood/994485604419607_0,westwood,crops/westwood/994485604419607_0.jpg,994485604419607,2015-10-03T16:13:21.358000+00:00,2015,34.063131,-118.45234,1.716675,False,ahealthydesign,https://www.mapillary.com/app/?pKey=994485604419607,CC BY-SA 4.0,1,142,1,parking,"8AM"" | IIAM",0.866
westwood/155052649813847_0,westwood,crops/westwood/155052649813847_0.jpg,155052649813847,2016-08-30T20:55:36.864000+00:00,2016,34.056866,-118.446945,265.0508,False,cscrivens,https://www.mapillary.com/app/?pKey=155052649813847,CC BY-SA 4.0,1,149,1,parking,PARNING | 9A41m,0.748
westwood/236933864895671_0,westwood,crops/westwood/236933864895671_0.jpg,236933864895671,2016-08-30T20:56:26.879000+00:00,2016,34.057804,-118.447958,213.8661,False,cscrivens,https://www.mapillary.com/app/?pKey=236933864895671,CC BY-SA 4.0,1,157,1,unknown,101 | SOPPPNES,0.684
westwood/303181644740562_0,westwood,crops/westwood/303181644740562_0.jpg,303181644740562,2017-06-14T09:54:06+00:00,2017,34.048226388889,-118.43561472222,233.17054372892,False,mly_la,https://www.mapillary.com/app/?pKey=303181644740562,CC BY-SA 4.0,1,124,1,parking,parking | petco,1.0
westwood/2838087756441088_0,westwood,crops/westwood/2838087756441088_0.jpg,2838087756441088,2017-06-14T09:53:54+00:00,2017,34.049346388889,-118.43660805556,135.54410045058,False,mly_la,https://www.mapillary.com/app/?pKey=2838087756441088,CC BY-SA 4.0,3,124,1,unknown,SHARE | THE | ROAD,0.999
westwood/1251263488629029_1,westwood,crops/westwood/1251263488629029_1.jpg,1251263488629029,2020-10-22T16:57:26.581000+00:00,2020,34.06422453089,-118.45247470543,67.932525634766,False,shawnfujioka,https://www.mapillary.com/app/?pKey=1251263488629029,CC BY-SA 4.0,1,140,1,unknown,R | AVIIKYS,0.826
westwood/837740260466532_0,westwood,crops/westwood/837740260466532_0.jpg,837740260466532,2018-07-11T18:32:53.622000+00:00,2018,34.058217849471,-118.43829089997,72.687431335449,False,lvl5,https://www.mapillary.com/app/?pKey=837740260466532,CC BY-SA 4.0,2,138,1,unknown,NO PANE | ANYTIME,0.837
westwood/1175976989508723_0,westwood,crops/westwood/1175976989508723_0.jpg,1175976989508723,2016-08-30T20:53:54.892000+00:00,2016,34.056903,-118.447043,95.75861,False,cscrivens,https://www.mapillary.com/app/?pKey=1175976989508723,CC BY-SA 4.0,2,369,1,unknown,,0.0
westwood/424320785643104_0,westwood,crops/westwood/424320785643104_0.jpg,424320785643104,2018-07-11T18:33:00.817000+00:00,2018,34.058388805878,-118.43758064451,72.357856750488,False,lvl5,https://www.mapillary.com/app/?pKey=424320785643104,CC BY-SA 4.0,2,137,1,parking,NO PARRING,0.826
westwood/314418480121352_0,westwood,crops/westwood/314418480121352_0.jpg,314418480121352,2019-12-22T23:00:42.038000+00:00,2019,34.057694118612,-118.44784633123,104.03778076172,False,ericaschecter,https://www.mapillary.com/app/?pKey=314418480121352,CC BY-SA 4.0,1,133,1,unknown,日,0.869
westwood/937908013611159_0,westwood,crops/westwood/937908013611159_0.jpg,937908013611159,2017-06-14T09:54:08+00:00,2017,34.048053055556,-118.43545805556,233.22787510913,False,mly_la,https://www.mapillary.com/app/?pKey=937908013611159,CC BY-SA 4.0,3,168,1,unknown,R,0.583
westwood/1255387542487987_0,westwood,crops/westwood/1255387542487987_0.jpg,1255387542487987,2024-08-05T21:59:09.746000+00:00,2024,34.0474832,-118.4363443,145.0,False,jstreit,https://www.mapillary.com/app/?pKey=1255387542487987,CC BY-SA 4.0,3,363,1,unknown,,0.0
westwood/316802269964967_0,westwood,crops/westwood/316802269964967_0.jpg,316802269964967,2018-11-30T16:45:06.936000+00:00,2018,34.045382760352,-118.45226688986,66.574325561523,False,lvl5,https://www.mapillary.com/app/?pKey=316802269964967,CC BY-SA 4.0,1,132,21,unknown,图,0.87
westwood/468047451079886_0,westwood,crops/westwood/468047451079886_0.jpg,468047451079886,2017-06-14T09:54:03+00:00,2017,34.048491388889,-118.435845,234.18060248391,False,mly_la,https://www.mapillary.com/app/?pKey=468047451079886,CC BY-SA 4.0,2,140,1,unknown,R | petor,0.748
westwood/336296764511396_0,westwood,crops/westwood/336296764511396_0.jpg,336296764511396,2018-11-30T16:46:23.381000+00:00,2018,34.046146226968,-118.44949931784,70.567123413086,False,lvl5,https://www.mapillary.com/app/?pKey=336296764511396,CC BY-SA 4.0,1,167,3,unknown,明贸,0.543
westwood/563050178167301_0,westwood,crops/westwood/563050178167301_0.jpg,563050178167301,2018-06-26T19:40:27.041000+00:00,2018,34.049809051147,-118.43690553913,318.17846679688,False,lvl5,https://www.mapillary.com/app/?pKey=563050178167301,CC BY-SA 4.0,1,124,1,unknown,918 | 998 | 4.05,0.905
westwood/988636741958553_0,westwood,crops/westwood/988636741958553_0.jpg,988636741958553,2018-07-11T18:33:49.003000+00:00,2018,34.059522700906,-118.43521280151,337.84033203125,False,lvl5,https://www.mapillary.com/app/?pKey=988636741958553,CC BY-SA 4.0,2,119,1,parking,NO | PARKIN | FARKING | 8AM,0.951
westwood/490303455496587_0,westwood,crops/westwood/490303455496587_0.jpg,490303455496587,2018-07-30T22:05:13.649000+00:00,2018,34.057874195045,-118.44750516307,254.1796875,False,lvl5,https://www.mapillary.com/app/?pKey=490303455496587,CC BY-SA 4.0,1,116,1,unknown,DO NOT | LOCK,0.984
westwood/219895260074403_0,westwood,crops/westwood/219895260074403_0.jpg,219895260074403,2018-07-11T18:32:53.354000+00:00,2018,34.05821093515,-118.43831943276,72.875747680664,False,lvl5,https://www.mapillary.com/app/?pKey=219895260074403,CC BY-SA 4.0,2,116,1,parking,NOPARKING | ANYTIME,0.957
westwood/760719707959500_0,westwood,crops/westwood/760719707959500_0.jpg,760719707959500,2018-11-30T16:46:00.643000+00:00,2018,34.045874314739,-118.45044227036,69.774826049805,False,lvl5,https://www.mapillary.com/app/?pKey=760719707959500,CC BY-SA 4.0,1,156,3,unknown,配盟贸,0.574
westwood/131974998978323_0,westwood,crops/westwood/131974998978323_0.jpg,131974998978323,2019-12-22T23:00:36.145000+00:00,2019,34.057395,-118.448304,4.023681640625,False,ericaschecter,https://www.mapillary.com/app/?pKey=131974998978323,CC BY-SA 4.0,1,129,2,unknown,gss | 534,0.767
westwood/754926525223310_0,westwood,crops/westwood/754926525223310_0.jpg,754926525223310,2016-08-02T16:29:47.353000+00:00,2016,34.050712,-118.446854,309.2565,False,mapkin,https://www.mapillary.com/app/?pKey=754926525223310,CC BY-SA 4.0,1,116,1,parking,2ROUR | PARKING | 8AM=8PN,0.877
westwood/803973683890807_0,westwood,crops/westwood/803973683890807_0.jpg,803973683890807,2018-11-30T16:52:44.370000+00:00,2018,34.048880325158,-118.43934259095,72.292457580566,False,lvl5,https://www.mapillary.com/app/?pKey=803973683890807,CC BY-SA 4.0,1,111,7,unknown,FAHER,0.934
westwood/299549318474787_0,westwood,crops/westwood/299549318474787_0.jpg,299549318474787,2018-07-30T22:02:10.492000+00:00,2018,34.063646009535,-118.44541129662,182.63949584961,False,lvl5,https://www.mapillary.com/app/?pKey=299549318474787,CC BY-SA 4.0,2,316,2,unknown,,0.0
westwood/315461206603374_0,westwood,crops/westwood/315461206603374_0.jpg,315461206603374,2018-07-30T22:02:20.694000+00:00,2018,34.0625705955,-118.44541877661,185.02935791016,False,lvl5,https://www.mapillary.com/app/?pKey=315461206603374,CC BY-SA 4.0,3,312,1,unknown,,0.0
westwood/316802269964967_1,westwood,crops/westwood/316802269964967_1.jpg,316802269964967,2018-11-30T16:45:06.936000+00:00,2018,34.045382760352,-118.45226688986,66.574325561523,False,lvl5,https://www.mapillary.com/app/?pKey=316802269964967,CC BY-SA 4.0,2,109,7,unknown,00 | NOT | BLOCK,0.905
westwood/1125121954664926_0,westwood,crops/westwood/1125121954664926_0.jpg,1125121954664926,2019-12-22T23:00:41.170000+00:00,2019,34.05771,-118.447923,104.03778076172,False,ericaschecter,https://www.mapillary.com/app/?pKey=1125121954664926,CC BY-SA 4.0,1,302,1,unknown,,0.0
westwood/141869011246283_1,westwood,crops/westwood/141869011246283_1.jpg,141869011246283,2016-08-02T16:32:57.370000+00:00,2016,34.057685,-118.44777,75.80347,False,mapkin,https://www.mapillary.com/app/?pKey=141869011246283,CC BY-SA 4.0,1,118,1,unknown,国,0.782
westwood/869837403613721_0,westwood,crops/westwood/869837403613721_0.jpg,869837403613721,2016-08-30T20:56:24.867000+00:00,2016,34.057777,-118.447823,222.5085,False,cscrivens,https://www.mapillary.com/app/?pKey=869837403613721,CC BY-SA 4.0,1,147,1,unknown,N,0.52
westwood/2889533104622608_0,westwood,crops/westwood/2889533104622608_0.jpg,2889533104622608,2018-07-30T22:05:28.994000+00:00,2018,34.057574581206,-118.44885650582,252.42391967773,False,lvl5,https://www.mapillary.com/app/?pKey=2889533104622608,CC BY-SA 4.0,3,300,1,unknown,,0.0
westwood/138353038287803_0,westwood,crops/westwood/138353038287803_0.jpg,138353038287803,2018-08-10T02:09:40.309000+00:00,2018,34.058825080618,-118.44841873413,326.42276000977,False,lvl5,https://www.mapillary.com/app/?pKey=138353038287803,CC BY-SA 4.0,3,296,1,unknown,,0.0
westwood/298216091758184_0,westwood,crops/westwood/298216091758184_0.jpg,298216091758184,2017-06-14T09:54:05+00:00,2017,34.048315,-118.43569138889,234.36405089287,False,mly_la,https://www.mapillary.com/app/?pKey=298216091758184,CC BY-SA 4.0,1,109,1,unknown,TO | atmi Jmoppe,0.849
westwood/247896597117765_0,westwood,crops/westwood/247896597117765_0.jpg,247896597117765,2018-11-30T16:45:29.257000+00:00,2018,34.045676961991,-118.45117219476,72.197128295898,False,lvl5,https://www.mapillary.com/app/?pKey=247896597117765,CC BY-SA 4.0,1,137,7,unknown,S.,0.571
westwood/1961807937327394_0,westwood,crops/westwood/1961807937327394_0.jpg,1961807937327394,2018-07-30T22:04:59.299000+00:00,2018,34.058218981306,-118.44623215958,253.4765625,False,lvl5,https://www.mapillary.com/app/?pKey=1961807937327394,CC BY-SA 4.0,2,294,1,unknown,,0.0
westwood/1559481287575137_0,westwood,crops/westwood/1559481287575137_0.jpg,1559481287575137,2016-08-30T20:55:38.875000+00:00,2016,34.056966,-118.447039,268.1185,False,cscrivens,https://www.mapillary.com/app/?pKey=1559481287575137,CC BY-SA 4.0,1,129,1,unknown,2PARON | 9μ4m,0.627
westwood/1251263488629029_0,westwood,crops/westwood/1251263488629029_0.jpg,1251263488629029,2020-10-22T16:57:26.581000+00:00,2020,34.06422453089,-118.45247470543,67.932525634766,False,shawnfujioka,https://www.mapillary.com/app/?pKey=1251263488629029,CC BY-SA 4.0,1,291,1,unknown,,0.0
westwood/1413295889011251_0,westwood,crops/westwood/1413295889011251_0.jpg,1413295889011251,2019-06-22T20:40:25+00:00,2019,34.058162,-118.4458005,70.050003051758,False,mds08011,https://www.mapillary.com/app/?pKey=1413295889011251,CC BY-SA 4.0,1,100,1,parking,TOW-AWAY | NOSIOPPING | ANY TIME,0.954
westwood/190834006089560_0,westwood,crops/westwood/190834006089560_0.jpg,190834006089560,2017-06-14T09:54:03+00:00,2017,34.04858,-118.43590305556,143.77867114645,False,mly_la,https://www.mapillary.com/app/?pKey=190834006089560,CC BY-SA 4.0,1,96,1,unknown,etco,0.996
westwood/1351490648567392_0,westwood,crops/westwood/1351490648567392_0.jpg,1351490648567392,2015-10-03T16:13:35.358000+00:00,2015,34.064297,-118.453372,2.766418,False,ahealthydesign,https://www.mapillary.com/app/?pKey=1351490648567392,CC BY-SA 4.0,1,96,1,parking,NO | PARKING,0.989
westwood/997487053989235_0,westwood,crops/westwood/997487053989235_0.jpg,997487053989235,2018-07-30T22:05:21.288000+00:00,2018,34.057689309136,-118.44835367639,255.73448181152,False,lvl5,https://www.mapillary.com/app/?pKey=997487053989235,CC BY-SA 4.0,4,285,1,unknown,,0.0
westwood/152703610151217_0,westwood,crops/westwood/152703610151217_0.jpg,152703610151217,2020-10-22T23:06:34.196000+00:00,2020,34.064216391717,-118.45283521231,229.61036682129,False,shawnfujioka,https://www.mapillary.com/app/?pKey=152703610151217,CC BY-SA 4.0,1,135,1,unknown,NO BG.POO,0.551
westwood/771626913503909_0,westwood,crops/westwood/771626913503909_0.jpg,771626913503909,2018-11-30T16:45:27.849000+00:00,2018,34.045674860845,-118.45120479142,71.829833984375,False,lvl5,https://www.mapillary.com/app/?pKey=771626913503909,CC BY-SA 4.0,1,134,7,unknown,à,0.555
westwood/469228214305226_0,westwood,crops/westwood/469228214305226_0.jpg,469228214305226,2019-06-22T20:41:24+00:00,2019,34.056985833333,-118.44713283333,319.32000732422,False,mds08011,https://www.mapillary.com/app/?pKey=469228214305226,CC BY-SA 4.0,1,124,1,unknown,ROE,0.624
westwood/4016856875075336_0,westwood,crops/westwood/4016856875075336_0.jpg,4016856875075336,2018-11-30T16:50:39.283000+00:00,2018,34.047456472564,-118.44491736857,75.206871032715,False,lvl5,https://www.mapillary.com/app/?pKey=4016856875075336,CC BY-SA 4.0,1,96,3,unknown,四,0.953
westwood/214961796867838_0,westwood,crops/westwood/214961796867838_0.jpg,214961796867838,2018-07-30T22:02:18.288000+00:00,2018,34.062838287845,-118.44540615972,186.92988586426,False,lvl5,https://www.mapillary.com/app/?pKey=214961796867838,CC BY-SA 4.0,2,278,1,unknown,,0.0
westwood/475455377051846_0,westwood,crops/westwood/475455377051846_0.jpg,475455377051846,2018-07-30T19:26:30.935000+00:00,2018,34.06335879376,-118.44533604733,335.4875793457,False,lvl5,https://www.mapillary.com/app/?pKey=475455377051846,CC BY-SA 4.0,1,97,3,unknown,10800 | ONRED,0.933
westwood/2974793319510182_0,westwood,crops/westwood/2974793319510182_0.jpg,2974793319510182,2018-07-22T18:35:47.571000+00:00,2018,34.047733241254,-118.44452337176,250.41273498535,False,lvl5,https://www.mapillary.com/app/?pKey=2974793319510182,CC BY-SA 4.0,2,99,1,unknown,SPEEED | 30,0.901
westwood/2964832967128443_0,westwood,crops/westwood/2964832967128443_0.jpg,2964832967128443,2018-07-30T22:01:54.536000+00:00,2018,34.064837720767,-118.44542651114,127.4722442627,False,lvl5,https://www.mapillary.com/app/?pKey=2964832967128443,CC BY-SA 4.0,1,114,1,unknown,R,0.71
westwood/2545791035730276_0,westwood,crops/westwood/2545791035730276_0.jpg,2545791035730276,2016-08-02T16:29:33.586000+00:00,2016,34.04954,-118.445851,318.1059,False,mapkin,https://www.mapillary.com/app/?pKey=2545791035730276,CC BY-SA 4.0,3,96,1,parking,2ROUR | PARKING | 8n,0.934
westwood/1659108824292314_0,westwood,crops/westwood/1659108824292314_0.jpg,1659108824292314,2018-07-30T19:25:06.423000+00:00,2018,34.05956745093,-118.44455698778,327.15579223633,False,lvl5,https://www.mapillary.com/app/?pKey=1659108824292314,CC BY-SA 4.0,4,276,3,unknown,,0.0
westwood/462603205031512_0,westwood,crops/westwood/462603205031512_0.jpg,462603205031512,2016-08-30T20:54:16.872000+00:00,2016,34.055755,-118.446083,95.5004,False,cscrivens,https://www.mapillary.com/app/?pKey=462603205031512,CC BY-SA 4.0,1,272,1,unknown,,0.0
westwood/826808924934550_0,westwood,crops/westwood/826808924934550_0.jpg,826808924934550,2018-07-30T19:24:47.476000+00:00,2018,34.058764608985,-118.4440360643,35.971641540527,False,lvl5,https://www.mapillary.com/app/?pKey=826808924934550,CC BY-SA 4.0,1,129,1,unknown,會,0.546
westwood/809910879635045_0,westwood,crops/westwood/809910879635045_0.jpg,809910879635045,2015-10-03T16:13:13.348000+00:00,2015,34.062489,-118.451757,5.636841,False,ahealthydesign,https://www.mapillary.com/app/?pKey=809910879635045,CC BY-SA 4.0,1,98,1,unknown,R | H,0.871
westwood/315170173384353_0,westwood,crops/westwood/315170173384353_0.jpg,315170173384353,2018-07-30T19:27:06.440000+00:00,2018,34.064729328645,-118.44535498224,1.40625,False,lvl5,https://www.mapillary.com/app/?pKey=315170173384353,CC BY-SA 4.0,1,108,1,unknown,7,0.731
westwood/4595231684022901_0,westwood,crops/westwood/4595231684022901_0.jpg,4595231684022901,2026-06-06T16:06:04.628000+00:00,2026,34.04976187825,-118.43662201262,71.491117267263,True,nthp_gis,https://www.mapillary.com/app/?pKey=4595231684022901,CC BY-SA 4.0,1,264,1,unknown,,0.0
westwood/543372183487944_0,westwood,crops/westwood/543372183487944_0.jpg,543372183487944,2018-07-30T19:24:46.006000+00:00,2018,34.058701204113,-118.44403547575,55.114162445068,False,lvl5,https://www.mapillary.com/app/?pKey=543372183487944,CC BY-SA 4.0,3,260,2,unknown,,0.0
westwood/3888815481228357_0,westwood,crops/westwood/3888815481228357_0.jpg,3888815481228357,2020-10-22T23:05:32.620000+00:00,2020,34.064400454127,-118.45203449982,244.38696289062,False,shawnfujioka,https://www.mapillary.com/app/?pKey=3888815481228357,CC BY-SA 4.0,1,125,1,unknown,mm,0.528
westwood/312505886914622_0,westwood,crops/westwood/312505886914622_0.jpg,312505886914622,2018-07-30T22:05:30.761000+00:00,2018,34.057537124586,-118.44895082215,250.64836120605,False,lvl5,https://www.mapillary.com/app/?pKey=312505886914622,CC BY-SA 4.0,2,254,1,unknown,,0.0
westwood/298598771809519_0,westwood,crops/westwood/298598771809519_0.jpg,298598771809519,2018-07-30T19:26:29.234000+00:00,2018,34.06332899182,-118.44532150711,0.80711561441422,False,lvl5,https://www.mapillary.com/app/?pKey=298598771809519,CC BY-SA 4.0,1,84,1,unknown,ONRED,1.0
westwood/1368729648560671_0,westwood,crops/westwood/1368729648560671_0.jpg,1368729648560671,2026-06-06T16:05:18.682000+00:00,2026,34.048869638766,-118.43993360888,72.193263033168,True,nthp_gis,https://www.mapillary.com/app/?pKey=1368729648560671,CC BY-SA 4.0,1,246,1,unknown,,0.0
westwood/819983821963711_0,westwood,crops/westwood/819983821963711_0.jpg,819983821963711,2019-06-22T20:40:04+00:00,2019,34.057563833333,-118.44810716667,72.5,False,mds08011,https://www.mapillary.com/app/?pKey=819983821963711,CC BY-SA 4.0,1,94,1,unknown,Setru,0.797
westwood/3545227992248575_0,westwood,crops/westwood/3545227992248575_0.jpg,3545227992248575,2017-06-14T09:54:05+00:00,2017,34.048403055556,-118.43574805556,144.78496523227,False,mly_la,https://www.mapillary.com/app/?pKey=3545227992248575,CC BY-SA 4.0,1,81,1,unknown,HERE | TO,0.984
westwood/1513713242304851_0,westwood,crops/westwood/1513713242304851_0.jpg,1513713242304851,2018-11-30T16:52:54.604000+00:00,2018,34.049162082324,-118.43834535898,73.404777526855,False,lvl5,https://www.mapillary.com/app/?pKey=1513713242304851,CC BY-SA 4.0,1,113,7,unknown,è,0.565
westwood/159574789637982_0,westwood,crops/westwood/159574789637982_0.jpg,159574789637982,2018-07-11T18:33:30.022000+00:00,2018,34.058829631206,-118.43554785986,76.2890625,False,lvl5,https://www.mapillary.com/app/?pKey=159574789637982,CC BY-SA 4.0,2,117,1,unknown,@,0.531
westwood/2632900100341270_0,westwood,crops/westwood/2632900100341270_0.jpg,2632900100341270,2016-08-30T21:03:28.857000+00:00,2016,34.057647,-118.447864,357.2189,False,cscrivens,https://www.mapillary.com/app/?pKey=2632900100341270,CC BY-SA 4.0,1,241,1,unknown,,0.0
westwood/497318145029474_0,westwood,crops/westwood/497318145029474_0.jpg,497318145029474,2018-07-30T19:24:46.710000+00:00,2018,34.058728641176,-118.44403045497,45.699703216553,False,lvl5,https://www.mapillary.com/app/?pKey=497318145029474,CC BY-SA 4.0,2,240,1,unknown,,0.0
westwood/214085283629007_0,westwood,crops/westwood/214085283629007_0.jpg,214085283629007,2018-07-30T22:05:36.868000+00:00,2018,34.057382195384,-118.44938123024,244.82571411133,False,lvl5,https://www.mapillary.com/app/?pKey=214085283629007,CC BY-SA 4.0,1,82,1,unknown,国,0.958
westwood/295641075529104_0,westwood,crops/westwood/295641075529104_0.jpg,295641075529104,2015-10-03T16:13:15.347000+00:00,2015,34.062654,-118.451908,5.569336,False,ahealthydesign,https://www.mapillary.com/app/?pKey=295641075529104,CC BY-SA 4.0,1,111,1,unknown,O,0.553
westwood/1742634277039920_0,westwood,crops/westwood/1742634277039920_0.jpg,1742634277039920,2026-06-06T16:02:21.572000+00:00,2026,34.045541006211,-118.45176127436,72.048153852011,True,nthp_gis,https://www.mapillary.com/app/?pKey=1742634277039920,CC BY-SA 4.0,1,231,1,unknown,,0.0
westwood/4353464471355032_0,westwood,crops/westwood/4353464471355032_0.jpg,4353464471355032,2019-06-22T20:40:20+00:00,2019,34.0580195,-118.44638916667,78.480003356934,False,mds08011,https://www.mapillary.com/app/?pKey=4353464471355032,CC BY-SA 4.0,1,92,1,unknown,H,0.745
westwood/183735356853876_0,westwood,crops/westwood/183735356853876_0.jpg,183735356853876,2018-07-30T22:04:58.600000+00:00,2018,34.058222788309,-118.44619110106,253.33598327637,False,lvl5,https://www.mapillary.com/app/?pKey=183735356853876,CC BY-SA 4.0,2,228,7,unknown,,0.0
westwood/373130230688125_0,westwood,crops/westwood/373130230688125_0.jpg,373130230688125,2016-08-02T16:33:21.485000+00:00,2016,34.058517,-118.444835,87.71729,False,mapkin,https://www.mapillary.com/app/?pKey=373130230688125,CC BY-SA 4.0,3,227,1,unknown,,0.0
westwood/296092295520765_0,westwood,crops/westwood/296092295520765_0.jpg,296092295520765,2018-11-30T16:52:31.362000+00:00,2018,34.048628397116,-118.4407577583,71.498565673828,False,lvl5,https://www.mapillary.com/app/?pKey=296092295520765,CC BY-SA 4.0,2,86,7,unknown,1,0.811
westwood/1823532407825036_0,westwood,crops/westwood/1823532407825036_0.jpg,1823532407825036,2018-08-10T02:09:39.841000+00:00,2018,34.058793418403,-118.44839423353,325.14236450195,False,lvl5,https://www.mapillary.com/app/?pKey=1823532407825036,CC BY-SA 4.0,3,214,1,unknown,,0.0
westwood/313699673719220_0,westwood,crops/westwood/313699673719220_0.jpg,313699673719220,2018-11-30T16:46:01.043000+00:00,2018,34.045886324467,-118.4504062089,72.019569396973,False,lvl5,https://www.mapillary.com/app/?pKey=313699673719220,CC BY-SA 4.0,1,213,3,unknown,,0.0
westwood/469738210990764_0,westwood,crops/westwood/469738210990764_0.jpg,469738210990764,2018-11-30T16:52:46.367000+00:00,2018,34.048937395864,-118.43915077018,70.535583496094,False,lvl5,https://www.mapillary.com/app/?pKey=469738210990764,CC BY-SA 4.0,1,212,7,unknown,,0.0
westwood/287126003117278_0,westwood,crops/westwood/287126003117278_0.jpg,287126003117278,2018-11-30T16:45:48.198000+00:00,2018,34.045713531368,-118.45103189828,68.891830444336,False,lvl5,https://www.mapillary.com/app/?pKey=287126003117278,CC BY-SA 4.0,1,72,7,unknown,R,0.966
westwood/942812376533158_0,westwood,crops/westwood/942812376533158_0.jpg,942812376533158,2018-07-30T22:05:36.368000+00:00,2018,34.057395627581,-118.44934785963,245.35388183594,False,lvl5,https://www.mapillary.com/app/?pKey=942812376533158,CC BY-SA 4.0,1,72,1,unknown,国,0.965
westwood/300700481587766_0,westwood,crops/westwood/300700481587766_0.jpg,300700481587766,2018-11-30T16:46:28.653000+00:00,2018,34.046212066988,-118.44925937903,70.596641540527,False,lvl5,https://www.mapillary.com/app/?pKey=300700481587766,CC BY-SA 4.0,1,104,3,unknown,电盟,0.512
westwood/961377288042286_0,westwood,crops/westwood/961377288042286_0.jpg,961377288042286,2018-07-22T18:35:04.459000+00:00,2018,34.048966727469,-118.44009914371,252.0703125,False,lvl5,https://www.mapillary.com/app/?pKey=961377288042286,CC BY-SA 4.0,1,87,2,unknown,V,0.696
westwood/487913062411995_0,westwood,crops/westwood/487913062411995_0.jpg,487913062411995,2016-08-02T16:33:03.728000+00:00,2016,34.057878,-118.447063,78.65027,False,mapkin,https://www.mapillary.com/app/?pKey=487913062411995,CC BY-SA 4.0,3,209,1,unknown,,0.0
westwood/859951715587331_0,westwood,crops/westwood/859951715587331_0.jpg,859951715587331,2024-08-05T21:59:50.478000+00:00,2024,34.047036,-118.4359331,144.0,False,jstreit,https://www.mapillary.com/app/?pKey=859951715587331,CC BY-SA 4.0,2,206,1,unknown,,0.0
westwood/378461280209237_0,westwood,crops/westwood/378461280209237_0.jpg,378461280209237,2018-07-22T18:34:17.353000+00:00,2018,34.049808432613,-118.4370313934,250.43682861328,False,lvl5,https://www.mapillary.com/app/?pKey=378461280209237,CC BY-SA 4.0,1,100,1,unknown,7,0.53
westwood/1203298066790304_0,westwood,crops/westwood/1203298066790304_0.jpg,1203298066790304,2018-07-22T18:35:27.386000+00:00,2018,34.04827491906,-118.44258479386,251.58274841309,False,lvl5,https://www.mapillary.com/app/?pKey=1203298066790304,CC BY-SA 4.0,1,68,1,unknown,PAY HERE,0.999
westwood/1394919390884840_0,westwood,crops/westwood/1394919390884840_0.jpg,1394919390884840,2018-07-30T19:22:51.205000+00:00,2018,34.057727091949,-118.44752866792,72.494071960449,False,lvl5,https://www.mapillary.com/app/?pKey=1394919390884840,CC BY-SA 4.0,3,204,1,unknown,,0.0
westwood/3109170805979342_0,westwood,crops/westwood/3109170805979342_0.jpg,3109170805979342,2019-12-22T23:01:27.181000+00:00,2019,34.057759,-118.448048,266.22344970703,False,ericaschecter,https://www.mapillary.com/app/?pKey=3109170805979342,CC BY-SA 4.0,2,204,1,unknown,,0.0
westwood/536122100734804_0,westwood,crops/westwood/536122100734804_0.jpg,536122100734804,2018-11-30T16:46:19.447000+00:00,2018,34.046075169714,-118.44966971997,70.779266357422,False,lvl5,https://www.mapillary.com/app/?pKey=536122100734804,CC BY-SA 4.0,1,200,3,unknown,,0.0
westwood/902636586968056_0,westwood,crops/westwood/902636586968056_0.jpg,902636586968056,2018-07-30T22:05:20.922000+00:00,2018,34.057697854366,-118.44831504865,255.63610839844,False,lvl5,https://www.mapillary.com/app/?pKey=902636586968056,CC BY-SA 4.0,3,200,2,unknown,,0.0
westwood/1135604503629962_0,westwood,crops/westwood/1135604503629962_0.jpg,1135604503629962,2018-07-11T18:32:28.121000+00:00,2018,34.057722988899,-118.43986617111,17.60758972168,False,lvl5,https://www.mapillary.com/app/?pKey=1135604503629962,CC BY-SA 4.0,2,197,1,unknown,,0.0
westwood/1466415513692361_1,westwood,crops/westwood/1466415513692361_1.jpg,1466415513692361,2016-08-30T21:03:26.853000+00:00,2016,34.057586,-118.448051,350.6923,False,cscrivens,https://www.mapillary.com/app/?pKey=1466415513692361,CC BY-SA 4.0,1,194,1,unknown,,0.0
westwood/462603205031512_1,westwood,crops/westwood/462603205031512_1.jpg,462603205031512,2016-08-30T20:54:16.872000+00:00,2016,34.055755,-118.446083,95.5004,False,cscrivens,https://www.mapillary.com/app/?pKey=462603205031512,CC BY-SA 4.0,1,194,1,unknown,,0.0
westwood/473448363928481_0,westwood,crops/westwood/473448363928481_0.jpg,473448363928481,2018-07-30T22:02:09.883000+00:00,2018,34.063706066155,-118.44541225101,182.85360717773,False,lvl5,https://www.mapillary.com/app/?pKey=473448363928481,CC BY-SA 4.0,2,194,1,unknown,,0.0
westwood/2134729609999453_0,westwood,crops/westwood/2134729609999453_0.jpg,2134729609999453,2019-12-22T23:00:40.152000+00:00,2019,34.057691,-118.448017,76.289031982422,False,ericaschecter,https://www.mapillary.com/app/?pKey=2134729609999453,CC BY-SA 4.0,1,193,1,unknown,,0.0
westwood/869273960322643_1,westwood,crops/westwood/869273960322643_1.jpg,869273960322643,2018-11-30T16:53:07.548000+00:00,2018,34.049442519016,-118.43751919822,65.198547363281,False,lvl5,https://www.mapillary.com/app/?pKey=869273960322643,CC BY-SA 4.0,1,85,7,unknown,e | PYY HE,0.642
westwood/310237920715855_0,westwood,crops/westwood/310237920715855_0.jpg,310237920715855,2018-07-30T19:23:00.052000+00:00,2018,34.057929759782,-118.44693461201,71.108451843262,False,lvl5,https://www.mapillary.com/app/?pKey=310237920715855,CC BY-SA 4.0,3,193,2,unknown,,0.0
westwood/468093017750260_0,westwood,crops/westwood/468093017750260_0.jpg,468093017750260,2018-07-22T18:35:40.575000+00:00,2018,34.047898839045,-118.44391027876,251.3671875,False,lvl5,https://www.mapillary.com/app/?pKey=468093017750260,CC BY-SA 4.0,1,87,1,unknown,RANTERE ELLNT,0.597
westwood/487743902559008_0,westwood,crops/westwood/487743902559008_0.jpg,487743902559008,2019-06-22T20:40:59+00:00,2019,34.0572215,-118.44605866667,314.83999633789,False,mds08011,https://www.mapillary.com/app/?pKey=487743902559008,CC BY-SA 4.0,2,191,1,unknown,,0.0
westwood/941095383324213_0,westwood,crops/westwood/941095383324213_0.jpg,941095383324213,2018-11-30T16:50:37.915000+00:00,2018,34.047438769047,-118.44494375442,75.206871032715,False,lvl5,https://www.mapillary.com/app/?pKey=941095383324213,CC BY-SA 4.0,1,81,3,unknown,四,0.656
westwood/330189241839902_0,westwood,crops/westwood/330189241839902_0.jpg,330189241839902,2018-11-30T16:52:43.570000+00:00,2018,34.048854586192,-118.43941210458,75.152366638184,False,lvl5,https://www.mapillary.com/app/?pKey=330189241839902,CC BY-SA 4.0,2,188,7,unknown,,0.0
westwood/152893246800621_0,westwood,crops/westwood/152893246800621_0.jpg,152893246800621,2018-11-30T16:53:14.027000+00:00,2018,34.049473635707,-118.43741406968,66.227226257324,False,lvl5,https://www.mapillary.com/app/?pKey=152893246800621,CC BY-SA 4.0,3,187,14,unknown,,0.0
westwood/941902559909933_0,westwood,crops/westwood/941902559909933_0.jpg,941902559909933,2018-07-30T22:02:58.359000+00:00,2018,34.061107491018,-118.44546512121,187.13003540039,False,lvl5,https://www.mapillary.com/app/?pKey=941902559909933,CC BY-SA 4.0,2,186,1,unknown,,0.0
westwood/897085194560332_0,westwood,crops/westwood/897085194560332_0.jpg,897085194560332,2018-08-10T02:09:39.543000+00:00,2018,34.058770751826,-118.44837505508,325.03747558594,False,lvl5,https://www.mapillary.com/app/?pKey=897085194560332,CC BY-SA 4.0,3,185,1,unknown,,0.0
westwood/562769885127938_0,westwood,crops/westwood/562769885127938_0.jpg,562769885127938,2018-07-30T19:26:19.092000+00:00,2018,34.062499312401,-118.44535102993,55.166389465332,False,lvl5,https://www.mapillary.com/app/?pKey=562769885127938,CC BY-SA 4.0,2,184,1,unknown,,0.0
westwood/839604716646670_0,westwood,crops/westwood/839604716646670_0.jpg,839604716646670,2016-08-02T16:34:37.361000+00:00,2016,34.058793,-118.443565,83.49261,False,mapkin,https://www.mapillary.com/app/?pKey=839604716646670,CC BY-SA 4.0,1,184,1,unknown,,0.0
westwood/519761765824392_0,westwood,crops/westwood/519761765824392_0.jpg,519761765824392,2018-07-30T19:22:50.706000+00:00,2018,34.057716161564,-118.44756435011,72.215461730957,False,lvl5,https://www.mapillary.com/app/?pKey=519761765824392,CC BY-SA 4.0,3,181,1,unknown,,0.0
westwood/180605617182930_0,westwood,crops/westwood/180605617182930_0.jpg,180605617182930,2018-07-22T18:34:16.954000+00:00,2018,34.049821743794,-118.43698662099,250.36103820801,False,lvl5,https://www.mapillary.com/app/?pKey=180605617182930,CC BY-SA 4.0,1,80,1,unknown,Y,0.628
westwood/118193143652926_0,westwood,crops/westwood/118193143652926_0.jpg,118193143652926,2018-07-30T22:02:19.791000+00:00,2018,34.062671899962,-118.44541341386,185.56700134277,False,lvl5,https://www.mapillary.com/app/?pKey=118193143652926,CC BY-SA 4.0,3,179,2,unknown,,0.0
westwood/1125121954664926_1,westwood,crops/westwood/1125121954664926_1.jpg,1125121954664926,2019-12-22T23:00:41.170000+00:00,2019,34.05771,-118.447923,104.03778076172,False,ericaschecter,https://www.mapillary.com/app/?pKey=1125121954664926,CC BY-SA 4.0,1,178,1,unknown,,0.0
westwood/298598771809519_1,westwood,crops/westwood/298598771809519_1.jpg,298598771809519,2018-07-30T19:26:29.234000+00:00,2018,34.06332899182,-118.44532150711,0.80711561441422,False,lvl5,https://www.mapillary.com/app/?pKey=298598771809519,CC BY-SA 4.0,1,70,1,unknown,工,0.766
westwood/175937971086781_0,westwood,crops/westwood/175937971086781_0.jpg,175937971086781,2018-07-30T22:02:17.691000+00:00,2018,34.062905601833,-118.44540593677,186.59696960449,False,lvl5,https://www.mapillary.com/app/?pKey=175937971086781,CC BY-SA 4.0,2,177,1,unknown,,0.0
westwood/215701536775060_0,westwood,crops/westwood/215701536775060_0.jpg,215701536775060,2019-06-22T20:40:52+00:00,2019,34.057193833333,-118.44547066667,244.21000671387,False,mds08011,https://www.mapillary.com/app/?pKey=215701536775060,CC BY-SA 4.0,1,177,1,unknown,,0.0
westwood/471243060797484_0,westwood,crops/westwood/471243060797484_0.jpg,471243060797484,2018-07-30T22:05:20.154000+00:00,2018,34.05771551457,-118.44823231268,252.6678314209,False,lvl5,https://www.mapillary.com/app/?pKey=471243060797484,CC BY-SA 4.0,4,177,1,unknown,,0.0
westwood/5357664120915851_0,westwood,crops/westwood/5357664120915851_0.jpg,5357664120915851,2018-06-26T19:39:49.572000+00:00,2018,34.048995226335,-118.43611839415,322.03125,False,lvl5,https://www.mapillary.com/app/?pKey=5357664120915851,CC BY-SA 4.0,1,61,1,unknown,山,0.937
westwood/492396355533670_0,westwood,crops/westwood/492396355533670_0.jpg,492396355533670,2017-11-02T20:21:56.477000+00:00,2017,34.063543585112,-118.4452153961,14.753273963928,False,lvl5,https://www.mapillary.com/app/?pKey=492396355533670,CC BY-SA 4.0,1,60,3,unknown,R | ON RED,0.961
westwood/1101401540348175_0,westwood,crops/westwood/1101401540348175_0.jpg,1101401540348175,2018-11-30T16:52:41.972000+00:00,2018,34.048826370569,-118.43957121015,82.918739318848,False,lvl5,https://www.mapillary.com/app/?pKey=1101401540348175,CC BY-SA 4.0,1,175,7,unknown,,0.0
westwood/132868838899950_0,westwood,crops/westwood/132868838899950_0.jpg,132868838899950,2018-11-30T16:52:57.305000+00:00,2018,34.049237346907,-118.43803852712,73.85954284668,False,lvl5,https://www.mapillary.com/app/?pKey=132868838899950,CC BY-SA 4.0,3,175,7,unknown,,0.0
westwood/479340979966955_0,westwood,crops/westwood/479340979966955_0.jpg,479340979966955,2018-07-30T19:25:00.421000+00:00,2018,34.059316761957,-118.44433857257,330.02453613281,False,lvl5,https://www.mapillary.com/app/?pKey=479340979966955,CC BY-SA 4.0,2,173,1,unknown,,0.0
westwood/1513713242304851_1,westwood,crops/westwood/1513713242304851_1.jpg,1513713242304851,2018-11-30T16:52:54.604000+00:00,2018,34.049162082324,-118.43834535898,73.404777526855,False,lvl5,https://www.mapillary.com/app/?pKey=1513713242304851,CC BY-SA 4.0,2,172,7,unknown,,0.0
westwood/1000498320486292_0,westwood,crops/westwood/1000498320486292_0.jpg,1000498320486292,2019-12-22T22:58:06.150000+00:00,2019,34.046967,-118.445926,278.57897949219,False,ericaschecter,https://www.mapillary.com/app/?pKey=1000498320486292,CC BY-SA 4.0,1,171,2,unknown,,0.0
westwood/3652805064847586_0,westwood,crops/westwood/3652805064847586_0.jpg,3652805064847586,2015-01-25T18:25:49+00:00,2015,34.05989,-118.439933,247.1967,False,gyllen,https://www.mapillary.com/app/?pKey=3652805064847586,CC BY-SA 4.0,1,171,1,unknown,,0.0
westwood/184546366850245_0,westwood,crops/westwood/184546366850245_0.jpg,184546366850245,2016-08-02T16:32:47.369000+00:00,2016,34.057452,-118.448638,72.52026,False,mapkin,https://www.mapillary.com/app/?pKey=184546366850245,CC BY-SA 4.0,1,171,1,unknown,,0.0
westwood/321141522909912_2,westwood,crops/westwood/321141522909912_2.jpg,321141522909912,2018-11-30T16:45:40.098000+00:00,2018,34.045694659303,-118.45105525077,72.441970825195,False,lvl5,https://www.mapillary.com/app/?pKey=321141522909912,CC BY-SA 4.0,1,58,7,unknown,R,0.959
westwood/2790051927974177_0,westwood,crops/westwood/2790051927974177_0.jpg,2790051927974177,2018-07-30T22:02:57.959000+00:00,2018,34.061134570061,-118.445464376,187.48135375977,False,lvl5,https://www.mapillary.com/app/?pKey=2790051927974177,CC BY-SA 4.0,2,168,2,unknown,,0.0
westwood/380541839926777_0,westwood,crops/westwood/380541839926777_0.jpg,380541839926777,2018-11-30T16:51:54.279000+00:00,2018,34.047585806039,-118.44446701372,70.806907653809,False,lvl5,https://www.mapillary.com/app/?pKey=380541839926777,CC BY-SA 4.0,1,168,3,unknown,,0.0
westwood/289123832699443_1,westwood,crops/westwood/289123832699443_1.jpg,289123832699443,2017-06-14T09:54:12+00:00,2017,34.048064722222,-118.43545138889,324.35830078173,False,mly_la,https://www.mapillary.com/app/?pKey=289123832699443,CC BY-SA 4.0,1,57,1,unknown,K,0.952
westwood/202553795266809_0,westwood,crops/westwood/202553795266809_0.jpg,202553795266809,2018-07-11T18:33:25.062000+00:00,2018,34.058766932242,-118.43591864115,75.278427124023,False,lvl5,https://www.mapillary.com/app/?pKey=202553795266809,CC BY-SA 4.0,2,167,2,unknown,,0.0
westwood/2632900100341270_1,westwood,crops/westwood/2632900100341270_1.jpg,2632900100341270,2016-08-30T21:03:28.857000+00:00,2016,34.057647,-118.447864,357.2189,False,cscrivens,https://www.mapillary.com/app/?pKey=2632900100341270,CC BY-SA 4.0,1,165,1,unknown,,0.0
westwood/495685631551929_0,westwood,crops/westwood/495685631551929_0.jpg,495685631551929,2018-07-30T22:01:55.303000+00:00,2018,34.064815841735,-118.44540622036,143.69010925293,False,lvl5,https://www.mapillary.com/app/?pKey=495685631551929,CC BY-SA 4.0,1,165,1,unknown,,0.0
westwood/2908961856018604_0,westwood,crops/westwood/2908961856018604_0.jpg,2908961856018604,2018-07-13T22:41:38.698000+00:00,2018,34.045117874304,-118.45293716788,62.439510345459,False,lvl5,https://www.mapillary.com/app/?pKey=2908961856018604,CC BY-SA 4.0,1,69,1,unknown,CR,0.684
westwood/565287681134855_1,westwood,crops/westwood/565287681134855_1.jpg,565287681134855,2018-11-30T16:53:06.815000+00:00,2018,34.049430290609,-118.4375517041,64.47191619873,False,lvl5,https://www.mapillary.com/app/?pKey=565287681134855,CC BY-SA 4.0,1,65,7,unknown,国,0.754
westwood/311403770653419_0,westwood,crops/westwood/311403770653419_0.jpg,311403770653419,2018-07-30T22:02:09.583000+00:00,2018,34.063737664779,-118.44541247698,182.95892333984,False,lvl5,https://www.mapillary.com/app/?pKey=311403770653419,CC BY-SA 4.0,2,163,1,unknown,,0.0
westwood/1225513214530439_0,westwood,crops/westwood/1225513214530439_0.jpg,1225513214530439,2018-07-30T19:22:57.047000+00:00,2018,34.057854197493,-118.44715558592,71.668228149414,False,lvl5,https://www.mapillary.com/app/?pKey=1225513214530439,CC BY-SA 4.0,3,162,1,unknown,,0.0
westwood/1028394604582625_0,westwood,crops/westwood/1028394604582625_0.jpg,1028394604582625,2018-07-11T18:30:59.485000+00:00,2018,34.057264987894,-118.44537151171,74.766654968262,False,lvl5,https://www.mapillary.com/app/?pKey=1028394604582625,CC BY-SA 4.0,2,161,1,unknown,,0.0
westwood/818442892436933_0,westwood,crops/westwood/818442892436933_0.jpg,818442892436933,2019-12-22T22:10:17.254000+00:00,2019,34.054774,-118.453401,55.859252929688,False,ericaschecter,https://www.mapillary.com/app/?pKey=818442892436933,CC BY-SA 4.0,1,161,1,unknown,,0.0
westwood/2054211188051234_0,westwood,crops/westwood/2054211188051234_0.jpg,2054211188051234,2018-11-30T16:45:07.534000+00:00,2018,34.045400369307,-118.45223187141,66.574180603027,False,lvl5,https://www.mapillary.com/app/?pKey=2054211188051234,CC BY-SA 4.0,2,160,7,unknown,,0.0
westwood/309009251012806_0,westwood,crops/westwood/309009251012806_0.jpg,309009251012806,2018-07-11T18:32:49.881000+00:00,2018,34.058113294024,-118.43866657365,73.166664123535,False,lvl5,https://www.mapillary.com/app/?pKey=309009251012806,CC BY-SA 4.0,2,160,1,unknown,,0.0
westwood/170097494913331_0,westwood,crops/westwood/170097494913331_0.jpg,170097494913331,2016-08-02T16:34:33.373000+00:00,2016,34.058695,-118.444016,72.35651,False,mapkin,https://www.mapillary.com/app/?pKey=170097494913331,CC BY-SA 4.0,1,158,1,unknown,,0.0
westwood/2831311533753724_0,westwood,crops/westwood/2831311533753724_0.jpg,2831311533753724,2016-08-30T21:27:37.856000+00:00,2016,34.055013,-118.454334,82.96692,False,cscrivens,https://www.mapillary.com/app/?pKey=2831311533753724,CC BY-SA 4.0,1,157,1,unknown,,0.0
westwood/880722092557762_0,westwood,crops/westwood/880722092557762_0.jpg,880722092557762,2018-06-26T19:39:50.606000+00:00,2018,34.049030734501,-118.43615094242,322.03125,False,lvl5,https://www.mapillary.com/app/?pKey=880722092557762,CC BY-SA 4.0,1,74,1,unknown,山,0.564
westwood/822055788689273_0,westwood,crops/westwood/822055788689273_0.jpg,822055788689273,2018-11-30T16:46:18.817000+00:00,2018,34.046066670193,-118.4497061657,70.779266357422,False,lvl5,https://www.mapillary.com/app/?pKey=822055788689273,CC BY-SA 4.0,1,157,3,unknown,,0.0
westwood/741895536491949_0,westwood,crops/westwood/741895536491949_0.jpg,741895536491949,2018-11-30T16:48:10.305000+00:00,2018,34.04665158931,-118.44781141496,72.465682983398,False,lvl5,https://www.mapillary.com/app/?pKey=741895536491949,CC BY-SA 4.0,1,61,3,unknown,DONT | BLOCK | E3SKTC,0.766
westwood/795786957735041_0,westwood,crops/westwood/795786957735041_0.jpg,795786957735041,2016-08-02T16:29:11.603000+00:00,2016,34.047839,-118.444223,242.0166,False,mapkin,https://www.mapillary.com/app/?pKey=795786957735041,CC BY-SA 4.0,1,155,2,unknown,,0.0
westwood/530996311408307_0,westwood,crops/westwood/530996311408307_0.jpg,530996311408307,2018-11-30T16:52:06.147000+00:00,2018,34.04804410337,-118.44293050558,71.273422241211,False,lvl5,https://www.mapillary.com/app/?pKey=530996311408307,CC BY-SA 4.0,1,62,3,unknown,日,0.742
westwood/586411152356121_0,westwood,crops/westwood/586411152356121_0.jpg,586411152356121,2018-07-11T18:31:45.554000+00:00,2018,34.057065022213,-118.44262936662,72.151405334473,False,lvl5,https://www.mapillary.com/app/?pKey=586411152356121,CC BY-SA 4.0,2,155,1,unknown,,0.0
westwood/204527008170160_1,westwood,crops/westwood/204527008170160_1.jpg,204527008170160,2018-07-30T19:26:28.331000+00:00,2018,34.063297985578,-118.44531965892,0.819604575634,False,lvl5,https://www.mapillary.com/app/?pKey=204527008170160,CC BY-SA 4.0,1,66,1,unknown,H,0.662
westwood/278467750638651_0,westwood,crops/westwood/278467750638651_0.jpg,278467750638651,2020-10-22T23:06:35.560000+00:00,2020,34.064207639025,-118.45285191668,223.03210449219,False,shawnfujioka,https://www.mapillary.com/app/?pKey=278467750638651,CC BY-SA 4.0,1,153,1,unknown,,0.0
westwood/145038830965834_0,westwood,crops/westwood/145038830965834_0.jpg,145038830965834,2016-08-02T16:35:05.442000+00:00,2016,34.060033,-118.438983,80.60498,False,mapkin,https://www.mapillary.com/app/?pKey=145038830965834,CC BY-SA 4.0,1,152,1,unknown,,0.0
westwood/222066666043958_0,westwood,crops/westwood/222066666043958_0.jpg,222066666043958,2018-11-30T16:53:01.511000+00:00,2018,34.049327958915,-118.43770263216,70.85383605957,False,lvl5,https://www.mapillary.com/app/?pKey=222066666043958,CC BY-SA 4.0,2,151,7,unknown,,0.0
westwood/381063283594167_0,westwood,crops/westwood/381063283594167_0.jpg,381063283594167,2018-07-11T18:31:59.641000+00:00,2018,34.057210145559,-118.44179783518,74.09846496582,False,lvl5,https://www.mapillary.com/app/?pKey=381063283594167,CC BY-SA 4.0,2,151,1,unknown,,0.0
westwood/512290476613747_0,westwood,crops/westwood/512290476613747_0.jpg,512290476613747,2018-07-30T22:02:17.391000+00:00,2018,34.062941700671,-118.44540656414,186.17594909668,False,lvl5,https://www.mapillary.com/app/?pKey=512290476613747,CC BY-SA 4.0,2,151,1,unknown,,0.0
westwood/1330997523952545_0,westwood,crops/westwood/1330997523952545_0.jpg,1330997523952545,2018-07-30T22:05:19.819000+00:00,2018,34.05772443955,-118.44819667041,252.0703125,False,lvl5,https://www.mapillary.com/app/?pKey=1330997523952545,CC BY-SA 4.0,1,74,1,unknown,園,0.516
westwood/1219453321817704_0,westwood,crops/westwood/1219453321817704_0.jpg,1219453321817704,2018-07-30T19:22:59.045000+00:00,2018,34.057904982782,-118.44701083176,73.045188903809,False,lvl5,https://www.mapillary.com/app/?pKey=1219453321817704,CC BY-SA 4.0,3,150,1,unknown,,0.0
westwood/194205272552462_0,westwood,crops/westwood/194205272552462_0.jpg,194205272552462,2018-11-30T16:45:13.406000+00:00,2018,34.045554249307,-118.45165062912,70.897850036621,False,lvl5,https://www.mapillary.com/app/?pKey=194205272552462,CC BY-SA 4.0,1,150,7,unknown,,0.0
westwood/4278544718836718_0,westwood,crops/westwood/4278544718836718_0.jpg,4278544718836718,2018-11-30T16:52:52.370000+00:00,2018,34.049105685215,-118.43858297282,69.628364562988,False,lvl5,https://www.mapillary.com/app/?pKey=4278544718836718,CC BY-SA 4.0,1,150,7,unknown,,0.0
westwood/565287681134855_0,westwood,crops/westwood/565287681134855_0.jpg,565287681134855,2018-11-30T16:53:06.815000+00:00,2018,34.049430290609,-118.4375517041,64.47191619873,False,lvl5,https://www.mapillary.com/app/?pKey=565287681134855,CC BY-SA 4.0,1,73,7,unknown,口,0.519
westwood/533079834630491_0,westwood,crops/westwood/533079834630491_0.jpg,533079834630491,2018-07-11T18:31:48.491000+00:00,2018,34.05711652204,-118.44238551999,74.161338806152,False,lvl5,https://www.mapillary.com/app/?pKey=533079834630491,CC BY-SA 4.0,3,149,1,unknown,,0.0
westwood/578409593550947_0,westwood,crops/westwood/578409593550947_0.jpg,578409593550947,2018-07-30T19:24:59.486000+00:00,2018,34.05929876082,-118.44430489942,330.46875,False,lvl5,https://www.mapillary.com/app/?pKey=578409593550947,CC BY-SA 4.0,2,148,1,unknown,,0.0
westwood/199125752049963_0,westwood,crops/westwood/199125752049963_0.jpg,199125752049963,2020-10-22T16:56:54.613000+00:00,2020,34.064115055678,-118.45279938588,59.480377197266,False,shawnfujioka,https://www.mapillary.com/app/?pKey=199125752049963,CC BY-SA 4.0,1,147,1,unknown,,0.0
westwood/324129332833937_0,westwood,crops/westwood/324129332833937_0.jpg,324129332833937,2018-07-11T18:32:57.325000+00:00,2018,34.058303278689,-118.43789707769,72.658905029297,False,lvl5,https://www.mapillary.com/app/?pKey=324129332833937,CC BY-SA 4.0,2,147,1,unknown,,0.0
westwood/886479168602352_0,westwood,crops/westwood/886479168602352_0.jpg,886479168602352,2017-11-02T20:22:00.978000+00:00,2017,34.063642547531,-118.44496971607,84.32258605957,False,lvl5,https://www.mapillary.com/app/?pKey=886479168602352,CC BY-SA 4.0,1,67,8,unknown,E,0.591
westwood/771639990379165_0,westwood,crops/westwood/771639990379165_0.jpg,771639990379165,2018-11-30T16:45:01.663000+00:00,2018,34.045273687167,-118.45258353158,63.923595428467,False,lvl5,https://www.mapillary.com/app/?pKey=771639990379165,CC BY-SA 4.0,2,146,7,unknown,,0.0
westwood/520847575962619_0,westwood,crops/westwood/520847575962619_0.jpg,520847575962619,2018-11-30T16:45:09.671000+00:00,2018,34.045445059057,-118.45204585229,65.974067687988,False,lvl5,https://www.mapillary.com/app/?pKey=520847575962619,CC BY-SA 4.0,1,57,7,unknown,DO NOT | BLCK,0.782
westwood/557735911935174_0,westwood,crops/westwood/557735911935174_0.jpg,557735911935174,2018-06-26T19:42:54.340000+00:00,2018,34.057979950671,-118.4433230941,338.203125,False,lvl5,https://www.mapillary.com/app/?pKey=557735911935174,CC BY-SA 4.0,2,145,1,unknown,,0.0
westwood/247640080485618_0,westwood,crops/westwood/247640080485618_0.jpg,247640080485618,2018-11-30T16:52:40.769000+00:00,2018,34.04881762029,-118.4396869373,87.779640197754,False,lvl5,https://www.mapillary.com/app/?pKey=247640080485618,CC BY-SA 4.0,2,144,7,unknown,,0.0
westwood/345274990271213_0,westwood,crops/westwood/345274990271213_0.jpg,345274990271213,2018-07-30T22:03:04.164000+00:00,2018,34.060778313343,-118.44547425418,181.7578125,False,lvl5,https://www.mapillary.com/app/?pKey=345274990271213,CC BY-SA 4.0,2,144,1,unknown,,0.0
westwood/3138910446395387_1,westwood,crops/westwood/3138910446395387_1.jpg,3138910446395387,2018-07-11T18:30:07.700000+00:00,2018,34.057457604985,-118.44835324527,73.125,False,lvl5,https://www.mapillary.com/app/?pKey=3138910446395387,CC BY-SA 4.0,1,61,1,unknown,自,0.681
westwood/221274506432531_0,westwood,crops/westwood/221274506432531_0.jpg,221274506432531,2018-11-30T16:52:38.791000+00:00,2018,34.048793667124,-118.43988893854,71.866844177246,False,lvl5,https://www.mapillary.com/app/?pKey=221274506432531,CC BY-SA 4.0,2,143,7,unknown,,0.0
westwood/990934261730803_0,westwood,crops/westwood/990934261730803_0.jpg,990934261730803,2017-11-02T20:22:02.718000+00:00,2017,34.063653251555,-118.44482773221,86.056587219238,False,lvl5,https://www.mapillary.com/app/?pKey=990934261730803,CC BY-SA 4.0,1,142,8,unknown,,0.0
westwood/361667291963268_0,westwood,crops/westwood/361667291963268_0.jpg,361667291963268,2018-11-30T16:46:29.922000+00:00,2018,34.046225278464,-118.44917711211,70.612510681152,False,lvl5,https://www.mapillary.com/app/?pKey=361667291963268,CC BY-SA 4.0,1,142,3,unknown,,0.0
westwood/1052628868896716_0,westwood,crops/westwood/1052628868896716_0.jpg,1052628868896716,2018-07-11T18:30:00.927000+00:00,2018,34.057332708382,-118.44883041644,69.206939697266,False,lvl5,https://www.mapillary.com/app/?pKey=1052628868896716,CC BY-SA 4.0,2,68,1,unknown,自,0.536
westwood/1134369250323251_0,westwood,crops/westwood/1134369250323251_0.jpg,1134369250323251,2018-11-30T16:44:59.094000+00:00,2018,34.045187658064,-118.45277822698,64.283340454102,False,lvl5,https://www.mapillary.com/app/?pKey=1134369250323251,CC BY-SA 4.0,1,140,7,unknown,,0.0
westwood/140558814766467_1,westwood,crops/westwood/140558814766467_1.jpg,140558814766467,2018-11-30T16:52:43.967000+00:00,2018,34.048867387343,-118.43937518266,72.638832092285,False,lvl5,https://www.mapillary.com/app/?pKey=140558814766467,CC BY-SA 4.0,1,59,7,unknown,回,0.697
westwood/475759500147517_0,westwood,crops/westwood/475759500147517_0.jpg,475759500147517,2018-11-30T16:52:43.166000+00:00,2018,34.048841556889,-118.43944968454,77.71070098877,False,lvl5,https://www.mapillary.com/app/?pKey=475759500147517,CC BY-SA 4.0,3,140,7,unknown,,0.0
westwood/1019798405222232_0,westwood,crops/westwood/1019798405222232_0.jpg,1019798405222232,2018-11-30T16:51:48.049000+00:00,2018,34.047516745579,-118.44481675587,71.59676361084,False,lvl5,https://www.mapillary.com/app/?pKey=1019798405222232,CC BY-SA 4.0,2,139,3,unknown,,0.0
westwood/4514830135212149_1,westwood,crops/westwood/4514830135212149_1.jpg,4514830135212149,2018-11-30T16:52:41.570000+00:00,2018,34.048822952052,-118.43960923483,86.975563049316,False,lvl5,https://www.mapillary.com/app/?pKey=4514830135212149,CC BY-SA 4.0,1,139,7,unknown,,0.0
westwood/182120720353915_0,westwood,crops/westwood/182120720353915_0.jpg,182120720353915,2018-07-22T18:35:03.660000+00:00,2018,34.048986461755,-118.44001955117,251.71171569824,False,lvl5,https://www.mapillary.com/app/?pKey=182120720353915,CC BY-SA 4.0,1,62,1,unknown,V,0.604
westwood/212859370442458_0,westwood,crops/westwood/212859370442458_0.jpg,212859370442458,2018-07-30T19:22:49.203000+00:00,2018,34.057686291475,-118.44767062421,71.15901184082,False,lvl5,https://www.mapillary.com/app/?pKey=212859370442458,CC BY-SA 4.0,3,137,1,unknown,,0.0
westwood/1064274560775609_1,westwood,crops/westwood/1064274560775609_1.jpg,1064274560775609,2018-07-11T18:31:43.523000+00:00,2018,34.057046774717,-118.44278747679,107.47801971436,False,lvl5,https://www.mapillary.com/app/?pKey=1064274560775609,CC BY-SA 4.0,2,137,1,unknown,,0.0
westwood/869273960322643_0,westwood,crops/westwood/869273960322643_0.jpg,869273960322643,2018-11-30T16:53:07.548000+00:00,2018,34.049442519016,-118.43751919822,65.198547363281,False,lvl5,https://www.mapillary.com/app/?pKey=869273960322643,CC BY-SA 4.0,1,137,7,unknown,,0.0
westwood/324414509065483_0,westwood,crops/westwood/324414509065483_0.jpg,324414509065483,2018-07-30T19:22:56.544000+00:00,2018,34.057840933526,-118.44719576878,72.19962310791,False,lvl5,https://www.mapillary.com/app/?pKey=324414509065483,CC BY-SA 4.0,3,136,1,unknown,,0.0
westwood/592133301760003_0,westwood,crops/westwood/592133301760003_0.jpg,592133301760003,2018-11-30T16:52:54.303000+00:00,2018,34.049151678106,-118.43837725181,73.616104125977,False,lvl5,https://www.mapillary.com/app/?pKey=592133301760003,CC BY-SA 4.0,2,136,7,unknown,,0.0
westwood/536687870824467_1,westwood,crops/westwood/536687870824467_1.jpg,536687870824467,2020-10-22T16:57:31.606000+00:00,2020,34.064249679606,-118.45241549225,69.222564697266,False,shawnfujioka,https://www.mapillary.com/app/?pKey=536687870824467,CC BY-SA 4.0,1,135,1,unknown,,0.0
westwood/180668967271245_0,westwood,crops/westwood/180668967271245_0.jpg,180668967271245,2018-07-30T19:22:58.544000+00:00,2018,34.057896164067,-118.44704663553,72.004753112793,False,lvl5,https://www.mapillary.com/app/?pKey=180668967271245,CC BY-SA 4.0,3,134,1,unknown,,0.0
westwood/2986374618355364_0,westwood,crops/westwood/2986374618355364_0.jpg,2986374618355364,2018-07-11T18:30:59.251000+00:00,2018,34.0572378749,-118.44553762066,74.542091369629,False,lvl5,https://www.mapillary.com/app/?pKey=2986374618355364,CC BY-SA 4.0,2,134,1,unknown,,0.0
westwood/137200218387094_0,westwood,crops/westwood/137200218387094_0.jpg,137200218387094,2015-01-25T18:26:11+00:00,2015,34.058706,-118.444305,247.7218,False,gyllen,https://www.mapillary.com/app/?pKey=137200218387094,CC BY-SA 4.0,1,134,1,unknown,,0.0
westwood/851701565691789_0,westwood,crops/westwood/851701565691789_0.jpg,851701565691789,2018-11-30T16:45:25.914000+00:00,2018,34.045678683528,-118.45123712618,72.484504699707,False,lvl5,https://www.mapillary.com/app/?pKey=851701565691789,CC BY-SA 4.0,1,133,7,unknown,,0.0
westwood/215701536775060_1,westwood,crops/westwood/215701536775060_1.jpg,215701536775060,2019-06-22T20:40:52+00:00,2019,34.057193833333,-118.44547066667,244.21000671387,False,mds08011,https://www.mapillary.com/app/?pKey=215701536775060,CC BY-SA 4.0,1,132,1,unknown,,0.0
westwood/172047064739094_0,westwood,crops/westwood/172047064739094_0.jpg,172047064739094,2018-11-30T16:51:58.410000+00:00,2018,34.047737358267,-118.44399670583,68.50634765625,False,lvl5,https://www.mapillary.com/app/?pKey=172047064739094,CC BY-SA 4.0,1,132,3,unknown,,0.0
westwood/526354761908970_0,westwood,crops/westwood/526354761908970_0.jpg,526354761908970,2018-07-11T18:32:49.562000+00:00,2018,34.058103870966,-118.43869503021,73.278945922852,False,lvl5,https://www.mapillary.com/app/?pKey=526354761908970,CC BY-SA 4.0,3,132,1,unknown,,0.0
westwood/457728408626307_0,westwood,crops/westwood/457728408626307_0.jpg,457728408626307,2016-08-30T20:56:44.839000+00:00,2016,34.057437,-118.449322,177.5185,False,cscrivens,https://www.mapillary.com/app/?pKey=457728408626307,CC BY-SA 4.0,1,131,1,unknown,,0.0
westwood/295176425479373_1,westwood,crops/westwood/295176425479373_1.jpg,295176425479373,2018-07-30T22:05:37.370000+00:00,2018,34.057375608014,-118.44941569058,244.29699707031,False,lvl5,https://www.mapillary.com/app/?pKey=295176425479373,CC BY-SA 4.0,1,131,1,unknown,,0.0
westwood/510691196734786_0,westwood,crops/westwood/510691196734786_0.jpg,510691196734786,2018-07-30T22:02:17.091000+00:00,2018,34.062977905931,-118.44540719336,185.75369262695,False,lvl5,https://www.mapillary.com/app/?pKey=510691196734786,CC BY-SA 4.0,2,131,1,unknown,,0.0
westwood/157904416213172_0,westwood,crops/westwood/157904416213172_0.jpg,157904416213172,2018-07-30T19:24:58.553000+00:00,2018,34.059275580131,-118.44427574737,330.46875,False,lvl5,https://www.mapillary.com/app/?pKey=157904416213172,CC BY-SA 4.0,2,131,1,unknown,,0.0
westwood/2873079839672924_0,westwood,crops/westwood/2873079839672924_0.jpg,2873079839672924,2018-11-30T16:46:22.648000+00:00,2018,34.046132502408,-118.44952817273,70.604713439941,False,lvl5,https://www.mapillary.com/app/?pKey=2873079839672924,CC BY-SA 4.0,1,129,3,unknown,,0.0
westwood/314418480121352_1,westwood,crops/westwood/314418480121352_1.jpg,314418480121352,2019-12-22T23:00:42.038000+00:00,2019,34.057694118612,-118.44784633123,104.03778076172,False,ericaschecter,https://www.mapillary.com/app/?pKey=314418480121352,CC BY-SA 4.0,1,129,1,unknown,,0.0
westwood/288263132939618_1,westwood,crops/westwood/288263132939618_1.jpg,288263132939618,2019-12-22T23:00:38.151000+00:00,2019,34.057636,-118.448192,65.733123779297,False,ericaschecter,https://www.mapillary.com/app/?pKey=288263132939618,CC BY-SA 4.0,1,128,1,unknown,,0.0
westwood/951477395435251_0,westwood,crops/westwood/951477395435251_0.jpg,951477395435251,2018-07-11T18:30:40.162000+00:00,2018,34.057003196983,-118.44673079555,98.602890014648,False,lvl5,https://www.mapillary.com/app/?pKey=951477395435251,CC BY-SA 4.0,1,128,2,unknown,,0.0
westwood/520860959345882_0,westwood,crops/westwood/520860959345882_0.jpg,520860959345882,2018-11-30T16:52:56.104000+00:00,2018,34.0492046668,-118.43816965873,72.60179901123,False,lvl5,https://www.mapillary.com/app/?pKey=520860959345882,CC BY-SA 4.0,2,128,7,unknown,,0.0
westwood/918491822277840_0,westwood,crops/westwood/918491822277840_0.jpg,918491822277840,2018-11-30T16:46:18.113000+00:00,2018,34.046046462582,-118.44974669892,70.779266357422,False,lvl5,https://www.mapillary.com/app/?pKey=918491822277840,CC BY-SA 4.0,1,128,9,unknown,,0.0
westwood/1499910330352162_0,westwood,crops/westwood/1499910330352162_0.jpg,1499910330352162,2019-06-22T20:40:21+00:00,2019,34.058052166667,-118.44627116667,71.480003356934,False,mds08011,https://www.mapillary.com/app/?pKey=1499910330352162,CC BY-SA 4.0,1,127,1,unknown,,0.0
westwood/302472708134028_0,westwood,crops/westwood/302472708134028_0.jpg,302472708134028,2019-12-22T22:58:04.159000+00:00,2019,34.046906,-118.445852,288.31042480469,False,ericaschecter,https://www.mapillary.com/app/?pKey=302472708134028,CC BY-SA 4.0,1,127,1,unknown,,0.0
westwood/562451414738311_0,westwood,crops/westwood/562451414738311_0.jpg,562451414738311,2020-10-22T16:56:49.627000+00:00,2020,34.064106834559,-118.4528558711,62.917633056641,False,shawnfujioka,https://www.mapillary.com/app/?pKey=562451414738311,CC BY-SA 4.0,1,127,1,unknown,,0.0
westwood/835037204097093_0,westwood,crops/westwood/835037204097093_0.jpg,835037204097093,2018-11-30T16:52:49.968000+00:00,2018,34.049037185048,-118.43880194058,69.246109008789,False,lvl5,https://www.mapillary.com/app/?pKey=835037204097093,CC BY-SA 4.0,1,57,7,unknown,日,0.62
westwood/479060413363914_0,westwood,crops/westwood/479060413363914_0.jpg,479060413363914,2018-07-30T19:22:48.704000+00:00,2018,34.057674154992,-118.44770988449,70.80793762207,False,lvl5,https://www.mapillary.com/app/?pKey=479060413363914,CC BY-SA 4.0,3,127,1,unknown,,0.0
westwood/526476498730680_0,westwood,crops/westwood/526476498730680_0.jpg,526476498730680,2018-07-30T22:02:18.892000+00:00,2018,34.062775287315,-118.44540798216,186.71754455566,False,lvl5,https://www.mapillary.com/app/?pKey=526476498730680,CC BY-SA 4.0,3,127,2,unknown,,0.0
westwood/563929811405991_0,westwood,crops/westwood/563929811405991_0.jpg,563929811405991,2018-07-11T18:33:09.365000+00:00,2018,34.058476216758,-118.43722739744,70.569297790527,False,lvl5,https://www.mapillary.com/app/?pKey=563929811405991,CC BY-SA 4.0,2,127,1,unknown,,0.0
westwood/1441612652848752_0,westwood,crops/westwood/1441612652848752_0.jpg,1441612652848752,2018-11-30T16:44:56.592000+00:00,2018,34.045095945022,-118.45302317995,62.511985778809,False,lvl5,https://www.mapillary.com/app/?pKey=1441612652848752,CC BY-SA 4.0,1,62,14,unknown,NERSSE,0.503
westwood/247640080485618_1,westwood,crops/westwood/247640080485618_1.jpg,247640080485618,2018-11-30T16:52:40.769000+00:00,2018,34.04881762029,-118.4396869373,87.779640197754,False,lvl5,https://www.mapillary.com/app/?pKey=247640080485618,CC BY-SA 4.0,1,59,7,unknown,回,0.563
westwood/530970834796103_0,westwood,crops/westwood/530970834796103_0.jpg,530970834796103,2018-07-11T18:31:51.799000+00:00,2018,34.057157453887,-118.4421443279,78.046875,False,lvl5,https://www.mapillary.com/app/?pKey=530970834796103,CC BY-SA 4.0,2,124,1,unknown,,0.0
westwood/1458276731215726_0,westwood,crops/westwood/1458276731215726_0.jpg,1458276731215726,2018-07-11T18:32:57.059000+00:00,2018,34.058295078233,-118.43792522219,72.752372741699,False,lvl5,https://www.mapillary.com/app/?pKey=1458276731215726,CC BY-SA 4.0,2,124,1,unknown,,0.0
westwood/322720866265316_0,westwood,crops/westwood/322720866265316_0.jpg,322720866265316,2018-07-11T18:31:45.120000+00:00,2018,34.057056300718,-118.44266651036,74.289726257324,False,lvl5,https://www.mapillary.com/app/?pKey=322720866265316,CC BY-SA 4.0,2,123,1,unknown,,0.0
westwood/786927965288186_0,westwood,crops/westwood/786927965288186_0.jpg,786927965288186,2018-07-30T22:03:03.398000+00:00,2018,34.060812917992,-118.44547289452,184.29365539551,False,lvl5,https://www.mapillary.com/app/?pKey=786927965288186,CC BY-SA 4.0,2,123,1,unknown,,0.0
westwood/457339948685212_0,westwood,crops/westwood/457339948685212_0.jpg,457339948685212,2016-08-30T20:55:14.850000+00:00,2016,34.055939,-118.446104,271.2702,False,cscrivens,https://www.mapillary.com/app/?pKey=457339948685212,CC BY-SA 4.0,1,123,1,unknown,,0.0
westwood/174242454568143_0,westwood,crops/westwood/174242454568143_0.jpg,174242454568143,2016-10-21T23:46:58.512000+00:00,2016,34.060649128821,-118.436603114,335.36302661896,False,jopparn,https://www.mapillary.com/app/?pKey=174242454568143,CC BY-SA 4.0,1,121,1,unknown,,0.0
westwood/2134729609999453_1,westwood,crops/westwood/2134729609999453_1.jpg,2134729609999453,2019-12-22T23:00:40.152000+00:00,2019,34.057691,-118.448017,76.289031982422,False,ericaschecter,https://www.mapillary.com/app/?pKey=2134729609999453,CC BY-SA 4.0,1,121,10,unknown,,0.0
westwood/186147056705861_1,westwood,crops/westwood/186147056705861_1.jpg,186147056705861,2018-11-30T16:52:45.568000+00:00,2018,34.048916222419,-118.43923324276,71.273109436035,False,lvl5,https://www.mapillary.com/app/?pKey=186147056705861,CC BY-SA 4.0,2,121,7,unknown,,0.0
westwood/317748353049751_0,westwood,crops/westwood/317748353049751_0.jpg,317748353049751,2018-07-30T19:24:57.684000+00:00,2018,34.059245651317,-118.44425394113,330.80111694336,False,lvl5,https://www.mapillary.com/app/?pKey=317748353049751,CC BY-SA 4.0,2,121,1,unknown,,0.0
westwood/635447331186590_0,westwood,crops/westwood/635447331186590_0.jpg,635447331186590,2018-07-30T19:26:52.887000+00:00,2018,34.063695850025,-118.44532331531,0.93971538543701,False,lvl5,https://www.mapillary.com/app/?pKey=635447331186590,CC BY-SA 4.0,2,120,4,unknown,,0.0
westwood/1871091479723437_0,westwood,crops/westwood/1871091479723437_0.jpg,1871091479723437,2018-11-30T16:52:31.963000+00:00,2018,34.048640518201,-118.44068462943,70.964225769043,False,lvl5,https://www.mapillary.com/app/?pKey=1871091479723437,CC BY-SA 4.0,2,120,14,unknown,,0.0
westwood/3851626611617531_0,westwood,crops/westwood/3851626611617531_0.jpg,3851626611617531,2018-07-30T22:02:08.980000+00:00,2018,34.063801293025,-118.44541293322,183.15060424805,False,lvl5,https://www.mapillary.com/app/?pKey=3851626611617531,CC BY-SA 4.0,2,120,1,unknown,,0.0
westwood/186147056705861_0,westwood,crops/westwood/186147056705861_0.jpg,186147056705861,2018-11-30T16:52:45.568000+00:00,2018,34.048916222419,-118.43923324276,71.273109436035,False,lvl5,https://www.mapillary.com/app/?pKey=186147056705861,CC BY-SA 4.0,1,120,14,unknown,,0.0
westwood/589784795722537_0,westwood,crops/westwood/589784795722537_0.jpg,589784795722537,2018-07-11T18:32:03.603000+00:00,2018,34.057256053561,-118.44157624082,72.0703125,False,lvl5,https://www.mapillary.com/app/?pKey=589784795722537,CC BY-SA 4.0,1,120,5,unknown,,0.0
westwood/134699745383426_0,westwood,crops/westwood/134699745383426_0.jpg,134699745383426,2018-07-22T18:35:28.920000+00:00,2018,34.048242962644,-118.44268963688,250.71997070312,False,lvl5,https://www.mapillary.com/app/?pKey=134699745383426,CC BY-SA 4.0,2,119,1,unknown,,0.0
westwood/500688024704692_0,westwood,crops/westwood/500688024704692_0.jpg,500688024704692,2015-01-25T18:26:31+00:00,2015,34.057867,-118.447377,247.6956,False,gyllen,https://www.mapillary.com/app/?pKey=500688024704692,CC BY-SA 4.0,1,119,1,unknown,,0.0
westwood/635447331186590_1,westwood,crops/westwood/635447331186590_1.jpg,635447331186590,2018-07-30T19:26:52.887000+00:00,2018,34.063695850025,-118.44532331531,0.93971538543701,False,lvl5,https://www.mapillary.com/app/?pKey=635447331186590,CC BY-SA 4.0,4,119,1,unknown,,0.0
westwood/837851573780324_0,westwood,crops/westwood/837851573780324_0.jpg,837851573780324,2018-07-30T22:05:13.248000+00:00,2018,34.057880165924,-118.44746173543,254.1796875,False,lvl5,https://www.mapillary.com/app/?pKey=837851573780324,CC BY-SA 4.0,1,119,1,unknown,,0.0
westwood/145041587582223_0,westwood,crops/westwood/145041587582223_0.jpg,145041587582223,2016-08-30T20:54:18.850000+00:00,2016,34.055672,-118.446016,93.4407,False,cscrivens,https://www.mapillary.com/app/?pKey=145041587582223,CC BY-SA 4.0,1,119,1,unknown,,0.0
westwood/1225302557905099_0,westwood,crops/westwood/1225302557905099_0.jpg,1225302557905099,2018-07-30T19:22:48.202000+00:00,2018,34.057660498242,-118.44774919237,70.454895019531,False,lvl5,https://www.mapillary.com/app/?pKey=1225302557905099,CC BY-SA 4.0,3,118,1,unknown,,0.0
westwood/745460432795137_2,westwood,crops/westwood/745460432795137_2.jpg,745460432795137,2018-11-30T16:52:41.164000+00:00,2018,34.048819497333,-118.4396476622,91.075355529785,False,lvl5,https://www.mapillary.com/app/?pKey=745460432795137,CC BY-SA 4.0,2,118,7,unknown,,0.0
westwood/1492365021103807_0,westwood,crops/westwood/1492365021103807_0.jpg,1492365021103807,2017-06-14T09:54:13+00:00,2017,34.047715,-118.43513138889,54.444969620952,False,mly_la,https://www.mapillary.com/app/?pKey=1492365021103807,CC BY-SA 4.0,2,118,1,unknown,,0.0
westwood/833137237305525_0,westwood,crops/westwood/833137237305525_0.jpg,833137237305525,2019-02-16T16:52:54.083000+00:00,2019,34.046114270574,-118.44950961343,71.906600952148,False,lvl5,https://www.mapillary.com/app/?pKey=833137237305525,CC BY-SA 4.0,1,118,1,unknown,,0.0
westwood/317472179751030_0,westwood,crops/westwood/317472179751030_0.jpg,317472179751030,2018-11-30T16:45:13.005000+00:00,2018,34.045545194688,-118.45169000579,70.349334716797,False,lvl5,https://www.mapillary.com/app/?pKey=317472179751030,CC BY-SA 4.0,1,117,7,unknown,,0.0
westwood/2922107584711833_0,westwood,crops/westwood/2922107584711833_0.jpg,2922107584711833,2018-07-30T22:02:16.789000+00:00,2018,34.063011363857,-118.4454093658,185.47665405273,False,lvl5,https://www.mapillary.com/app/?pKey=2922107584711833,CC BY-SA 4.0,2,116,1,unknown,,0.0
westwood/1076411686101417_0,westwood,crops/westwood/1076411686101417_0.jpg,1076411686101417,2018-07-30T22:02:56.425000+00:00,2018,34.061246547585,-118.44547478201,190.04565429688,False,lvl5,https://www.mapillary.com/app/?pKey=1076411686101417,CC BY-SA 4.0,2,116,1,unknown,,0.0
westwood/806032897015072_0,westwood,crops/westwood/806032897015072_0.jpg,806032897015072,2018-11-30T16:46:29.321000+00:00,2018,34.046218853976,-118.44921752339,70.612510681152,False,lvl5,https://www.mapillary.com/app/?pKey=806032897015072,CC BY-SA 4.0,1,116,3,unknown,,0.0
westwood/974111380085244_0,westwood,crops/westwood/974111380085244_0.jpg,974111380085244,2016-08-02T16:27:33.360000+00:00,2016,34.050033,-118.436211,250.2941,False,mapkin,https://www.mapillary.com/app/?pKey=974111380085244,CC BY-SA 4.0,1,116,1,unknown,,0.0
westwood/828271884731458_0,westwood,crops/westwood/828271884731458_0.jpg,828271884731458,2018-07-30T19:22:57.545000+00:00,2018,34.057871295208,-118.44711888839,71.143501281738,False,lvl5,https://www.mapillary.com/app/?pKey=828271884731458,CC BY-SA 4.0,3,115,1,unknown,,0.0
westwood/224142679129956_0,westwood,crops/westwood/224142679129956_0.jpg,224142679129956,2018-11-30T16:52:51.969000+00:00,2018,34.049096652814,-118.43862228921,68.203125,False,lvl5,https://www.mapillary.com/app/?pKey=224142679129956,CC BY-SA 4.0,1,115,7,unknown,,0.0
westwood/4898723833485339_0,westwood,crops/westwood/4898723833485339_0.jpg,4898723833485339,2019-06-22T20:40:09+00:00,2019,34.057695833333,-118.4476285,71.589996337891,False,mds08011,https://www.mapillary.com/app/?pKey=4898723833485339,CC BY-SA 4.0,1,115,1,unknown,,0.0
westwood/537404530616726_0,westwood,crops/westwood/537404530616726_0.jpg,537404530616726,2018-11-30T16:45:01.139000+00:00,2018,34.045260346579,-118.45262364111,63.923595428467,False,lvl5,https://www.mapillary.com/app/?pKey=537404530616726,CC BY-SA 4.0,1,114,7,unknown,,0.0
westwood/506758890755509_0,westwood,crops/westwood/506758890755509_0.jpg,506758890755509,2018-07-22T18:35:48.069000+00:00,2018,34.047718079832,-118.44455865199,249.8879699707,False,lvl5,https://www.mapillary.com/app/?pKey=506758890755509,CC BY-SA 4.0,2,114,1,unknown,,0.0
westwood/294314085628938_0,westwood,crops/westwood/294314085628938_0.jpg,294314085628938,2016-08-02T16:34:59.362000+00:00,2016,34.059716,-118.440155,79.62634,False,mapkin,https://www.mapillary.com/app/?pKey=294314085628938,CC BY-SA 4.0,1,114,1,unknown,,0.0
westwood/996523234488793_2,westwood,crops/westwood/996523234488793_2.jpg,996523234488793,2018-07-30T19:26:27.536000+00:00,2018,34.063265633649,-118.44531618706,0.703125,False,lvl5,https://www.mapillary.com/app/?pKey=996523234488793,CC BY-SA 4.0,1,57,1,unknown,工,0.501
westwood/468062764449456_0,westwood,crops/westwood/468062764449456_0.jpg,468062764449456,2015-01-25T18:26:57+00:00,2015,34.057934,-118.447518,239.7045,False,gyllen,https://www.mapillary.com/app/?pKey=468062764449456,CC BY-SA 4.0,1,112,1,unknown,,0.0
westwood/1064274560775609_0,westwood,crops/westwood/1064274560775609_0.jpg,1064274560775609,2018-07-11T18:31:43.523000+00:00,2018,34.057046774717,-118.44278747679,107.47801971436,False,lvl5,https://www.mapillary.com/app/?pKey=1064274560775609,CC BY-SA 4.0,1,112,1,unknown,,0.0
westwood/298487445159181_0,westwood,crops/westwood/298487445159181_0.jpg,298487445159181,2018-11-30T16:51:53.509000+00:00,2018,34.047567389965,-118.44454440141,70.825973510742,False,lvl5,https://www.mapillary.com/app/?pKey=298487445159181,CC BY-SA 4.0,1,111,3,unknown,,0.0
westwood/912576896133805_0,westwood,crops/westwood/912576896133805_0.jpg,912576896133805,2018-07-11T18:34:01.077000+00:00,2018,34.060446822976,-118.43556132771,28.631341934204,False,lvl5,https://www.mapillary.com/app/?pKey=912576896133805,CC BY-SA 4.0,1,111,1,unknown,,0.0
westwood/6113594268666177_0,westwood,crops/westwood/6113594268666177_0.jpg,6113594268666177,2016-08-02T16:28:35.367000+00:00,2016,34.049116,-118.43944,247.3984,False,mapkin,https://www.mapillary.com/app/?pKey=6113594268666177,CC BY-SA 4.0,1,111,1,unknown,,0.0
westwood/821199445424529_0,westwood,crops/westwood/821199445424529_0.jpg,821199445424529,2018-07-11T18:33:13.608000+00:00,2018,34.058546495609,-118.43692351411,72.849563598633,False,lvl5,https://www.mapillary.com/app/?pKey=821199445424529,CC BY-SA 4.0,2,110,3,unknown,,0.0
westwood/227612805398309_0,westwood,crops/westwood/227612805398309_0.jpg,227612805398309,2018-07-30T22:01:28.181000+00:00,2018,34.064799627401,-118.44621899271,202.81878662109,False,lvl5,https://www.mapillary.com/app/?pKey=227612805398309,CC BY-SA 4.0,1,110,1,unknown,,0.0
westwood/180215873887636_0,westwood,crops/westwood/180215873887636_0.jpg,180215873887636,2018-11-30T16:52:38.393000+00:00,2018,34.048784757531,-118.4399295823,72.58952331543,False,lvl5,https://www.mapillary.com/app/?pKey=180215873887636,CC BY-SA 4.0,1,110,7,unknown,,0.0
westwood/598312901327045_1,westwood,crops/westwood/598312901327045_1.jpg,598312901327045,2018-06-26T19:42:53.712000+00:00,2018,34.057939496224,-118.44330276415,338.203125,False,lvl5,https://www.mapillary.com/app/?pKey=598312901327045,CC BY-SA 4.0,2,109,1,unknown,,0.0
westwood/547065826280831_0,westwood,crops/westwood/547065826280831_0.jpg,547065826280831,2018-07-22T18:35:51.177000+00:00,2018,34.047624923659,-118.44483412289,249.609375,False,lvl5,https://www.mapillary.com/app/?pKey=547065826280831,CC BY-SA 4.0,1,109,1,unknown,,0.0
westwood/305770574501633_0,westwood,crops/westwood/305770574501633_0.jpg,305770574501633,2019-06-22T20:40:51+00:00,2019,34.0572225,-118.44539133333,235.78999328613,False,mds08011,https://www.mapillary.com/app/?pKey=305770574501633,CC BY-SA 4.0,1,109,1,unknown,,0.0
westwood/744087416267778_0,westwood,crops/westwood/744087416267778_0.jpg,744087416267778,2018-07-30T19:22:42.765000+00:00,2018,34.057548773586,-118.44814258056,70.394897460938,False,lvl5,https://www.mapillary.com/app/?pKey=744087416267778,CC BY-SA 4.0,2,109,1,unknown,,0.0
westwood/220804619522149_0,westwood,crops/westwood/220804619522149_0.jpg,220804619522149,2018-11-30T16:45:06.333000+00:00,2018,34.045372270875,-118.45230060784,66.574325561523,False,lvl5,https://www.mapillary.com/app/?pKey=220804619522149,CC BY-SA 4.0,1,108,7,unknown,,0.0
westwood/215697973264276_0,westwood,crops/westwood/215697973264276_0.jpg,215697973264276,2015-01-25T18:25:45+00:00,2015,34.060116,-118.439113,249.7459,False,gyllen,https://www.mapillary.com/app/?pKey=215697973264276,CC BY-SA 4.0,1,108,1,unknown,,0.0
westwood/313664806894450_0,westwood,crops/westwood/313664806894450_0.jpg,313664806894450,2018-11-30T16:45:12.605000+00:00,2018,34.045534877473,-118.45173499188,70.344177246094,False,lvl5,https://www.mapillary.com/app/?pKey=313664806894450,CC BY-SA 4.0,1,108,7,unknown,,0.0
westwood/2916231428636604_0,westwood,crops/westwood/2916231428636604_0.jpg,2916231428636604,2019-02-16T16:52:43.170000+00:00,2019,34.045850285336,-118.45048872571,71.348121643066,False,lvl5,https://www.mapillary.com/app/?pKey=2916231428636604,CC BY-SA 4.0,1,108,1,unknown,,0.0
westwood/1007877102950250_0,westwood,crops/westwood/1007877102950250_0.jpg,1007877102950250,2017-06-14T09:53:59+00:00,2017,34.048855,-118.43615638889,235.26502152335,False,mly_la,https://www.mapillary.com/app/?pKey=1007877102950250,CC BY-SA 4.0,1,107,1,unknown,,0.0
westwood/205971321504105_0,westwood,crops/westwood/205971321504105_0.jpg,205971321504105,2018-07-11T18:31:59.003000+00:00,2018,34.057207431777,-118.44182756647,74.266677856445,False,lvl5,https://www.mapillary.com/app/?pKey=205971321504105,CC BY-SA 4.0,1,107,1,unknown,,0.0
westwood/156352153117388_0,westwood,crops/westwood/156352153117388_0.jpg,156352153117388,2018-07-22T18:35:26.262000+00:00,2018,34.048296843495,-118.4425142911,251.71875,False,lvl5,https://www.mapillary.com/app/?pKey=156352153117388,CC BY-SA 4.0,2,107,1,unknown,,0.0
westwood/903414737181781_0,westwood,crops/westwood/903414737181781_0.jpg,903414737181781,2018-11-30T16:52:29.860000+00:00,2018,34.0486036736,-118.44093371595,71.82022857666,False,lvl5,https://www.mapillary.com/app/?pKey=903414737181781,CC BY-SA 4.0,2,106,7,unknown,,0.0
westwood/215713993439370_0,westwood,crops/westwood/215713993439370_0.jpg,215713993439370,2019-02-16T16:52:56.322000+00:00,2019,34.046182196687,-118.44927061078,71.558753967285,False,lvl5,https://www.mapillary.com/app/?pKey=215713993439370,CC BY-SA 4.0,1,106,1,unknown,,0.0
westwood/967632330726837_0,westwood,crops/westwood/967632330726837_0.jpg,967632330726837,2018-07-30T22:02:55.758000+00:00,2018,34.061277572081,-118.44547051418,190.28038024902,False,lvl5,https://www.mapillary.com/app/?pKey=967632330726837,CC BY-SA 4.0,2,105,1,unknown,,0.0
westwood/215697973264276_1,westwood,crops/westwood/215697973264276_1.jpg,215697973264276,2015-01-25T18:25:45+00:00,2015,34.060116,-118.439113,249.7459,False,gyllen,https://www.mapillary.com/app/?pKey=215697973264276,CC BY-SA 4.0,1,105,1,unknown,,0.0
westwood/585172709090818_0,westwood,crops/westwood/585172709090818_0.jpg,585172709090818,2016-08-02T16:33:13.462000+00:00,2016,34.058199,-118.445826,83.60431,False,mapkin,https://www.mapillary.com/app/?pKey=585172709090818,CC BY-SA 4.0,1,105,1,unknown,,0.0
westwood/247640080485618_2,westwood,crops/westwood/247640080485618_2.jpg,247640080485618,2018-11-30T16:52:40.769000+00:00,2018,34.04881762029,-118.4396869373,87.779640197754,False,lvl5,https://www.mapillary.com/app/?pKey=247640080485618,CC BY-SA 4.0,2,104,7,unknown,,0.0
westwood/949015195855027_0,westwood,crops/westwood/949015195855027_0.jpg,949015195855027,2018-11-30T16:52:30.296000+00:00,2018,34.048610699666,-118.44088415936,71.82022857666,False,lvl5,https://www.mapillary.com/app/?pKey=949015195855027,CC BY-SA 4.0,2,104,7,unknown,,0.0
westwood/294710592109093_0,westwood,crops/westwood/294710592109093_0.jpg,294710592109093,2019-06-22T20:40:06+00:00,2019,34.057612,-118.44792833333,72.529998779297,False,mds08011,https://www.mapillary.com/app/?pKey=294710592109093,CC BY-SA 4.0,1,103,1,unknown,,0.0
westwood/524021835533972_0,westwood,crops/westwood/524021835533972_0.jpg,524021835533972,2019-02-16T16:52:53.763000+00:00,2019,34.046104641873,-118.44954205115,71.956451416016,False,lvl5,https://www.mapillary.com/app/?pKey=524021835533972,CC BY-SA 4.0,1,103,1,unknown,,0.0
westwood/1194585607657066_0,westwood,crops/westwood/1194585607657066_0.jpg,1194585607657066,2015-10-03T16:13:23.356000+00:00,2015,34.063311,-118.452503,3.139404,False,ahealthydesign,https://www.mapillary.com/app/?pKey=1194585607657066,CC BY-SA 4.0,1,103,1,unknown,,0.0
westwood/371307284602710_0,westwood,crops/westwood/371307284602710_0.jpg,371307284602710,2018-07-30T22:02:16.489000+00:00,2018,34.063043207698,-118.4454121785,185.26599121094,False,lvl5,https://www.mapillary.com/app/?pKey=371307284602710,CC BY-SA 4.0,2,102,1,unknown,,0.0
westwood/398363274472101_0,westwood,crops/westwood/398363274472101_0.jpg,398363274472101,2016-08-02T16:34:35.983000+00:00,2016,34.058769,-118.443679,82.49048,False,mapkin,https://www.mapillary.com/app/?pKey=398363274472101,CC BY-SA 4.0,1,101,1,unknown,,0.0
westwood/509303120423449_0,westwood,crops/westwood/509303120423449_0.jpg,509303120423449,2018-07-30T22:04:39.017000+00:00,2018,34.059381432038,-118.44576159943,215.88093566895,False,lvl5,https://www.mapillary.com/app/?pKey=509303120423449,CC BY-SA 4.0,1,101,1,unknown,,0.0
westwood/1120325968450645_0,westwood,crops/westwood/1120325968450645_0.jpg,1120325968450645,2018-07-30T19:22:58.045000+00:00,2018,34.057887695542,-118.44708209879,70.776916503906,False,lvl5,https://www.mapillary.com/app/?pKey=1120325968450645,CC BY-SA 4.0,2,100,1,unknown,,0.0
westwood/1712768478909735_0,westwood,crops/westwood/1712768478909735_0.jpg,1712768478909735,2018-11-30T16:45:33.495000+00:00,2018,34.045684325358,-118.45110641125,72.484504699707,False,lvl5,https://www.mapillary.com/app/?pKey=1712768478909735,CC BY-SA 4.0,1,100,7,unknown,,0.0
westwood/952947735534485_0,westwood,crops/westwood/952947735534485_0.jpg,952947735534485,2018-07-13T22:41:49.439000+00:00,2018,34.045247927203,-118.45264002023,64.128875732422,False,lvl5,https://www.mapillary.com/app/?pKey=952947735534485,CC BY-SA 4.0,1,100,1,unknown,,0.0
westwood/478310976822787_0,westwood,crops/westwood/478310976822787_0.jpg,478310976822787,2016-08-02T16:34:53.495000+00:00,2016,34.059471,-118.441071,77.21191,False,mapkin,https://www.mapillary.com/app/?pKey=478310976822787,CC BY-SA 4.0,1,100,1,unknown,,0.0
westwood/933654370759367_0,westwood,crops/westwood/933654370759367_0.jpg,933654370759367,2019-02-16T16:52:38.328000+00:00,2019,34.045727599972,-118.45097885883,71.644554138184,False,lvl5,https://www.mapillary.com/app/?pKey=933654370759367,CC BY-SA 4.0,1,99,1,unknown,,0.0
westwood/1270415890039458_0,westwood,crops/westwood/1270415890039458_0.jpg,1270415890039458,2018-11-30T16:46:03.115000+00:00,2018,34.045934909136,-118.4502706692,71.703651428223,False,lvl5,https://www.mapillary.com/app/?pKey=1270415890039458,CC BY-SA 4.0,1,99,3,unknown,,0.0
westwood/514142443300072_0,westwood,crops/westwood/514142443300072_0.jpg,514142443300072,2018-11-30T16:52:56.406000+00:00,2018,34.049212396404,-118.43813587656,73.133277893066,False,lvl5,https://www.mapillary.com/app/?pKey=514142443300072,CC BY-SA 4.0,2,97,7,unknown,,0.0
westwood/476753243543098_0,westwood,crops/westwood/476753243543098_0.jpg,476753243543098,2018-11-30T16:45:00.729000+00:00,2018,34.045246914887,-118.45265547283,64.021377563477,False,lvl5,https://www.mapillary.com/app/?pKey=476753243543098,CC BY-SA 4.0,2,97,7,unknown,,0.0
westwood/321141522909912_1,westwood,crops/westwood/321141522909912_1.jpg,321141522909912,2018-11-30T16:45:40.098000+00:00,2018,34.045694659303,-118.45105525077,72.441970825195,False,lvl5,https://www.mapillary.com/app/?pKey=321141522909912,CC BY-SA 4.0,1,97,7,unknown,,0.0
westwood/775136379838872_0,westwood,crops/westwood/775136379838872_0.jpg,775136379838872,2018-07-30T19:24:54.652000+00:00,2018,34.059127787137,-118.44415849614,332.10440063477,False,lvl5,https://www.mapillary.com/app/?pKey=775136379838872,CC BY-SA 4.0,1,97,1,unknown,,0.0
westwood/563050178167301_1,westwood,crops/westwood/563050178167301_1.jpg,563050178167301,2018-06-26T19:40:27.041000+00:00,2018,34.049809051147,-118.43690553913,318.17846679688,False,lvl5,https://www.mapillary.com/app/?pKey=563050178167301,CC BY-SA 4.0,2,97,1,unknown,,0.0
westwood/2796916110529139_2,westwood,crops/westwood/2796916110529139_2.jpg,2796916110529139,2018-07-30T19:26:40.244000+00:00,2018,34.063385878339,-118.44532850282,122.2781829834,False,lvl5,https://www.mapillary.com/app/?pKey=2796916110529139,CC BY-SA 4.0,2,97,1,unknown,,0.0
westwood/524934011842090_1,westwood,crops/westwood/524934011842090_1.jpg,524934011842090,2018-11-30T16:52:45.168000+00:00,2018,34.048905222731,-118.43927479341,71.835746765137,False,lvl5,https://www.mapillary.com/app/?pKey=524934011842090,CC BY-SA 4.0,1,96,7,unknown,,0.0
westwood/245873760558094_0,westwood,crops/westwood/245873760558094_0.jpg,245873760558094,2015-01-25T18:26:21+00:00,2015,34.058114,-118.446357,246.1058,False,gyllen,https://www.mapillary.com/app/?pKey=245873760558094,CC BY-SA 4.0,1,96,1,unknown,,0.0
westwood/578321996406779_0,westwood,crops/westwood/578321996406779_0.jpg,578321996406779,2016-08-02T16:35:01.360000+00:00,2016,34.059825,-118.439762,82.7027,False,mapkin,https://www.mapillary.com/app/?pKey=578321996406779,CC BY-SA 4.0,1,96,1,unknown,,0.0
westwood/951686688900508_0,westwood,crops/westwood/951686688900508_0.jpg,951686688900508,2018-11-30T16:45:21.477000+00:00,2018,34.04567215861,-118.45134254702,71.712608337402,False,lvl5,https://www.mapillary.com/app/?pKey=951686688900508,CC BY-SA 4.0,1,95,7,unknown,,0.0
westwood/1818782458299056_0,westwood,crops/westwood/1818782458299056_0.jpg,1818782458299056,2018-11-30T16:44:58.327000+00:00,2018,34.045156764527,-118.45285475193,63.001232147217,False,lvl5,https://www.mapillary.com/app/?pKey=1818782458299056,CC BY-SA 4.0,1,95,7,unknown,,0.0
westwood/475455377051846_3,westwood,crops/westwood/475455377051846_3.jpg,475455377051846,2018-07-30T19:26:30.935000+00:00,2018,34.06335879376,-118.44533604733,335.4875793457,False,lvl5,https://www.mapillary.com/app/?pKey=475455377051846,CC BY-SA 4.0,2,95,1,unknown,,0.0
westwood/983935435694217_0,westwood,crops/westwood/983935435694217_0.jpg,983935435694217,2018-07-30T22:05:40.472000+00:00,2018,34.057319271128,-118.44957367087,242.2459564209,False,lvl5,https://www.mapillary.com/app/?pKey=983935435694217,CC BY-SA 4.0,2,95,1,unknown,,0.0
westwood/289123832699443_0,westwood,crops/westwood/289123832699443_0.jpg,289123832699443,2017-06-14T09:54:12+00:00,2017,34.048064722222,-118.43545138889,324.35830078173,False,mly_la,https://www.mapillary.com/app/?pKey=289123832699443,CC BY-SA 4.0,2,94,1,unknown,,0.0
westwood/115505017266172_1,westwood,crops/westwood/115505017266172_1.jpg,115505017266172,2018-11-30T16:53:05.278000+00:00,2018,34.049400103182,-118.43761749749,58.942512512207,False,lvl5,https://www.mapillary.com/app/?pKey=115505017266172,CC BY-SA 4.0,1,94,14,unknown,,0.0
westwood/987656825329913_0,westwood,crops/westwood/987656825329913_0.jpg,987656825329913,2018-07-11T18:31:58.366000+00:00,2018,34.057204722535,-118.44185724802,74.434608459473,False,lvl5,https://www.mapillary.com/app/?pKey=987656825329913,CC BY-SA 4.0,1,94,1,unknown,,0.0
westwood/917444938828210_0,westwood,crops/westwood/917444938828210_0.jpg,917444938828210,2018-07-30T19:25:18.070000+00:00,2018,34.060485334301,-118.44530274443,331.19009399414,False,lvl5,https://www.mapillary.com/app/?pKey=917444938828210,CC BY-SA 4.0,1,94,1,unknown,,0.0
westwood/780818012580508_0,westwood,crops/westwood/780818012580508_0.jpg,780818012580508,2019-06-22T20:40:27+00:00,2019,34.058159,-118.4456535,105.38999938965,False,mds08011,https://www.mapillary.com/app/?pKey=780818012580508,CC BY-SA 4.0,1,94,1,unknown,,0.0
westwood/483176436260959_0,westwood,crops/westwood/483176436260959_0.jpg,483176436260959,2018-07-22T18:35:49.976000+00:00,2018,34.047664982637,-118.44471036528,248.90625,False,lvl5,https://www.mapillary.com/app/?pKey=483176436260959,CC BY-SA 4.0,2,93,1,unknown,,0.0
westwood/329839001837251_0,westwood,crops/westwood/329839001837251_0.jpg,329839001837251,2018-07-30T22:05:12.848000+00:00,2018,34.057886707668,-118.44741833021,254.07319641113,False,lvl5,https://www.mapillary.com/app/?pKey=329839001837251,CC BY-SA 4.0,1,93,1,unknown,,0.0
westwood/499902301357440_0,westwood,crops/westwood/499902301357440_0.jpg,499902301357440,2018-11-30T16:46:21.648000+00:00,2018,34.04610645239,-118.44956694387,70.710800170898,False,lvl5,https://www.mapillary.com/app/?pKey=499902301357440,CC BY-SA 4.0,1,93,3,unknown,,0.0
westwood/3068468363390076_0,westwood,crops/westwood/3068468363390076_0.jpg,3068468363390076,2018-07-11T18:30:31.390000+00:00,2018,34.056972243669,-118.44705595878,128.80732727051,False,lvl5,https://www.mapillary.com/app/?pKey=3068468363390076,CC BY-SA 4.0,1,92,1,unknown,,0.0
westwood/1215780235522401_0,westwood,crops/westwood/1215780235522401_0.jpg,1215780235522401,2018-11-30T16:52:29.528000+00:00,2018,34.048597357661,-118.4409693529,71.82022857666,False,lvl5,https://www.mapillary.com/app/?pKey=1215780235522401,CC BY-SA 4.0,1,92,7,unknown,,0.0
westwood/837851573780324_1,westwood,crops/westwood/837851573780324_1.jpg,837851573780324,2018-07-30T22:05:13.248000+00:00,2018,34.057880165924,-118.44746173543,254.1796875,False,lvl5,https://www.mapillary.com/app/?pKey=837851573780324,CC BY-SA 4.0,1,92,1,unknown,,0.0
westwood/295176425479373_0,westwood,crops/westwood/295176425479373_0.jpg,295176425479373,2018-07-30T22:05:37.370000+00:00,2018,34.057375608014,-118.44941569058,244.29699707031,False,lvl5,https://www.mapillary.com/app/?pKey=295176425479373,CC BY-SA 4.0,1,92,1,unknown,,0.0
westwood/505576507161773_0,westwood,crops/westwood/505576507161773_0.jpg,505576507161773,2017-06-14T09:53:44+00:00,2017,34.049836388889,-118.43661138889,159.33532885261,False,mly_la,https://www.mapillary.com/app/?pKey=505576507161773,CC BY-SA 4.0,1,92,1,unknown,,0.0
westwood/531882774481798_0,westwood,crops/westwood/531882774481798_0.jpg,531882774481798,2018-11-30T16:52:50.772000+00:00,2018,34.049060407425,-118.43873090922,68.445739746094,False,lvl5,https://www.mapillary.com/app/?pKey=531882774481798,CC BY-SA 4.0,1,91,7,unknown,,0.0
westwood/822055788689273_1,westwood,crops/westwood/822055788689273_1.jpg,822055788689273,2018-11-30T16:46:18.817000+00:00,2018,34.046066670193,-118.4497061657,70.779266357422,False,lvl5,https://www.mapillary.com/app/?pKey=822055788689273,CC BY-SA 4.0,1,91,3,unknown,,0.0
westwood/180024903981263_0,westwood,crops/westwood/180024903981263_0.jpg,180024903981263,2017-06-14T09:54:12+00:00,2017,34.047704722222,-118.435155,233.66091143051,False,mly_la,https://www.mapillary.com/app/?pKey=180024903981263,CC BY-SA 4.0,1,91,1,unknown,,0.0
westwood/545282996584452_0,westwood,crops/westwood/545282996584452_0.jpg,545282996584452,2018-07-11T18:32:40.336000+00:00,2018,34.057950987846,-118.4392016104,70.194206237793,False,lvl5,https://www.mapillary.com/app/?pKey=545282996584452,CC BY-SA 4.0,1,91,3,unknown,,0.0
westwood/353272209738313_0,westwood,crops/westwood/353272209738313_0.jpg,353272209738313,2018-07-11T18:33:39.719000+00:00,2018,34.058922533882,-118.43514202345,65.799949645996,False,lvl5,https://www.mapillary.com/app/?pKey=353272209738313,CC BY-SA 4.0,1,91,1,unknown,,0.0
westwood/1670717609796863_0,westwood,crops/westwood/1670717609796863_0.jpg,1670717609796863,2018-07-11T18:30:08.378000+00:00,2018,34.057475458853,-118.44829786564,73.125,False,lvl5,https://www.mapillary.com/app/?pKey=1670717609796863,CC BY-SA 4.0,1,91,1,unknown,,0.0
westwood/281777240295916_0,westwood,crops/westwood/281777240295916_0.jpg,281777240295916,2018-08-10T02:08:41.074000+00:00,2018,34.057528271633,-118.44857402582,71.07258605957,False,lvl5,https://www.mapillary.com/app/?pKey=281777240295916,CC BY-SA 4.0,2,90,1,unknown,,0.0
westwood/836097726996186_0,westwood,crops/westwood/836097726996186_0.jpg,836097726996186,2019-02-16T16:52:52.804000+00:00,2019,34.046076923903,-118.44963609139,71.956451416016,False,lvl5,https://www.mapillary.com/app/?pKey=836097726996186,CC BY-SA 4.0,1,90,2,unknown,,0.0
westwood/4514830135212149_0,westwood,crops/westwood/4514830135212149_0.jpg,4514830135212149,2018-11-30T16:52:41.570000+00:00,2018,34.048822952052,-118.43960923483,86.975563049316,False,lvl5,https://www.mapillary.com/app/?pKey=4514830135212149,CC BY-SA 4.0,1,90,7,unknown,,0.0
westwood/187918276526411_0,westwood,crops/westwood/187918276526411_0.jpg,187918276526411,2019-02-16T16:52:53.443000+00:00,2019,34.04609538057,-118.44957347247,71.956451416016,False,lvl5,https://www.mapillary.com/app/?pKey=187918276526411,CC BY-SA 4.0,1,90,1,unknown,,0.0
westwood/4041242152649867_0,westwood,crops/westwood/4041242152649867_0.jpg,4041242152649867,2019-02-16T16:52:56.004000+00:00,2019,34.046173183479,-118.44930381031,71.518157958984,False,lvl5,https://www.mapillary.com/app/?pKey=4041242152649867,CC BY-SA 4.0,1,90,1,unknown,,0.0
westwood/291254009392329_0,westwood,crops/westwood/291254009392329_0.jpg,291254009392329,2018-07-30T22:05:19.452000+00:00,2018,34.057735370918,-118.44815801857,252.0703125,False,lvl5,https://www.mapillary.com/app/?pKey=291254009392329,CC BY-SA 4.0,2,89,1,unknown,,0.0
westwood/218122986513541_0,westwood,crops/westwood/218122986513541_0.jpg,218122986513541,2019-02-16T16:52:42.725000+00:00,2019,34.045842354782,-118.45052764228,71.188438415527,False,lvl5,https://www.mapillary.com/app/?pKey=218122986513541,CC BY-SA 4.0,1,89,1,unknown,,0.0
westwood/1116157458867421_0,westwood,crops/westwood/1116157458867421_0.jpg,1116157458867421,2017-06-14T09:53:56+00:00,2017,34.049126388889,-118.43639805556,233.11569487306,False,mly_la,https://www.mapillary.com/app/?pKey=1116157458867421,CC BY-SA 4.0,1,89,1,unknown,,0.0
westwood/158218772978197_0,westwood,crops/westwood/158218772978197_0.jpg,158218772978197,2019-02-16T16:52:46.404000+00:00,2019,34.045918013565,-118.45023545948,71.074989318848,False,lvl5,https://www.mapillary.com/app/?pKey=158218772978197,CC BY-SA 4.0,1,89,1,unknown,,0.0
westwood/776197153044538_0,westwood,crops/westwood/776197153044538_0.jpg,776197153044538,2018-07-30T19:24:55.883000+00:00,2018,34.059173578492,-118.44420490461,331.60510253906,False,lvl5,https://www.mapillary.com/app/?pKey=776197153044538,CC BY-SA 4.0,4,88,1,unknown,,0.0
westwood/479686526589755_0,westwood,crops/westwood/479686526589755_0.jpg,479686526589755,2018-11-30T16:53:39.548000+00:00,2018,34.049472230805,-118.43737685376,74.211364746094,False,lvl5,https://www.mapillary.com/app/?pKey=479686526589755,CC BY-SA 4.0,1,88,7,unknown,,0.0
westwood/490325392088061_0,westwood,crops/westwood/490325392088061_0.jpg,490325392088061,2018-11-30T16:45:10.872000+00:00,2018,34.045472208824,-118.45194451009,65.974067687988,False,lvl5,https://www.mapillary.com/app/?pKey=490325392088061,CC BY-SA 4.0,1,88,7,unknown,,0.0
westwood/356747222668194_0,westwood,crops/westwood/356747222668194_0.jpg,356747222668194,2018-06-26T19:46:45.124000+00:00,2018,34.059058542063,-118.44253440049,294.64105224609,False,lvl5,https://www.mapillary.com/app/?pKey=356747222668194,CC BY-SA 4.0,1,87,6,unknown,,0.0
westwood/168154431815795_0,westwood,crops/westwood/168154431815795_0.jpg,168154431815795,2018-11-30T16:46:27.885000+00:00,2018,34.04620424956,-118.44930294351,70.567123413086,False,lvl5,https://www.mapillary.com/app/?pKey=168154431815795,CC BY-SA 4.0,1,87,3,unknown,,0.0
westwood/770108323878463_0,westwood,crops/westwood/770108323878463_0.jpg,770108323878463,2017-06-14T09:53:47+00:00,2017,34.049843055556,-118.43660138889,71.385639821441,False,mly_la,https://www.mapillary.com/app/?pKey=770108323878463,CC BY-SA 4.0,1,87,1,unknown,,0.0
westwood/137652921743035_0,westwood,crops/westwood/137652921743035_0.jpg,137652921743035,2018-07-22T18:35:25.756000+00:00,2018,34.048306910833,-118.4424800277,251.71875,False,lvl5,https://www.mapillary.com/app/?pKey=137652921743035,CC BY-SA 4.0,1,86,1,unknown,,0.0
westwood/837851573780324_2,westwood,crops/westwood/837851573780324_2.jpg,837851573780324,2018-07-30T22:05:13.248000+00:00,2018,34.057880165924,-118.44746173543,254.1796875,False,lvl5,https://www.mapillary.com/app/?pKey=837851573780324,CC BY-SA 4.0,2,85,1,unknown,,0.0
westwood/483143372936287_1,westwood,crops/westwood/483143372936287_1.jpg,483143372936287,2018-07-30T19:26:53.220000+00:00,2018,34.06372488895,-118.445324495,0.54832029342651,False,lvl5,https://www.mapillary.com/app/?pKey=483143372936287,CC BY-SA 4.0,2,85,1,unknown,,0.0
westwood/185561630101802_0,westwood,crops/westwood/185561630101802_0.jpg,185561630101802,2018-11-30T16:54:00.563000+00:00,2018,34.050131037709,-118.43515661903,70.818786621094,False,lvl5,https://www.mapillary.com/app/?pKey=185561630101802,CC BY-SA 4.0,1,85,7,unknown,,0.0
westwood/694776227905676_0,westwood,crops/westwood/694776227905676_0.jpg,694776227905676,2018-11-30T16:45:00.329000+00:00,2018,34.045232347833,-118.45268668555,64.165267944336,False,lvl5,https://www.mapillary.com/app/?pKey=694776227905676,CC BY-SA 4.0,1,85,7,unknown,,0.0
westwood/455462322418143_0,westwood,crops/westwood/455462322418143_0.jpg,455462322418143,2018-11-30T16:46:02.616000+00:00,2018,34.045926466172,-118.45030386794,69.526466369629,False,lvl5,https://www.mapillary.com/app/?pKey=455462322418143,CC BY-SA 4.0,1,85,9,unknown,,0.0
westwood/211289894301065_0,westwood,crops/westwood/211289894301065_0.jpg,211289894301065,2018-07-11T18:31:08.585000+00:00,2018,34.057605450384,-118.44426979794,36.731357574463,False,lvl5,https://www.mapillary.com/app/?pKey=211289894301065,CC BY-SA 4.0,1,85,1,unknown,,0.0
westwood/164212749064216_0,westwood,crops/westwood/164212749064216_0.jpg,164212749064216,2018-07-11T18:29:49.885000+00:00,2018,34.057201043422,-118.44931221241,63.743808746338,False,lvl5,https://www.mapillary.com/app/?pKey=164212749064216,CC BY-SA 4.0,1,85,1,unknown,,0.0
westwood/140558814766467_0,westwood,crops/westwood/140558814766467_0.jpg,140558814766467,2018-11-30T16:52:43.967000+00:00,2018,34.048867387343,-118.43937518266,72.638832092285,False,lvl5,https://www.mapillary.com/app/?pKey=140558814766467,CC BY-SA 4.0,1,84,7,unknown,,0.0
westwood/298598771809519_2,westwood,crops/westwood/298598771809519_2.jpg,298598771809519,2018-07-30T19:26:29.234000+00:00,2018,34.06332899182,-118.44532150711,0.80711561441422,False,lvl5,https://www.mapillary.com/app/?pKey=298598771809519,CC BY-SA 4.0,2,83,1,unknown,,0.0
westwood/475455377051846_1,westwood,crops/westwood/475455377051846_1.jpg,475455377051846,2018-07-30T19:26:30.935000+00:00,2018,34.06335879376,-118.44533604733,335.4875793457,False,lvl5,https://www.mapillary.com/app/?pKey=475455377051846,CC BY-SA 4.0,1,83,3,unknown,,0.0
westwood/745460432795137_1,westwood,crops/westwood/745460432795137_1.jpg,745460432795137,2018-11-30T16:52:41.164000+00:00,2018,34.048819497333,-118.4396476622,91.075355529785,False,lvl5,https://www.mapillary.com/app/?pKey=745460432795137,CC BY-SA 4.0,1,82,7,unknown,,0.0
westwood/2926557047598986_0,westwood,crops/westwood/2926557047598986_0.jpg,2926557047598986,2018-07-11T18:32:26.055000+00:00,2018,34.057683440908,-118.44001590945,36.1106300354,False,lvl5,https://www.mapillary.com/app/?pKey=2926557047598986,CC BY-SA 4.0,1,82,1,unknown,,0.0
westwood/954991051903070_1,westwood,crops/westwood/954991051903070_1.jpg,954991051903070,2018-07-30T22:05:39.703000+00:00,2018,34.057335037128,-118.44954475778,242.890625,False,lvl5,https://www.mapillary.com/app/?pKey=954991051903070,CC BY-SA 4.0,2,81,1,unknown,,0.0
westwood/292898025819500_0,westwood,crops/westwood/292898025819500_0.jpg,292898025819500,2018-07-22T18:35:49.550000+00:00,2018,34.047676624121,-118.44467227564,248.90625,False,lvl5,https://www.mapillary.com/app/?pKey=292898025819500,CC BY-SA 4.0,2,81,1,unknown,,0.0
westwood/230759995049472_0,westwood,crops/westwood/230759995049472_0.jpg,230759995049472,2018-07-30T22:03:00.831000+00:00,2018,34.060941842901,-118.44548592735,188.7890625,False,lvl5,https://www.mapillary.com/app/?pKey=230759995049472,CC BY-SA 4.0,2,81,1,unknown,,0.0
westwood/2001812479974949_0,westwood,crops/westwood/2001812479974949_0.jpg,2001812479974949,2018-07-11T18:34:02.827000+00:00,2018,34.060558305374,-118.43555907687,358.07220458984,False,lvl5,https://www.mapillary.com/app/?pKey=2001812479974949,CC BY-SA 4.0,1,81,1,unknown,,0.0
westwood/247893370461727_0,westwood,crops/westwood/247893370461727_0.jpg,247893370461727,2018-07-30T19:22:43.298000+00:00,2018,34.057558248522,-118.4481029097,70.207489013672,False,lvl5,https://www.mapillary.com/app/?pKey=247893370461727,CC BY-SA 4.0,1,81,1,unknown,,0.0
westwood/395108678222520_0,westwood,crops/westwood/395108678222520_0.jpg,395108678222520,2018-07-30T19:24:51.144000+00:00,2018,34.058958578088,-118.44406638345,349.79019165039,False,lvl5,https://www.mapillary.com/app/?pKey=395108678222520,CC BY-SA 4.0,1,80,4,unknown,,0.0
westwood/562769885127938_1,westwood,crops/westwood/562769885127938_1.jpg,562769885127938,2018-07-30T19:26:19.092000+00:00,2018,34.062499312401,-118.44535102993,55.166389465332,False,lvl5,https://www.mapillary.com/app/?pKey=562769885127938,CC BY-SA 4.0,1,80,1,unknown,,0.0
westwood/2744537755857805_1,westwood,crops/westwood/2744537755857805_1.jpg,2744537755857805,2018-07-30T19:22:43.831000+00:00,2018,34.057567497599,-118.44806653893,70.020080566406,False,lvl5,https://www.mapillary.com/app/?pKey=2744537755857805,CC BY-SA 4.0,1,80,1,unknown,,0.0
westwood/168154431815795_1,westwood,crops/westwood/168154431815795_1.jpg,168154431815795,2018-11-30T16:46:27.885000+00:00,2018,34.04620424956,-118.44930294351,70.567123413086,False,lvl5,https://www.mapillary.com/app/?pKey=168154431815795,CC BY-SA 4.0,2,80,3,unknown,,0.0
westwood/1270584603422206_0,westwood,crops/westwood/1270584603422206_0.jpg,1270584603422206,2018-11-30T16:51:59.609000+00:00,2018,34.047790130612,-118.44384075246,69.896194458008,False,lvl5,https://www.mapillary.com/app/?pKey=1270584603422206,CC BY-SA 4.0,1,80,3,unknown,,0.0
westwood/316843079818196_1,westwood,crops/westwood/316843079818196_1.jpg,316843079818196,2018-08-10T02:09:32.102000+00:00,2018,34.058132071362,-118.44789306755,331.5234375,False,lvl5,https://www.mapillary.com/app/?pKey=316843079818196,CC BY-SA 4.0,1,80,1,unknown,,0.0
westwood/528359194997638_0,westwood,crops/westwood/528359194997638_0.jpg,528359194997638,2017-06-14T09:53:15+00:00,2017,34.050128055556,-118.43564805556,161.63872949396,False,mly_la,https://www.mapillary.com/app/?pKey=528359194997638,CC BY-SA 4.0,1,80,1,unknown,,0.0
westwood/381327549855489_0,westwood,crops/westwood/381327549855489_0.jpg,381327549855489,2018-07-22T18:35:27.919000+00:00,2018,34.048263721078,-118.44262021696,251.39561462402,False,lvl5,https://www.mapillary.com/app/?pKey=381327549855489,CC BY-SA 4.0,1,80,1,unknown,,0.0
westwood/486211459163704_1,westwood,crops/westwood/486211459163704_1.jpg,486211459163704,2018-11-30T16:45:30.987000+00:00,2018,34.045680384517,-118.45113883223,72.484504699707,False,lvl5,https://www.mapillary.com/app/?pKey=486211459163704,CC BY-SA 4.0,1,79,7,unknown,,0.0
westwood/2923870991212588_0,westwood,crops/westwood/2923870991212588_0.jpg,2923870991212588,2018-07-30T19:22:50.203000+00:00,2018,34.057706302651,-118.44759514868,71.862030029297,False,lvl5,https://www.mapillary.com/app/?pKey=2923870991212588,CC BY-SA 4.0,1,79,1,unknown,,0.0
westwood/782846442619900_1,westwood,crops/westwood/782846442619900_1.jpg,782846442619900,2018-11-30T16:45:11.537000+00:00,2018,34.045498958038,-118.45186389233,68.315032958984,False,lvl5,https://www.mapillary.com/app/?pKey=782846442619900,CC BY-SA 4.0,2,78,7,unknown,,0.0
westwood/2822623444621291_0,westwood,crops/westwood/2822623444621291_0.jpg,2822623444621291,2018-11-30T16:45:24.066000+00:00,2018,34.045683378936,-118.45127223069,72.123748779297,False,lvl5,https://www.mapillary.com/app/?pKey=2822623444621291,CC BY-SA 4.0,1,77,7,unknown,,0.0
westwood/791184278200704_0,westwood,crops/westwood/791184278200704_0.jpg,791184278200704,2018-11-30T16:44:57.960000+00:00,2018,34.045142444656,-118.45289220591,62.386817932129,False,lvl5,https://www.mapillary.com/app/?pKey=791184278200704,CC BY-SA 4.0,1,77,7,unknown,,0.0
westwood/328425458790938_0,westwood,crops/westwood/328425458790938_0.jpg,328425458790938,2017-06-14T09:53:20+00:00,2017,34.050075,-118.43588805556,68.232831286192,False,mly_la,https://www.mapillary.com/app/?pKey=328425458790938,CC BY-SA 4.0,1,77,1,unknown,,0.0
westwood/156661339758927_0,westwood,crops/westwood/156661339758927_0.jpg,156661339758927,2018-07-30T22:03:17.175000+00:00,2018,34.059966408821,-118.44502925556,150.90116882324,False,lvl5,https://www.mapillary.com/app/?pKey=156661339758927,CC BY-SA 4.0,1,77,1,unknown,,0.0
westwood/214609540151208_0,westwood,crops/westwood/214609540151208_0.jpg,214609540151208,2017-06-14T09:54:08+00:00,2017,34.04815,-118.43551,53.161176428049,False,mly_la,https://www.mapillary.com/app/?pKey=214609540151208,CC BY-SA 4.0,1,77,1,unknown,,0.0
westwood/1109670532875820_0,westwood,crops/westwood/1109670532875820_0.jpg,1109670532875820,2018-11-30T16:53:54.064000+00:00,2018,34.049865717042,-118.43615299871,71.157012939453,False,lvl5,https://www.mapillary.com/app/?pKey=1109670532875820,CC BY-SA 4.0,1,76,7,unknown,,0.0
westwood/745460432795137_0,westwood,crops/westwood/745460432795137_0.jpg,745460432795137,2018-11-30T16:52:41.164000+00:00,2018,34.048819497333,-118.4396476622,91.075355529785,False,lvl5,https://www.mapillary.com/app/?pKey=745460432795137,CC BY-SA 4.0,1,76,7,unknown,,0.0
westwood/1418179358540418_1,westwood,crops/westwood/1418179358540418_1.jpg,1418179358540418,2018-07-30T19:24:52.547000+00:00,2018,34.059025774081,-118.44410505497,336.37246704102,False,lvl5,https://www.mapillary.com/app/?pKey=1418179358540418,CC BY-SA 4.0,2,75,1,unknown,,0.0
westwood/211918250746749_0,westwood,crops/westwood/211918250746749_0.jpg,211918250746749,2018-07-30T19:27:04.968000+00:00,2018,34.064694976713,-118.44535468681,1.7578125,False,lvl5,https://www.mapillary.com/app/?pKey=211918250746749,CC BY-SA 4.0,1,75,2,unknown,,0.0
westwood/1712768478909735_1,westwood,crops/westwood/1712768478909735_1.jpg,1712768478909735,2018-11-30T16:45:33.495000+00:00,2018,34.045684325358,-118.45110641125,72.484504699707,False,lvl5,https://www.mapillary.com/app/?pKey=1712768478909735,CC BY-SA 4.0,1,74,7,unknown,,0.0
westwood/1019798405222232_1,westwood,crops/westwood/1019798405222232_1.jpg,1019798405222232,2018-11-30T16:51:48.049000+00:00,2018,34.047516745579,-118.44481675587,71.59676361084,False,lvl5,https://www.mapillary.com/app/?pKey=1019798405222232,CC BY-SA 4.0,1,74,3,unknown,,0.0
westwood/301766431568944_0,westwood,crops/westwood/301766431568944_0.jpg,301766431568944,2019-02-16T16:52:45.924000+00:00,2019,34.045906220458,-118.45027246891,70.927825927734,False,lvl5,https://www.mapillary.com/app/?pKey=301766431568944,CC BY-SA 4.0,1,74,1,unknown,,0.0
westwood/154268956555636_1,westwood,crops/westwood/154268956555636_1.jpg,154268956555636,2017-06-14T09:54:07+00:00,2017,34.048225,-118.435595,143.16120075152,False,mly_la,https://www.mapillary.com/app/?pKey=154268956555636,CC BY-SA 4.0,1,74,1,unknown,,0.0
westwood/331480658329973_0,westwood,crops/westwood/331480658329973_0.jpg,331480658329973,2019-02-16T16:52:38.966000+00:00,2019,34.045747172476,-118.45090797535,71.644554138184,False,lvl5,https://www.mapillary.com/app/?pKey=331480658329973,CC BY-SA 4.0,1,74,1,unknown,,0.0
westwood/2315780355219985_0,westwood,crops/westwood/2315780355219985_0.jpg,2315780355219985,2018-07-11T18:33:39.119000+00:00,2018,34.058914436141,-118.43516903268,70.441047668457,False,lvl5,https://www.mapillary.com/app/?pKey=2315780355219985,CC BY-SA 4.0,1,73,2,unknown,,0.0
westwood/202478601691451_1,westwood,crops/westwood/202478601691451_1.jpg,202478601691451,2018-11-30T16:45:11.270000+00:00,2018,34.045487290673,-118.45189886094,67.150810241699,False,lvl5,https://www.mapillary.com/app/?pKey=202478601691451,CC BY-SA 4.0,1,73,7,unknown,,0.0
westwood/326101569044809_0,westwood,crops/westwood/326101569044809_0.jpg,326101569044809,2017-06-14T09:54:17+00:00,2017,34.047543055556,-118.435,323.9139660851,False,mly_la,https://www.mapillary.com/app/?pKey=326101569044809,CC BY-SA 4.0,1,73,1,unknown,,0.0
westwood/2913010302272189_0,westwood,crops/westwood/2913010302272189_0.jpg,2913010302272189,2018-06-26T19:46:44.264000+00:00,2018,34.059053855357,-118.44259556809,261.19424438477,False,lvl5,https://www.mapillary.com/app/?pKey=2913010302272189,CC BY-SA 4.0,1,73,6,unknown,,0.0
westwood/154093843276461_0,westwood,crops/westwood/154093843276461_0.jpg,154093843276461,2018-11-30T16:52:02.745000+00:00,2018,34.047939374893,-118.4434036758,68.966377258301,False,lvl5,https://www.mapillary.com/app/?pKey=154093843276461,CC BY-SA 4.0,1,73,3,unknown,,0.0
westwood/317472179751030_1,westwood,crops/westwood/317472179751030_1.jpg,317472179751030,2018-11-30T16:45:13.005000+00:00,2018,34.045545194688,-118.45169000579,70.349334716797,False,lvl5,https://www.mapillary.com/app/?pKey=317472179751030,CC BY-SA 4.0,1,73,7,unknown,,0.0
westwood/1397270580633446_0,westwood,crops/westwood/1397270580633446_0.jpg,1397270580633446,2018-11-30T16:53:46.323000+00:00,2018,34.049596638133,-118.43705911086,75.23087310791,False,lvl5,https://www.mapillary.com/app/?pKey=1397270580633446,CC BY-SA 4.0,1,72,14,unknown,,0.0
westwood/475455377051846_2,westwood,crops/westwood/475455377051846_2.jpg,475455377051846,2018-07-30T19:26:30.935000+00:00,2018,34.06335879376,-118.44533604733,335.4875793457,False,lvl5,https://www.mapillary.com/app/?pKey=475455377051846,CC BY-SA 4.0,1,72,1,unknown,,0.0
westwood/1146160862514465_0,westwood,crops/westwood/1146160862514465_0.jpg,1146160862514465,2018-07-30T22:05:12.447000+00:00,2018,34.057894255459,-118.44737448914,253.79116821289,False,lvl5,https://www.mapillary.com/app/?pKey=1146160862514465,CC BY-SA 4.0,1,72,1,unknown,,0.0
westwood/247896597117765_1,westwood,crops/westwood/247896597117765_1.jpg,247896597117765,2018-11-30T16:45:29.257000+00:00,2018,34.045676961991,-118.45117219476,72.197128295898,False,lvl5,https://www.mapillary.com/app/?pKey=247896597117765,CC BY-SA 4.0,1,71,21,unknown,,0.0
westwood/695184098107709_0,westwood,crops/westwood/695184098107709_0.jpg,695184098107709,2018-07-11T18:30:14.705000+00:00,2018,34.057588397878,-118.44788158626,72.525291442871,False,lvl5,https://www.mapillary.com/app/?pKey=695184098107709,CC BY-SA 4.0,1,71,1,unknown,,0.0
westwood/204527008170160_0,westwood,crops/westwood/204527008170160_0.jpg,204527008170160,2018-07-30T19:26:28.331000+00:00,2018,34.063297985578,-118.44531965892,0.819604575634,False,lvl5,https://www.mapillary.com/app/?pKey=204527008170160,CC BY-SA 4.0,1,71,1,unknown,,0.0
westwood/808176316468596_0,westwood,crops/westwood/808176316468596_0.jpg,808176316468596,2018-07-22T18:34:10.585000+00:00,2018,34.04999986629,-118.43634269212,251.86444091797,False,lvl5,https://www.mapillary.com/app/?pKey=808176316468596,CC BY-SA 4.0,1,71,1,unknown,,0.0
westwood/361835308731995_0,westwood,crops/westwood/361835308731995_0.jpg,361835308731995,2018-07-11T18:33:32.486000+00:00,2018,34.058859028035,-118.43536989977,76.640625,False,lvl5,https://www.mapillary.com/app/?pKey=361835308731995,CC BY-SA 4.0,2,71,3,unknown,,0.0
westwood/2744537755857805_0,westwood,crops/westwood/2744537755857805_0.jpg,2744537755857805,2018-07-30T19:22:43.831000+00:00,2018,34.057567497599,-118.44806653893,70.020080566406,False,lvl5,https://www.mapillary.com/app/?pKey=2744537755857805,CC BY-SA 4.0,1,71,1,unknown,,0.0
westwood/507446230655054_0,westwood,crops/westwood/507446230655054_0.jpg,507446230655054,2018-07-11T18:31:11.688000+00:00,2018,34.057714600112,-118.44392584111,22.987203598022,False,lvl5,https://www.mapillary.com/app/?pKey=507446230655054,CC BY-SA 4.0,1,71,1,unknown,,0.0
westwood/323278662485012_0,westwood,crops/westwood/323278662485012_0.jpg,323278662485012,2018-07-22T18:35:28.417000+00:00,2018,34.048253375427,-118.44265464656,251.07360839844,False,lvl5,https://www.mapillary.com/app/?pKey=323278662485012,CC BY-SA 4.0,1,71,1,unknown,,0.0
westwood/836261357018035_1,westwood,crops/westwood/836261357018035_1.jpg,836261357018035,2018-06-26T19:40:27.440000+00:00,2018,34.049837901605,-118.436936614,318.31875610352,False,lvl5,https://www.mapillary.com/app/?pKey=836261357018035,CC BY-SA 4.0,1,71,1,unknown,,0.0
westwood/4270796889598446_0,westwood,crops/westwood/4270796889598446_0.jpg,4270796889598446,2018-11-30T16:52:36.791000+00:00,2018,34.048747637199,-118.44011895342,73.300033569336,False,lvl5,https://www.mapillary.com/app/?pKey=4270796889598446,CC BY-SA 4.0,1,70,14,unknown,,0.0
westwood/247896597117765_2,westwood,crops/westwood/247896597117765_2.jpg,247896597117765,2018-11-30T16:45:29.257000+00:00,2018,34.045676961991,-118.45117219476,72.197128295898,False,lvl5,https://www.mapillary.com/app/?pKey=247896597117765,CC BY-SA 4.0,1,70,7,unknown,,0.0
westwood/474524803805826_0,westwood,crops/westwood/474524803805826_0.jpg,474524803805826,2019-02-16T16:52:38.006000+00:00,2019,34.045717731193,-118.45101459945,71.644554138184,False,lvl5,https://www.mapillary.com/app/?pKey=474524803805826,CC BY-SA 4.0,1,70,1,unknown,,0.0
westwood/774454823433873_0,westwood,crops/westwood/774454823433873_0.jpg,774454823433873,2019-02-16T16:52:41.925000+00:00,2019,34.045827569167,-118.4505985826,70.951530456543,False,lvl5,https://www.mapillary.com/app/?pKey=774454823433873,CC BY-SA 4.0,1,70,1,unknown,,0.0
westwood/512290476613747_1,westwood,crops/westwood/512290476613747_1.jpg,512290476613747,2018-07-30T22:02:17.391000+00:00,2018,34.062941700671,-118.44540656414,186.17594909668,False,lvl5,https://www.mapillary.com/app/?pKey=512290476613747,CC BY-SA 4.0,1,70,1,unknown,,0.0
westwood/3962346593845610_0,westwood,crops/westwood/3962346593845610_0.jpg,3962346593845610,2017-06-14T09:54:07+00:00,2017,34.048236388889,-118.43558638889,53.771399036245,False,mly_la,https://www.mapillary.com/app/?pKey=3962346593845610,CC BY-SA 4.0,1,69,1,unknown,,0.0
westwood/2601194220175088_0,westwood,crops/westwood/2601194220175088_0.jpg,2601194220175088,2018-11-30T16:45:10.071000+00:00,2018,34.045451755546,-118.45200859031,65.974067687988,False,lvl5,https://www.mapillary.com/app/?pKey=2601194220175088,CC BY-SA 4.0,1,69,7,unknown,,0.0
westwood/590929381872393_0,westwood,crops/westwood/590929381872393_0.jpg,590929381872393,2018-11-30T16:46:27.084000+00:00,2018,34.046193842947,-118.44934067587,70.567123413086,False,lvl5,https://www.mapillary.com/app/?pKey=590929381872393,CC BY-SA 4.0,1,69,3,unknown,,0.0
westwood/318913596294083_0,westwood,crops/westwood/318913596294083_0.jpg,318913596294083,2018-11-30T16:52:40.363000+00:00,2018,34.048816752822,-118.43972871184,79.163902282715,False,lvl5,https://www.mapillary.com/app/?pKey=318913596294083,CC BY-SA 4.0,1,68,7,unknown,,0.0
westwood/836097726996186_1,westwood,crops/westwood/836097726996186_1.jpg,836097726996186,2019-02-16T16:52:52.804000+00:00,2019,34.046076923903,-118.44963609139,71.956451416016,False,lvl5,https://www.mapillary.com/app/?pKey=836097726996186,CC BY-SA 4.0,1,68,1,unknown,,0.0
westwood/514441716257716_0,westwood,crops/westwood/514441716257716_0.jpg,514441716257716,2018-11-30T16:44:57.560000+00:00,2018,34.045132654759,-118.45292848218,62.439025878906,False,lvl5,https://www.mapillary.com/app/?pKey=514441716257716,CC BY-SA 4.0,1,68,7,unknown,,0.0
westwood/771626913503909_2,westwood,crops/westwood/771626913503909_2.jpg,771626913503909,2018-11-30T16:45:27.849000+00:00,2018,34.045674860845,-118.45120479142,71.829833984375,False,lvl5,https://www.mapillary.com/app/?pKey=771626913503909,CC BY-SA 4.0,1,68,7,unknown,,0.0
westwood/155084959915335_0,westwood,crops/westwood/155084959915335_0.jpg,155084959915335,2018-07-30T19:21:44.144000+00:00,2018,34.057168622267,-118.44935951856,57.65625,False,lvl5,https://www.mapillary.com/app/?pKey=155084959915335,CC BY-SA 4.0,1,68,1,unknown,,0.0
westwood/2911867912464650_0,westwood,crops/westwood/2911867912464650_0.jpg,2911867912464650,2018-07-30T22:03:16.775000+00:00,2018,34.05999371297,-118.44504765782,149.75799560547,False,lvl5,https://www.mapillary.com/app/?pKey=2911867912464650,CC BY-SA 4.0,1,67,1,unknown,,0.0
westwood/2601194220175088_1,westwood,crops/westwood/2601194220175088_1.jpg,2601194220175088,2018-11-30T16:45:10.071000+00:00,2018,34.045451755546,-118.45200859031,65.974067687988,False,lvl5,https://www.mapillary.com/app/?pKey=2601194220175088,CC BY-SA 4.0,1,67,6,unknown,,0.0
westwood/817261915874039_1,westwood,crops/westwood/817261915874039_1.jpg,817261915874039,2018-11-30T16:45:10.071000+00:00,2018,34.045451755546,-118.45200859031,65.974067687988,False,lvl5,https://www.mapillary.com/app/?pKey=817261915874039,CC BY-SA 4.0,1,67,1,unknown,,0.0
westwood/225442678997292_1,westwood,crops/westwood/225442678997292_1.jpg,225442678997292,2018-11-30T16:46:26.184000+00:00,2018,34.046182938158,-118.44938670873,70.567123413086,False,lvl5,https://www.mapillary.com/app/?pKey=225442678997292,CC BY-SA 4.0,1,67,3,unknown,,0.0
westwood/535903484451257_0,westwood,crops/westwood/535903484451257_0.jpg,535903484451257,2018-07-22T18:35:45.607000+00:00,2018,34.047780677308,-118.44436736616,251.6431427002,False,lvl5,https://www.mapillary.com/app/?pKey=535903484451257,CC BY-SA 4.0,1,66,1,unknown,,0.0
westwood/212080777556058_1,westwood,crops/westwood/212080777556058_1.jpg,212080777556058,2018-07-11T18:30:32.923000+00:00,2018,34.056977655686,-118.44699910577,123.52625274658,False,lvl5,https://www.mapillary.com/app/?pKey=212080777556058,CC BY-SA 4.0,1,66,1,unknown,,0.0
westwood/493312955317651_0,westwood,crops/westwood/493312955317651_0.jpg,493312955317651,2017-06-14T09:53:57+00:00,2017,34.049038055556,-118.43631805556,233.06264290071,False,mly_la,https://www.mapillary.com/app/?pKey=493312955317651,CC BY-SA 4.0,1,65,1,unknown,,0.0
westwood/1184489942043316_0,westwood,crops/westwood/1184489942043316_0.jpg,1184489942043316,2018-07-11T18:32:34.303000+00:00,2018,34.057862582818,-118.43945695131,66.605125427246,False,lvl5,https://www.mapillary.com/app/?pKey=1184489942043316,CC BY-SA 4.0,1,65,2,unknown,,0.0
westwood/330189241839902_1,westwood,crops/westwood/330189241839902_1.jpg,330189241839902,2018-11-30T16:52:43.570000+00:00,2018,34.048854586192,-118.43941210458,75.152366638184,False,lvl5,https://www.mapillary.com/app/?pKey=330189241839902,CC BY-SA 4.0,1,65,7,unknown,,0.0
westwood/945186562690362_0,westwood,crops/westwood/945186562690362_0.jpg,945186562690362,2018-07-22T18:34:16.559000+00:00,2018,34.049832699107,-118.43694733412,250.77751159668,False,lvl5,https://www.mapillary.com/app/?pKey=945186562690362,CC BY-SA 4.0,1,65,1,unknown,,0.0
westwood/263851608860115_0,westwood,crops/westwood/263851608860115_0.jpg,263851608860115,2019-02-16T16:52:45.444000+00:00,2019,34.045894433781,-118.45030945815,70.780731201172,False,lvl5,https://www.mapillary.com/app/?pKey=263851608860115,CC BY-SA 4.0,1,65,1,unknown,,0.0
westwood/782346269318870_0,westwood,crops/westwood/782346269318870_0.jpg,782346269318870,2018-11-30T16:53:51.925000+00:00,2018,34.049767746199,-118.43643435397,72.787971496582,False,lvl5,https://www.mapillary.com/app/?pKey=782346269318870,CC BY-SA 4.0,1,64,7,unknown,,0.0
westwood/298295321942870_0,westwood,crops/westwood/298295321942870_0.jpg,298295321942870,2018-07-13T22:41:37.899000+00:00,2018,34.04510338626,-118.45296781696,62.593635559082,False,lvl5,https://www.mapillary.com/app/?pKey=298295321942870,CC BY-SA 4.0,1,64,1,unknown,,0.0
westwood/786355935604259_0,westwood,crops/westwood/786355935604259_0.jpg,786355935604259,2018-11-30T16:52:35.636000+00:00,2018,34.048718949441,-118.44025929482,73.300033569336,False,lvl5,https://www.mapillary.com/app/?pKey=786355935604259,CC BY-SA 4.0,1,64,7,unknown,,0.0
westwood/177238747530171_0,westwood,crops/westwood/177238747530171_0.jpg,177238747530171,2018-11-30T16:52:50.368000+00:00,2018,34.049048723549,-118.43876646884,68.871879577637,False,lvl5,https://www.mapillary.com/app/?pKey=177238747530171,CC BY-SA 4.0,1,64,7,unknown,,0.0
westwood/996523234488793_1,westwood,crops/westwood/996523234488793_1.jpg,996523234488793,2018-07-30T19:26:27.536000+00:00,2018,34.063265633649,-118.44531618706,0.703125,False,lvl5,https://www.mapillary.com/app/?pKey=996523234488793,CC BY-SA 4.0,1,64,1,unknown,,0.0
westwood/2940598002874972_0,westwood,crops/westwood/2940598002874972_0.jpg,2940598002874972,2019-02-16T16:52:41.605000+00:00,2019,34.045819476444,-118.45063091327,71.066429138184,False,lvl5,https://www.mapillary.com/app/?pKey=2940598002874972,CC BY-SA 4.0,1,64,1,unknown,,0.0
westwood/368456131660576_0,westwood,crops/westwood/368456131660576_0.jpg,368456131660576,2018-07-11T18:29:49.222000+00:00,2018,34.057186020154,-118.44935778299,62.343536376953,False,lvl5,https://www.mapillary.com/app/?pKey=368456131660576,CC BY-SA 4.0,1,64,1,unknown,,0.0
westwood/229310138962177_0,westwood,crops/westwood/229310138962177_0.jpg,229310138962177,2017-11-02T20:23:15.835000+00:00,2017,34.064685683259,-118.44082006514,12.3046875,False,lvl5,https://www.mapillary.com/app/?pKey=229310138962177,CC BY-SA 4.0,1,64,1,unknown,,0.0
westwood/4111894822203072_0,westwood,crops/westwood/4111894822203072_0.jpg,4111894822203072,2017-11-02T20:22:25.998000+00:00,2017,34.063786010468,-118.4421813891,69.595611572266,False,lvl5,https://www.mapillary.com/app/?pKey=4111894822203072,CC BY-SA 4.0,1,64,1,unknown,,0.0
westwood/504307460763280_0,westwood,crops/westwood/504307460763280_0.jpg,504307460763280,2018-07-22T18:34:40.742000+00:00,2018,34.049222435082,-118.43916724035,251.62829589844,False,lvl5,https://www.mapillary.com/app/?pKey=504307460763280,CC BY-SA 4.0,1,64,1,unknown,,0.0
westwood/386141912608923_0,westwood,crops/westwood/386141912608923_0.jpg,386141912608923,2018-11-30T16:53:06.036000+00:00,2018,34.049417002783,-118.43758951073,60.6376953125,False,lvl5,https://www.mapillary.com/app/?pKey=386141912608923,CC BY-SA 4.0,1,64,14,unknown,,0.0
westwood/996523234488793_0,westwood,crops/westwood/996523234488793_0.jpg,996523234488793,2018-07-30T19:26:27.536000+00:00,2018,34.063265633649,-118.44531618706,0.703125,False,lvl5,https://www.mapillary.com/app/?pKey=996523234488793,CC BY-SA 4.0,1,64,1,unknown,,0.0
westwood/571230774015680_0,westwood,crops/westwood/571230774015680_0.jpg,571230774015680,2018-07-11T18:32:59.588000+00:00,2018,34.058365718988,-118.43768240424,72.0703125,False,lvl5,https://www.mapillary.com/app/?pKey=571230774015680,CC BY-SA 4.0,2,63,1,unknown,,0.0
westwood/795741151073561_0,westwood,crops/westwood/795741151073561_0.jpg,795741151073561,2018-11-30T16:52:06.744000+00:00,2018,34.04806761092,-118.44284342761,70.539535522461,False,lvl5,https://www.mapillary.com/app/?pKey=795741151073561,CC BY-SA 4.0,1,63,3,unknown,,0.0
westwood/491989228891882_0,westwood,crops/westwood/491989228891882_0.jpg,491989228891882,2018-11-30T16:53:53.727000+00:00,2018,34.049851133882,-118.43620071552,71.157012939453,False,lvl5,https://www.mapillary.com/app/?pKey=491989228891882,CC BY-SA 4.0,1,63,7,unknown,,0.0
westwood/135751791835909_0,westwood,crops/westwood/135751791835909_0.jpg,135751791835909,2018-07-30T22:05:35.866000+00:00,2018,34.057409249033,-118.44931378082,245.7421875,False,lvl5,https://www.mapillary.com/app/?pKey=135751791835909,CC BY-SA 4.0,1,63,1,unknown,,0.0
westwood/2881052758817145_0,westwood,crops/westwood/2881052758817145_0.jpg,2881052758817145,2018-11-30T16:52:51.570000+00:00,2018,34.049084433711,-118.43865877914,68.203125,False,lvl5,https://www.mapillary.com/app/?pKey=2881052758817145,CC BY-SA 4.0,1,63,7,unknown,,0.0
westwood/141576111213996_0,westwood,crops/westwood/141576111213996_0.jpg,141576111213996,2017-06-14T09:53:49+00:00,2017,34.049791388889,-118.43676138889,54.335606507911,False,mly_la,https://www.mapillary.com/app/?pKey=141576111213996,CC BY-SA 4.0,1,63,1,unknown,,0.0
westwood/198648148989069_1,westwood,crops/westwood/198648148989069_1.jpg,198648148989069,2018-07-11T18:30:16.573000+00:00,2018,34.05760305587,-118.4477986714,78.762893676758,False,lvl5,https://www.mapillary.com/app/?pKey=198648148989069,CC BY-SA 4.0,1,63,4,unknown,,0.0
westwood/500741721172178_0,westwood,crops/westwood/500741721172178_0.jpg,500741721172178,2018-11-30T16:51:56.545000+00:00,2018,34.047669147148,-118.44423419219,71.116584777832,False,lvl5,https://www.mapillary.com/app/?pKey=500741721172178,CC BY-SA 4.0,1,62,3,unknown,,0.0
westwood/384655579495650_0,westwood,crops/westwood/384655579495650_0.jpg,384655579495650,2018-08-10T02:09:27.071000+00:00,2018,34.057775896522,-118.44783476628,43.656230926514,False,lvl5,https://www.mapillary.com/app/?pKey=384655579495650,CC BY-SA 4.0,1,62,1,unknown,,0.0
westwood/512184666632752_1,westwood,crops/westwood/512184666632752_1.jpg,512184666632752,2018-08-10T02:09:31.704000+00:00,2018,34.058102989927,-118.44787447716,331.82733154297,False,lvl5,https://www.mapillary.com/app/?pKey=512184666632752,CC BY-SA 4.0,1,62,1,unknown,,0.0
westwood/839448653633282_0,westwood,crops/westwood/839448653633282_0.jpg,839448653633282,2017-06-14T09:54:09+00:00,2017,34.048063055556,-118.43543138889,53.327552768516,False,mly_la,https://www.mapillary.com/app/?pKey=839448653633282,CC BY-SA 4.0,1,62,1,unknown,,0.0
westwood/247893370461727_1,westwood,crops/westwood/247893370461727_1.jpg,247893370461727,2018-07-30T19:22:43.298000+00:00,2018,34.057558248522,-118.4481029097,70.207489013672,False,lvl5,https://www.mapillary.com/app/?pKey=247893370461727,CC BY-SA 4.0,1,62,1,unknown,,0.0
westwood/365959881778535_0,westwood,crops/westwood/365959881778535_0.jpg,365959881778535,2018-07-11T18:31:10.655000+00:00,2018,34.057678262069,-118.44404035095,27.562896728516,False,lvl5,https://www.mapillary.com/app/?pKey=365959881778535,CC BY-SA 4.0,1,62,1,unknown,,0.0
westwood/366739901580762_0,westwood,crops/westwood/366739901580762_0.jpg,366739901580762,2018-07-11T18:30:42.235000+00:00,2018,34.057010511226,-118.44665395973,91.465606689453,False,lvl5,https://www.mapillary.com/app/?pKey=366739901580762,CC BY-SA 4.0,1,62,1,unknown,,0.0
westwood/4221817814519558_0,westwood,crops/westwood/4221817814519558_0.jpg,4221817814519558,2018-07-22T18:34:19.922000+00:00,2018,34.049719828636,-118.43733455949,250.04243469238,False,lvl5,https://www.mapillary.com/app/?pKey=4221817814519558,CC BY-SA 4.0,1,62,1,unknown,,0.0
westwood/286662166510611_0,westwood,crops/westwood/286662166510611_0.jpg,286662166510611,2018-11-30T16:46:25.083000+00:00,2018,34.046171119534,-118.44942528461,70.567123413086,False,lvl5,https://www.mapillary.com/app/?pKey=286662166510611,CC BY-SA 4.0,1,62,3,unknown,,0.0
westwood/2873538559569525_0,westwood,crops/westwood/2873538559569525_0.jpg,2873538559569525,2017-11-02T20:22:27.001000+00:00,2017,34.063826411613,-118.44204997606,68.898300170898,False,lvl5,https://www.mapillary.com/app/?pKey=2873538559569525,CC BY-SA 4.0,1,62,1,unknown,,0.0
westwood/1105978996559904_0,westwood,crops/westwood/1105978996559904_0.jpg,1105978996559904,2018-11-30T16:45:22.712000+00:00,2018,34.045684419311,-118.45130559972,71.712608337402,False,lvl5,https://www.mapillary.com/app/?pKey=1105978996559904,CC BY-SA 4.0,1,61,7,unknown,,0.0
westwood/280188147159959_0,westwood,crops/westwood/280188147159959_0.jpg,280188147159959,2019-02-16T16:52:38.645000+00:00,2019,34.045737346274,-118.45094356178,71.644554138184,False,lvl5,https://www.mapillary.com/app/?pKey=280188147159959,CC BY-SA 4.0,1,61,1,unknown,,0.0
westwood/2922008238066502_0,westwood,crops/westwood/2922008238066502_0.jpg,2922008238066502,2017-11-02T20:22:11.321000+00:00,2017,34.063668237592,-118.44382181661,88.9453125,False,lvl5,https://www.mapillary.com/app/?pKey=2922008238066502,CC BY-SA 4.0,1,61,1,unknown,,0.0
westwood/178197477430055_0,westwood,crops/westwood/178197477430055_0.jpg,178197477430055,2018-07-22T18:35:23.289000+00:00,2018,34.048364836951,-118.4422794695,251.61685180664,False,lvl5,https://www.mapillary.com/app/?pKey=178197477430055,CC BY-SA 4.0,1,61,1,unknown,,0.0
westwood/287126003117278_1,westwood,crops/westwood/287126003117278_1.jpg,287126003117278,2018-11-30T16:45:48.198000+00:00,2018,34.045713531368,-118.45103189828,68.891830444336,False,lvl5,https://www.mapillary.com/app/?pKey=287126003117278,CC BY-SA 4.0,1,61,7,unknown,,0.0
westwood/289123832699443_2,westwood,crops/westwood/289123832699443_2.jpg,289123832699443,2017-06-14T09:54:12+00:00,2017,34.048064722222,-118.43545138889,324.35830078173,False,mly_la,https://www.mapillary.com/app/?pKey=289123832699443,CC BY-SA 4.0,1,61,1,unknown,,0.0
westwood/4466614086684268_0,westwood,crops/westwood/4466614086684268_0.jpg,4466614086684268,2018-07-30T19:22:39.729000+00:00,2018,34.057481309015,-118.44839049308,69.353057861328,False,lvl5,https://www.mapillary.com/app/?pKey=4466614086684268,CC BY-SA 4.0,1,61,1,unknown,,0.0
westwood/918510085686583_0,westwood,crops/westwood/918510085686583_0.jpg,918510085686583,2018-07-11T18:33:59.380000+00:00,2018,34.06031706711,-118.43556784259,2.2930629253387,False,lvl5,https://www.mapillary.com/app/?pKey=918510085686583,CC BY-SA 4.0,1,61,1,unknown,,0.0
westwood/482948712983433_0,westwood,crops/westwood/482948712983433_0.jpg,482948712983433,2018-11-30T16:52:55.804000+00:00,2018,34.049196877052,-118.43820519727,72.560737609863,False,lvl5,https://www.mapillary.com/app/?pKey=482948712983433,CC BY-SA 4.0,1,60,7,unknown,,0.0
westwood/572342657120310_0,westwood,crops/westwood/572342657120310_0.jpg,572342657120310,2018-07-11T18:32:00.667000+00:00,2018,34.057214508856,-118.44175003236,73.828002929688,False,lvl5,https://www.mapillary.com/app/?pKey=572342657120310,CC BY-SA 4.0,1,60,5,unknown,,0.0
westwood/486211459163704_2,westwood,crops/westwood/486211459163704_2.jpg,486211459163704,2018-11-30T16:45:30.987000+00:00,2018,34.045680384517,-118.45113883223,72.484504699707,False,lvl5,https://www.mapillary.com/app/?pKey=486211459163704,CC BY-SA 4.0,1,60,7,unknown,,0.0
westwood/324877512358851_0,westwood,crops/westwood/324877512358851_0.jpg,324877512358851,2017-06-14T09:53:19+00:00,2017,34.049981388889,-118.43611,154.1551274943,False,mly_la,https://www.mapillary.com/app/?pKey=324877512358851,CC BY-SA 4.0,1,60,1,unknown,,0.0
westwood/1241395836310993_0,westwood,crops/westwood/1241395836310993_0.jpg,1241395836310993,2018-06-26T19:42:44.193000+00:00,2018,34.05728159216,-118.44294015755,334.3359375,False,lvl5,https://www.mapillary.com/app/?pKey=1241395836310993,CC BY-SA 4.0,1,60,2,unknown,,0.0
westwood/366739901580762_1,westwood,crops/westwood/366739901580762_1.jpg,366739901580762,2018-07-11T18:30:42.235000+00:00,2018,34.057010511226,-118.44665395973,91.465606689453,False,lvl5,https://www.mapillary.com/app/?pKey=366739901580762,CC BY-SA 4.0,1,60,1,unknown,,0.0
westwood/843083846600453_0,westwood,crops/westwood/843083846600453_0.jpg,843083846600453,2018-07-11T18:32:51.716000+00:00,2018,34.058167869671,-118.43848717674,72.7734375,False,lvl5,https://www.mapillary.com/app/?pKey=843083846600453,CC BY-SA 4.0,1,59,1,unknown,,0.0
westwood/176722874245765_0,westwood,crops/westwood/176722874245765_0.jpg,176722874245765,2018-07-30T22:03:16.373000+00:00,2018,34.060020867502,-118.4450671983,148.48623657227,False,lvl5,https://www.mapillary.com/app/?pKey=176722874245765,CC BY-SA 4.0,1,59,1,unknown,,0.0
westwood/514441716257716_1,westwood,crops/westwood/514441716257716_1.jpg,514441716257716,2018-11-30T16:44:57.560000+00:00,2018,34.045132654759,-118.45292848218,62.439025878906,False,lvl5,https://www.mapillary.com/app/?pKey=514441716257716,CC BY-SA 4.0,1,59,7,unknown,,0.0
westwood/330189241839902_2,westwood,crops/westwood/330189241839902_2.jpg,330189241839902,2018-11-30T16:52:43.570000+00:00,2018,34.048854586192,-118.43941210458,75.152366638184,False,lvl5,https://www.mapillary.com/app/?pKey=330189241839902,CC BY-SA 4.0,1,59,7,unknown,,0.0
westwood/1146160862514465_1,westwood,crops/westwood/1146160862514465_1.jpg,1146160862514465,2018-07-30T22:05:12.447000+00:00,2018,34.057894255459,-118.44737448914,253.79116821289,False,lvl5,https://www.mapillary.com/app/?pKey=1146160862514465,CC BY-SA 4.0,1,59,1,unknown,,0.0
westwood/4583577111670933_0,westwood,crops/westwood/4583577111670933_0.jpg,4583577111670933,2018-07-22T18:35:26.886000+00:00,2018,34.048285177151,-118.44255216748,251.71875,False,lvl5,https://www.mapillary.com/app/?pKey=4583577111670933,CC BY-SA 4.0,1,59,1,unknown,,0.0
westwood/462018138418442_0,westwood,crops/westwood/462018138418442_0.jpg,462018138418442,2017-06-14T09:54:04+00:00,2017,34.048501388889,-118.43581805556,54.78499654061,False,mly_la,https://www.mapillary.com/app/?pKey=462018138418442,CC BY-SA 4.0,1,59,1,unknown,,0.0
westwood/956643658428547_0,westwood,crops/westwood/956643658428547_0.jpg,956643658428547,2018-07-30T19:22:28.453000+00:00,2018,34.057354789021,-118.44892635257,64.6875,False,lvl5,https://www.mapillary.com/app/?pKey=956643658428547,CC BY-SA 4.0,1,59,1,unknown,,0.0
westwood/606468090333487_0,westwood,crops/westwood/606468090333487_0.jpg,606468090333487,2018-07-22T18:35:45.169000+00:00,2018,34.047788664532,-118.44433181842,251.95120239258,False,lvl5,https://www.mapillary.com/app/?pKey=606468090333487,CC BY-SA 4.0,1,59,1,unknown,,0.0
westwood/820850522185752_1,westwood,crops/westwood/820850522185752_1.jpg,820850522185752,2017-11-02T20:22:20.895000+00:00,2017,34.06367818566,-118.4428104615,90.0,False,lvl5,https://www.mapillary.com/app/?pKey=820850522185752,CC BY-SA 4.0,1,59,1,unknown,,0.0
westwood/1346579372393932_0,westwood,crops/westwood/1346579372393932_0.jpg,1346579372393932,2018-07-22T18:35:57.475000+00:00,2018,34.047505881956,-118.44522915127,250.47959899902,False,lvl5,https://www.mapillary.com/app/?pKey=1346579372393932,CC BY-SA 4.0,1,58,3,unknown,,0.0
westwood/562345178439938_0,westwood,crops/westwood/562345178439938_0.jpg,562345178439938,2018-06-26T19:46:47.227000+00:00,2018,34.059103021581,-118.44234555175,267.82235717773,False,lvl5,https://www.mapillary.com/app/?pKey=562345178439938,CC BY-SA 4.0,1,58,1,unknown,,0.0
westwood/483176436260959_1,westwood,crops/westwood/483176436260959_1.jpg,483176436260959,2018-07-22T18:35:49.976000+00:00,2018,34.047664982637,-118.44471036528,248.90625,False,lvl5,https://www.mapillary.com/app/?pKey=483176436260959,CC BY-SA 4.0,1,58,1,unknown,,0.0
westwood/894212454470877_0,westwood,crops/westwood/894212454470877_0.jpg,894212454470877,2017-11-02T20:23:09.231000+00:00,2017,34.064094838073,-118.44118050258,65.089447021484,False,lvl5,https://www.mapillary.com/app/?pKey=894212454470877,CC BY-SA 4.0,1,58,1,unknown,,0.0
westwood/4009878772436648_0,westwood,crops/westwood/4009878772436648_0.jpg,4009878772436648,2017-06-14T09:54:10+00:00,2017,34.047978055556,-118.435355,54.257907011889,False,mly_la,https://www.mapillary.com/app/?pKey=4009878772436648,CC BY-SA 4.0,1,57,1,unknown,,0.0
westwood/839448653633282_1,westwood,crops/westwood/839448653633282_1.jpg,839448653633282,2017-06-14T09:54:09+00:00,2017,34.048063055556,-118.43543138889,53.327552768516,False,mly_la,https://www.mapillary.com/app/?pKey=839448653633282,CC BY-SA 4.0,1,57,1,unknown,,0.0
westwood/537220057449329_0,westwood,crops/westwood/537220057449329_0.jpg,537220057449329,2018-07-30T19:25:15.267000+00:00,2018,34.060271827901,-118.44514699495,324.7991027832,False,lvl5,https://www.mapillary.com/app/?pKey=537220057449329,CC BY-SA 4.0,1,57,1,unknown,,0.0
westwood/812914872671186_0,westwood,crops/westwood/812914872671186_0.jpg,812914872671186,2018-11-30T16:50:36.316000+00:00,2018,34.047427132814,-118.44497473966,75.206871032715,False,lvl5,https://www.mapillary.com/app/?pKey=812914872671186,CC BY-SA 4.0,1,57,3,unknown,,0.0
westwood/2822623444621291_1,westwood,crops/westwood/2822623444621291_1.jpg,2822623444621291,2018-11-30T16:45:24.066000+00:00,2018,34.045683378936,-118.45127223069,72.123748779297,False,lvl5,https://www.mapillary.com/app/?pKey=2822623444621291,CC BY-SA 4.0,1,57,7,unknown,,0.0
westwood/937908013611159_1,westwood,crops/westwood/937908013611159_1.jpg,937908013611159,2017-06-14T09:54:08+00:00,2017,34.048053055556,-118.43545805556,233.22787510913,False,mly_la,https://www.mapillary.com/app/?pKey=937908013611159,CC BY-SA 4.0,1,57,1,unknown,,0.0
westwood/298216158642801_0,westwood,crops/westwood/298216158642801_0.jpg,298216158642801,2017-06-14T09:53:22+00:00,2017,34.050001388889,-118.43609638889,63.119116753127,False,mly_la,https://www.mapillary.com/app/?pKey=298216158642801,CC BY-SA 4.0,1,57,1,unknown,,0.0
westwood/225442678997292_0,westwood,crops/westwood/225442678997292_0.jpg,225442678997292,2018-11-30T16:46:26.184000+00:00,2018,34.046182938158,-118.44938670873,70.567123413086,False,lvl5,https://www.mapillary.com/app/?pKey=225442678997292,CC BY-SA 4.0,1,57,3,unknown,,0.0
westwood/329785865229038_0,westwood,crops/westwood/329785865229038_0.jpg,329785865229038,2017-11-02T20:22:00.276000+00:00,2017,34.063657093668,-118.44507115701,57.946147918701,False,lvl5,https://www.mapillary.com/app/?pKey=329785865229038,CC BY-SA 4.0,1,57,8,unknown,,0.0
westwood/577278503240911_0,westwood,crops/westwood/577278503240911_0.jpg,577278503240911,2019-02-16T16:52:44.965000+00:00,2019,34.045882841946,-118.45034628381,70.673629760742,False,lvl5,https://www.mapillary.com/app/?pKey=577278503240911,CC BY-SA 4.0,1,57,1,unknown,,0.0
westwood/870870110129528_0,westwood,crops/westwood/870870110129528_0.jpg,870870110129528,2017-11-02T20:22:25.598000+00:00,2017,34.063766553943,-118.442230376,72.684944152832,False,lvl5,https://www.mapillary.com/app/?pKey=870870110129528,CC BY-SA 4.0,1,57,1,unknown,,0.0
westwood/298216091758184_1,westwood,crops/westwood/298216091758184_1.jpg,298216091758184,2017-06-14T09:54:05+00:00,2017,34.048315,-118.43569138889,234.36405089287,False,mly_la,https://www.mapillary.com/app/?pKey=298216091758184,CC BY-SA 4.0,1,56,1,unknown,,0.0
westwood/313333660354340_0,westwood,crops/westwood/313333660354340_0.jpg,313333660354340,2019-02-16T16:52:41.287000+00:00,2019,34.045811417394,-118.4506631094,71.180839538574,False,lvl5,https://www.mapillary.com/app/?pKey=313333660354340,CC BY-SA 4.0,1,56,1,unknown,,0.0
westwood/586733722329629_0,westwood,crops/westwood/586733722329629_0.jpg,586733722329629,2018-06-26T19:46:17.391000+00:00,2018,34.059007977514,-118.4428021885,324.4921875,False,lvl5,https://www.mapillary.com/app/?pKey=586733722329629,CC BY-SA 4.0,1,56,6,unknown,,0.0
westwood/579254266438463_0,westwood,crops/westwood/579254266438463_0.jpg,579254266438463,2018-07-11T18:32:11.913000+00:00,2018,34.057408067514,-118.44098776468,73.274696350098,False,lvl5,https://www.mapillary.com/app/?pKey=579254266438463,CC BY-SA 4.0,2,142,1,parking,NO | PARKING | NOPRKING | ANY TIME,0.98
westwood/2749943305303721_0,westwood,crops/westwood/2749943305303721_0.jpg,2749943305303721,2018-07-11T18:33:45.462000+00:00,2018,34.059231209775,-118.43509184045,345.6904296875,False,lvl5,https://www.mapillary.com/app/?pKey=2749943305303721,CC BY-SA 4.0,2,140,1,parking,NO | PARKIN | 2PARKING | BAM | 6PM,0.903
westwood/890965961627280_0,westwood,crops/westwood/890965961627280_0.jpg,890965961627280,2018-07-11T18:30:08.708000+00:00,2018,34.057483955502,-118.44827223732,73.125,False,lvl5,https://www.mapillary.com/app/?pKey=890965961627280,CC BY-SA 4.0,1,122,1,parking,NO | STOPPING | ANY TIME,0.963
westwood/519389349129570_0,westwood,crops/westwood/519389349129570_0.jpg,519389349129570,2018-07-11T18:29:50.219000+00:00,2018,34.057210769193,-118.44928780751,63.829704284668,False,lvl5,https://www.mapillary.com/app/?pKey=519389349129570,CC BY-SA 4.0,1,107,1,parking,NO | STOPPING,0.994
